<?xml version="1.0" encoding="utf-8"?>
<template_modifications>
  <modification type="public" template="PAGE_CONTAINER" modification_key="fs_add_pending_females_here" description="fs_add_pending_females_here" execution_order="10" enabled="1" action="str_replace">
    <find><![CDATA[<xf:if is="$xf.visitor.is_moderator && $xf.session.unapprovedCounts.total">]]></find>
    <replace><![CDATA[<xf:if is="($xf.visitor.is_admin || $xf.visitor.is_moderator) && $xf.session.fsPendingFemalesCount.total">
	<a href="{{ link('female-verify/queue') }}"
	   class="p-staffBar-link badgeContainer badgeContainer--highlighted"
	   data-badge="{{ $xf.session.fsPendingFemalesCount.total|number}}">
		{{ phrase('fs_pending_females') }}
	</a>
</xf:if>

$0]]></replace>
  </modification>
  <modification type="public" template="member_view" modification_key="fs_female_get_verified_btn_member_profile" description="fs_female_get_verified_btn_member_profile" execution_order="10" enabled="1" action="str_replace">
    <find><![CDATA[<xf:username user="{$user}" rich="true" href="" />]]></find>
    <replace><![CDATA[$0

<xf:button href="{{ link('female-verify/add') }}" icon="confirm"
		   >{{ phrase('fs_female_get_verified') }}</xf:button>]]></replace>
  </modification>
</template_modifications>
