<?xml version="1.0" encoding="utf-8"?>
<templates>
  <template type="public" title="alert_fs_swb_female_verify_complete" version_id="1000010" version_string="1.0.0 Alpha"><![CDATA[{{ phrase('fs_female_identity_was_completed', {
	'create_date': date($content.create_date)
}) }}]]></template>
  <template type="public" title="alert_fs_swb_female_verify_reject" version_id="1000010" version_string="1.0.0 Alpha"><![CDATA[{{ phrase('fs_female_identity_was_rejected_with_reason_x', {
	'create_date': date($content.create_date),
	'reason': $content.reject_reason
}) }}]]></template>
  <template type="public" title="fs_female_queue_list" version_id="1000010" version_string="1.0.0 Alpha"><![CDATA[<xf:title>{{ phrase('fs_female_verify_queue_list') }}</xf:title>

<xf:page option="section" value="fs_female_queue" />

<xf:css src="fs_female_queue_list.less" />
<xf:js prod="FS/SwbFemaleVerify/female_queue.min.js" dev="FS/SwbFemaleVerify/female_queue.js" addon="FS/SwbFemaleVerify" />

<div class="blocks">
	<xf:if is="$items is not empty">

		<xf:foreach loop="$items" value="$item">
			<div class="block withdrawalQueue">
				<xf:macro name="identity_images" arg-item="{$item}"
						  arg-redirect="{$redirect}"
						  arg-page="{$page}" />
			</div>

		</xf:foreach>

		<div class="block-outer block-outer--after">
			<xf:pagenav	page="{$page}" perpage="{$perPage}" total="{$total}" link="wallet/queue" params="{$conditions}"
						wrapperclass="block-outer-main" />
		</div>

		<xf:else />

		<div class="block">
			<div class="block-container">
				<div class="block-body">
					<div class="formInfoRow">
						{{ phrase('no_results_found') }}
					</div>
				</div>
			</div>
		</div>

	</xf:if>
</div>


<xf:macro name="identity_images" arg-item="!" arg-redirect="/" arg-page="0">

	<xf:form class="block-container withdrawalQueue-item" action="{{ link('female-verify/queue/save', $item) }}" ajax="true">
		<span class="u-anchorTarget" id="withdraw-{$item.id}"></span>

		<div class="block-body">

			<div class="message">
				<xf:css src="message.less" />
				<div class="message-inner">
					<div class="message-cell message-cell--user">

						<xf:extension name="user_wrapper">
							<section itemscope itemtype="https://schema.org/Person" class="message-user">
								<xf:extension name="user_avatar">
									<div class="message-avatar">
										<div class="message-avatar-wrapper">
											<xf:avatar user="$item.User" size="m" itemprop="image" />
										</div>
									</div>
								</xf:extension>

								<div class="message-userDetails">
									<xf:extension name="user_name">
										<h4 class="message-name"><xf:username user="$item.User" rich="true" itemprop="name" /></h4>
									</xf:extension>
								</div>

								<span class="message-userArrow"></span>
							</section>
						</xf:extension>

					</div>

					<div class="message-cell message-cell--main">
						<div class="message-expandWrapper js-expandWatch">
							<div class="message-expandContent js-expandContent">
								<div class="message-main">

									<header class="message-attribution">
										<xf:extension name="attributes">
											<ul class="message-attribution-main listInline">
												<xf:extension name="attributes_main">
													<li><xf:date time="{$item.create_date}" /></li>
												</xf:extension>
											</ul>
											<ul class="message-attribution-opposite message-attribution-opposite--list">
												<xf:extension name="attributes_opposite">
													<li>
														<a href="{{ link('item/queue', null, {'page': $page}) . '#withdraw-' . $item.id }}" rel="nofollow">
															#{{ $item.id|number }}
														</a>
													</li>
												</xf:extension>
											</ul>
										</xf:extension>
									</header>

									<xf:if is="$item.verify_type == 'images'">

										<div class="message-content">

											<div class="message-userContent">
												<div class="message-body">

													<div class="pairWrapper pairWrapper--spaced">

														<xf:extension name="data_start"></xf:extension>

														<xf:extension name="data_payment_system">
															<dl class="pairs pairs--columns pairs--fluidHuge">
																<dt>{{ phrase('fs_female_gov_image') }}</dt>
																<dd>
																	<a href="{$item.getImgUrl(true, 'govImage')}" rel="external" target="_blank">
																		<img src="{$item.getImgUrl(true, 'govImage')}" style="width: {$xf.options.fs_female_verification_images_pixels.width}px; height: {$xf.options.fs_female_verification_images_pixels.height}px; float: right;"/>
																	</a>
																</dd>
															</dl>
														</xf:extension>

														<xf:extension name="data_wallet">
															<dl class="pairs pairs--columns pairs--fluidHuge">
																<dt>{{ phrase('fs_female_selfi_image') }}</dt>
																<dd>
																	<a href="{$item.getImgUrl(true, 'selfiImage')}" rel="external" target="_blank">
																		<img src="{$item.getImgUrl(true, 'selfiImage')}" style="width: {$xf.options.fs_female_verification_images_pixels.width}px; height: {$xf.options.fs_female_verification_images_pixels.height}px; float: right;"/>
																	</a>
																</dd>
															</dl>

														</xf:extension>

														<xf:extension name="data_sum">
															<dl class="pairs pairs--columns pairs--fluidHuge">
																<dt>{{ phrase('fs_female_blank_paper_image') }}</dt>
																<dd>
																	<a href="{$item.getImgUrl(true, 'paperImage')}" rel="external" target="_blank">
																		<img src="{$item.getImgUrl(true, 'paperImage')}" style="width: {$xf.options.fs_female_verification_images_pixels.width}px; height: {$xf.options.fs_female_verification_images_pixels.height}px; float: right;"/>
																	</a>
																</dd>
															</dl>
														</xf:extension>

														<xf:extension name="data_end"></xf:extension>

													</div>


												</div>
											</div>

										</div>
										<xf:else/>

										<div class="message-content">

											<div class="message-userContent">
												<div class="message-body">

													<div class="pairWrapper pairWrapper--spaced">

														<xf:extension name="data_starts"></xf:extension>

														<xf:extension name="data_box_one">
															<dl class="pairs pairs--columns pairs--fluidHuge">
																<dt>{{ phrase('fs_female_box_one_title') }}</dt>
																<dd>
																	{$item.boxOne}
																</dd>
															</dl>
														</xf:extension>

														<xf:extension name="data_box_two">
															<dl class="pairs pairs--columns pairs--fluidHuge">
																<dt>{{ phrase('fs_female_box_two_title') }}</dt>
																<dd>
																	{$item.boxTwo}
																</dd>
															</dl>

														</xf:extension>

														<xf:extension name="data_ends"></xf:extension>

													</div>


												</div>
											</div>

										</div>
									</xf:if>

								</div>
							</div>
							<div class="message-expandLink js-expandLink"><a>{{ phrase('click_to_expand') }}</a></div>
						</div>
					</div>

					<div class="message-cell message-cell--extra">
						<xf:extension name="actions">

							<xf:radio name="female_state">
								<xf:option value="pending" checked="{{ $item.female_state == 'pending' ? 'checked' : ''}}" data-xf-click="pb-wq-withdraw-control">
									{{ phrase('pending') }}
								</xf:option>
								<xf:option value="sent" checked="{{ $item.female_state == 'sent' ? 'checked' : ''}}" data-xf-click="pb-wq-withdraw-control">
									{{ phrase('fs_female_verify_approve') }}
								</xf:option>
								<xf:option value="rejected" checked="{{ $item.female_state == 'rejected' ? 'checked' : ''}}" data-xf-click="pb-wq-withdraw-control">
									<xf:label>{{ phrase('fs_female_verify_reject') }}</xf:label>
									<xf:textbox name="reason"
												maxlength="{{ max_length($item, 'reject_reason') }}"
												placeholder="{{ phrase('optional') }}" />
									<xf:html>
										<div class="formRow-explain">{{ phrase('this_will_be_shown_to_user_if_provided') }}</div>
									</xf:html>
								</xf:option>
							</xf:radio>

						</xf:extension>
					</div>

				</div>
			</div>

		</div>

		<xf:submitrow rowtype="simple" icon="save" />

	</xf:form>

</xf:macro>]]></template>
  <template type="public" title="fs_female_queue_list.less" version_id="1000010" version_string="1.0.0 Alpha"><![CDATA[.withdrawalQueue
{
	.block-container.withdrawalQueue-item--sent
	{
		.message,
		.message-cell--user,
		.message-cell--extra
		{
			background: @xf-inlineModHighlightColor;
		}

		.message .message-userArrow:after
		{
			border-right-color: @xf-inlineModHighlightColor;
		}
	}

	.block-container.withdrawalQueue-item--rejected
	{
		.message-cell--user,
		.message-cell--main
		{
			opacity: 0.25;
		}
	}
}]]></template>
  <template type="public" title="fs_female_verification_add" version_id="1000010" version_string="1.0.0 Alpha"><![CDATA[<xf:title>{{ phrase('fs_female_verification_title') }}</xf:title>

<xf:form action="{{ link('female-verify/add') }}" class="block" ajax="true" novalidate="false">
	<div class="block-container">
		<div class="block-body">

			<xf:inforow rowtype="confirm">
				{{ phrase('fs_female_verify_please_submit_the_necessary', {'size': $xf.options.fs_female_verification_images_size}) }}
			</xf:inforow>

			<xf:radiorow name="female_identity_type"
						 label="{{ phrase('fs_female_verification_type') }}">

				<xf:option value="images" selected="true"
						   label="{{ phrase('fs_female_upload_images') }}"
						   data-xf-init="disabler"
						   data-container=".identity-images"
						   data-hide="yes" />

				<xf:option value="boxes"
						   label="{{ phrase('fs_female_submit_information') }}"
						   data-xf-init="disabler"
						   data-container=".identity-boxes"
						   data-hide="yes" />
			</xf:radiorow>

			<div class="identity-images">

				<xf:uploadrow name="govImage" accept=".gif,.jpeg,.jpg,.jpe,.png"
							  label="{{ phrase('fs_female_verify_add_gov_image') }}"
							  hint="{{ phrase('required') }}"
							  explain="{{ phrase('fs_female_verify_explain_gov_image') }}" data-required="true"></xf:uploadrow>

				<xf:uploadrow name="selfiImage" accept=".gif,.jpeg,.jpg,.jpe,.png"
							  label="{{ phrase('fs_female_verify_add_selfi_image') }}"
							  hint="{{ phrase('required') }}"
							  explain="{{ phrase('fs_female_verify_explain_selfi_image') }}" data-required="true"></xf:uploadrow>

				<xf:uploadrow name="paperImage" accept=".gif,.jpeg,.jpg,.jpe,.png"
							  label="{{ phrase('fs_female_verify_add_paper_image') }}"
							  hint="{{ phrase('required') }}"
							  explain="{{ phrase('fs_female_verify_explain_paper_image') }}" data-required="true"></xf:uploadrow>

			</div>

			<div class="identity-boxes">

				<xf:textboxrow name="boxOne" hint="{{ phrase('required')}}" explain="{{ phrase('fs_female_boxOne_explain')}}" required="required" label="{{ phrase('fs_female_boxOne_title') }}" />

				<xf:textboxrow name="boxTwo" hint="{{ phrase('required')}}" explain="{{ phrase('fs_female_boxTwo_explain')}}" required="required" label="{{ phrase('fs_female_boxTwo_title') }}" />

			</div>

		</div>
		
		<xf:submitrow sticky="true" icon="upload" submit="{{ phrase('fs_submit_verification_images') }}">
			<xf:html>
				<xf:button href="{{ link('members', $xf.visitor) }}" icon="cancel" name="exit">{{ phrase('cancel') }}</xf:button>
				<input type="hidden" name="_page" value="{$_page}" />
			</xf:html>
		</xf:submitrow>
	</div>
</xf:form>]]></template>
</templates>
