{
    "src/addons/FS/UpgradePauseUnpause/addon.json": "00f88855c99bd5a4202f965b37b5350f56bc467dd0463ad6627803114736a05e",
    "src/addons/FS/UpgradePauseUnpause/Alert/PauseUnpause.php": "cb672e53ec96e0d38db757c1ce2cdc266e7a10a1d2ab11f549778d8236579537",
    "src/addons/FS/UpgradePauseUnpause/Entity/AlertPauseUnpause.php": "e7ff5517caded257fd0f613358c714a9942f50a8103130fb8e5ef602ddffb279",
    "src/addons/FS/UpgradePauseUnpause/Entity/UpgradePaused.php": "31c2d5fab32bbfc4e56213ad4607a22e1b52b5b35b6f0db6de063a2df100a764",
    "src/addons/FS/UpgradePauseUnpause/Install/Data/MySql.php": "e980356d06dd80cf5cb3a7c442654b5d4de7951fb1688d91312fa7d4a27e4cf1",
    "src/addons/FS/UpgradePauseUnpause/Job/UserUpgradePause.php": "be0d317f1784284aac7af3622682f0647635044b0798a9ee85905f204d0f23cc",
    "src/addons/FS/UpgradePauseUnpause/Job/UserUpgradeUnpause.php": "9b864ccea0c64e3af44683b439e886c3ab1a91272428fa9b3daf62ca973dc926",
    "src/addons/FS/UpgradePauseUnpause/Notifier/PauseUnpauseAlert.php": "a4c0087ace69b87ee7930674a233786fd05c298a594eba5bacf46cc003d8eb3a",
    "src/addons/FS/UpgradePauseUnpause/Setup.php": "120bc9fd4a01d4062fe77c6160b94c0126f715ddc6064316b5f3bebd4eca0883",
    "src/addons/FS/UpgradePauseUnpause/XF/Entity/User.php": "5b35a7da691b72b5bb723330c80cb26e5e0d465bed4999a6a332ef2867d4d5df",
    "src/addons/FS/UpgradePauseUnpause/XF/Pub/Controller/Member.php": "98ed4fe081ae5ff9c8b5f70c3d659288e292fae7ef400f0bf48854ca478d9be1",
    "src/addons/FS/UpgradePauseUnpause/_data/activity_summary_definitions.xml": "99d8c2563a31320d66f958fc8bda78613545f5f7959bb3cf5318805e3a3c39d2",
    "src/addons/FS/UpgradePauseUnpause/_data/admin_navigation.xml": "064ec797484ac00d5ee37367b50b06846d11f480d00550997712707f8fdac8c0",
    "src/addons/FS/UpgradePauseUnpause/_data/admin_permission.xml": "ec6fb97cebf0bceb24f1ed1d5778c1db54eeb7535fbb3e31d824840e7aa9ff87",
    "src/addons/FS/UpgradePauseUnpause/_data/advertising_positions.xml": "d2f7cbe844bb1df3cf878d22ff6306249245c8ff6b0b87b9b729744bec538261",
    "src/addons/FS/UpgradePauseUnpause/_data/api_scopes.xml": "6793eaf758f140e8137187ba20e65f4faccf53410433ae3ad7a8b3b38cb6b3b7",
    "src/addons/FS/UpgradePauseUnpause/_data/bb_codes.xml": "faa4ddd5f4a365e5ac39aebdcbe2d25aedf74e7eb9ea4a812766e2fd5e13bdb1",
    "src/addons/FS/UpgradePauseUnpause/_data/bb_code_media_sites.xml": "29762987990187b33e43cfb68c08dc917b2d3f0176613d78f8e6c453f82da3f3",
    "src/addons/FS/UpgradePauseUnpause/_data/class_extensions.xml": "845f8d33312e447fdaff20ee3c79284881e7c52acecaf3e302bfe701536b05cf",
    "src/addons/FS/UpgradePauseUnpause/_data/code_events.xml": "8370dec3df47f91df4cf79da253446ad11b29f4ea568fe76c774e97a0379f0eb",
    "src/addons/FS/UpgradePauseUnpause/_data/code_event_listeners.xml": "d6b5072f4909dee7a20ee9e44b163f95c8aa52e6ac7f573e292000cd9238c331",
    "src/addons/FS/UpgradePauseUnpause/_data/content_type_fields.xml": "bccfc112afd1904f211854499d4c7f0e642645430c54890c7475f285f3ba62a3",
    "src/addons/FS/UpgradePauseUnpause/_data/cron.xml": "323c4284742ef24329cd6db6f288eb9736d2353f36852e1db12591e1583aea26",
    "src/addons/FS/UpgradePauseUnpause/_data/help_pages.xml": "a8a0c0b06cdc550438bc8a8d385af3e1e5ab3459877dfb934c1c31be59c89163",
    "src/addons/FS/UpgradePauseUnpause/_data/member_stats.xml": "89fb2b93ff1eca7a1f6f752248edf6090dfd24037db1446fd18ff7143f08124d",
    "src/addons/FS/UpgradePauseUnpause/_data/navigation.xml": "f75e1c03a45a360bbdfcd0567121665082315068475d5b0feb8b1acbb1688651",
    "src/addons/FS/UpgradePauseUnpause/_data/options.xml": "1cea29aa5671733d85c8fc6f7c66128eacbca5643cbb38585eb82002879b51a4",
    "src/addons/FS/UpgradePauseUnpause/_data/option_groups.xml": "154d7a89664b243d0bd8227c22e241f934bf7e196c83230ee23d3c0c4fba1333",
    "src/addons/FS/UpgradePauseUnpause/_data/permissions.xml": "7e4fc7d5826733d15ea2d8936b9bdd41afcaad810eb38e50da3c8d8eafda1550",
    "src/addons/FS/UpgradePauseUnpause/_data/permission_interface_groups.xml": "3177224e96458b829aa7fb24866dda9e0455a4922aee3d669b53f59a1ffdf5d1",
    "src/addons/FS/UpgradePauseUnpause/_data/phrases.xml": "76632d3cb9344d6d79e1e9563a4cd6563cd789cd3e1697057910acc7fcdf6366",
    "src/addons/FS/UpgradePauseUnpause/_data/routes.xml": "550fa64f9feedf137dd877b38c2684f94474619d2d83890dbb717a91b50da8f5",
    "src/addons/FS/UpgradePauseUnpause/_data/style_properties.xml": "8b8690a8512f01f219dd2da76e3d0c5f62afc1f317b87794a7331c859c36a7a8",
    "src/addons/FS/UpgradePauseUnpause/_data/style_property_groups.xml": "68e1879cb3846c42d978487aa8d5145ff3335fc39e58016878824d5cf3fd684c",
    "src/addons/FS/UpgradePauseUnpause/_data/templates.xml": "cf0a10ac782b5b882c7bab0186a1dfbbdfc565224ed56956e0a7274ec7cd4372",
    "src/addons/FS/UpgradePauseUnpause/_data/template_modifications.xml": "236b00b2a5b02fcde5080be2d5c595761468bb171f351cf753ef71e85e33210e",
    "src/addons/FS/UpgradePauseUnpause/_data/widget_definitions.xml": "37e46965256430f24004c2e7f08ba08f9b0d1cbcc4d70e84b3f4e3ffb713e64b",
    "src/addons/FS/UpgradePauseUnpause/_data/widget_positions.xml": "a29cee66134f6bc5d75ed9df1eef21096c24401915c5b5c774389c3d7bb2d5b3"
}