<?xml version="1.0" encoding="utf-8"?>
<options>
  <option option_id="fs_filter_node" edit_format="callback" data_type="array">
    <default_value>[]</default_value>
    <edit_format_params>XF\Option\Forum::renderSelectMultiple</edit_format_params>
    <sub_options>*</sub_options>
    <relation group_id="fs_latest_thread" display_order="1"/>
  </option>
  <option option_id="fs_latest_thread_custom_field_game" edit_format="textbox" data_type="string">
    <default_value></default_value>
    <relation group_id="fs_latest_thread" display_order="2"/>
  </option>
  <option option_id="fs_latest_thread_custom_field_ver" edit_format="textbox" data_type="string">
    <default_value></default_value>
    <relation group_id="fs_latest_thread" display_order="1"/>
  </option>
  <option option_id="fs_latest_thread_per_page" edit_format="textbox" data_type="positive_integer">
    <default_value>30</default_value>
    <relation group_id="fs_latest_thread" display_order="6"/>
  </option>
  <option option_id="fs_latest_update_on_slider" edit_format="spinbox" data_type="positive_integer">
    <default_value>3</default_value>
    <edit_format_params>min=3</edit_format_params>
    <relation group_id="fs_latest_thread" display_order="7"/>
  </option>
  <option option_id="prefix_group_1" edit_format="callback" data_type="integer">
    <default_value>0</default_value>
    <edit_format_params>FS\LatestThread\Option\Prefix::renderSelect</edit_format_params>
    <relation group_id="fs_latest_thread" display_order="2"/>
  </option>
  <option option_id="prefix_group_2" edit_format="callback" data_type="integer">
    <default_value>0</default_value>
    <edit_format_params>FS\LatestThread\Option\Prefix::renderSelect</edit_format_params>
    <relation group_id="fs_latest_thread" display_order="4"/>
  </option>
  <option option_id="prefix_group_3" edit_format="callback" data_type="integer">
    <default_value>0</default_value>
    <edit_format_params>FS\LatestThread\Option\Prefix::renderSelect</edit_format_params>
    <relation group_id="fs_latest_thread" display_order="5"/>
  </option>
</options>
