{
    "data/assets/snog_tv_cast/no-photo-large.jpg": "b6d722a3de99dc1deac61fbf319e9e5fc383704deaa404d2d3a277eea9a1df58",
    "data/assets/snog_tv_cast/no-photo-small.jpg": "739511112e2e67499128197bdefd28f51b32d31ec5ca7d7b0475a286693a5c77",
    "data/assets/snog_tv_crew/no-photo-large.jpg": "b6d722a3de99dc1deac61fbf319e9e5fc383704deaa404d2d3a277eea9a1df58",
    "data/assets/snog_tv_crew/no-photo-small.jpg": "739511112e2e67499128197bdefd28f51b32d31ec5ca7d7b0475a286693a5c77",
    "data/tv/EpisodePosters/no-poster.jpg": "515bf74ce7dc87f7a56f90418906e96688e4585074c2a9f1a25f8a4cc64737f7",
    "data/tv/LargeCompanies/index.html": "36a9e7f1c95b82ffb99743e0c5c4ce95d83c9a430aac59f84ef3cbfab6145068",
    "data/tv/LargeNetworks/index.html": "36a9e7f1c95b82ffb99743e0c5c4ce95d83c9a430aac59f84ef3cbfab6145068",
    "data/tv/LargePersons/index.html": "36a9e7f1c95b82ffb99743e0c5c4ce95d83c9a430aac59f84ef3cbfab6145068",
    "data/tv/LargePosters/no-poster.jpg": "b911b6deceecd5dcd063ae00d48ec77cb52a72d2791937a36fe60c30e4a8dcce",
    "data/tv/SmallCompanies/index.html": "36a9e7f1c95b82ffb99743e0c5c4ce95d83c9a430aac59f84ef3cbfab6145068",
    "data/tv/SmallNetworks/index.html": "36a9e7f1c95b82ffb99743e0c5c4ce95d83c9a430aac59f84ef3cbfab6145068",
    "data/tv/SmallPersons/index.html": "36a9e7f1c95b82ffb99743e0c5c4ce95d83c9a430aac59f84ef3cbfab6145068",
    "data/tv/SmallPosters/no-poster.jpg": "b911b6deceecd5dcd063ae00d48ec77cb52a72d2791937a36fe60c30e4a8dcce",
    "js/Snog/TV/message.js": "9376adc513a0fa0eafad5d6fa59436ac6e2320edb54b2d69aa0ad05230f38237",
    "js/Snog/TV/slider.js": "86a267adc39c1d9cb4d1945bdd6cf8501a903643e1010519eface95209622d4d",
    "js/Snog/TV/slider.min.js": "f492ac018673573d80345feac066f6518826282831c038756e1bbbaffdc1a75d",
    "src/addons/Snog/TV/addon.json": "838095ad9ca6f1c2cffebb8255d1cabfd3f503e605e87c8ab85f7520d8c08d11",
    "src/addons/Snog/TV/CHANGELOG.md": "1bbf8e7bc97d3fd148f6c20e56bbebe774394128f5de787ba727380e8396c716",
    "src/addons/Snog/TV/Cron/EpisodeUpdate.php": "3f27993546e0d3b6cba1070e6fdcfef11ea135dded12f5bbfce8921712d2082c",
    "src/addons/Snog/TV/Cron/TvChanges.php": "9d39efbf7f70eaafe9c503b7f445053334ea88cd7a74dd04e7743b8f4a01fd00",
    "src/addons/Snog/TV/Cron/TvWatchProviderUpdate.php": "89b5ec3adac9bb7b1080d918af56d3cd532d2b365032850c74f4e03d67ae9a59",
    "src/addons/Snog/TV/Data/Country.php": "1d7d84f160c8405449e98de2cd798de080fa5acfada3cdecfd1d776a75b22754",
    "src/addons/Snog/TV/defaultdata/EpisodePosters/index.html": "36a9e7f1c95b82ffb99743e0c5c4ce95d83c9a430aac59f84ef3cbfab6145068",
    "src/addons/Snog/TV/defaultdata/EpisodePosters/no-poster.png": "9dad54ba10de8abbb8e56208c255ec2d6f1c3082744197a72cb900597c5916ee",
    "src/addons/Snog/TV/defaultdata/ForumPosters/index.html": "36a9e7f1c95b82ffb99743e0c5c4ce95d83c9a430aac59f84ef3cbfab6145068",
    "src/addons/Snog/TV/defaultdata/ForumPosters/no-poster.png": "9040eb8e7908d6e035a78c489ca3ada7abfa09f3249ceeba552bec66a3d5604e",
    "src/addons/Snog/TV/defaultdata/index.html": "36a9e7f1c95b82ffb99743e0c5c4ce95d83c9a430aac59f84ef3cbfab6145068",
    "src/addons/Snog/TV/defaultdata/LargePosters/index.html": "36a9e7f1c95b82ffb99743e0c5c4ce95d83c9a430aac59f84ef3cbfab6145068",
    "src/addons/Snog/TV/defaultdata/LargePosters/no-poster.png": "88ab3ad486f670336910372744297b340bcf6f43278949e6559c6510ec49f0a4",
    "src/addons/Snog/TV/defaultdata/SeasonPosters/index.html": "36a9e7f1c95b82ffb99743e0c5c4ce95d83c9a430aac59f84ef3cbfab6145068",
    "src/addons/Snog/TV/defaultdata/SeasonPosters/no-poster.png": "9040eb8e7908d6e035a78c489ca3ada7abfa09f3249ceeba552bec66a3d5604e",
    "src/addons/Snog/TV/defaultdata/SmallPosters/index.html": "36a9e7f1c95b82ffb99743e0c5c4ce95d83c9a430aac59f84ef3cbfab6145068",
    "src/addons/Snog/TV/defaultdata/SmallPosters/no-poster.png": "9040eb8e7908d6e035a78c489ca3ada7abfa09f3249ceeba552bec66a3d5604e",
    "src/addons/Snog/TV/Entity/Cast.php": "10450814ea33531eee9585e27589baafc38b714a4ec611de89fe58eab037d3f3",
    "src/addons/Snog/TV/Entity/Company.php": "16d413206bdc00ae48cc3ba1c21559195c1d6004876a519cb6726e663ba00846",
    "src/addons/Snog/TV/Entity/Crew.php": "d3dbed990233f14cbee68ca2819aa7dfb0b0ccb12ca12651ee3bb1a2047cdf93",
    "src/addons/Snog/TV/Entity/Network.php": "9407563c75552001a9184c91c5edccb3e784cfd1e8d01589af1376e68e26f741",
    "src/addons/Snog/TV/Entity/Person.php": "f2fdc3514fad461b2fcea5363d7deb2a17e5b0439007021ec5815bd9b503f3ac",
    "src/addons/Snog/TV/Entity/Rating.php": "7f6040b301370fed51bc17b594dc8693003c3d496865f3358f27d1e43ce88e9d",
    "src/addons/Snog/TV/Entity/RatingNode.php": "7b1150ad980d82dc8a3517c49f73ecd59ad316eade55f42bbcfe4e1d7d41c722",
    "src/addons/Snog/TV/Entity/TV.php": "0c2cf44691c48083335a64c2276438ccae501edb695f5d4646421609d3e61afc",
    "src/addons/Snog/TV/Entity/TVForum.php": "2f3e5a2d14aee1cc74302e773d196893f857d2b154e57b2ed0fb8ed32aa06fd3",
    "src/addons/Snog/TV/Entity/TVPost.php": "7ec5fee6bcd6dc43b9e1d30c5e5a29c908da39d4181706e2ff6c0f583e38966a",
    "src/addons/Snog/TV/Entity/Video.php": "e1f071ea23a0362f1202a213321fe010d766a83f060bd43129828f3332a34d4e",
    "src/addons/Snog/TV/Finder/Cast.php": "856d855371dd5b722d8083e346fe324d5ef71220b176c98704047a61e4635519",
    "src/addons/Snog/TV/Finder/Crew.php": "9cb009061d713e081aff11f95a94626c2799561267659f7ae499ca5beeb275c6",
    "src/addons/Snog/TV/Finder/Video.php": "3baa2c3674a0a95408b503d8377823e653269ecd8633e3e2f47df3d275f223ec",
    "src/addons/Snog/TV/ForumType/TV.php": "853fd1c2a977ff8e016fb0cd14f742d9e3fedbc3ace87596eab30099b37043db",
    "src/addons/Snog/TV/Helper/Tmdb/Api.php": "62641d3e8388d86d953b704919463bc9d249467b9a3431c4da76239c6581df16",
    "src/addons/Snog/TV/Helper/Tmdb/Episode.php": "3c2695c0b7986baf0c1b724a6df23e872983012117d495035adbb617acdfc31c",
    "src/addons/Snog/TV/Helper/Tmdb/Show.php": "e2a07a27a9c36ff2a954bcf380664bef257dc4af230aff6c3b30a76fed1a8ca1",
    "src/addons/Snog/TV/Helper/TVPost.php": "59f51277c9969ba5b80f5a170a939772a004e4248cb7d8bcfc0a4238bc6fe2dc",
    "src/addons/Snog/TV/Job/CrossLinkCreate.php": "4fbe109d1c79202e30734bafca299cac3d822c34dc3eecaa1ddedd67690b79fe",
    "src/addons/Snog/TV/Job/TvCommunityChangesApply.php": "b10670b707fa6a59c52b5c9ed1db24b870ec0d41717cd8595cd6baac031ce1d6",
    "src/addons/Snog/TV/Job/TvCompanyImageDownload.php": "569c00f70e62f617a3b468c683ba9b79b930a4c34e505bf160736356b01df232",
    "src/addons/Snog/TV/Job/TvCreditsRebuild.php": "4f90878624e3b9d3b883106b595dbb835c60359dd2d62a58b5cf6c53f3981cad",
    "src/addons/Snog/TV/Job/TvForumImageDownload.php": "110327bafd8273d8f724ead3a516f6106853af6166b9273342cafaaca82da555",
    "src/addons/Snog/TV/Job/TvForumRatingRebuild.php": "9e02ded9bd1caf1e384ff9cd0a6e38ec1e3d0ae85d44ab457ca09f4345037209",
    "src/addons/Snog/TV/Job/TvNetworkImageDownload.php": "5f84ff94df92ee683795ea3a9a5b44ebe238b0ef8f488dddb94610fa93ce6dfc",
    "src/addons/Snog/TV/Job/TvNetworksRebuild.php": "3e8961cf97a8fa6652b8a6263f5d463e707991f72861fa213a76c0a0d92ac996",
    "src/addons/Snog/TV/Job/TvNewCompanies.php": "f215a07b50fd475854c4a20e4b9e13239cf00a6ea3db6486bfa1171c256445e1",
    "src/addons/Snog/TV/Job/TvNewNetworks.php": "7fd42eb4f7a1795754c1af103ddf09e4e76cbdbb90c8b80a6eca9c384522d6cd",
    "src/addons/Snog/TV/Job/TvNewPersons.php": "dab500a77c4a671279e1d41a57e0ba17ba220bd403ae84ba4a91b3956ccd2efc",
    "src/addons/Snog/TV/Job/TvPersonsImageDownload.php": "b4b0a5857c4e2ef9c82b3764c4ea376df996d68470e411d4a1acb0c99453f159",
    "src/addons/Snog/TV/Job/TvPersonsRebuild.php": "1b19f82ca97e70b7bd0b2ef631764aaa81d37171e36e3b39a11dbab2374705c1",
    "src/addons/Snog/TV/Job/TvPostImageDownload.php": "c905f1d5b98d68b870398bb90ded910da229b2b65e667a8df3c91540dc232c1a",
    "src/addons/Snog/TV/Job/TvPostRebuild.php": "58c9654da1899b873ac35a173d7be95d99e13a46954e7f49cf7f3a58cc1fcee5",
    "src/addons/Snog/TV/Job/TvProductionCompaniesRebuild.php": "62e97c6d3575e3ef4fda1689191a7a463f09ce7fd96c8edd36a13cba3ed73860",
    "src/addons/Snog/TV/Job/TvRatingRebuild.php": "fe0719c4e32074217172fc596a3bfb2795b3755c488c2b2fcb20d7b1e0da50e4",
    "src/addons/Snog/TV/Job/TvThreadChanges.php": "26d84d5c52955b0036af3495b96fc64d469543f20c856e7f4417ceedba8a6070",
    "src/addons/Snog/TV/Job/TvThreadChangesAiringToday.php": "caea719ddffe86313657aaf8972093deb83252ee1955cee8ab79119c8d48ac51",
    "src/addons/Snog/TV/Job/TvThreadCoverUpdate.php": "16ec98b55aa6c897a238c147c5c1c4a73c8b6dbd1fcf9096a111d0710c12fdcd",
    "src/addons/Snog/TV/Job/TvThreadImageDownload.php": "1a19c2164766e4f59a8c8804d2e52d6d3de321761004f14a109c374ea88f8b49",
    "src/addons/Snog/TV/Job/TvThreadRebuild.php": "000e78d801bd6a1906fd26414662b8a0298264c1123d53657909e3c09cb512ce",
    "src/addons/Snog/TV/Job/TvVideoRebuild.php": "232a38f1ff4a4eb1fad3b03e312a152cfa7c0435c85bf111e09e0e793473291e",
    "src/addons/Snog/TV/Job/TvWatchProviderRebuild.php": "598c8a932bdeeccc22c7c93ebca535c11442830b52d26c169ce05fc12212e91c",
    "src/addons/Snog/TV/Job/Upgrade/TvFirstAirDate2020008.php": "f93091c2b51558c4f9fc0f504401472df18afad9b77ebb44745adddf14b7056f",
    "src/addons/Snog/TV/Job/Upgrade/TvImdb2020001.php": "c039e5852b4592fa58d6445764b827dc349b22d29b246f1d8bdd0162f11c92b5",
    "src/addons/Snog/TV/Job/UserTvThreadCountRebuild.php": "da7a60e5a75432d97b30b981c1a315fd8f98c689066fe1e69077d6abcfbaa9a6",
    "src/addons/Snog/TV/Listener.php": "0f8df93a3806a42eb52f7dc135108fe8760109701a46e52e7428ac349a5bf022",
    "src/addons/Snog/TV/Option/Category.php": "68034c17e9116f1c9a0e4e97f0d29af6817edd25ee1bd6ee2f1ee626b858c0b4",
    "src/addons/Snog/TV/Option/Country.php": "a93fe0737d729c6dd2ea0859f4fb149c44e66dd22db116b65455611f0899e0a4",
    "src/addons/Snog/TV/Option/Forum.php": "05ac99f7e26cd996fdba66de2ee6057cd1b92384226c8984ffa75d968fd8b70c",
    "src/addons/Snog/TV/Option/Language.php": "79681484ed73575ad7e73cac6da93e0f632007837c32353048385a3abc82279a",
    "src/addons/Snog/TV/Option/UserGroup.php": "b3eca6102fbe48585691e31419ae30357bd120510ecdaf990744e6a5069b27fc",
    "src/addons/Snog/TV/Pub/Controller/Person.php": "9f77aba57c2f3f15204b344a184ed0add17123a6e397f2e1334c085b6e62ee8f",
    "src/addons/Snog/TV/Pub/Controller/TV.php": "4377a9818e85e5e5485e1d09a92c904e780ad1629cb2578a7fc3dd31866ae0b6",
    "src/addons/Snog/TV/Pub/Controller/TVPost.php": "f88a1287674a5609a9c6ed4b94c30a271739e006b1defcc73770f850a22f436e",
    "src/addons/Snog/TV/Repository/Cast.php": "bcb6600bcfbd657dee6cdc194bcf851ba825bfbf1ae6717a5e529afc7cbe16a3",
    "src/addons/Snog/TV/Repository/Company.php": "413726e53ad5c6525b483cae5d557490596947a2f6f90090bfaf63e25b6d9a9f",
    "src/addons/Snog/TV/Repository/Crew.php": "d76a7cee62ceca5bed09b26d915169ded3c926b5ffe724446da99a665889545b",
    "src/addons/Snog/TV/Repository/Network.php": "04df0ddeac082ccba5e7484128c0897b67971470b00ff8773c62716e6632c927",
    "src/addons/Snog/TV/Repository/Node.php": "13ef5067e900fe1b482e5323fa75e9ac98f5a57d9634a8bef6bc5d1b14306efb",
    "src/addons/Snog/TV/Repository/TV.php": "7760ea211d8f751ef1164f9d0ec270897928b4ba45fe38f094fa12e44c9f2a50",
    "src/addons/Snog/TV/Repository/Video.php": "4b602052519d4aa9dcb0b57c6ec386a49bb1874432285f44f3b4e362d1bbf8b4",
    "src/addons/Snog/TV/Service/AbstractTvSizeMapImage.php": "ae863c9bfbbaba5ebf423e9d14f73a6b65facbe4b66a28f0b618033274751281",
    "src/addons/Snog/TV/Service/Company/Creator.php": "23d6456a2955ea53b9aeb68b0a1a730079476a1950ff9c46c84afdd332f5e352",
    "src/addons/Snog/TV/Service/Company/Image.php": "0a590c6eb0b99bb1fae8d5feb013984bf98340776932dff139b701c797dfd110",
    "src/addons/Snog/TV/Service/Company/Preparer.php": "31e00e7cd6a4430f3f4d1251e076895221ddba3f7ad2f739163a4aeb51b06c1f",
    "src/addons/Snog/TV/Service/Network/Creator.php": "4af5fe5e71d36e8770269d6a6f8560171127394bf0a3b99345537907eb9c15ce",
    "src/addons/Snog/TV/Service/Network/Image.php": "cb3511912c6c73d1f51cbff8bcdc5d953311e7b6d0daf1aa0e3d0216a64f66e1",
    "src/addons/Snog/TV/Service/Network/Preparer.php": "5f6083df1cb083e398532ae9936210fe3affbf669b30fd7f2663234f70c98a81",
    "src/addons/Snog/TV/Service/Person/Creator.php": "d698d20c9a127e709499927a766a6c383316eed4b2063fdb11058a79a71fb1ce",
    "src/addons/Snog/TV/Service/Person/Editor.php": "865f98843eb0894483bcee871c9e2eeb329cdb3598882d512c991e4655b1d2ef",
    "src/addons/Snog/TV/Service/Person/Image.php": "df47b4550d39838a7cd7c84a3a0788451d3f7d4aaafe512919c55e76beabb8e5",
    "src/addons/Snog/TV/Service/Person/Preparer.php": "4553deac44981f94f867e16916a9fe5baddcc67023f007071da72c63ec829c93",
    "src/addons/Snog/TV/Service/Thread/Cover.php": "f14d68cb67b698f4ca0c040502b6fa2ae310a21f3c5e4e7d9e7e44eceb5e167e",
    "src/addons/Snog/TV/Service/Thread/TypeData/TvCreator.php": "7ee260e96fd764bb3f5e50b746b74d5cb877e264b3f7a1ce57dd7ad4cdcadad4",
    "src/addons/Snog/TV/Service/TV/Creator.php": "5c435780b06664f83437361d2a92a1d7087a09a80fb90ce36303ed1cf70adbe9",
    "src/addons/Snog/TV/Service/TV/Editor.php": "c13c16afef6028fee955db5f52a525ece3780fdcb48c146509e6ef3757848b31",
    "src/addons/Snog/TV/Service/TV/Image.php": "c51f20bb5a2f45742f56711f30262bf33524f9e6fc644b44c6358a005b148b50",
    "src/addons/Snog/TV/Service/TV/Preparer.php": "ba2769860f3c1983945c510880ab63fbc34298bef43f92ea1387a50c0951342b",
    "src/addons/Snog/TV/Service/TV/Rate.php": "8d98583f15748084d29d050ce7b355d99c9d89a1cd12712bfcaeb4d62b0da48a",
    "src/addons/Snog/TV/Service/TVForum/Create.php": "01caf43c69887fe5cb33e19b50067105b60c98ea9c661f0a0afdb794995ebb99",
    "src/addons/Snog/TV/Service/TVForum/Image.php": "142b6abeeca731e6c5fc2c053fbd1eb5c6d646b1670afa1686f04fae828cf7ee",
    "src/addons/Snog/TV/Service/TVForum/Rate.php": "ee8bedeae1dc5c9dc9a46d8e7935a9c58b93ab232c97ddb178b23e467ec6758d",
    "src/addons/Snog/TV/Service/TVPost/Editor.php": "82cd2cb2a4a6fe3066de1e06d069b89d98c37a2936bc5317ee5faa2d3ad88408",
    "src/addons/Snog/TV/Service/TVPost/Image.php": "387887e22f141d8354cd699b00aae1c2bd1cad23218e4e7bc8bb5e619a890410",
    "src/addons/Snog/TV/Setup.php": "a23c3d5aad249fce3a015b4e5a26d21e300191f7d98394ea9286f2712c2c61d9",
    "src/addons/Snog/TV/ThemeHouse/Covers/Pub/Controller/Cover.php": "3ce013919328069edadb2e80e6496378f5449d7d8ce760c3d699eef2dcaae272",
    "src/addons/Snog/TV/ThreadType/TV.php": "09ef5d6f0164b65036e21e6611e8f1ef7dd1431d6bb7f8523d5a16953c235109",
    "src/addons/Snog/TV/Tmdb/Api/AbstractApiSection.php": "504c54c564cd6a2b592ba656009fb929a86a50a1a4939e4b12ed5dcb146d5acb",
    "src/addons/Snog/TV/Tmdb/Api/AiringToday.php": "a1375c482addc5146ea9e3c2513e1a2668c6182f9b43a4b700f5ebac88001ed0",
    "src/addons/Snog/TV/Tmdb/Api/ApiResponse.php": "f8ffcdcd976c16b6bdf0027171ef988bd2b64708d6b724ec162f3558d3c9d9b9",
    "src/addons/Snog/TV/Tmdb/Api/Changes.php": "dcfed9154ab2c1efc1d33ea2b53ebf6a509c1a8335afc538d9c262bd30e4516c",
    "src/addons/Snog/TV/Tmdb/Api/Company.php": "ea03d64d6cff7c0c6803aa60f444f54bfaad8ffab5f1f3d9b4617596ff1d63bd",
    "src/addons/Snog/TV/Tmdb/Api/Genres.php": "9f7298e05b167badfe5dc3c6b9be1d81764c2aa08959f4a8b5af1635c0435141",
    "src/addons/Snog/TV/Tmdb/Api/Network.php": "4826c702837ba86e0f1f4fb009b86995f5c6d5d0c959ee2f06fb946ebaad451e",
    "src/addons/Snog/TV/Tmdb/Api/People.php": "4a24d8e15d5f5de5d9114876e2491d63c28a74e0fc07f45c8789205f5beb81a5",
    "src/addons/Snog/TV/Tmdb/Api/TV.php": "e1ca01571dd2a45dd31781c0c7768673f7146d7eab806bc07004694fe7f43aba",
    "src/addons/Snog/TV/Tmdb/Api/TV/Episodes.php": "b5ff1030e18fc5c1e8f768ef4bb6170ec0479b9d8ce304bda1d301f3490acbe5",
    "src/addons/Snog/TV/Tmdb/Api/TV/Seasons.php": "4fbcbbf6021ef349310ca43c9daa87f8f7e43be7dca2b11b4ac152655c94a13c",
    "src/addons/Snog/TV/Tmdb/ApiClient.php": "5e6039ef029f0f6fe39839292778d744735fc065e29c3b99d91961c443547956",
    "src/addons/Snog/TV/Tmdb/Image.php": "f2751c6bf060cabd4d4ea032258fc51fe0d0f90b0d617bc33b68f8b4b1700bd9",
    "src/addons/Snog/TV/Widget/PosterSlider.php": "aaf8d1f5e94a3282b52cd96de74d4323f577b7ff2bc3ae9f047df713bdfa4db2",
    "src/addons/Snog/TV/Widget/Slider.php": "8721e50d6d50b356cbdd7a5d494937149f1e5130bc94a87acd74857b6e868213",
    "src/addons/Snog/TV/XF/Admin/Controller/User.php": "3e6cdc5601b162c76ccef84637c05e3d30a7552b69b31ebd034014754d95274d",
    "src/addons/Snog/TV/XF/Entity/Forum.php": "85384882a71c38ec91b3523c53973d95c563e5704de11f9cb8e5ec18162c35c5",
    "src/addons/Snog/TV/XF/Entity/Node.php": "9d06d14fcafe416daaabc27395295374753d85b7be318fa516e116094aae8b5d",
    "src/addons/Snog/TV/XF/Entity/Post.php": "e27963d4b84a5dc4f4d291f76f6f7ab3d6568815c92a02ae91cef3a734faa9d1",
    "src/addons/Snog/TV/XF/Entity/Thread.php": "23d95acb22ac2f125d58af141b1c56d4580db267bc24ba88159634ca3fae7908",
    "src/addons/Snog/TV/XF/Entity/User.php": "4d30cb9b793519efbf798c2dd39c2d4d1f5c6ede2b9251488e59e417cc263665",
    "src/addons/Snog/TV/XF/Entity/UserOption.php": "d664d868deff44e02df8cd2d5a30dd60800ffe0d16f281e6a542f5e7adc11122",
    "src/addons/Snog/TV/XF/ForumType/Discussion.php": "6e33c56ee87c37dfd9a426a9cbe802971a22bc3d606399c2e4b56515248549ae",
    "src/addons/Snog/TV/XF/Pub/Controller/Account.php": "69bc2eb893d35e1650d872cde3a046d67decfdea81524434b3be68e71af40e12",
    "src/addons/Snog/TV/XF/Pub/Controller/Forum.php": "49c66c4bbd92b0862b30c21ef1df31e06b92df9b952549958cf2095145979ab1",
    "src/addons/Snog/TV/XF/Pub/Controller/Post.php": "abe4c5547ec99f19610ada8c9fff7a62d0d2e2ab75724b16d152dfb6354d63b4",
    "src/addons/Snog/TV/XF/Pub/Controller/Thread.php": "61c8ff8a2b97906704e2217c72ea4f6fea9888e58ccda16fc17d996adc2fd1e6",
    "src/addons/Snog/TV/XF/Repository/Post.php": "64f84dc6ad5fa196df3941258e3f7aefb86c5b2ff039fb8784138c3e1734f820",
    "src/addons/Snog/TV/XF/Search/Data/Post.php": "0a97a0b5bcec4e9f09ba0e6f938b546083bd9e5c77d187c5388034b79b5a822c",
    "src/addons/Snog/TV/XF/Search/Data/Thread.php": "ab198416ca0f0792e14782901f88880d2c83b0dd6f320d472aa0d43c1b4bf866",
    "src/addons/Snog/TV/XF/Service/Post/Editor.php": "676c460e8581a38f9a625e74745d5022991a5f99cc500d15c3c125d5dd4d7147",
    "src/addons/Snog/TV/XF/Service/Post/Preparer.php": "595073b74464c7169d328cc4242a3ae64288057dcc0b71295a385d93437521ca",
    "src/addons/Snog/TV/XF/Service/Thread/Creator.php": "4a9df74e296a42e8a95e56afdab46549afa2b09be1a5d8ed38516c4ca241e62a",
    "src/addons/Snog/TV/XF/Service/Thread/Replier.php": "6b53cdf6fa33631bacad0028397ca537108fb8b52e1c2d39324f214c37ee15c3",
    "src/addons/Snog/TV/XF/Tag/Thread.php": "9a6269c108e5c6bb78cd4f0f30d4897d8cecc4fc47e94d50ce94bbdcf24c3f21",
    "src/addons/Snog/TV/_data/activity_summary_definitions.xml": "99d8c2563a31320d66f958fc8bda78613545f5f7959bb3cf5318805e3a3c39d2",
    "src/addons/Snog/TV/_data/admin_navigation.xml": "064ec797484ac00d5ee37367b50b06846d11f480d00550997712707f8fdac8c0",
    "src/addons/Snog/TV/_data/admin_permission.xml": "ec6fb97cebf0bceb24f1ed1d5778c1db54eeb7535fbb3e31d824840e7aa9ff87",
    "src/addons/Snog/TV/_data/advertising_positions.xml": "d2f7cbe844bb1df3cf878d22ff6306249245c8ff6b0b87b9b729744bec538261",
    "src/addons/Snog/TV/_data/api_scopes.xml": "6793eaf758f140e8137187ba20e65f4faccf53410433ae3ad7a8b3b38cb6b3b7",
    "src/addons/Snog/TV/_data/bb_codes.xml": "faa4ddd5f4a365e5ac39aebdcbe2d25aedf74e7eb9ea4a812766e2fd5e13bdb1",
    "src/addons/Snog/TV/_data/bb_code_media_sites.xml": "29762987990187b33e43cfb68c08dc917b2d3f0176613d78f8e6c453f82da3f3",
    "src/addons/Snog/TV/_data/class_extensions.xml": "6ab5043450b0f63f676f9b8b2f0c15d0941c00b63cbe358730f9a03152d2a8ae",
    "src/addons/Snog/TV/_data/code_events.xml": "8370dec3df47f91df4cf79da253446ad11b29f4ea568fe76c774e97a0379f0eb",
    "src/addons/Snog/TV/_data/code_event_listeners.xml": "d48e6b152a9a534e18a0fc36d9d5536be219f57ce58bdc6fb1e49f175ed832e1",
    "src/addons/Snog/TV/_data/content_type_fields.xml": "c7ad5472b28f465b7ac7617627707eba1b7a39d28089460d52e1ed292fc0b06a",
    "src/addons/Snog/TV/_data/cron.xml": "62156ac9d59cce6b1a5bac5608774d29e6cc2550d27cc963295f1c4af24e7fcf",
    "src/addons/Snog/TV/_data/help_pages.xml": "a8a0c0b06cdc550438bc8a8d385af3e1e5ab3459877dfb934c1c31be59c89163",
    "src/addons/Snog/TV/_data/member_stats.xml": "89fb2b93ff1eca7a1f6f752248edf6090dfd24037db1446fd18ff7143f08124d",
    "src/addons/Snog/TV/_data/mjc_event_definitions.xml": "b83182307cd408c22a7cb78315af16f996bd63af5d82b59a40f48be875e74da4",
    "src/addons/Snog/TV/_data/navigation.xml": "f75e1c03a45a360bbdfcd0567121665082315068475d5b0feb8b1acbb1688651",
    "src/addons/Snog/TV/_data/options.xml": "a2a8676e97ff2cf1474d31dba86961b69cc5831f914916c5e69502b0729f622c",
    "src/addons/Snog/TV/_data/option_groups.xml": "c74eb0f8950e3599d6002f9cec8df01499bf66dab1f0ace04e38238b8be61b11",
    "src/addons/Snog/TV/_data/permissions.xml": "8244fdb4a5ff4ec66fd9a078ea1ef74123ee6d9807712c2c8f504ed8d6892ae0",
    "src/addons/Snog/TV/_data/permission_interface_groups.xml": "ab7123350ebc5dece751ea081f2493644855e96378fa71240f93188633d50284",
    "src/addons/Snog/TV/_data/phrases.xml": "5b4b0b6caa2cd3541e2419a01435a7dcc99d8ea6c2ee2dff5d47671130d1719c",
    "src/addons/Snog/TV/_data/rebuilds.xml": "9e63a580cce5c65864be60b75fed296416fc4084e4cde1039429c544f3630ba0",
    "src/addons/Snog/TV/_data/routes.xml": "7c4d55e77c74cf2aa3b692ceb937882c815d8a76b6cfe9f04d8526e36811cfea",
    "src/addons/Snog/TV/_data/style_properties.xml": "d985c7ca0a52a29d0299e7c208c2d36f04287eeac3d27fda062f3e40b799db14",
    "src/addons/Snog/TV/_data/style_property_groups.xml": "3965136e31f5f3c63e8fd140110f2866dc9288cda23867909df9463f40061166",
    "src/addons/Snog/TV/_data/templates.xml": "1b379b154e8a2ae9fd3baac93cf02f04e483666fd182e6c16be796c6c9717784",
    "src/addons/Snog/TV/_data/template_modifications.xml": "2201317071788ebfbccf646d2c6f5a4406b12d2292a3e3d31f3a77d8aa4d8b05",
    "src/addons/Snog/TV/_data/widget_definitions.xml": "2656ea2f0bfcedc1bf28a5bbb1b649f5acb4830492a640a6b86fb531954a725e",
    "src/addons/Snog/TV/_data/widget_positions.xml": "a29cee66134f6bc5d75ed9df1eef21096c24401915c5b5c774389c3d7bb2d5b3"
}