<?xml version="1.0" encoding="utf-8"?>
<template_modifications>
  <modification type="admin" template="forum_edit" modification_key="fs_add_reantions_fields" description="fs_add_reantions_fields" execution_order="10" enabled="1" action="preg_replace">
    <find><![CDATA[/<xf:option name="count_messages".*?\/>/si]]></find>
    <replace><![CDATA[$0

<xf:option name="count_reactions" selected="$forum.count_reactions"
		   label="{{ phrase('count_reactions_in_forum_toward_user_total') }}"
		   hint="{{ phrase('if_disabled_reactions_posted_will_not_contribute_to_user_reactions_total') }}" />]]></replace>
  </modification>
</template_modifications>
