{
    "src/addons/FS/MapEmails/addon.json": "61bfae8e78f8d6e03aac9e538a3e730967f294322681435c526351d69d69cb23",
    "src/addons/FS/MapEmails/Entity/UsernameMap.php": "1cb56cc757ba70ba18b33885a78a526040ab512744e33da049c8606aa3ac0f8f",
    "src/addons/FS/MapEmails/Install/Data/MySql.php": "c678944b2cb4679b3a170639202aa55304c1f0ba04e4be5aea7ca08ce75e5daf",
    "src/addons/FS/MapEmails/Setup.php": "7e437fc390155517fa90ad4c86c6c800006c535e90669e2823c4e6ac85c10fb1",
    "src/addons/FS/MapEmails/XF/Admin/Controller/User.php": "70d3b7aab48ab7f4819bac4e9452a474690ee7da6ef2d5cc65f76678fb59a21e",
    "src/addons/FS/MapEmails/XF/Entity/User.php": "9079f3f6e1e970940adf4efda9e06138ef868a4dcf908b3578351faa5cdeb7bd",
    "src/addons/FS/MapEmails/XF/Job/UserEmail.php": "500386daf3e7a6848d580aaceb780014ae587db6642c0fe6993705e85f4ca413",
    "src/addons/FS/MapEmails/_data/activity_summary_definitions.xml": "99d8c2563a31320d66f958fc8bda78613545f5f7959bb3cf5318805e3a3c39d2",
    "src/addons/FS/MapEmails/_data/admin_navigation.xml": "064ec797484ac00d5ee37367b50b06846d11f480d00550997712707f8fdac8c0",
    "src/addons/FS/MapEmails/_data/admin_permission.xml": "ec6fb97cebf0bceb24f1ed1d5778c1db54eeb7535fbb3e31d824840e7aa9ff87",
    "src/addons/FS/MapEmails/_data/advertising_positions.xml": "d2f7cbe844bb1df3cf878d22ff6306249245c8ff6b0b87b9b729744bec538261",
    "src/addons/FS/MapEmails/_data/api_scopes.xml": "6793eaf758f140e8137187ba20e65f4faccf53410433ae3ad7a8b3b38cb6b3b7",
    "src/addons/FS/MapEmails/_data/bb_codes.xml": "faa4ddd5f4a365e5ac39aebdcbe2d25aedf74e7eb9ea4a812766e2fd5e13bdb1",
    "src/addons/FS/MapEmails/_data/bb_code_media_sites.xml": "29762987990187b33e43cfb68c08dc917b2d3f0176613d78f8e6c453f82da3f3",
    "src/addons/FS/MapEmails/_data/class_extensions.xml": "fb2ef32a39959226f05fe09fec84b6b26711d40174ac6c9c91dbc7bfe0879896",
    "src/addons/FS/MapEmails/_data/code_events.xml": "8370dec3df47f91df4cf79da253446ad11b29f4ea568fe76c774e97a0379f0eb",
    "src/addons/FS/MapEmails/_data/code_event_listeners.xml": "d6b5072f4909dee7a20ee9e44b163f95c8aa52e6ac7f573e292000cd9238c331",
    "src/addons/FS/MapEmails/_data/content_type_fields.xml": "c7ad5472b28f465b7ac7617627707eba1b7a39d28089460d52e1ed292fc0b06a",
    "src/addons/FS/MapEmails/_data/cron.xml": "323c4284742ef24329cd6db6f288eb9736d2353f36852e1db12591e1583aea26",
    "src/addons/FS/MapEmails/_data/help_pages.xml": "a8a0c0b06cdc550438bc8a8d385af3e1e5ab3459877dfb934c1c31be59c89163",
    "src/addons/FS/MapEmails/_data/member_stats.xml": "89fb2b93ff1eca7a1f6f752248edf6090dfd24037db1446fd18ff7143f08124d",
    "src/addons/FS/MapEmails/_data/navigation.xml": "f75e1c03a45a360bbdfcd0567121665082315068475d5b0feb8b1acbb1688651",
    "src/addons/FS/MapEmails/_data/options.xml": "1cea29aa5671733d85c8fc6f7c66128eacbca5643cbb38585eb82002879b51a4",
    "src/addons/FS/MapEmails/_data/option_groups.xml": "154d7a89664b243d0bd8227c22e241f934bf7e196c83230ee23d3c0c4fba1333",
    "src/addons/FS/MapEmails/_data/permissions.xml": "7e4fc7d5826733d15ea2d8936b9bdd41afcaad810eb38e50da3c8d8eafda1550",
    "src/addons/FS/MapEmails/_data/permission_interface_groups.xml": "3177224e96458b829aa7fb24866dda9e0455a4922aee3d669b53f59a1ffdf5d1",
    "src/addons/FS/MapEmails/_data/phrases.xml": "306a54183ed02ca1145fc93186910e657719de87ca65dd6deb4c7b0d5518d7f3",
    "src/addons/FS/MapEmails/_data/routes.xml": "550fa64f9feedf137dd877b38c2684f94474619d2d83890dbb717a91b50da8f5",
    "src/addons/FS/MapEmails/_data/style_properties.xml": "8b8690a8512f01f219dd2da76e3d0c5f62afc1f317b87794a7331c859c36a7a8",
    "src/addons/FS/MapEmails/_data/style_property_groups.xml": "68e1879cb3846c42d978487aa8d5145ff3335fc39e58016878824d5cf3fd684c",
    "src/addons/FS/MapEmails/_data/templates.xml": "95d4b078b90e74e773cef6695ef94c742e74b8d62e6798738f11f0215a58faee",
    "src/addons/FS/MapEmails/_data/template_modifications.xml": "e7c10ccd57444c42f05c9807d53bdae6e2e4610da18f24cd655392abc3de3086",
    "src/addons/FS/MapEmails/_data/widget_definitions.xml": "37e46965256430f24004c2e7f08ba08f9b0d1cbcc4d70e84b3f4e3ffb713e64b",
    "src/addons/FS/MapEmails/_data/widget_positions.xml": "a29cee66134f6bc5d75ed9df1eef21096c24401915c5b5c774389c3d7bb2d5b3"
}