{
    "src/addons/Plisio/addon.json": "da537709a0829abdf8b2ffcaaf1cf1d83301a798650a927d57e3d046a2a12a24",
    "src/addons/Plisio/Payment/PlisioGateway.php": "0f14041e7f67940a83bd7c9d0bd36801ad605d99ad874e99be77cbae9a443f89",
    "src/addons/Plisio/plisio.png": "03b90f91228e6d440ea6ccb2a7818790cd56787e7fa7c04adea4ff5e3801b003",
    "src/addons/Plisio/README.md": "a18df5e92b252482d76905b6c793d8f789e425dc1a7dbea84f8a6e7657a3e6eb",
    "src/addons/Plisio/Setup.php": "615b017b13faeec9b41fb16cffe33bde2d0b7f755932308807a24308ffa56b3b",
    "src/addons/Plisio/_data/activity_summary_definitions.xml": "99d8c2563a31320d66f958fc8bda78613545f5f7959bb3cf5318805e3a3c39d2",
    "src/addons/Plisio/_data/admin_navigation.xml": "064ec797484ac00d5ee37367b50b06846d11f480d00550997712707f8fdac8c0",
    "src/addons/Plisio/_data/admin_permission.xml": "ec6fb97cebf0bceb24f1ed1d5778c1db54eeb7535fbb3e31d824840e7aa9ff87",
    "src/addons/Plisio/_data/advertising_positions.xml": "d2f7cbe844bb1df3cf878d22ff6306249245c8ff6b0b87b9b729744bec538261",
    "src/addons/Plisio/_data/api_scopes.xml": "6793eaf758f140e8137187ba20e65f4faccf53410433ae3ad7a8b3b38cb6b3b7",
    "src/addons/Plisio/_data/bb_codes.xml": "faa4ddd5f4a365e5ac39aebdcbe2d25aedf74e7eb9ea4a812766e2fd5e13bdb1",
    "src/addons/Plisio/_data/bb_code_media_sites.xml": "29762987990187b33e43cfb68c08dc917b2d3f0176613d78f8e6c453f82da3f3",
    "src/addons/Plisio/_data/class_extensions.xml": "1f548b8006e9952a3f5889f71e09fdfa6726ac1a47c1af7b2626d1a88920d5a4",
    "src/addons/Plisio/_data/code_events.xml": "8370dec3df47f91df4cf79da253446ad11b29f4ea568fe76c774e97a0379f0eb",
    "src/addons/Plisio/_data/code_event_listeners.xml": "d6b5072f4909dee7a20ee9e44b163f95c8aa52e6ac7f573e292000cd9238c331",
    "src/addons/Plisio/_data/content_type_fields.xml": "c7ad5472b28f465b7ac7617627707eba1b7a39d28089460d52e1ed292fc0b06a",
    "src/addons/Plisio/_data/cron.xml": "323c4284742ef24329cd6db6f288eb9736d2353f36852e1db12591e1583aea26",
    "src/addons/Plisio/_data/help_pages.xml": "a8a0c0b06cdc550438bc8a8d385af3e1e5ab3459877dfb934c1c31be59c89163",
    "src/addons/Plisio/_data/member_stats.xml": "89fb2b93ff1eca7a1f6f752248edf6090dfd24037db1446fd18ff7143f08124d",
    "src/addons/Plisio/_data/navigation.xml": "f75e1c03a45a360bbdfcd0567121665082315068475d5b0feb8b1acbb1688651",
    "src/addons/Plisio/_data/options.xml": "02597de9b3424ef4fc4d7a42e528da4f5be8b4753c564f5dfd778dcaae0c140e",
    "src/addons/Plisio/_data/option_groups.xml": "3ca0d5b9dfcbc79bad2266fa4a6a28f2b58da4d60c3e2e2acfcb495d19e0e5e0",
    "src/addons/Plisio/_data/permissions.xml": "7e4fc7d5826733d15ea2d8936b9bdd41afcaad810eb38e50da3c8d8eafda1550",
    "src/addons/Plisio/_data/permission_interface_groups.xml": "3177224e96458b829aa7fb24866dda9e0455a4922aee3d669b53f59a1ffdf5d1",
    "src/addons/Plisio/_data/phrases.xml": "1413c2e1a41cddc8c2b0ebda67843b8aebb7d09fc9306e2a95df00ba185de9e2",
    "src/addons/Plisio/_data/routes.xml": "550fa64f9feedf137dd877b38c2684f94474619d2d83890dbb717a91b50da8f5",
    "src/addons/Plisio/_data/style_properties.xml": "8b8690a8512f01f219dd2da76e3d0c5f62afc1f317b87794a7331c859c36a7a8",
    "src/addons/Plisio/_data/style_property_groups.xml": "68e1879cb3846c42d978487aa8d5145ff3335fc39e58016878824d5cf3fd684c",
    "src/addons/Plisio/_data/templates.xml": "cce9fa49942083995eedb6f4278e6f5dfda0ae97f7866b3fab3f677cbd176108",
    "src/addons/Plisio/_data/template_modifications.xml": "3b54b7df00a6a4a18c5e012b6e2588e35c23aaa13a5fc227f08646a97590d778",
    "src/addons/Plisio/_data/widget_definitions.xml": "37e46965256430f24004c2e7f08ba08f9b0d1cbcc4d70e84b3f4e3ffb713e64b",
    "src/addons/Plisio/_data/widget_positions.xml": "a29cee66134f6bc5d75ed9df1eef21096c24401915c5b5c774389c3d7bb2d5b3"
}