<?xml version="1.0" encoding="utf-8"?>
<templates>
  <template type="public" title="fs_pb_private_content" version_id="1000010" version_string="1.0.0 Alpha"><![CDATA[<xf:if is="$xf.visitor.canViewPrivateContent()">
	<div style="margin:20px; margin-top:5px">
		<div class="smallfont" style="margin-bottom:2px">{{ phrase('fs_private_bbcode_caption:') }}</div>
		<table cellpadding="$stylevar[cellpadding]" cellspacing="0" border="0" width="100%">
			<tr>
				<td class="alt2" style="border:1px inset">
					<div style="font-weight:bold; padding:5px 10px;">
						{$content}
					</div>
				</td>
			</tr>
		</table>
	</div>
<xf:else />
	{{ phrase('fs_private_content_text') }}
</xf:if>]]></template>
  <template type="public" title="fs_pb_private_content_dialog" version_id="1000010" version_string="1.0.0 Alpha"><![CDATA[<xf:css src="code_editor.less" />

<textarea name="{$name}"
	class="input input--code codeEditor{{ $extraClasses ? ' ' . $extraClasses : '' }} js-codeEditor u-jsOnly"
	dir="ltr"
	rows="{$rows}"
	data-xf-init="code-editor"
	data-mode="{{ $modeConfig.mime ?: $modeConfig.modes|first }}"
	data-lang="{$lang}"
	data-config="{$modeConfig.config|json}"
	{{ $readOnly ? 'readonly="readonly"' : '' }}
	style="display: none;" {$attrsHtml|raw}>{$value}</textarea>
<noscript>
	<textarea name="{$name}" class="input input--code" dir="ltr" rows="{$rows}" {{ $readOnly ? 'readonly="readonly"' : '' }}>{$value}</textarea>
</noscript>]]></template>
</templates>
