<?xml version="1.0" encoding="utf-8"?>
<class_extensions>
  <extension from_class="XF\Entity\User" to_class="FS\HideUsernames\XF\Entity\User" execute_order="10" active="1"/>
  <extension from_class="XF\NewsFeed\Post" to_class="FS\HideUsernames\XF\NewsFeed\Post" execute_order="10" active="1"/>
  <extension from_class="XF\NewsFeed\ProfilePost" to_class="FS\HideUsernames\XF\NewsFeed\ProfilePost" execute_order="10" active="1"/>
  <extension from_class="XF\NewsFeed\ProfilePostComment" to_class="FS\HideUsernames\XF\NewsFeed\ProfilePostComment" execute_order="10" active="1"/>
  <extension from_class="XF\NewsFeed\Thread" to_class="FS\HideUsernames\XF\NewsFeed\Thread" execute_order="10" active="1"/>
  <extension from_class="XF\Pub\Controller\Member" to_class="FS\HideUsernames\XF\Pub\Controller\Member" execute_order="10" active="1"/>
  <extension from_class="XF\Pub\Controller\Thread" to_class="FS\HideUsernames\XF\Pub\Controller\Thread" execute_order="10" active="1"/>
  <extension from_class="XF\Repository\User" to_class="FS\HideUsernames\XF\Repository\User" execute_order="10" active="1"/>
  <extension from_class="XF\Str\MentionFormatter" to_class="FS\HideUsernames\XF\Str\MentionFormatter" execute_order="10" active="1"/>
  <extension from_class="XF\Template\Templater" to_class="FS\HideUsernames\XF\Template\Templater" execute_order="10" active="1"/>
</class_extensions>
