{
    "js/LogoSlider/editor.js": "55df37ecb281776fa0256c983fd932e7572b81582d2a77b1cf8c298a268bc610",
    "js/LogoSlider/editor.min.js": "91ccd8c4fce0e8e653bfe7a61441e7dd15f62ffb0313a4acdab06cc47ea8ba5d",
    "js/LogoSlider/film_strip.js": "e2a604f65128398c631be061469a621edf531b41bb5db8a7430bbd7aa6de3181",
    "js/LogoSlider/film_strip.min.js": "be45debdc3a2aff4059e7f5759047fcbd5684657cf6890d8d56cdc62d6709a28",
    "js/LogoSlider/image_editor-compiled.js": "afff85508fcc8b433d07e3363286577287dc62786964836d9456fa89fe277fa5",
    "js/LogoSlider/image_editor.js": "a43e3605f84d920d99ff54df47cdb8e876f0aca74cadd9233c1260a19ebaf7d9",
    "js/LogoSlider/image_editor.min.js": "0d9cda32c6e14727f5db9f4a7cd6165921f79a41a4b34c0153906ce748c54c6f",
    "js/LogoSlider/image_noter-compiled.js": "96c050419f0dfb932882b1ec796888772a3ec5e9a0c500babd47a6ea3ffb37b6",
    "js/LogoSlider/image_noter.js": "99787960b886d85dbbc24fe12f5443b17aed65a2aba77b18edc719c4abe4709b",
    "js/LogoSlider/image_noter.min.js": "131d81a70f88bf944a8c8bfb1e90c20a6d4793bb3d053da9f1beb82173a2e23f",
    "js/LogoSlider/media_add.js": "aa38919b7e419bc07c7c10b9dbbd2719fd3c61e4b9fd11bac577fc9d40497e7d",
    "js/LogoSlider/media_add.min.js": "ffc68e08602553ee2c89baf61f290aaf3a15dcaf788f314c425f650befc646a3",
    "js/LogoSlider/slider.js": "e469886884ee8108ab2487798aa9d783e93fdd7733b5f9ef09b5202a8164f7b0",
    "js/LogoSlider/slider.min.js": "5a04e57353c8649dc6a682182cbf45224aa10444e9017639257cd4adfb254ea1",
    "js/LogoSlider/vendor/cropper/cropper.js": "cff32eca4bda1350850e64f322fb66f9c446cc74598e23c810da2c58537987e0",
    "js/LogoSlider/vendor/cropper/cropper.min.js": "b5fcf332f9fc834362c12b87f857414a328f7a6a823d36f83b9df97e3555e26f",
    "js/LogoSlider/vendor/cropper/LICENSE": "7ab0e8da12be6414831b278e0815808dd250188cd0c97b5e34eade0854213cc2",
    "src/addons/FS/LogoSlider/addon.json": "69aec276e48f0d3b88d56f78a753b4db04113e51a3a8c9636c95e7f22c72e5ad",
    "src/addons/FS/LogoSlider/Admin/Controller/Logo.php": "f34dd6c025db892375bf92ae4148f17b0b594663c54289160f6140ec386ca189",
    "src/addons/FS/LogoSlider/Entity/Logo.php": "6021bb51568653118d58cbfb8b901e734e03ed469f3a575039864ca2e9b131fe",
    "src/addons/FS/LogoSlider/Install/Data/MySql.php": "c4b3e45754001095ca38177f1f935214c26ba00a55b39682d7e9a3f9ea84d731",
    "src/addons/FS/LogoSlider/Service/Upload.php": "30f9a996727581e68eb31a15ba6f3e7464b5e8792e136071aff6452f797bb8c6",
    "src/addons/FS/LogoSlider/Setup.php": "a984f744390f5532d42a950bf9089d6fee7c05e365e8d230a604ee5ee5f3d2bf",
    "src/addons/FS/LogoSlider/Widget/Logo.php": "fd8ff4493a0477e864ac5816a7116809bdae81cf27b83de1faf8aad4b5dded1f",
    "src/addons/FS/LogoSlider/_data/activity_summary_definitions.xml": "99d8c2563a31320d66f958fc8bda78613545f5f7959bb3cf5318805e3a3c39d2",
    "src/addons/FS/LogoSlider/_data/admin_navigation.xml": "4c23dd44da12b189993b76a683a88a7308eb193cf7c07c575025d97f5e116690",
    "src/addons/FS/LogoSlider/_data/admin_permission.xml": "ec6fb97cebf0bceb24f1ed1d5778c1db54eeb7535fbb3e31d824840e7aa9ff87",
    "src/addons/FS/LogoSlider/_data/advertising_positions.xml": "d2f7cbe844bb1df3cf878d22ff6306249245c8ff6b0b87b9b729744bec538261",
    "src/addons/FS/LogoSlider/_data/api_scopes.xml": "6793eaf758f140e8137187ba20e65f4faccf53410433ae3ad7a8b3b38cb6b3b7",
    "src/addons/FS/LogoSlider/_data/bb_codes.xml": "faa4ddd5f4a365e5ac39aebdcbe2d25aedf74e7eb9ea4a812766e2fd5e13bdb1",
    "src/addons/FS/LogoSlider/_data/bb_code_media_sites.xml": "29762987990187b33e43cfb68c08dc917b2d3f0176613d78f8e6c453f82da3f3",
    "src/addons/FS/LogoSlider/_data/class_extensions.xml": "1f548b8006e9952a3f5889f71e09fdfa6726ac1a47c1af7b2626d1a88920d5a4",
    "src/addons/FS/LogoSlider/_data/code_events.xml": "8370dec3df47f91df4cf79da253446ad11b29f4ea568fe76c774e97a0379f0eb",
    "src/addons/FS/LogoSlider/_data/code_event_listeners.xml": "d6b5072f4909dee7a20ee9e44b163f95c8aa52e6ac7f573e292000cd9238c331",
    "src/addons/FS/LogoSlider/_data/content_type_fields.xml": "c7ad5472b28f465b7ac7617627707eba1b7a39d28089460d52e1ed292fc0b06a",
    "src/addons/FS/LogoSlider/_data/cron.xml": "323c4284742ef24329cd6db6f288eb9736d2353f36852e1db12591e1583aea26",
    "src/addons/FS/LogoSlider/_data/help_pages.xml": "a8a0c0b06cdc550438bc8a8d385af3e1e5ab3459877dfb934c1c31be59c89163",
    "src/addons/FS/LogoSlider/_data/member_stats.xml": "89fb2b93ff1eca7a1f6f752248edf6090dfd24037db1446fd18ff7143f08124d",
    "src/addons/FS/LogoSlider/_data/navigation.xml": "f75e1c03a45a360bbdfcd0567121665082315068475d5b0feb8b1acbb1688651",
    "src/addons/FS/LogoSlider/_data/options.xml": "254c90c401194d61630795cd2179883551cced874433cb558280383cb0aa6b1a",
    "src/addons/FS/LogoSlider/_data/option_groups.xml": "a75ccfadd90d4dd1d4080eeccac4d7bfeaf6a97b5cdee5adcd68c01a655bb7a0",
    "src/addons/FS/LogoSlider/_data/permissions.xml": "7e4fc7d5826733d15ea2d8936b9bdd41afcaad810eb38e50da3c8d8eafda1550",
    "src/addons/FS/LogoSlider/_data/permission_interface_groups.xml": "3177224e96458b829aa7fb24866dda9e0455a4922aee3d669b53f59a1ffdf5d1",
    "src/addons/FS/LogoSlider/_data/phrases.xml": "049f78f1ddd8aa463f3365ab350bbc361390fb75bcad4002865aef8c49e14d89",
    "src/addons/FS/LogoSlider/_data/routes.xml": "9611df65dbe7bd81abe284bc20a519d53686978171b01a5974e248d82c009636",
    "src/addons/FS/LogoSlider/_data/style_properties.xml": "8b8690a8512f01f219dd2da76e3d0c5f62afc1f317b87794a7331c859c36a7a8",
    "src/addons/FS/LogoSlider/_data/style_property_groups.xml": "68e1879cb3846c42d978487aa8d5145ff3335fc39e58016878824d5cf3fd684c",
    "src/addons/FS/LogoSlider/_data/templates.xml": "462f54893f0fccff0866295efc5dafaafa31c427ecab70711d9955d70c22ab06",
    "src/addons/FS/LogoSlider/_data/template_modifications.xml": "3b54b7df00a6a4a18c5e012b6e2588e35c23aaa13a5fc227f08646a97590d778",
    "src/addons/FS/LogoSlider/_data/widget_definitions.xml": "1201b3382fed3cdf608aa1b1e918a60682ff36fb76effa5efd7aed180cd13ec8",
    "src/addons/FS/LogoSlider/_data/widget_positions.xml": "a29cee66134f6bc5d75ed9df1eef21096c24401915c5b5c774389c3d7bb2d5b3"
}