{
    "src/addons/FS/QuizSystem/addon.json": "e1db784780ba11e10e258df185adcc504eea86cd47779de769e2ce18f2b17fe0",
    "src/addons/FS/QuizSystem/Admin/Controller/Category.php": "b35e9546b5e1374224563c49c01173616bd9bc9f3502d8aff3b6aa2a5802a1be",
    "src/addons/FS/QuizSystem/Admin/Controller/Question.php": "1de210f7f2fabfd2f170a08b80ca9eb0dc8535e484d580c8383b8b700a7c4dab",
    "src/addons/FS/QuizSystem/Admin/Controller/Quiz.php": "f04504d84ec99a41556e6336a74e6d68846fca79a0a3abdc7bd210599da9b0a9",
    "src/addons/FS/QuizSystem/Admin/View/Quiz/Find.php": "427293e1e1a28a702b1c516fa8c10effd7b6452254eeb38d53fb82fa91edde4f",
    "src/addons/FS/QuizSystem/ControllerPlugin/CategoryTree.php": "2e3aee1e0918b196d90a2e75572536aa7e10678d498a10597760f6b4fc9654df",
    "src/addons/FS/QuizSystem/Entity/Category.php": "3b740c97fee68a243baa858793b09ff42fda1fff725fe2248de5bdf71d3b0205",
    "src/addons/FS/QuizSystem/Entity/CategoryField.php": "8fe0cb52e6ff801b5f0a8250c9d7bae81aed66a1518a1249690913f17448a1a1",
    "src/addons/FS/QuizSystem/Entity/Question.php": "b26a0f751d215b86f65d7b4234b89e0aa7bf3b7dd3cb2dbdbd8574bfc6ae4615",
    "src/addons/FS/QuizSystem/Entity/Quiz.php": "11fd37f468085abe670bebd9c6dc955eb2a9c7297228570e333c3876ac491b05",
    "src/addons/FS/QuizSystem/Install/Data/MySql.php": "7d637befa875ce5f3cb3b24330f1ab88f1a88a1f258e46a1da07ee1677c80fe6",
    "src/addons/FS/QuizSystem/Pub/Controller/QuizSystem.php": "7a41683dda95ea7f897edf45116ddb30a025de34a329c1345d2a46823e8a56de",
    "src/addons/FS/QuizSystem/Repository/Category.php": "886fa5da0c9fb6fed86221c73a62e9fa5b5e659847eef6088c16bb537ebcd318",
    "src/addons/FS/QuizSystem/Repository/CategoryField.php": "2714acbd5da4479d0d1c18be2b518d7463e2a8f436f4b48975092c6f842477a4",
    "src/addons/FS/QuizSystem/Repository/Question.php": "2dcd58d65c84ffb58a459085ff08defaf4ffd840f17a669ee0c0d4d3ac06a673",
    "src/addons/FS/QuizSystem/Repository/Quiz.php": "cda08da4761307906504579501dfb336af67aad0726e122260339ac131c6b0ef",
    "src/addons/FS/QuizSystem/Service/Question.php": "22f283c30fff53561c71234a9c6a22d2d1854f5235a72d04a76e082aac583316",
    "src/addons/FS/QuizSystem/Service/Quiz.php": "8a557ee5ec529bfe32facb5bc1f0dfd974db1b9f68e1bab881acc0013ec89644",
    "src/addons/FS/QuizSystem/Setup.php": "43e2b1bcb543acf1f85979ebe1dca37a21fcdc1f3012c0807fa9228c7f106dd9",
    "src/addons/FS/QuizSystem/_data/activity_summary_definitions.xml": "99d8c2563a31320d66f958fc8bda78613545f5f7959bb3cf5318805e3a3c39d2",
    "src/addons/FS/QuizSystem/_data/admin_navigation.xml": "b35cf5af9a0a1a376e2a72ac4e185f86d908bf4c9ce279dd062c8f15c8ecc51c",
    "src/addons/FS/QuizSystem/_data/admin_permission.xml": "ec6fb97cebf0bceb24f1ed1d5778c1db54eeb7535fbb3e31d824840e7aa9ff87",
    "src/addons/FS/QuizSystem/_data/advertising_positions.xml": "d2f7cbe844bb1df3cf878d22ff6306249245c8ff6b0b87b9b729744bec538261",
    "src/addons/FS/QuizSystem/_data/api_scopes.xml": "6793eaf758f140e8137187ba20e65f4faccf53410433ae3ad7a8b3b38cb6b3b7",
    "src/addons/FS/QuizSystem/_data/bb_codes.xml": "faa4ddd5f4a365e5ac39aebdcbe2d25aedf74e7eb9ea4a812766e2fd5e13bdb1",
    "src/addons/FS/QuizSystem/_data/bb_code_media_sites.xml": "29762987990187b33e43cfb68c08dc917b2d3f0176613d78f8e6c453f82da3f3",
    "src/addons/FS/QuizSystem/_data/class_extensions.xml": "1f548b8006e9952a3f5889f71e09fdfa6726ac1a47c1af7b2626d1a88920d5a4",
    "src/addons/FS/QuizSystem/_data/code_events.xml": "8370dec3df47f91df4cf79da253446ad11b29f4ea568fe76c774e97a0379f0eb",
    "src/addons/FS/QuizSystem/_data/code_event_listeners.xml": "d6b5072f4909dee7a20ee9e44b163f95c8aa52e6ac7f573e292000cd9238c331",
    "src/addons/FS/QuizSystem/_data/content_type_fields.xml": "c7ad5472b28f465b7ac7617627707eba1b7a39d28089460d52e1ed292fc0b06a",
    "src/addons/FS/QuizSystem/_data/cron.xml": "323c4284742ef24329cd6db6f288eb9736d2353f36852e1db12591e1583aea26",
    "src/addons/FS/QuizSystem/_data/help_pages.xml": "a8a0c0b06cdc550438bc8a8d385af3e1e5ab3459877dfb934c1c31be59c89163",
    "src/addons/FS/QuizSystem/_data/member_stats.xml": "89fb2b93ff1eca7a1f6f752248edf6090dfd24037db1446fd18ff7143f08124d",
    "src/addons/FS/QuizSystem/_data/navigation.xml": "22eb90931af606a1273e80a8c9f1789a56497e6a154233dc208c24da84ed05ab",
    "src/addons/FS/QuizSystem/_data/options.xml": "1cea29aa5671733d85c8fc6f7c66128eacbca5643cbb38585eb82002879b51a4",
    "src/addons/FS/QuizSystem/_data/option_groups.xml": "154d7a89664b243d0bd8227c22e241f934bf7e196c83230ee23d3c0c4fba1333",
    "src/addons/FS/QuizSystem/_data/permissions.xml": "7e4fc7d5826733d15ea2d8936b9bdd41afcaad810eb38e50da3c8d8eafda1550",
    "src/addons/FS/QuizSystem/_data/permission_interface_groups.xml": "3177224e96458b829aa7fb24866dda9e0455a4922aee3d669b53f59a1ffdf5d1",
    "src/addons/FS/QuizSystem/_data/phrases.xml": "b456637058f11f2cce3158dec24677826d82cbdfe512c6daaaa12225b37dce65",
    "src/addons/FS/QuizSystem/_data/routes.xml": "ad748722529ed69408a2f423390c7a7a94363fe2479df02b7188be2e84d7ba86",
    "src/addons/FS/QuizSystem/_data/style_properties.xml": "8b8690a8512f01f219dd2da76e3d0c5f62afc1f317b87794a7331c859c36a7a8",
    "src/addons/FS/QuizSystem/_data/style_property_groups.xml": "68e1879cb3846c42d978487aa8d5145ff3335fc39e58016878824d5cf3fd684c",
    "src/addons/FS/QuizSystem/_data/templates.xml": "66cd7311da5a948fb7791663ee63be44d2a2da85b469e1fa3dbc6843237dfe50",
    "src/addons/FS/QuizSystem/_data/template_modifications.xml": "3b54b7df00a6a4a18c5e012b6e2588e35c23aaa13a5fc227f08646a97590d778",
    "src/addons/FS/QuizSystem/_data/widget_definitions.xml": "37e46965256430f24004c2e7f08ba08f9b0d1cbcc4d70e84b3f4e3ffb713e64b",
    "src/addons/FS/QuizSystem/_data/widget_positions.xml": "a29cee66134f6bc5d75ed9df1eef21096c24401915c5b5c774389c3d7bb2d5b3",
    "styles/FS/AuctionPlugin/no_image.png": "c633d11188783aab0873c25bae5e9d397883c3b1b89c27aab763ba62f1d04bbf",
    "styles/FS/AuctionPlugin/testing.png": "a36380efd27c2c69d4a8ca4c6b871438a2c3a7d3da1d08ab1ea91594623c2ab9"
}