{
    "legacy_addon_id": "dbtech_credits",
    "title": "DragonByte Credits",
    "description": "A fully features points/credits system allowing your members to earn or buy points.",
    "version_id": 905080070,
    "version_string": "5.8.0",
    "dev": "DragonByte Technologies, Ltd.",
    "dev_url": "https://www.dragonbyte-tech.com",
    "faq_url": "",
    "support_url": "https://www.dragonbyte-tech.com/support/create-ticket",
    "extra_urls": {
		"ENXF":"htpps://enxf.net",
        "Product Information": "https://www.dragonbyte-tech.com/store/dragonbyte-credits.339/",
        "Twitter": "https://twitter.com/DragonByteTech"
    },
    "require": {
        "XF": [
            2020070,
            "XenForo 2.2.0+"
        ],
        "php": [
            "7.2.0",
            "PHP 7.2.0+"
        ]
    },
    "icon": "icon.png",
    "require-soft": {
        "php": [
            "7.4.0",
            "PHP 7.4.0+",
            false
        ],
        "DBTech/Shop": [
            906010011,
            "DragonByte Shop v6.1.0+",
            false
        ]
    }
}