{
    "src/addons/DBTech/Credits/addon.json": "9e844debbb740cc67ff0854421fd94e7bf2b0307784801b757d958f1f72e40c9",
    "src/addons/DBTech/Credits/Admin/Controller/Currency.php": "d80ddd4a04b5a4f7f5dce783c1428ef85306aa447e82b99c266f9b27ccba2446",
    "src/addons/DBTech/Credits/Admin/Controller/Event.php": "66479978125e9e04df865d98acdee9b166f5a860f21034a8e748966e6c086132",
    "src/addons/DBTech/Credits/Admin/Controller/Index.php": "ad2975747b83ab83c06da45d4d64224d3df3f32310dcdfe40b48bda78b700fec",
    "src/addons/DBTech/Credits/Admin/Controller/Log.php": "ae5b69445dc92e7ac3d980a0641a07bc5b0625acba39baef21ff9028268f68b2",
    "src/addons/DBTech/Credits/Alert/Transaction.php": "3310b30361726155556c650652d2691c01843fc63b1eabcacd254aae89093b0c",
    "src/addons/DBTech/Credits/ApprovalQueue/Transaction.php": "98793dae8b3f10c971b468d6817a86f0b32584784c8fa10ae596f93583114add",
    "src/addons/DBTech/Credits/BbCode/Charge.php": "610c4c9fbe9cd03bfa9deed1891c491ce7cf9efdb1e81dc18f4af6445a8d8045",
    "src/addons/DBTech/Credits/Behavior/Cacheable.php": "6d431679b5c40a32f967cf374ec29c6384475bfea7985cce51b6f367f20cc62e",
    "src/addons/DBTech/Credits/Cli/Command/Rebuild/RebuildTransactions.php": "161df9eec8b26ea15a4353571d5d78b6697cb04ab77bf94f16e60111712feea5",
    "src/addons/DBTech/Credits/ControllerPlugin/Overview.php": "d314606f01bb2b5cb9fd6975e0536acd8f751a7edbad6bf9e4a97c28b5907f05",
    "src/addons/DBTech/Credits/Cron/Event.php": "f4ce951a259e1bca13ba59d83da2b3dd318fd70a4f178b64686fb8bfc4d52ed8",
    "src/addons/DBTech/Credits/Entity/AdjustLog.php": "3724e53331d5251cd1f2426e7fdfd902e5eb6a92bf905c6aaef73390e1cc3ebd",
    "src/addons/DBTech/Credits/Entity/Charge.php": "b6a220f1c6e689bdac0a414fa69061aca3bc16acf71da134360c5c45c2cb6b71",
    "src/addons/DBTech/Credits/Entity/ChargePurchase.php": "36d74dae146ee7c196eab07cce85594b6f66da2e9197a70efe59e05513e6278d",
    "src/addons/DBTech/Credits/Entity/Currency.php": "a9498a5bfabc6b02dd2e86d99986e37713a0dc280b370a160ee3a312a67c6c07",
    "src/addons/DBTech/Credits/Entity/DonationLog.php": "3f0a053091544bc97f0149e62b1dc32d3b6a6d0e334c210773aeba86fdc46f74",
    "src/addons/DBTech/Credits/Entity/Event.php": "cd9404761cd5940f05aa838b9ed5f72a267c4752bbc6644663d6afb0b66de1ed",
    "src/addons/DBTech/Credits/Entity/EventTrigger.php": "f5087da23332d75744af080bb50e1413e6345d2e1a3173d9ffe154f2d7ef74c3",
    "src/addons/DBTech/Credits/Entity/PurchaseTransaction.php": "4f129299f856e536ff6444758b0ddfb666c33653615e55b36264665b8f9fa626",
    "src/addons/DBTech/Credits/Entity/RedeemLog.php": "f6790890608a3eb7853da7a9d2b357d1ce7671793378524dd541796ee2f026f2",
    "src/addons/DBTech/Credits/Entity/Transaction.php": "d222a3bdaa9506d65b906afff1e4f03b58a5dd4228adea594c8ee74ab71f9e63",
    "src/addons/DBTech/Credits/Entity/TransferLog.php": "5719c914c3adbd1f8ab35321be2e7b8010693846bf761d1306b04b8b3cd2d204",
    "src/addons/DBTech/Credits/EventTrigger/AbstractHandler.php": "b590848a2e3a69ace649e568803864a1de7431346687df5b8a2b16e65d8826cb",
    "src/addons/DBTech/Credits/EventTrigger/Adjust.php": "d37b4d25e7ac2c4ee75677be9443e42ab70953e6becf17e8ddff5553b0d944dd",
    "src/addons/DBTech/Credits/EventTrigger/Avatar.php": "4ad673e1f216ea9e2ffac87366d617de0fd515ae9358b45c881683bbd6f93361",
    "src/addons/DBTech/Credits/EventTrigger/Birthday.php": "e87553cc7dd9b44e438ee9f3f7078fac409ffc44ec8075f9d651b0ddf9ebc5b1",
    "src/addons/DBTech/Credits/EventTrigger/Content.php": "2079e0a3c2ecf0aef1a89317311235d91ba12e189c110503a78466331be7814d",
    "src/addons/DBTech/Credits/EventTrigger/Daily.php": "036df0ebcd8dc81d53c0a7ee989d0df41833ea3934977a7de53b46a5c07a9053",
    "src/addons/DBTech/Credits/EventTrigger/Donate.php": "87db4d4e48b666714f291bb9e6869a384276e25234c42c616abbed659a8d4557",
    "src/addons/DBTech/Credits/EventTrigger/Download.php": "60c676b4c0567f6bda02960e33f6a10817c8ef8b7859aed1f4826f5c9eb71c21",
    "src/addons/DBTech/Credits/EventTrigger/Downloaded.php": "b180d093d054c30425d2cd9b7fa3b01eab6fb6343e53f3dc6120127e2a5177a9",
    "src/addons/DBTech/Credits/EventTrigger/Follow.php": "62710479abec46d95f5463b4de8a77a19fbbc5126397be528295f14bf0a2526c",
    "src/addons/DBTech/Credits/EventTrigger/Followed.php": "0e1c5d02026bed91842db9d82374d131ecbb0ab89d0782e2967168274f687145",
    "src/addons/DBTech/Credits/EventTrigger/Interest.php": "8a00ebd069d35406efbcd0fa7f3603403a0932ece08ddb5d71968bb469bb22c6",
    "src/addons/DBTech/Credits/EventTrigger/Like.php": "82a1495c54b7b9c80252737ee7a8ec9647ac940e419cec3a5cdf0f9b9048d1d2",
    "src/addons/DBTech/Credits/EventTrigger/Liked.php": "0089517f93e21d50965a47d12e161f5a139c6c207c4c643eccbbed256d40d7c7",
    "src/addons/DBTech/Credits/EventTrigger/Message.php": "c8c645e85a7b1527449bd17e697350301d9b3f1cc2dbc4a3bcd2949e6d7c982f",
    "src/addons/DBTech/Credits/EventTrigger/Paycheck.php": "249bf2e731d184b2f1513ba4d26fd249f56439c7a822dd684c2bd28e718ebde2",
    "src/addons/DBTech/Credits/EventTrigger/Payment.php": "ca3437ba6c234372877d6adf3ce6664dd2803585e8b4a74f30c433513f8feb60",
    "src/addons/DBTech/Credits/EventTrigger/Poll.php": "1b74cf498d197acdc6d3f30e88535ebed2af5855b34138ba6e749af57cbbd189",
    "src/addons/DBTech/Credits/EventTrigger/Post.php": "5b60c1da52815b4a90e4238bd27c2fda9b1bd8729063fc4f2223e351405d7ac8",
    "src/addons/DBTech/Credits/EventTrigger/Profile.php": "fd703eabde98b479ca0d4ded5d939ab03c6404f58adeeb0cecec355b861747ec",
    "src/addons/DBTech/Credits/EventTrigger/Punish.php": "0d7f7f520edb3117f483823aec14f0917acbffa715b935634ab13d7305f2c274",
    "src/addons/DBTech/Credits/EventTrigger/Purchase.php": "5ad8f977140969033c63a6b06dbeb376522a84d3fac324407979474948a8fe52",
    "src/addons/DBTech/Credits/EventTrigger/React.php": "0d7615d27874995286a1fb2fe8682c87c883793dddcdfea452cdaff04d65c35e",
    "src/addons/DBTech/Credits/EventTrigger/Reacted.php": "5d295af1a425a1869d713d85f0804679d0a622fb85627868d7c800c703d5a473",
    "src/addons/DBTech/Credits/EventTrigger/Read.php": "099776e87b4f798e7bd04cb6c94331110d3fa305ce8ce59857a9efa494c5abf5",
    "src/addons/DBTech/Credits/EventTrigger/Redeem.php": "d3444597047925c7ffdc7949151849e7812acfd2bbc02057729eef95d1e7d9ba",
    "src/addons/DBTech/Credits/EventTrigger/Registration.php": "7050bf594c0f61dbe4a13818d602721e184c580959812270c08e470cf999ce26",
    "src/addons/DBTech/Credits/EventTrigger/Reply.php": "7be50bd248d7ee75ddea659c5b41459400903963421bcc574cb528aeace7f3d6",
    "src/addons/DBTech/Credits/EventTrigger/Report.php": "1002dd76030d44305b42d1cac98ba154748378e228f45df5d2b352f3b994537c",
    "src/addons/DBTech/Credits/EventTrigger/Reported.php": "dbd1b6a086708dd44488fba353f0ca538b0fac14e8c8d977ef86126a78fb4ed3",
    "src/addons/DBTech/Credits/EventTrigger/Revival.php": "3a8b095165b788a91d43cf78d3e42355706f287b2733273e8394278dd8a48711",
    "src/addons/DBTech/Credits/EventTrigger/Sticky.php": "8c2820ae5fc16954346695428bdbffb2dd9a5e6ecc246c0b33943a3fc23a2677",
    "src/addons/DBTech/Credits/EventTrigger/Tag.php": "619af5dbde68d8725c92308d22736f679e4bb9e705fd39270824a35b6f2ac93f",
    "src/addons/DBTech/Credits/EventTrigger/Taxation.php": "d2dfe19ec3aaaa9652b6b06e140bb7c11ee83d861e877676c1f88563b4be740f",
    "src/addons/DBTech/Credits/EventTrigger/Thread.php": "4296bf3c4f8bc316a690c68709adebf9f2b4c0178e4a2eac20c95a58d0afa6ae",
    "src/addons/DBTech/Credits/EventTrigger/Transfer.php": "a8d29e288f50fa04a9fddb661d4827913a3763db2bb095b069e9bdcefa6f05e8",
    "src/addons/DBTech/Credits/EventTrigger/Trophy.php": "305942055264cf0c228e52de0a3033bc92c35135f3453315bd864572fbecc396",
    "src/addons/DBTech/Credits/EventTrigger/Upload.php": "a2f3d352c52ea3b6afe1c29401ce12ed35e094eeb96f7b6f88011530eb8aa7be",
    "src/addons/DBTech/Credits/EventTrigger/View.php": "32bf514cd1230d48e4be31ace021127c984ff141e36da3c67873235f0f5cc3f7",
    "src/addons/DBTech/Credits/EventTrigger/Visit.php": "dd3f63198a2cd866a764d7f2bfa2e43397b81518ecb1f3704b38ce7170e8f89a",
    "src/addons/DBTech/Credits/EventTrigger/Visitor.php": "18899e0f5ae6f5c01f044b7fcd0d9de6878d784fa4280a85d4b248e69330f155",
    "src/addons/DBTech/Credits/EventTrigger/Vote.php": "2db763e82cedc7fb537c03140781de3a1e08f353bd4bfe93c6301a1aee918dbd",
    "src/addons/DBTech/Credits/EventTrigger/Wall.php": "73ff3715c211115573150948ebd602f822e33cb19c6ac61888ca20642d162d0b",
    "src/addons/DBTech/Credits/EventTrigger/Warning.php": "9c43a40e81f5db07d479bcbee15b154a41a35c2bf043ddba628d31b96c2c8faa",
    "src/addons/DBTech/Credits/EventTrigger/XFMG/Comment.php": "dce720734d2eb53e51acd8eb4066d44500598ad6296434d25bf986b1d07df90a",
    "src/addons/DBTech/Credits/EventTrigger/XFMG/Commented.php": "9f03fadb8047b9a5bbdd3641163660a9f27d08725d40dce962aa50cf898bc7f7",
    "src/addons/DBTech/Credits/EventTrigger/XFMG/Download.php": "2c884d42a75a64ddd42ab5d3819233eab65e82fdd8c977733226bf4de85a44f4",
    "src/addons/DBTech/Credits/EventTrigger/XFMG/Downloaded.php": "e52b54afdb8c86b25fa11b06198166539e5f4af99fe62e4f8392e99661268e54",
    "src/addons/DBTech/Credits/EventTrigger/XFMG/Rate.php": "ecc3dbf71467883684efc5eefc91742a6f50350addfb5b1e024373a7c0ff30ea",
    "src/addons/DBTech/Credits/EventTrigger/XFMG/Rated.php": "70e8c043db5aaef82941deec288ecba3aab13200a544d672817558114c909e24",
    "src/addons/DBTech/Credits/EventTrigger/XFMG/Upload.php": "84738acbc96fe2f3bbacd647a50532e74751dd68597fb905ffa236caf027b4b3",
    "src/addons/DBTech/Credits/EventTrigger/XFRM/Download.php": "7a7ed6985ddd76738edbe169556b95ba00f64d4e58bf700fc8e45300ee90ac6d",
    "src/addons/DBTech/Credits/EventTrigger/XFRM/Downloaded.php": "89b09560a90b36250fed6eddbb61e8c0d0af4bdb40786195c41d717924cbcdef",
    "src/addons/DBTech/Credits/EventTrigger/XFRM/Rate.php": "682ae80992170fa3d889fd9eb3e964a42a736cd3134c95060615d0d375aaee3d",
    "src/addons/DBTech/Credits/EventTrigger/XFRM/Rated.php": "86e84357f222a7640dd39aae3022e99f2e08dc951608eb2116b53ba61553995c",
    "src/addons/DBTech/Credits/EventTrigger/XFRM/Update.php": "6d461155aed9a8b5c14f940453b0f3b75dcec36638a56b4164da804a6d445f93",
    "src/addons/DBTech/Credits/EventTrigger/XFRM/Upload.php": "1e7a886d44f3e17c56a0009435f55d2f7e82054291f147e6a459f0142b572836",
    "src/addons/DBTech/Credits/Exception/SkipEventException.php": "db34252085b329cbf240e7c70dc9c77f9a6404b6562d458b11620648bc541b5a",
    "src/addons/DBTech/Credits/Exception/StopEventTriggerException.php": "e21b614aa8990fda450c0b516077eb9e09a4c38aaa3ce1e7566ca7b74d56dace",
    "src/addons/DBTech/Credits/Finder/Currency.php": "2064d6470b3416b817a7d07a53ede85bbfcdbf0a96d242923109a103c9de6b16",
    "src/addons/DBTech/Credits/Finder/Event.php": "928365a438a22ae0963e4ce8b88741daa32fd24d5d4c548c3f1d182e522df3cb",
    "src/addons/DBTech/Credits/Finder/Transaction.php": "0ff6ba8e1df2d33912112dcbdd51adaefb94e9b12faf4f5cc04fa3a0ce38fdb8",
    "src/addons/DBTech/Credits/icon.png": "d81f3488fef2d95337832ab21092a1fb8cccdb448b291255cee5348ef4e8d6db",
    "src/addons/DBTech/Credits/install-upgrade.json": "674f627e86344b6fe0ce0cafa4dd0fe42e6d091a70bc5dbc4baf3bf7633dfe09",
    "src/addons/DBTech/Credits/Install/InstallDataTrait.php": "64ee4cb8ede8a232c4a59d833ff830281219bca0b7db8de5032c8d63767a453e",
    "src/addons/DBTech/Credits/Install/InstallerTrait.php": "df279e95c4ffb0b59e787bd93e12ff52f1d97a3812af109999109aacc1319b28",
    "src/addons/DBTech/Credits/Install/UninstallDataTrait.php": "a1884021aeb5734fe613e55bc0f48f8eacbccaaacf481c3cdef5b1b094999038",
    "src/addons/DBTech/Credits/Install/Upgrade905009970Trait.php": "6882404754e9901c3b18b6339653ebe5abb6d59d52f261194d3942c1a688fbea",
    "src/addons/DBTech/Credits/Install/Upgrade905019970Trait.php": "0a14f6d8ba0f7c2cf6d15ac32bf4d7c314327c3b40f192529027e6cba10044c3",
    "src/addons/DBTech/Credits/Install/Upgrade905039970Trait.php": "e6e991d9f9cdf7cb26f3ecf529e993e36d73a22373626e775199e98efd6601ad",
    "src/addons/DBTech/Credits/Install/Upgrade905059970Trait.php": "19598f248186327bd6e99ff18ac94aa2fee100750c37e103664483bb136964a9",
    "src/addons/DBTech/Credits/Install/Upgrade905069970Trait.php": "786c414d31634a20726c6278dafe2a6a9bbae388c7d8bf379e5f6e404ffc93a3",
    "src/addons/DBTech/Credits/Install/Upgrade905089970Trait.php": "a30bd81a52ae16ada149677ffd37f780f9a816739a32bc699f8f419cadca4b64",
    "src/addons/DBTech/Credits/Install/UpgradeDataTrait.php": "3139caace609f34b7c9aac446999eca4edbdfbc6c573adb34a1b0b9cb3eb82bf",
    "src/addons/DBTech/Credits/Install/UpgradeLegacyTrait.php": "4e1e70221d8317498158e1e7971b20b7437fd74d79d8fc8f514c404148109716",
    "src/addons/DBTech/Credits/Job/BalanceRebuild.php": "27fc14c0242af5d5f1487309f4ecfe623935512822bc84deb727a6c6a1cba838",
    "src/addons/DBTech/Credits/Job/CurrencyDeleteCleanUp.php": "eb7cc08e6e961efd181392c9a2a342062dbe6a8824d7e36fb436dade0d8d32da",
    "src/addons/DBTech/Credits/Job/DailyCredits.php": "c5f0309235c9d5c186c08ca05d82b696d8cf560a291d9e4cf1048e9031cbe664",
    "src/addons/DBTech/Credits/Job/EventDeleteCleanUp.php": "4da7db7926df175c4981bc97a1704137b18be3e65ec3d1290281fe89f0829117",
    "src/addons/DBTech/Credits/Job/TransactionRebuild.php": "7a19687d1029fd8b4ba437cdf131a74fa54ec8493cfedb1e729de79084df5db1",
    "src/addons/DBTech/Credits/Listener.php": "511806f2ad99ec5d68521fb12bc5a0f50977995f10a951ddb2d827189a8a22fa",
    "src/addons/DBTech/Credits/Option/Currency.php": "41f5571eb1bb5be0e936b5b0eda78eef5a17113e649aee11f5e8c471197d09c2",
    "src/addons/DBTech/Credits/Payment/Credits.php": "c12e486fd1b7127c97c136e73dec2d4dbe7ea20e7257ade9c08ebcd8e563a4f6",
    "src/addons/DBTech/Credits/Pub/Controller/Charge.php": "e563c2749c780adb930757b8b2b8fe87d9f210abd7b09c68b43b98d63d08b118",
    "src/addons/DBTech/Credits/Pub/Controller/Currency.php": "8f19410f59c32fbaeae8ca0c28f77246c1e9c79930f3f35572d5eafe0bbdae06",
    "src/addons/DBTech/Credits/Pub/Controller/Index.php": "48abc07aa54e4f2b8c06afb6beb69e40040e5171dbeb70200610b8ffb7092c91",
    "src/addons/DBTech/Credits/Purchasable/Currency.php": "04fd149e89a6634aed58fa6c12917ad3036908fd37c3823c38bd88bdc9de6cdc",
    "src/addons/DBTech/Credits/README.md": "70c4640f87bcdcdc468d904953b426ff1d0962ab7ea464ce126ed93bc576750b",
    "src/addons/DBTech/Credits/Repository/Currency.php": "60540884de6e4d10a885c876eaad2054979aa35916f2e1ddecff2456fcf0a6b2",
    "src/addons/DBTech/Credits/Repository/EventTrigger.php": "d56f7a9458eea7098bc647ae14c2a4f0ff63a3afdbf58f8ab2ca01bcd1e65162",
    "src/addons/DBTech/Credits/Repository/Transaction.php": "399c9ba3ab92b39533a99ada2fb949b31b69e1afaf4b72dca4d720fef1c39ed7",
    "src/addons/DBTech/Credits/Searcher/TransactionLog.php": "31b28044bf93cd153d748043b3824689d9b631c7c78546b0ad61acbb19c3b7a1",
    "src/addons/DBTech/Credits/Service/Currency/DeleteCleanUp.php": "6cd64811c3c2bb952a726b7a75f767027ddd3733d073786ceaf36fc84a135c22",
    "src/addons/DBTech/Credits/Service/Event/DeleteCleanUp.php": "5c0ffe223eec5d10dfcc65f3e2ee1f0192f5ed341db6c40cefd4ce6e955992ab",
    "src/addons/DBTech/Credits/Service/Transaction/Approve.php": "f5ec38b974543b588fd43187d0a6d6521cda8bf78ecb8a84da82025e5ff0ab90",
    "src/addons/DBTech/Credits/Setup.php": "0ebc816de9e0cf444f850bfda52ec08487b51c1eb2c059cf5be9aaa84d088ffb",
    "src/addons/DBTech/Credits/Template/Callback/Copyright.php": "d0842fe9deb2ef141d99a000a380ea06e62e09e4072246c6f66ceb834a7f6f8e",
    "src/addons/DBTech/Credits/Widget/Richest.php": "ba650539af4660ab0a9fb3694bf8166f2f514877be13e4343089293a0d60fc0d",
    "src/addons/DBTech/Credits/Widget/Wallet.php": "567a9dcf575d3b5ea62209a37497945e06fe579edf8784714b825f218e0cfbb9",
    "src/addons/DBTech/Credits/XF/Admin/Controller/User.php": "4ce54fd32927c10efd6e24d6bea11b7e6be318475ea0a372db41169042e16d32",
    "src/addons/DBTech/Credits/XF/Attachment/Post.php": "0aa81e51c8e395705cceb48f9a1c5d15498ca059bf3e286da9e5de4b8cd2bdd0",
    "src/addons/DBTech/Credits/XF/BbCode/Renderer/ApiHtml.php": "8eb08ef13a8a601bed47b94448d90f186d05e5fbedf74ce66722af8bf3a46343",
    "src/addons/DBTech/Credits/XF/BbCode/Renderer/EmailHtml.php": "5edb08af48cdcbe47c159e019d900b7f02d5cc3cd7863027b4cada0e40f5a8e0",
    "src/addons/DBTech/Credits/XF/Entity/ConversationMessage.php": "005854877e8d16670ce901274fb916ac3a6cd29363f31e2bcaf681db14d090db",
    "src/addons/DBTech/Credits/XF/Entity/LikedContent.php": "d110c57f1c588fef0ad7a77e8d2b4b6ba02e195f8bb30a60e9dd48c8982f6e70",
    "src/addons/DBTech/Credits/XF/Entity/Poll.php": "4650918b09cb75fe0334f4a5eecfa6b932e1dbded52a68e5a77d0a48037f2198",
    "src/addons/DBTech/Credits/XF/Entity/Post.php": "88480c86a87dcdf96877235be7214ec691ba2527e9ea573127b5f59a3b02a6e5",
    "src/addons/DBTech/Credits/XF/Entity/ProfilePost.php": "ac84928594c9c0f3c91cc7bb4b91c7d9d43d47794dfb0e8a212ad8484bb6a92b",
    "src/addons/DBTech/Credits/XF/Entity/ReactionContent.php": "8b14159b35561160cdc55271ab7a5e7c5fbdae8224fcdd4e9398895de9b31039",
    "src/addons/DBTech/Credits/XF/Entity/ReportComment.php": "d32bbe5e9031a8dbeb39396b92e8270aec23f9c4e5e4ba925fa50d563e4349ad",
    "src/addons/DBTech/Credits/XF/Entity/TagContent.php": "8c66c934dc7f7cd480366b6688a9a77d27400a30c7689c688bcf0eabdd8e6d70",
    "src/addons/DBTech/Credits/XF/Entity/Thread.php": "12d8750805457686d804def4503a32a29b979143808b761d77964d16b871d678",
    "src/addons/DBTech/Credits/XF/Entity/User.php": "977e45a939a06bd0ada9a4f34d579cb9b17d5368f21e4a525b4ef82c42b68e97",
    "src/addons/DBTech/Credits/XF/Entity/UserFollow.php": "89cda9b7dabb61ba7e0471809c51fc0346de2e8f950c887afddde82a1b598821",
    "src/addons/DBTech/Credits/XF/Entity/Warning.php": "e09a062d9af3564b108c74f7b4470403525f35ba5378b8e0aa71eae657206388",
    "src/addons/DBTech/Credits/XF/Pub/Controller/Member.php": "78c68d26ea232b38920f60ee4e33309073a12d8a2afbfe37a0489d43e75db86e",
    "src/addons/DBTech/Credits/XF/Repository/Attachment.php": "6eb319883ca75051d1612918c4e5a723be211fc6352907d2a965dade437f1caa",
    "src/addons/DBTech/Credits/XF/Repository/Poll.php": "49c1478e63a5b650b6197cf6922d85b9223ed9d559a5c3efadca2c7d3c734e7c",
    "src/addons/DBTech/Credits/XF/Repository/Tag.php": "48cccac823e50e904f325de2e0ee00d119bee59caab48a2d5758000e184eb4fd",
    "src/addons/DBTech/Credits/XF/Repository/Thread.php": "b0990b11850b72d041e09e9de527f6a1b9050d17567d8139643c73bfdd2168a0",
    "src/addons/DBTech/Credits/XF/Repository/Trophy.php": "09186ed3bdca4db7eda58d1a329d9ba5c157e73294aadb7c1a9014cc5933942f",
    "src/addons/DBTech/Credits/XF/Service/Post/Editor.php": "687b37818320e1a97093746c0115bde604e981da69735ffdb86937a06b4c8bb9",
    "src/addons/DBTech/Credits/XF/Service/Post/Preparer.php": "320f863bd8f761fc45eef01ff38be12baaa363337eff86aec53fbadb03470072",
    "src/addons/DBTech/Credits/XF/Service/Report/Creator.php": "feea94c0247ba15b06ecdc33ca3ea9fa67258e28b3621e78c2fab2a788885078",
    "src/addons/DBTech/Credits/XF/Service/Thread/Creator.php": "bb8a85829f6a0fe0f45640a3651a763e67e22cf928c2e15da43ece4a86939dd2",
    "src/addons/DBTech/Credits/XF/Service/Thread/Replier.php": "db32682f7dee36381bd49cb3023b58276fb29f7d49e7f68e33274d8f19e222c2",
    "src/addons/DBTech/Credits/XF/Service/User/Merge.php": "1b73acb8f4f7f73a0a0f2d2015874c2f3ca23c21aa7e77ed8c94455c65aef7ee",
    "src/addons/DBTech/Credits/XF/Service/User/RegistrationComplete.php": "3355bb0abb9b41744c2b0a75c085ea7359f20876fd9f8c88cf273ea6e7cddddb",
    "src/addons/DBTech/Credits/XF/Str/Formatter.php": "f1fdc0f48c2dc2d83fc250755ce3b47cd7335f7da5000d84b8a3db84eed93d75",
    "src/addons/DBTech/Credits/XFMG/Entity/Comment.php": "3d6ba2a83aacc38dfe1767e748d079721c16f6206c2e0b533f282f6c9300ffd1",
    "src/addons/DBTech/Credits/XFMG/Entity/MediaItem.php": "0fbcc21787370b4b63e11456adee3a20a4d41cae38885a1312309d2b8150521b",
    "src/addons/DBTech/Credits/XFMG/Entity/Rating.php": "bcbf7b00876580cdcc56ce18f91d2393502154eeabc121dbaadf03f4bdf429e6",
    "src/addons/DBTech/Credits/XFMG/Service/Comment/Creator.php": "a1ff9fbbad5651c5e064d16c59c9577ddf75fa740f4134955af1915e671eaf38",
    "src/addons/DBTech/Credits/XFMG/Service/Media/Creator.php": "9842d18142536af5a321787163d950786e02aadb114981d68a5626047a00ced8",
    "src/addons/DBTech/Credits/XFRM/Entity/ResourceItem.php": "254b3bedd1f7c85b26824d5c0198557a7658f90526ef1595951bd29107fa5a61",
    "src/addons/DBTech/Credits/XFRM/Entity/ResourceRating.php": "412566f6f6aa3822ddda11a5cdb2d48997eba82144c0d5e1ba7b2b9b4643283e",
    "src/addons/DBTech/Credits/XFRM/Entity/ResourceUpdate.php": "c2b034aca306041ee323a5df195534097e7504b86c04534fd3995ab6f1c51268",
    "src/addons/DBTech/Credits/XFRM/Repository/ResourceVersion.php": "341ba194ee5f0abe747fccb29025ed88ac6305cebb47673b8da8bcede78734ef",
    "src/addons/DBTech/Credits/_data/activity_summary_definitions.xml": "99d8c2563a31320d66f958fc8bda78613545f5f7959bb3cf5318805e3a3c39d2",
    "src/addons/DBTech/Credits/_data/admin_navigation.xml": "afae9d8855a6b7b1890fc052d84290373987dab6a8df39113141c04b18e759fa",
    "src/addons/DBTech/Credits/_data/admin_permission.xml": "f6e9dadfe2980d49e5415365769cf2821226bfde785a476f801b86e0c8b62d3c",
    "src/addons/DBTech/Credits/_data/advertising_positions.xml": "d2f7cbe844bb1df3cf878d22ff6306249245c8ff6b0b87b9b729744bec538261",
    "src/addons/DBTech/Credits/_data/api_scopes.xml": "6793eaf758f140e8137187ba20e65f4faccf53410433ae3ad7a8b3b38cb6b3b7",
    "src/addons/DBTech/Credits/_data/bb_codes.xml": "d29870ec92d50d5e8d83927ec96bdd669147d42bcc3dae78fcb62b1ff12e6ac0",
    "src/addons/DBTech/Credits/_data/bb_code_media_sites.xml": "29762987990187b33e43cfb68c08dc917b2d3f0176613d78f8e6c453f82da3f3",
    "src/addons/DBTech/Credits/_data/class_extensions.xml": "76324ae1043b9f7559d956a0d2bf5679cde7235925aff5f30c8510edbca3fdb1",
    "src/addons/DBTech/Credits/_data/code_events.xml": "5f7ec74c6c77c7c0a381d16a9aafeb85707dce14dfa3ecf808deff90201e1d88",
    "src/addons/DBTech/Credits/_data/code_event_listeners.xml": "05d8aff574205153a2b8581f021b063d80f08ba144a5e4181c1224059d5eac62",
    "src/addons/DBTech/Credits/_data/content_type_fields.xml": "0ea0a83d32c2833aa3ffdbc04aa56e89db5daac290ff606cbb376497e61e5d16",
    "src/addons/DBTech/Credits/_data/cron.xml": "14b7d03abe5881132453d1aa0f732fe0c399f7bb49f8f24736da2cb190f7a247",
    "src/addons/DBTech/Credits/_data/help_pages.xml": "a8a0c0b06cdc550438bc8a8d385af3e1e5ab3459877dfb934c1c31be59c89163",
    "src/addons/DBTech/Credits/_data/member_stats.xml": "89fb2b93ff1eca7a1f6f752248edf6090dfd24037db1446fd18ff7143f08124d",
    "src/addons/DBTech/Credits/_data/navigation.xml": "f81e2121cf901860228a76584204ee0b0787239c15bfa522121d5ce2d8bc503c",
    "src/addons/DBTech/Credits/_data/options.xml": "63de35af82bbcf0b59ba986bbbd6db3e1397ac8bc61b53a03691f96e9f6646d7",
    "src/addons/DBTech/Credits/_data/option_groups.xml": "51f7fe049b7bb1e4baacc68e5cd5f6db6559ac054890c286c76d65fce3c49d7c",
    "src/addons/DBTech/Credits/_data/permissions.xml": "5ddc13665bfd1d8f2f5e86fa233e8ded665e0c026a1baefb2d288416a39e8829",
    "src/addons/DBTech/Credits/_data/permission_interface_groups.xml": "24a86508234f20db9e4a02e29cde61b3a20bc990d59aa1efebc0c44aa8d5feff",
    "src/addons/DBTech/Credits/_data/phrases.xml": "a80595a0fc826b118d5a61545df2dda4563fa28e74a6cf08846155d1ca0b4630",
    "src/addons/DBTech/Credits/_data/routes.xml": "54756c5b49e8ce178c3833384b7d08f531bdd3988ec3655599b80a135228fb34",
    "src/addons/DBTech/Credits/_data/style_properties.xml": "8b8690a8512f01f219dd2da76e3d0c5f62afc1f317b87794a7331c859c36a7a8",
    "src/addons/DBTech/Credits/_data/style_property_groups.xml": "68e1879cb3846c42d978487aa8d5145ff3335fc39e58016878824d5cf3fd684c",
    "src/addons/DBTech/Credits/_data/templates.xml": "9e75d1d98c7b1037e9c48be4b17f8a743b96244777a1ad5d409e279dee8f901b",
    "src/addons/DBTech/Credits/_data/template_modifications.xml": "8369c0ff92cbd53491e034c35a6f028f3f9fad748e6486c8bb28156b5d3b953c",
    "src/addons/DBTech/Credits/_data/widget_definitions.xml": "b32fcea2742ef8010c5297bb321deaeb3a0455dbaa8d5051256287054f9147a0",
    "src/addons/DBTech/Credits/_data/widget_positions.xml": "d1f325ecace70a0afd04cf9e2bfe0a608af3e5f84699a9936f4cf9ff11761908"
}