{
    "src/addons/FS/GuestReceiveEmail/addon.json": "8bdf1b05503bd59373a154e69c83d53bae24a7646227bdafdef6a5af84dc3814",
    "src/addons/FS/GuestReceiveEmail/Entity/GuestEmail.php": "056efa5b142c28b320884853d56446af1d9fc5e026dafe3ad17434d58dc6e888",
    "src/addons/FS/GuestReceiveEmail/Install/Data/MySql.php": "8e3e052e8fafc7a30ee9273391c5b23e022b1ccd09fa08f34694bc7df7a0b31e",
    "src/addons/FS/GuestReceiveEmail/Job/guestSendEmail.php": "05695a8749d89135f61d1747f7ad2b488dbc874ab8e4d18f01df74abe361f770",
    "src/addons/FS/GuestReceiveEmail/Setup.php": "eb71789a44c475c77634900b2b8b3c6a359d5a7fca9f5844c66df4547ff58d31",
    "src/addons/FS/GuestReceiveEmail/XF/Entity/Thread.php": "39ce07fd457fd35f0d9e8a6ddc182240b13ab02547bf6ff3fed8387c5444f9d9",
    "src/addons/FS/GuestReceiveEmail/XF/Pub/Controller/Thread.php": "7fe4f21eaa55039bf7af77a90d1b013e3bf20448aea05dd00b18b0a66940b107",
    "src/addons/FS/GuestReceiveEmail/_data/activity_summary_definitions.xml": "99d8c2563a31320d66f958fc8bda78613545f5f7959bb3cf5318805e3a3c39d2",
    "src/addons/FS/GuestReceiveEmail/_data/admin_navigation.xml": "064ec797484ac00d5ee37367b50b06846d11f480d00550997712707f8fdac8c0",
    "src/addons/FS/GuestReceiveEmail/_data/admin_permission.xml": "ec6fb97cebf0bceb24f1ed1d5778c1db54eeb7535fbb3e31d824840e7aa9ff87",
    "src/addons/FS/GuestReceiveEmail/_data/advertising_positions.xml": "d2f7cbe844bb1df3cf878d22ff6306249245c8ff6b0b87b9b729744bec538261",
    "src/addons/FS/GuestReceiveEmail/_data/api_scopes.xml": "6793eaf758f140e8137187ba20e65f4faccf53410433ae3ad7a8b3b38cb6b3b7",
    "src/addons/FS/GuestReceiveEmail/_data/bb_codes.xml": "faa4ddd5f4a365e5ac39aebdcbe2d25aedf74e7eb9ea4a812766e2fd5e13bdb1",
    "src/addons/FS/GuestReceiveEmail/_data/bb_code_media_sites.xml": "29762987990187b33e43cfb68c08dc917b2d3f0176613d78f8e6c453f82da3f3",
    "src/addons/FS/GuestReceiveEmail/_data/class_extensions.xml": "c42919201db93442648da1524691b7a4e96135b5cd3aa8b723088951d97959a6",
    "src/addons/FS/GuestReceiveEmail/_data/code_events.xml": "8370dec3df47f91df4cf79da253446ad11b29f4ea568fe76c774e97a0379f0eb",
    "src/addons/FS/GuestReceiveEmail/_data/code_event_listeners.xml": "d6b5072f4909dee7a20ee9e44b163f95c8aa52e6ac7f573e292000cd9238c331",
    "src/addons/FS/GuestReceiveEmail/_data/content_type_fields.xml": "c7ad5472b28f465b7ac7617627707eba1b7a39d28089460d52e1ed292fc0b06a",
    "src/addons/FS/GuestReceiveEmail/_data/cron.xml": "323c4284742ef24329cd6db6f288eb9736d2353f36852e1db12591e1583aea26",
    "src/addons/FS/GuestReceiveEmail/_data/help_pages.xml": "a8a0c0b06cdc550438bc8a8d385af3e1e5ab3459877dfb934c1c31be59c89163",
    "src/addons/FS/GuestReceiveEmail/_data/member_stats.xml": "89fb2b93ff1eca7a1f6f752248edf6090dfd24037db1446fd18ff7143f08124d",
    "src/addons/FS/GuestReceiveEmail/_data/navigation.xml": "f75e1c03a45a360bbdfcd0567121665082315068475d5b0feb8b1acbb1688651",
    "src/addons/FS/GuestReceiveEmail/_data/options.xml": "1cea29aa5671733d85c8fc6f7c66128eacbca5643cbb38585eb82002879b51a4",
    "src/addons/FS/GuestReceiveEmail/_data/option_groups.xml": "154d7a89664b243d0bd8227c22e241f934bf7e196c83230ee23d3c0c4fba1333",
    "src/addons/FS/GuestReceiveEmail/_data/permissions.xml": "7e4fc7d5826733d15ea2d8936b9bdd41afcaad810eb38e50da3c8d8eafda1550",
    "src/addons/FS/GuestReceiveEmail/_data/permission_interface_groups.xml": "3177224e96458b829aa7fb24866dda9e0455a4922aee3d669b53f59a1ffdf5d1",
    "src/addons/FS/GuestReceiveEmail/_data/phrases.xml": "0a355cc6678419395d5a38a2f90c791849da33a2dcb94caf91c9edf3aa9f34d6",
    "src/addons/FS/GuestReceiveEmail/_data/routes.xml": "550fa64f9feedf137dd877b38c2684f94474619d2d83890dbb717a91b50da8f5",
    "src/addons/FS/GuestReceiveEmail/_data/style_properties.xml": "8b8690a8512f01f219dd2da76e3d0c5f62afc1f317b87794a7331c859c36a7a8",
    "src/addons/FS/GuestReceiveEmail/_data/style_property_groups.xml": "68e1879cb3846c42d978487aa8d5145ff3335fc39e58016878824d5cf3fd684c",
    "src/addons/FS/GuestReceiveEmail/_data/templates.xml": "b9128a6c86b1f0d11b80cedbace8a31bbc57831da942a82be544c359fe2f6660",
    "src/addons/FS/GuestReceiveEmail/_data/template_modifications.xml": "3f934f069b08d5c4d83f28c56645f26de24ad8db32bb7aea3b641413d577f3c9",
    "src/addons/FS/GuestReceiveEmail/_data/widget_definitions.xml": "37e46965256430f24004c2e7f08ba08f9b0d1cbcc4d70e84b3f4e3ffb713e64b",
    "src/addons/FS/GuestReceiveEmail/_data/widget_positions.xml": "a29cee66134f6bc5d75ed9df1eef21096c24401915c5b5c774389c3d7bb2d5b3"
}