{
    "js/FS/AvatarGallery/gallery_avatar.js": "faa11e49c8fe9706601f46f117955d138a1e6c2c4fc2f7508fdc160c5823c7fc",
    "js/FS/AvatarGallery/gallery_avatar.min.js": "d9520b0402f9955380ee65d32a170dc60d8b353e7510329750eb8cceaa843597",
    "js/FS/AvatarGallery/random_avatar.js": "671675684a4954abf7d208c1262fa3f3ce2a06c31c595069f4ca0bb1ff8fb73e",
    "src/addons/FS/AvatarGallery/addon.json": "5a97f99a9841fbb74ecd803af77778d493bd982355a2a2d436cb168fd533fbf5",
    "src/addons/FS/AvatarGallery/Admin/Controller/AvatarGallery.php": "e3f1806b57ee14e72073b6615470275315b14e3c080f4b6fa043e0b329464ccf",
    "src/addons/FS/AvatarGallery/Cron/DailyLimit.php": "2bc662f1719565a3cd61b66e374a696e1fd1becfeee8cb161dedc98b4f4f5cb9",
    "src/addons/FS/AvatarGallery/Entity/AvatarGallery.php": "4041fc979575265cf8eabcb781dcaca591074d26de7e69be63d6e5ca785b43a3",
    "src/addons/FS/AvatarGallery/Job/UserAvatar.php": "5f243ce794f7b57c80f878572800c3aa5254c64c6088b8774e3cabd42c0b8ea3",
    "src/addons/FS/AvatarGallery/Service/AvatarGallery.php": "118910dae25697feaed685787cfe68136e8d8cbff613b03acf61133e12911066",
    "src/addons/FS/AvatarGallery/Service/Upload.php": "f717c276c17b455660c40b9c74e8a1e3b6d80ac9bc6976b5a1c6f8a4eb10abe6",
    "src/addons/FS/AvatarGallery/Setup.php": "f5c0cb5da82fdfb2d01d3383a283bd4f5e2bcf502e76d124a98386224780834d",
    "src/addons/FS/AvatarGallery/XF/Entity/User.php": "47efedac9b6de04f6711d6388467da3a17f6598fc6a763391ce82c88009136ac",
    "src/addons/FS/AvatarGallery/XF/Pub/Controller/Account.php": "7ccbf7501fb9782a1014b43391ffaf43119f988212ce72c848b3627d7b2e523e",
    "src/addons/FS/AvatarGallery/XF/Pub/Controller/Register.php": "c37e518f093e202dc4349a0a6c96092a2c16396011de2f0e3f71777b3e84260b",
    "src/addons/FS/AvatarGallery/_data/activity_summary_definitions.xml": "99d8c2563a31320d66f958fc8bda78613545f5f7959bb3cf5318805e3a3c39d2",
    "src/addons/FS/AvatarGallery/_data/admin_navigation.xml": "064ec797484ac00d5ee37367b50b06846d11f480d00550997712707f8fdac8c0",
    "src/addons/FS/AvatarGallery/_data/admin_permission.xml": "ec6fb97cebf0bceb24f1ed1d5778c1db54eeb7535fbb3e31d824840e7aa9ff87",
    "src/addons/FS/AvatarGallery/_data/advertising_positions.xml": "d2f7cbe844bb1df3cf878d22ff6306249245c8ff6b0b87b9b729744bec538261",
    "src/addons/FS/AvatarGallery/_data/api_scopes.xml": "6793eaf758f140e8137187ba20e65f4faccf53410433ae3ad7a8b3b38cb6b3b7",
    "src/addons/FS/AvatarGallery/_data/bb_codes.xml": "faa4ddd5f4a365e5ac39aebdcbe2d25aedf74e7eb9ea4a812766e2fd5e13bdb1",
    "src/addons/FS/AvatarGallery/_data/bb_code_media_sites.xml": "29762987990187b33e43cfb68c08dc917b2d3f0176613d78f8e6c453f82da3f3",
    "src/addons/FS/AvatarGallery/_data/class_extensions.xml": "0ba050233eeecbbf006c332ded8737c37c12ab31ffc51bc33d025cc598895762",
    "src/addons/FS/AvatarGallery/_data/code_events.xml": "8370dec3df47f91df4cf79da253446ad11b29f4ea568fe76c774e97a0379f0eb",
    "src/addons/FS/AvatarGallery/_data/code_event_listeners.xml": "d6b5072f4909dee7a20ee9e44b163f95c8aa52e6ac7f573e292000cd9238c331",
    "src/addons/FS/AvatarGallery/_data/content_type_fields.xml": "c7ad5472b28f465b7ac7617627707eba1b7a39d28089460d52e1ed292fc0b06a",
    "src/addons/FS/AvatarGallery/_data/cron.xml": "b0929860bb81487c1275074649495fd56e640add1f47e9dc9ebe8fb4333c56c1",
    "src/addons/FS/AvatarGallery/_data/help_pages.xml": "a8a0c0b06cdc550438bc8a8d385af3e1e5ab3459877dfb934c1c31be59c89163",
    "src/addons/FS/AvatarGallery/_data/member_stats.xml": "89fb2b93ff1eca7a1f6f752248edf6090dfd24037db1446fd18ff7143f08124d",
    "src/addons/FS/AvatarGallery/_data/navigation.xml": "f75e1c03a45a360bbdfcd0567121665082315068475d5b0feb8b1acbb1688651",
    "src/addons/FS/AvatarGallery/_data/options.xml": "7800a62cea3887db3d02250be3503fb7a4abbc4d894ffed0c965d37787743ea1",
    "src/addons/FS/AvatarGallery/_data/option_groups.xml": "a92eb3095f716f4a81c00f501cf52194e34fb37f72136382da4a9bc338c9af42",
    "src/addons/FS/AvatarGallery/_data/permissions.xml": "127ece08f9c2a080d659dc2648b55f64f0e72a3e2166e776d242662c756c6d71",
    "src/addons/FS/AvatarGallery/_data/permission_interface_groups.xml": "5fc78d0009998b9a29380a1425acdcb4068fab3f27fe54d02ec4c188c8b9b384",
    "src/addons/FS/AvatarGallery/_data/phrases.xml": "21e37546b306d8e74d7a4298314b67a4fcff65dbcfa0dc47364a8a5ad4bcfa8e",
    "src/addons/FS/AvatarGallery/_data/routes.xml": "550fa64f9feedf137dd877b38c2684f94474619d2d83890dbb717a91b50da8f5",
    "src/addons/FS/AvatarGallery/_data/style_properties.xml": "8b8690a8512f01f219dd2da76e3d0c5f62afc1f317b87794a7331c859c36a7a8",
    "src/addons/FS/AvatarGallery/_data/style_property_groups.xml": "68e1879cb3846c42d978487aa8d5145ff3335fc39e58016878824d5cf3fd684c",
    "src/addons/FS/AvatarGallery/_data/templates.xml": "5816079a077945e4ce47fbcb89239d4b0721a3c4da3ddc5987e8d3a0a60f9058",
    "src/addons/FS/AvatarGallery/_data/template_modifications.xml": "9b63773108da034328ad614e1827f417daa0a53b01f7ffd9c3f8d5739b9bd0d6",
    "src/addons/FS/AvatarGallery/_data/widget_definitions.xml": "37e46965256430f24004c2e7f08ba08f9b0d1cbcc4d70e84b3f4e3ffb713e64b",
    "src/addons/FS/AvatarGallery/_data/widget_positions.xml": "a29cee66134f6bc5d75ed9df1eef21096c24401915c5b5c774389c3d7bb2d5b3"
}