<?xml version="1.0" encoding="utf-8"?>
<navigation>
  <navigation_entry navigation_id="bh_brand_hub" display_order="700" navigation_type_id="basic" enabled="1"><![CDATA[{"link":"{{ link($xf.options.bh_main_route) }}","display_condition":"","extra_attributes":[]}]]></navigation_entry>
  <navigation_entry navigation_id="bh_quick_ownerPage" parent_navigation_id="bh_brand_hub" display_order="4" navigation_type_id="basic" enabled="1"><![CDATA[{"link":"{{ link('bh-quick-owner-page') }}","display_condition":"","extra_attributes":[]}]]></navigation_entry>
  <navigation_entry navigation_id="bh_quick_review" parent_navigation_id="bh_brand_hub" display_order="3" navigation_type_id="basic" enabled="1"><![CDATA[{"link":"{{ link('bh-quick-review') }}","display_condition":"","extra_attributes":[]}]]></navigation_entry>
  <navigation_entry navigation_id="bh_recent_photos" parent_navigation_id="bh_brand_hub" display_order="2" navigation_type_id="basic" enabled="1"><![CDATA[{"link":"{{ link('bh-recent-photos') }}","display_condition":"$xf.visitor.hasPermission('bh_brand_hub','canViewRecentContent')","extra_attributes":[]}]]></navigation_entry>
  <navigation_entry navigation_id="bh_recent_reviews" parent_navigation_id="bh_brand_hub" display_order="1" navigation_type_id="basic" enabled="1"><![CDATA[{"link":"{{ link('bh-recent-reviews') }}","display_condition":"$xf.visitor.hasPermission('bh_brand_hub','canViewRecentContent')","extra_attributes":[]}]]></navigation_entry>
  <navigation_entry navigation_id="fs_a" parent_navigation_id="fs_questionAnswer_nav" display_order="1" navigation_type_id="basic" enabled="1"><![CDATA[{"link":"","display_condition":"","extra_attributes":[]}]]></navigation_entry>
</navigation>
