<?xml version="1.0" encoding="utf-8"?>
<routes>
  <route route_type="admin" route_prefix="bh-ads" controller="XenBulletins\BrandHub:Ads" context="bh_ads"/>
  <route route_type="admin" route_prefix="bh-rebuild-reviews" controller="XenBulletins\BrandHub:RebuildReviews" context="bh_rebuild_review_stats"/>
  <route route_type="admin" route_prefix="bh_brand" format=":int&lt;brand_id,brand_title&gt;/" controller="XenBulletins\BrandHub:Brand" context="bh_brand"/>
  <route route_type="admin" route_prefix="bh_category" format=":int&lt;category_id,category_title&gt;/" controller="XenBulletins\BrandHub:Category" context="bh_category"/>
  <route route_type="admin" route_prefix="bh_item" format=":int&lt;item_id,item_title&gt;/" controller="XenBulletins\BrandHub:Item" context="bh_item"/>
  <route route_type="admin" route_prefix="item-field" sub_name="fields" format="fields/:str&lt;field_id&gt;/" controller="XenBulletins\BrandHub:ItemField" context="custom_item_fields"/>
  <route route_type="public" route_prefix="bh-brands" format=":int&lt;brand_id,brand_title&gt;" controller="XenBulletins\BrandHub:Brands" context="bh_brand_hub"/>
  <route route_type="public" route_prefix="bh-brands" sub_name="item" format=":int&lt;brand_id,brand_title&gt;/:int&lt;item_id,item_title&gt;" controller="XenBulletins\BrandHub:Brands" context="bh_brand_hub"/>
  <route route_type="public" route_prefix="bh-item" format=":int&lt;item_id,item_title&gt;" controller="XenBulletins\BrandHub:Item" context="bh_brand_hub"/>
  <route route_type="public" route_prefix="bh-item" sub_name="review" format=":+int&lt;item_id,item_title&gt;/review/:+int&lt;item_rating_id&gt;/" controller="XenBulletins\BrandHub:ItemReview"/>
  <route route_type="public" route_prefix="bh-quick-owner-page" format=":int&lt;brand_id,brand_title&gt;" controller="XenBulletins\BrandHub:QuickOwnerPage" context="bh_brand_hub"/>
  <route route_type="public" route_prefix="bh-quick-review" format=":int&lt;brand_id,brand_title&gt;" controller="XenBulletins\BrandHub:QuickReview" context="bh_brand_hub"/>
  <route route_type="public" route_prefix="bh-recent-photos" format=":int&lt;attachment_id,filename&gt;/" controller="XenBulletins\BrandHub:RecentPhotos" context="bh_brand_hub"/>
  <route route_type="public" route_prefix="bh-recent-reviews" format=":+int&lt;item_rating_id&gt;/" controller="XenBulletins\BrandHub:RecentReviews" context="bh_brand_hub"/>
  <route route_type="public" route_prefix="owner-page-posts" format=":int&lt;post_id&gt;/" controller="XenBulletins\BrandHub:OwnerPagePost" context="bh_brand_hub"/>
  <route route_type="public" route_prefix="owner-page-posts" sub_name="comments" format="comments/:int&lt;post_comment_id&gt;/" controller="XenBulletins\BrandHub:OwnerPagePost" context="bh_brand_hub" action_prefix="Comments"/>
  <route route_type="public" route_prefix="owners" format=":int&lt;page_id&gt;/:+int&lt;item_id&gt;/:page" controller="XenBulletins\BrandHub:OwnerPage" context="bh_brand_hub"/>
</routes>
