{
    "src/addons/FS/AvatarGallery/addon.json": "28cdfcaed4106299a9885c383495d0d6346d7847ee5f4265cca4cd5ae51a6035",
    "src/addons/FS/AvatarGallery/Admin/Controller/AvatarGallery.php": "e3f1806b57ee14e72073b6615470275315b14e3c080f4b6fa043e0b329464ccf",
    "src/addons/FS/AvatarGallery/Cron/DailyLimit.php": "2bc662f1719565a3cd61b66e374a696e1fd1becfeee8cb161dedc98b4f4f5cb9",
    "src/addons/FS/AvatarGallery/Entity/AvatarGallery.php": "4041fc979575265cf8eabcb781dcaca591074d26de7e69be63d6e5ca785b43a3",
    "src/addons/FS/AvatarGallery/Job/UserAvatar.php": "a62220aef9c12497bac662ee9e1d798586a78f407b96e0f145175b164ea84e5b",
    "src/addons/FS/AvatarGallery/Service/Upload.php": "f717c276c17b455660c40b9c74e8a1e3b6d80ac9bc6976b5a1c6f8a4eb10abe6",
    "src/addons/FS/AvatarGallery/Setup.php": "f5c0cb5da82fdfb2d01d3383a283bd4f5e2bcf502e76d124a98386224780834d",
    "src/addons/FS/AvatarGallery/XF/Entity/User.php": "47efedac9b6de04f6711d6388467da3a17f6598fc6a763391ce82c88009136ac",
    "src/addons/FS/AvatarGallery/XF/Pub/Controller/Account.php": "dd6fb1dcc8f9e77d45242c30d08255c80aad59a5d6f3e034c50ebaf020f647cd",
    "src/addons/FS/AvatarGallery/XF/Pub/Controller/Register.php": "061694a2bf9852d30ff6d8a91c14fc6b3c87783fee1374a986cffda6fc5deeb5",
    "src/addons/FS/AvatarGallery/_data/activity_summary_definitions.xml": "99d8c2563a31320d66f958fc8bda78613545f5f7959bb3cf5318805e3a3c39d2",
    "src/addons/FS/AvatarGallery/_data/admin_navigation.xml": "685be37978d96dd9418f55d58a635f4e359969ff0169efbb90b6a6fe5373fb33",
    "src/addons/FS/AvatarGallery/_data/admin_permission.xml": "ec6fb97cebf0bceb24f1ed1d5778c1db54eeb7535fbb3e31d824840e7aa9ff87",
    "src/addons/FS/AvatarGallery/_data/advertising_positions.xml": "d2f7cbe844bb1df3cf878d22ff6306249245c8ff6b0b87b9b729744bec538261",
    "src/addons/FS/AvatarGallery/_data/api_scopes.xml": "6793eaf758f140e8137187ba20e65f4faccf53410433ae3ad7a8b3b38cb6b3b7",
    "src/addons/FS/AvatarGallery/_data/bb_codes.xml": "faa4ddd5f4a365e5ac39aebdcbe2d25aedf74e7eb9ea4a812766e2fd5e13bdb1",
    "src/addons/FS/AvatarGallery/_data/bb_code_media_sites.xml": "29762987990187b33e43cfb68c08dc917b2d3f0176613d78f8e6c453f82da3f3",
    "src/addons/FS/AvatarGallery/_data/class_extensions.xml": "0ba050233eeecbbf006c332ded8737c37c12ab31ffc51bc33d025cc598895762",
    "src/addons/FS/AvatarGallery/_data/code_events.xml": "8370dec3df47f91df4cf79da253446ad11b29f4ea568fe76c774e97a0379f0eb",
    "src/addons/FS/AvatarGallery/_data/code_event_listeners.xml": "d6b5072f4909dee7a20ee9e44b163f95c8aa52e6ac7f573e292000cd9238c331",
    "src/addons/FS/AvatarGallery/_data/content_type_fields.xml": "c7ad5472b28f465b7ac7617627707eba1b7a39d28089460d52e1ed292fc0b06a",
    "src/addons/FS/AvatarGallery/_data/cron.xml": "b0929860bb81487c1275074649495fd56e640add1f47e9dc9ebe8fb4333c56c1",
    "src/addons/FS/AvatarGallery/_data/help_pages.xml": "a8a0c0b06cdc550438bc8a8d385af3e1e5ab3459877dfb934c1c31be59c89163",
    "src/addons/FS/AvatarGallery/_data/member_stats.xml": "89fb2b93ff1eca7a1f6f752248edf6090dfd24037db1446fd18ff7143f08124d",
    "src/addons/FS/AvatarGallery/_data/navigation.xml": "f75e1c03a45a360bbdfcd0567121665082315068475d5b0feb8b1acbb1688651",
    "src/addons/FS/AvatarGallery/_data/options.xml": "00a89a37db82a16f791000a3cc5d5e75ecf90aac0c486f610ef3139bf83e8cd0",
    "src/addons/FS/AvatarGallery/_data/option_groups.xml": "a92eb3095f716f4a81c00f501cf52194e34fb37f72136382da4a9bc338c9af42",
    "src/addons/FS/AvatarGallery/_data/permissions.xml": "127ece08f9c2a080d659dc2648b55f64f0e72a3e2166e776d242662c756c6d71",
    "src/addons/FS/AvatarGallery/_data/permission_interface_groups.xml": "5fc78d0009998b9a29380a1425acdcb4068fab3f27fe54d02ec4c188c8b9b384",
    "src/addons/FS/AvatarGallery/_data/phrases.xml": "a9ffa2bfa52b1ce0b9865fa247edcac38f24b76d0e02eea14d4927f1b6800ed1",
    "src/addons/FS/AvatarGallery/_data/routes.xml": "1ebee97d8700b0963ed2594602cee60f2c13271846c0e876e009673949765251",
    "src/addons/FS/AvatarGallery/_data/style_properties.xml": "8b8690a8512f01f219dd2da76e3d0c5f62afc1f317b87794a7331c859c36a7a8",
    "src/addons/FS/AvatarGallery/_data/style_property_groups.xml": "68e1879cb3846c42d978487aa8d5145ff3335fc39e58016878824d5cf3fd684c",
    "src/addons/FS/AvatarGallery/_data/templates.xml": "88055c733558ec9a8a04bb3abc1ea3d4af57f5063251888e6319ea559052e54e",
    "src/addons/FS/AvatarGallery/_data/template_modifications.xml": "1dbbbdd678706d44f4540583b8e0b990f67ce172e10a8a71982972d96af5f9f5",
    "src/addons/FS/AvatarGallery/_data/widget_definitions.xml": "37e46965256430f24004c2e7f08ba08f9b0d1cbcc4d70e84b3f4e3ffb713e64b",
    "src/addons/FS/AvatarGallery/_data/widget_positions.xml": "a29cee66134f6bc5d75ed9df1eef21096c24401915c5b5c774389c3d7bb2d5b3"
}