<?xml version="1.0" encoding="utf-8"?>
<phrases>
  <phrase title="find_ip_addresses_for_user" version_id="1000010" version_string="1.0.0 Alpha"><![CDATA[Find IP addresses for user]]></phrase>
  <phrase title="find_users_by_ip_address" version_id="1000010" version_string="1.0.0 Alpha"><![CDATA[Find Users by IP address]]></phrase>
  <phrase title="fs_ip_addresses_click_here" version_id="1000400" version_string="1.0.4 Alpha"><![CDATA[ip details]]></phrase>
  <phrase title="ip_search" version_id="1000010" version_string="1.0.0 Alpha"><![CDATA[IP Search]]></phrase>
  <phrase title="permission.fs_IPSearchResult_canUseSearch" version_id="1000400" version_string="1.0.4 Alpha"><![CDATA[Can Use Ip Search]]></phrase>
  <phrase title="permission_interface.fs_IPSearchResult" version_id="1000400" version_string="1.0.4 Alpha"><![CDATA[[FS] Ip Search Result]]></phrase>
</phrases>
