<?xml version="1.0" encoding="utf-8"?>
<options>
  <option option_id="brand_page" edit_format="spinbox" data_type="integer">
    <default_value>0</default_value>
    <relation group_id="brand_viedo" display_order="1"/>
  </option>
  <option option_id="latestRecord" edit_format="spinbox" data_type="integer">
    <default_value>0</default_value>
    <relation group_id="brand_viedo" display_order="1"/>
  </option>
  <option option_id="ronspage" edit_format="spinbox" data_type="integer">
    <default_value>5</default_value>
    <relation group_id="brand_viedo" display_order="1"/>
  </option>
  <option option_id="xb_slider_videos" edit_format="spinbox" data_type="string">
    <default_value>10</default_value>
    <relation group_id="brand_viedo" display_order="7"/>
  </option>
</options>
