<?xml version="1.0" encoding="utf-8"?>
<templates>
  <template type="admin" title="add_iframevalues" version_id="1020000" version_string="1.2"><![CDATA[<xf:title>{{ phrase('Add Iframe Videos') }}</xf:title>
<xf:form action="{{ link('iframe/save', $data) }}"  class="block" ajax="true">
	
	<div class="block-container">
		<div class="block-body">
			<xf:textboxrow name="iframe_title" value="{$data.iframe_title}" maxlength="{{ max_length($data, 'iframe_title') }}"
				label="{{ phrase('Iframe Title') }}" />
			
            <xf:textboxrow name="iframe_URL"  type="url" value="{$data.iframe_URL}" maxlength="{{ max_length($data, 'iframe_URL') }}"
				label="{{ phrase('Iframe Link') }}" />
	       
			<xf:selectrow name="video_id" value="{{ $data.video_link ? $data.video_link : 0 }}" label="{{ phrase('Brand Title') }}" class="" explain="{{ phrase('Select one from Brand Title or Rons Interview ') }}"  >
				<xf:option value="" selected="true">{{phrase('Brand Title')}}</xf:option>
				<xf:foreach loop="$iframeSites" value="$sponsor">
					<xf:option value="{{$sponsor.video_id}}" >{{$sponsor.video_feature}}</xf:option>
				</xf:foreach>
			</xf:selectrow>
			
			<xf:checkboxrow>
						<xf:option name="rons" value="1" selected="{$data.rons}"
					   label="{{ phrase('Rons Interview') }}" data-hide="true">
				<xf:dependent>
			<xf:checkbox>
						<xf:option name="rons_featured" value="1" selected="{$data.rons_featured}"
					   label="{{ phrase('rons_featured') }}" />
					</xf:checkbox>
					
					
				</xf:dependent>
				
				</xf:option>
				
				
				
				
			</xf:checkboxrow>
			<xf:checkboxrow>
			<xf:option name="feature" value="1" selected="{$data.feature}"
					 	label="{{ phrase('Feature Video') }}"/>
			</xf:checkboxrow>
			</div>

		<xf:submitrow sticky="true" icon="save" />
	</div>
</xf:form>]]></template>
  <template type="admin" title="brand" version_id="1000010" version_string="1.0.0 Alpha"><![CDATA[<xf:title>{{ phrase('brand_video') }}</xf:title>
<xf:pageaction>
	<xf:button href="{{ link('brand/add') }}" icon="add">{{ phrase('add_brand_video') }}</xf:button>
</xf:pageaction>
<xf:form action="{{ link('brand/toggle') }}" ajax="true" class="block">
	
	<div class="block-container">
		<xf:if is="$data is not empty">
			<div class="block-body">
				<xf:datalist data-xf-init="responsive-data-list">
					<xf:datarow rowtype="header">
						<xf:cell>{{ phrase('Link Name') }}</xf:cell>
					    <xf:cell>{{ phrase(' Feature Video') }}</xf:cell>
						
					
						
						<xf:cell class="dataList-cell--min">&nbsp;</xf:cell>
						<xf:cell class="dataList-cell--min">&nbsp;</xf:cell>
					
						</xf:datarow>
					<xf:foreach loop="$data" value="$function">
						<xf:datarow>
							<xf:cell>{$function.video_feature}</xf:cell>
							<xf:cell>{$function.video_link}</xf:cell>
							
							
							
							
							<xf:action href="{{ link('brand/edit', $function) }}" >{{ phrase('edit') }}</xf:action>
							<xf:delete href="{{ link('brand/delete', $function) }}" />
						</xf:datarow>
					</xf:foreach>
				</xf:datalist>
			</div>
			<div class="block-footer">
				<span class="block-footer-counter">{{ display_totals($data, $total) }}</span>
			</div>
		<xf:else />
			<div class="block-body block-row">{{ phrase('no_results_found') }}</div>
		</xf:if>
	</div>

	<xf:pagenav page="{$page}" perpage="{$perPage}" total="{$total}"
		link="functions" params="{$filters}"
		wrapperclass="block-outer block-outer--after" />
</xf:form>]]></template>
  <template type="admin" title="brand_addvideo" version_id="1000010" version_string="1.0.0 Alpha"><![CDATA[<xf:title>{{ phrase('Add Brand Video') }}</xf:title>
<xf:form action="{{ link('brand/save', $data) }}"  class="block" ajax="true">
	<div class="block-container">
		<div class="block-body">

			
            <xf:textboxrow name="video_feature" value="{$data.video_feature}" maxlength="{{ max_length($data, 'video_feature') }}"
				label="{{ phrase(' Link Name') }}" />
						   
			
			<xf:textboxrow name="video_link" type="url" value="{$data.video_link}" maxlength="{{ max_length($data, 'video_link') }}"
			label="{{ phrase(' Feature Video') }}" />
			
			 			
			<xf:uploadrow name="video_logo" accept=".jpeg,.jpg,.png" value="{$data.video_logo}"
				label="{{ phrase('Logo') }}" 
				explain="{{ phrase('Upload Brand Logo') }}" />
			
			
			<xf:textarearow  name="video_intro" value="{$data.video_intro}" maxlength="{{ max_length($data, 'video_intro') }}"
				label="{{ phrase('Intro') }}"  />
			
			<xf:textarearow name="video_desc" value="{$data.video_desc}" maxlength="{{ max_length($data, 'video_desc') }}"
				label="{{ phrase('Description') }}" />
			
			<xf:uploadrow name="video_sideimg" accept=".jpeg,.jpg,.png" value="{$data.video_sideimg}"
				label="{{ phrase('Side Image') }}" 
				explain="{{ phrase('Upload Brand Side Image') }}" />
			
			<xf:uploadrow name="video_img" accept=".jpeg,.jpg,.png" value="{$data.video_img}"
				label="{{ phrase('Main Image') }}" 
				explain="{{ phrase('Upload Main Image') }}" />
		</div>

		<xf:submitrow sticky="true" icon="save" />
	</div>
</xf:form>]]></template>
  <template type="admin" title="brand_edit" version_id="1000010" version_string="1.0.0 Alpha"><![CDATA[<xf:if is="$data.isInsert()">
	<xf:title>{{ phrase('Add Record') }}</xf:title>
<xf:else />
	<xf:title>{{ phrase('Edit Record:') }} {$data.video_feature}</xf:title>
</xf:if>

<xf:pageaction if="$data.isUpdate()">
	<xf:button href="{{ link('brand/delete', $data) }}" icon="delete" overlay="true" />
</xf:pageaction>

<xf:form action="{{ link('brand/save', $data) }}" ajax="true" class="block">
	<div class="block-container">
		<div class="block-body">
			
			
            <xf:textboxrow name="video_feature" value="{$data.video_feature}" maxlength="{{ max_length($data, 'video_feature') }}"
			label="{{ phrase('Link Name') }}" />
						 
			
			<xf:textboxrow name="video_link" type="url" value="{$data.video_link}" maxlength="{{ max_length($data, 'video_link') }}"
		    label="{{ phrase(' Feature Video') }}" />
			
			<xf:if is="$data.video_logo">
				<xf:uploadrow name="video_logo" accept=".jpeg,.jpg,.png"
				label="{{ phrase('Brand Logo') }}"  />
				<xf:inforow rowtype="confirm">
					<img src="{{$data.video_logo}}" value="{$data.video_logo}" alt="logo image" width="250" height="300"/>
				</xf:inforow>
			<xf:else />
				<xf:uploadrow name="video_logo" accept=".jpeg,.jpg,.png" required="true"
				label="{{ phrase('Brand Logo') }}" 
				 />
			</xf:if>
			
			<xf:textarearow name="video_intro" value="{$p_intro}" maxlength="{{ max_length($data, 'video_intro') }}"
				label="{{ phrase('Intro') }}" 	  />
			
			<xf:textarearow name="video_desc" value="{$p_desc}" maxlength="{{ max_length($data, 'video_desc') }}"
				label="{{ phrase('Description') }}" 	  />
			
						<xf:if is="$data.video_sideimg">
				<xf:uploadrow name="video_sideimg" accept=".jpeg,.jpg,.png"
				label="{{ phrase('Brand Side Image') }}"  />
				<xf:inforow rowtype="confirm">
					<img src="{{$data.video_sideimg}}"  alt="side image" width="250" height="300"/>
				</xf:inforow>
			   <xf:else />
				<xf:uploadrow name="video_sideimg" accept=".jpeg,.jpg,.png" required="true"
				label="{{ phrase('Brand Side Image') }}"  />
			    </xf:if>
			
				<xf:if is="$data.video_img">
				<xf:uploadrow name="video_img" accept=".jpeg,.jpg,.png"
				label="{{ phrase(' Main Image') }}"  />
				<xf:inforow rowtype="confirm">
					<img src="{{$data.video_img}}"  alt="image" width="250" height="300"/>
				</xf:inforow>
			    <xf:else />
				<xf:uploadrow name="video_img" accept=".jpeg,.jpg,.png" required="true"
				label="{{ phrase(' Main Image') }}"  />
			    </xf:if>
	

		<xf:submitrow sticky="true" icon="save" />
	</div>
	</div>
</xf:form>]]></template>
  <template type="admin" title="iframe" version_id="1030000" version_string="1.3"><![CDATA[<xf:title>{{ phrase('iframe_video') }}</xf:title>
<xf:pageaction>
	<xf:button href="{{ link('iframe/add') }}" icon="add">{{ phrase('add_iframe_video') }}</xf:button>
</xf:pageaction>
<xf:form action="{{ link('iframe/toggle') }}" ajax="true" class="block">
	
	<div class="block-container">
		<xf:if is="$data is not empty">
			<div class="block-body">
				<xf:datalist data-xf-init="responsive-data-list">
					<xf:datarow rowtype="header">
						<xf:cell>{{ phrase('Iframe Title') }}</xf:cell>
					    <xf:cell>{{ phrase('Iframe Link') }}</xf:cell>
					    <xf:cell>{{ phrase('Brand Title') }}</xf:cell>
						 <xf:cell class="dataList-cell--min">&nbsp;</xf:cell>
						<xf:cell class="dataList-cell--min">&nbsp;</xf:cell>
					
						</xf:datarow>
					<xf:foreach loop="$data" value="$function">
						<xf:datarow>
							<xf:cell>{$function.iframe_title}</xf:cell>
							<xf:cell>{$function.iframe_URL}</xf:cell>
							<xf:cell>
								
								
								{$function.Brand.video_feature}</xf:cell>
							<xf:action href="{{ link('iframe/edit', $function) }}" >{{ phrase('edit') }}</xf:action>
							<xf:delete href="{{ link('iframe/delete', $function) }}" />
						</xf:datarow>
					</xf:foreach>
				</xf:datalist>
			</div>
			<div class="block-footer">
				<span class="block-footer-counter">{{ display_totals($data, $total) }}</span>
			</div>
		<xf:else />
			<div class="block-body block-row">{{ phrase('no_results_found') }}</div>
		</xf:if>
	</div>

	<xf:pagenav page="{$page}" perpage="{$perPage}" total="{$total}"
		link="functions" params="{$filters}"
		wrapperclass="block-outer block-outer--after" />
</xf:form>]]></template>
  <template type="admin" title="iframe_edit" version_id="1020000" version_string="1.2"><![CDATA[<xf:if is="$data.isInsert()">
	<xf:title>{{ phrase('Add Record') }}</xf:title>
<xf:else />
	<xf:title>{{ phrase('Edit Record:') }} {$data.iframe_title}</xf:title>
</xf:if>

<xf:pageaction if="$data.isUpdate()">
	<xf:button href="{{ link('brand/delete', $data) }}" icon="delete" overlay="true" />
</xf:pageaction>
<xf:form action="{{ link('iframe/save', $data) }}"  class="block" ajax="true">
	
	<div class="block-container">
		<div class="block-body">
			<xf:textboxrow name="iframe_title" value="{$data.iframe_title}" maxlength="{{ max_length($data, 'iframe_title') }}"
				label="{{ phrase('Iframe Title') }}" />
			
            <xf:textboxrow name="iframe_URL" type="url" value="{$data.iframe_URL}" maxlength="{{ max_length($data, 'iframe_URL') }}"
				label="{{ phrase('Iframe URL') }}" />
	
			<xf:selectrow name="video_id" value="{{ $data.video_id}}" label="{{ phrase('Brand Title') }}" class="" explain="{{ phrase('Select one from Brand Title or Rons Interview ') }}"  >
				<xf:option value="{{$sponsor.video_feature}}" selected="true" >{{$sponsor.video_feature}}</xf:option>
				<xf:foreach loop="$iframeSites" value="$sponsor" selected="{{$sponsor.video_id}}">
			    <xf:option  value="{{$sponsor.video_id}}" >{{$sponsor.video_feature}}</xf:option>
				
				</xf:foreach>
			
			</xf:selectrow>
          	 
			
			<xf:checkboxrow>
						<xf:option name="rons" value="1" selected="{$data.rons}"
					   label="{{ phrase('Rons Interview') }}" data-hide="true">
				<xf:dependent>
			<xf:checkbox>
						<xf:option name="rons_featured" value="1" selected="{$data.rons_featured}"
					   label="{{ phrase('rons_featured') }}" />
					</xf:checkbox>
					
					
				</xf:dependent>
				
				</xf:option>
				
				
				
				
			</xf:checkboxrow>
			
			
			
			
			<xf:checkboxrow>
			<xf:option name="feature" value="1" selected="{$data.feature}"
					 	label="{{ phrase('Feature Video') }}" />
			</xf:checkboxrow>
			</div>

		<xf:submitrow sticky="true" icon="save" />
	</div>
</xf:form>]]></template>
  <template type="public" title="brand_videopage" version_id="1030000" version_string="1.3"><![CDATA[<link rel="stylesheet" type="text/css" href="https://cdnjs.cloudflare.com/ajax/libs/magnific-popup.js/1.1.0/magnific-popup.css" />
<xf:js src="https://cdnjs.cloudflare.com/ajax/libs/magnific-popup.js/1.1.0/jquery.magnific-popup.min.js" />

<xf:css>
	@charset "UTF-8";

<xf:comment>
    Name: YouTubePopUp
    Description: jQuery plugin to display YouTube or Vimeo video in PopUp, responsive and retina, easy to use.
    Version: 1.0.1
    Plugin URL: http://wp-time.com/youtube-popup-jquery-plugin/
    Written By: Qassim Hassan
    Twitter: @QQQHZ
    Websites: wp-time.com | qass.im | wp-plugins.in
    Dual licensed under the MIT and GPL licenses:
        http://www.opensource.org/licenses/mit-license.php
        http://www.gnu.org/licenses/gpl.html
    Copyright (c) 2016 - Qassim Hassan
</xf:comment>
.p-body-header .p-title h1
{
	display: none;
}
	
.YouTubePopUp-Wrap{
    position:fixed;
    width:100%;
    height:100%;
    background-color:#000;
    background-color:rgba(0,0,0,0.8);
    top:0;
    left:0;
    z-index:9999999999999;
}

.YouTubePopUp-animation{
    opacity: 0;
    -webkit-animation-duration: 0.5s;
    animation-duration: 0.5s;
    -webkit-animation-fill-mode: both;
    animation-fill-mode: both;
    -webkit-animation-name: YouTubePopUp;
    animation-name: YouTubePopUp;
}

@-webkit-keyframes YouTubePopUp {
    0% {
        opacity: 0;
    }

    100% {
        opacity: 1;
    }
}

@keyframes YouTubePopUp {
    0% {
        opacity: 0;
    }

    100% {
        opacity: 1;
    }
}

body.logged-in .YouTubePopUp-Wrap{ /* For WordPress */
    top:32px;
    z-index:99998;
}

.YouTubePopUp-Content{
    max-width: 846px;
    display:block;
    margin:0 auto;
    height:100%;
    position:relative;
}

.YouTubePopUp-Content iframe{
    max-width:100% !important;
    width:100% !important;
    display:block !important;
    height:480px !important;
    border:none !important;
    position:absolute;
    top: 0;
    bottom: 0;
    margin: auto 0;
}

.YouTubePopUp-Hide{
    -webkit-animation-duration: 0.5s;
    animation-duration: 0.5s;
    -webkit-animation-fill-mode: both;
    animation-fill-mode: both;
    -webkit-animation-name: YouTubePopUpHide;
    animation-name: YouTubePopUpHide;
}

@-webkit-keyframes YouTubePopUpHide {
    0% {
        opacity: 1;
    }

    100% {
        opacity: 0;
    }
}

@keyframes YouTubePopUpHide {
    0% {
        opacity: 1;
    }

    100% {
        opacity: 0;
    }
}

.YouTubePopUp-Close{
    position:absolute;
    top:0;
    cursor:pointer;
    bottom: 475px;
    right: -57px;
    margin:auto 0;
    width:24px;
    height:24px;
    background:url("styles/img/close.png") no-repeat;
    background-size:24px 24px;
    -webkit-background-size:24px 24px;
    -moz-background-size:24px 24px;
    -o-background-size:24px 24px;
}

.YouTubePopUp-Close:hover{
    opacity:0.5;
}

@media all and (max-width: 1050px) and (min-width: 10px){
    .YouTubePopUp-Close{
        bottom:550px;
        right:0px
    }
    .YouTubePopUp-Content {
        max-width: 85%;
    }
}
@media all and (max-width: 768px) and (min-width: 10px){
    .YouTubePopUp-Content{
        max-width:90%;
    }
}

@media all and (max-width: 600px) and (min-width: 10px){
    .YouTubePopUp-Content iframe{
        height:320px !important;
    }

    .YouTubePopUp-Close{
        bottom:362px;
    }
}

@media all and (max-width: 480px) and (min-width: 10px){
    .YouTubePopUp-Content iframe{
        height:220px !important;
    }

    .YouTubePopUp-Close{
        bottom:262px;
        right:0px
    }
}	
.p-body-inner{
    max-width: 1200px;
	}
	.thumbnail{
    width:100%;
    height: 100%;
}
	*{
	  margin:0;
	  padding:0;
	  box-sizing: border-box;
	  font-family: Arial, Helvetica, sans-serif;
	}
	.body{
	  background: black;
	  width:100%;
	  height: auto;
	  margin: 0;
	  box-sizing: border-box;
	}
	.navbar {
	  overflow: hidden;
	 color: #fff;
	  border-bottom: 2px solid;
	  background: rgb(19 18 18);
	  transition: ease-in .15s all;
	}

	.nav-inner {
	  max-width: 800px;
		margin-left: auto;
		margin-right: auto;
		width: fit-content;
		transition: max-width .2s;
		height: 43px;
		display: flex;
		align-items: center;
		text-decoration: none;
	}
	.nav-inner a {
		color:rgba(255,255,255,0.7);
		text-decoration: none;
		color:#fff;
		 padding: 12px 16px;
	}

	.subnav {
	  float: left;
	  overflow: hidden;
	}

	.subnav .subnavbtn {  
	  border: none;
	  outline: none;
	  color: white;
	  padding: 12px 16px;
	  background-color: inherit;
	  font-family: inherit;
	  margin: 0;

	}

	.navbar a:hover, .subnav:hover .subnavbtn {
	  background-color: #fff;
	  color:black;
	}

	.subnav-content {
	   display: none;
		background-color: black;
		width: 11.60em;
		z-index: 1;
		position: absolute;
	}

	.subnav-content a {
		 color: white;
		text-decoration: none;
		display: block;
	padding: 10px 0px 5px 10px;
	}

	.subnav-content a:hover {
	  background-color: #eee;
	  color: black;
	}

	.subnav:hover .subnav-content {
	  display: block;
	}
	.body-inner{
		width: 100%;
	}
	.container{
	  width: 100%;
	  height:auto;
	}
	.featured-video{
	  width: 100%;
	  height: 500px;
	  margin:0;
	}
	.logo-image{
	  width: 100%;
	  max-width: 215px;
	  margin-left: auto;
	  margin-right: auto;
	  height: auto;
	  margin-top: 10px;
	  margin-bottom: 10px;
	}
	.inner-logo-img{
	  width: 100%;
	height: 40px;
	background:url("styles/What's_Best_Audio_Video_Forum/img/xen8-1.png");
	background-repeat: no-repeat;
	background-position: center;
    background-size: cover;
	}
	.text{
	  width:100%;
	  height:auto;
	  max-width: 80%;
	  margin-right: auto;
	  margin-left: auto;
	  margin-top: 10px;
	  margin-bottom: 30px;
	  color:#fff;
	}
	.p1{
	  font-style: italic;
	  margin-top: 20px;
	  margin-bottom: 20px;
	  text-align: center;
	  width: 100%;
	  font-family: system-ui;
	}
	.p2{
	  text-align: center;
	  width: 100%;
	  font-family: system-ui;
	}
	.p3{
	  font-size: 13px;
	  margin-bottom: 10px;
	  text-align: center;
	  width: 100%;
	  font-family: system-ui;
	}
	.text-image{
	  background:#fff;
	  color:black;
	  display:flex;
	padding: 20px;
	}
	.inner-text{
	padding-top: 40px;
    padding-bottom: 40px;
    padding-right: 30px;
    width: 56%;
    font-family: system-ui;
	}
	.textpara{
	  margin-bottom:10px;
	}
	.content-img{
	width: 44%;
    height: fit-content;
    max-height: 500px;
    margin-top: auto;
    margin-bottom: auto;
	}
	.side-img{
	width:100%;
	height: 100%;
	background:url("styles/What's_Best_Audio_Video_Forum/img/speakers.jpg");
	background-position: center;
    background-size: cover;
    background-repeat: no-repeat;
	object-fit: contain;
	}
	.video-list{
	 width: 32.80%;
    height: auto;
    margin: 2px 1px 4px 2px;
    padding: 0px 5px;
	  position: relative;
	  display: inline-table;
	}

	.thumbnail{
	  width: 100%;
	  height: 100%;
	  border: 1px solid #fff;
	  border-radius: 2px;
	object-fit: contain;
	}
	.video-title-text {
	  width: 100%;
	  padding: 7px;
	  text-align: center;
	  margin: 2px auto;
	  color: white;
	}
	.video-container{
	  padding: 50px 40px;
	}
	.big-image-box{
	  width: 100%;
	  height: 100%;
	  border-top: 2px solid #fff;
	background:url("styles/What's_Best_Audio_Video_Forum/img/sgmextreme.jpg");
	background-position: center;
    background-size: cover;
    border: transparent;
    background-repeat: no-repeat;
	object-fit: contain;
	}
	@media screen and (min-width:1094px) and (max-width:1183px){
	.video-list{
	width:32.75%;
	}
	}
	@media screen and (min-width:1016px) and (max-width:1093px){
	.video-list{
	width:32.70%;
	}
	}
	@media screen and (min-width:950px) and (max-width:1015px){
	.video-list{
	width: 32.65%;
	}
	}
	@media screen and (min-width:803px) and (max-width:949px){
	.video-list{
	width:32.65%;
	margin:2px 1px 4px 1px;
	}
	.video-title-text {
    font-size: 14px;
	}
	}
	@media screen and (min-width:598px) and (max-width:802px){
	.video-container {
    padding: 38px 35px;
	}
	.video-list{
	width: 32.60%;
    margin: 2px 0px 4px 1px;
	}
	.thumbnail{
	height:100%;
	}
	
	}
	@media screen and (min-width:473px) and (max-width:597px){
	.video-container {
    padding: 35px 30px;
	}
	.video-list{
	width:32.40%;
	margin: 2px 0px 4px 1px;
	}
	.thumbnail {
	height:100%;
	}
	}
	@media screen and (min-width:404px) and (max-width:472px){
	.video-container {
    padding: 30px 24px;
	}
	.video-list{
	width:32.20%;
	margin: 2px 0px 4px 1px;
	}
	.thumbnail {
	height:100%;
	}
	}
	@media screen and (min-width:344px) and (max-width:403px){
	.video-container {
    padding: 15px 10px;
	}
	.video-list{
	width:49%;
	margin: 2px 0px 4px 1px;
	}
	.thumbnail {
	height:100%;
	}
	}
	@media screen and (max-width:343px){
	.video-container {
    padding: 15px 10px;
	}
	.video-list{
	width:49%;
	margin: 2px 0px 4px 0px;
	}
	.thumbnail {
	height:100%;
	}
	}
	@media screen and (min-width:701px) and (max-width:900px){
	.featured-video {
    height: 400px;
	}
	.big-image-box{
	height: 400px;
	}
	.logo-image{
	max-width: 200px;
	}
	.text{
	max-width: 75%;
	}
	.inner-text {
	padding-top:35px;
	padding-bottom:35px;
	}
	.side-img{
	height: 215px;
	}
	}
	@media screen and (min-width:551px) and (max-width:700px){
	.featured-video {
    height: 300px;
	}
	.big-image-box{
	height: 300px;
	}
	.logo-image{
	max-width: 185px;
	}
	.text{
	max-width: 72%;
	font-size: 14px;
	}
	.p3{
	font-size:13px;
	}
	.text-image{
	flex-direction: column-reverse;
	}
	.inner-text {
	padding-top: 20px;
    padding-bottom: 20px;
    padding-right: 0px;
    width: 100%;
    font-size: 14px;
	}
	.content-img {
    width: 100%;
    padding-bottom: 0px;
    padding-top: 0px;
	margin-top: 0px;
    margin-bottom: 0px;
	}
	.side-img{
	height: 300px;
	}
	}
	@media screen and (min-width:451px) and (max-width:550px){
	.featured-video {
    height: 200px;
	}
	.big-image-box{
	height: 200px;
	}
	.logo-image{
	max-width: 130px;
	}
	.text{
	max-width: 68%;
	font-size: 13px;
	}
	.p3{
	font-size:11px;
	}
	.text-image{
	flex-direction: column-reverse;
	}
	.inner-text {
	padding-top: 20px;
    padding-bottom: 20px;
    padding-right: 0px;
    width: 100%;
    font-size: 13px;
	}
	.content-img {
    width: 100%;
    padding-bottom: 0px;
    padding-top: 0px;
	margin-top: 0px;
    margin-bottom: 0px;
	}
	.side-img{
	height: 200px;
	}
	}
	@media screen and (min-width:351px) and (max-width:450px){
	.featured-video {
    height: 150px;
	}
	.big-image-box{
	height: 150px;
	}
	.logo-image{
	max-width: 115px;
	}
	.inner-logo-img{
	height:30px;
	}
	.text{
	max-width: 80%;
	font-size: 12px;
	}
	.p3{
	font-size:10px;
	}
	.text-image{
	flex-direction: column-reverse;
	}
	.inner-text {
	padding-top: 20px;
    padding-bottom: 20px;
    padding-right: 0px;
    width: 100%;
    font-size: 12px;
	}
	.content-img {
    width: 100%;
    padding-bottom: 0px;
    padding-top: 0px;
	margin-top: 0px;
    margin-bottom: 0px;
	}
	.side-img{
	height: 150px;
	}
	}
	@media screen and (max-width:350px){
	.featured-video {
    height: 100px;
	}
	.big-image-box{
	height: 100px;
	}
	.logo-image{
	max-width: 115px;
	}
	.inner-logo-img{
	height:30px;
	}
	.text{
	max-width: 80%;
	font-size: 12px;
	}
	.p3{
	font-size:10px;
	}
	.text-image{
	flex-direction: column-reverse;
	}
	.inner-text {
	padding-top: 20px;
    padding-bottom: 20px;
    padding-right: 0px;
    width: 100%;
    font-size: 12px;
	}
	.content-img {
    width: 100%;
    padding-bottom: 0px;
    padding-top: 0px;
	margin-top: 0px;
    margin-bottom: 0px;
	}
	.side-img{
	height: 100px;
	}
	}
	
	<xf:comment>
	//.....TITLE TEXT QUERIES.....
	</xf:comment>
	@media screen and (min-width:701px) and (max-width:800px){
	.video-title-text{
	font-size: 14px;
    text-overflow: ellipsis;
    overflow: hidden;
    white-space: nowrap;
    width: 180px;
	}
	}
	@media screen and (min-width:601px) and (max-width:700px){
	.video-title-text{
	font-size: 14px;
    text-overflow: ellipsis;
    overflow: hidden;
    white-space: nowrap;
    width: 156px;
	}
	}
	@media screen and (min-width:501px) and (max-width:600px){
	.video-title-text{
	font-size: 13px;
    text-overflow: ellipsis;
    overflow: hidden;
    white-space: nowrap;
    width: 126px;
	}
	}
	@media screen and (min-width:401px) and (max-width:500px){
	.video-title-text{
	font-size: 13px;
    text-overflow: ellipsis;
    overflow: hidden;
    white-space: nowrap;
    width: 97px;
	}
	}
	@media screen and (min-width:301px) and (max-width:400px){
	.video-title-text{
	font-size: 12px;
    text-overflow: ellipsis;
    overflow: hidden;
    white-space: nowrap;
    width: 103px;
	}
	}
	@media screen and (max-width:300px){
	.video-title-text{
	font-size: 12px;
    text-overflow: ellipsis;
    overflow: hidden;
    white-space: nowrap;
    width: 92px;
	}
	}
	<xf:comment>
	//.....NAVBAR QUERIES.....
	</xf:comment>
	@media screen and (min-width:501px) and (max-width:600px){
	.nav-inner a{
	padding: 12px 13px;
	}
	.subnav .subnavbtn{
	padding: 12px 13px;
	}
	.subnav-content{
	width: 11.15em;
	}
	}
	@media screen and (min-width:401px) and (max-width:500px){
	.nav-inner a{
	padding: 12px 5px;
    font-size: 14px;
	}
	.subnav .subnavbtn{
	padding: 12px 5px;
    font-size: 14px;
	}
	.subnav-content{
	width: 9.50em;
	}
	}
	@media screen and (min-width:301px) and (max-width:400px){
	.nav-inner a{
	padding: 8px 4px;
    font-size: 11px;
	}
	.subnav .subnavbtn{
	padding: 8px 4px;
    font-size: 11px;
	}
	.subnav-content{
	width: 7.5em;
	}
	.nav-inner {
	height: 31px;
	}
	}
	@media screen and (max-width:300px){
	.nav-inner a{
	padding: 8px 4px;
    font-size: 10px;
	}
	.subnav .subnavbtn{
	padding: 8px 4px;
    font-size: 10px;
	}
	.subnav-content{
	width: 6.9em;
	}
	.nav-inner {
	height: 31px;
	}
	}
	
	
</xf:css>
<xf:js>
    $(document).ready(function () {
            
    	         jQuery('a.bla-1').magnificPopup({
                type: 'iframe'
            });
	
            });
</xf:js>

   <div class="body">
    <div class="navbar">
    <div class="nav-inner">
        <a href="{{link('videos')}}">Latest Added</a>
        <a href="{{link('rons')}}" style="border-right:1px solid black;" >Ron's Interviews</a>
        <div class="subnav" style="background:#fff;color:black;">
          <button class="subnavbtn" style="background:#fff;color:black;border-left:1px soild black;" >Audio Brand Videos<i class="fa fa-caret-down"></i></button>
           <div class="subnav-content">
				<xf:foreach loop="$video" value="$function">
					 <a href="{{link('brand',$function)}}">{$function.video_feature}</a>
                </xf:foreach>
                </div>
        </div>
      </div>
    </div>
    <div class="body-inner">
      <div class="container">
        <iframe class="featured-video" src="{$brand.feature_embed}?controls=0" frameborder="0" allow="accelerometer; autoplay; clipboard-write; encrypted-media; gyroscope; picture-in-picture" allowfullscreen></iframe>
	  </div>
      <div class="container">
        <div class="logo-image">
          <img class="inner-logo-img" src="{$logo}">
        </div>
        <div class="text">
          <p class="p1">
           {$intro}
          </p>
        
        </div>
      </div>
      <div class="container">
        <div class="text-image">
          <div class="inner-text">
            <p class="textpara">
             {$desc}
            </p>
            
          </div>
          <div class="content-img">
            <img class="side-img" src="{$side}">
          </div>
        </div>
      </div>
      <div class="container">
        <div class="video-container">
			<xf:foreach loop="$iframes" value="$function">
			
          <div class="video-list">
            <a class="bla-1" href="{{iframUrl($function)}}">
            <img class="thumbnail" src="{{get_vpthumbnail($function.thumbNail)}}">
          </a>
			  <div class="video-title-text">
                {{$function.iframe_title}}
            </div>
          </div>
        
        </xf:foreach>
       
         
         	 <xf:pagenav page="{$page}" perpage="{$perPage}" total="{$total}"
		link="{$link}" params="{$filters}"
		wrapperclass="block-outer block-outer--after" />
          
        </div>
      </div>
      <div class="container">
        <img class="big-image-box" src="{$brand_img}">
      </div>
    </div>
  </div>]]></template>
  <template type="public" title="brand_view" version_id="1030000" version_string="1.3"><![CDATA[<link rel="stylesheet" type="text/css" href="https://cdnjs.cloudflare.com/ajax/libs/magnific-popup.js/1.1.0/magnific-popup.css" />
<xf:js src="https://cdnjs.cloudflare.com/ajax/libs/magnific-popup.js/1.1.0/jquery.magnific-popup.min.js" />
<link rel="stylesheet" href="https://cdnjs.cloudflare.com/ajax/libs/font-awesome/4.7.0/css/font-awesome.min.css">
<xf:css>
@charset "UTF-8";

<xf:comment>
    Name: YouTubePopUp
    Description: jQuery plugin to display YouTube or Vimeo video in PopUp, responsive and retina, easy to use.
    Version: 1.0.1
    Plugin URL: http://wp-time.com/youtube-popup-jquery-plugin/
    Written By: Qassim Hassan
    Twitter: @QQQHZ
    Websites: wp-time.com | qass.im | wp-plugins.in
    Dual licensed under the MIT and GPL licenses:
        http://www.opensource.org/licenses/mit-license.php
        http://www.gnu.org/licenses/gpl.html
    Copyright (c) 2016 - Qassim Hassan
</xf:comment>
.p-body-header .p-title h1
{
	display: none;
}
	
.YouTubePopUp-Wrap{
    position:fixed;
    width:100%;
    height:100%;
    background-color:#000;
    background-color:rgba(0,0,0,0.8);
    top:0;
    left:0;
    z-index:9999999999999;
}

.YouTubePopUp-animation{
    opacity: 0;
    -webkit-animation-duration: 0.5s;
    animation-duration: 0.5s;
    -webkit-animation-fill-mode: both;
    animation-fill-mode: both;
    -webkit-animation-name: YouTubePopUp;
    animation-name: YouTubePopUp;
}

@-webkit-keyframes YouTubePopUp {
    0% {
        opacity: 0;
    }

    100% {
        opacity: 1;
    }
}

@keyframes YouTubePopUp {
    0% {
        opacity: 0;
    }

    100% {
        opacity: 1;
    }
}

body.logged-in .YouTubePopUp-Wrap{ / For WordPress /
    top:32px;
    z-index:99998;
}

.YouTubePopUp-Content{
    max-width: 846px;
    display:block;
    margin:0 auto;
    height:100%;
    position:relative;
}

.YouTubePopUp-Content iframe{
    max-width:100% !important;
    width:100% !important;
    display:block !important;
    height:480px !important;
    border:none !important;
    position:absolute;
    top: 0;
    bottom: 0;
    margin: auto 0;
}

.YouTubePopUp-Hide{
    -webkit-animation-duration: 0.5s;
    animation-duration: 0.5s;
    -webkit-animation-fill-mode: both;
    animation-fill-mode: both;
    -webkit-animation-name: YouTubePopUpHide;
    animation-name: YouTubePopUpHide;
}

@-webkit-keyframes YouTubePopUpHide {
    0% {
        opacity: 1;
    }

    100% {
        opacity: 0;
    }
}

@keyframes YouTubePopUpHide {
    0% {
        opacity: 1;
    }

    100% {
        opacity: 0;
    }
}
	.video-title-text {
width: 100%;
padding: 0px;
text-align: center;
margin: 0px auto;
color: white;
font-size: 12px;
	}
.YouTubePopUp-Close{
    position:absolute;
    top:0;
    cursor:pointer;
    bottom: 475px;
    right: -57px;
    margin:auto 0;
    width:24px;
    height:24px;
    background:url("styles/img/close.png") no-repeat;
    background-size:24px 24px;
    -webkit-background-size:24px 24px;
    -moz-background-size:24px 24px;
    -o-background-size:24px 24px;
}

.YouTubePopUp-Close:hover{
    opacity:0.5;
}

@media all and (max-width: 1050px) and (min-width: 10px){
    .YouTubePopUp-Close{
        bottom:550px;
        right:0px
    }
    .YouTubePopUp-Content {
        max-width: 85%;
    }
}
@media all and (max-width: 768px) and (min-width: 10px){
    .YouTubePopUp-Content{
        max-width:90%;
    }
}

@media all and (max-width: 600px) and (min-width: 10px){
    .YouTubePopUp-Content iframe{
        height:320px !important;
    }

    .YouTubePopUp-Close{
        bottom:362px;
    }
}

@media all and (max-width: 480px) and (min-width: 10px){
    .YouTubePopUp-Content iframe{
        height:220px !important;
    }

    .YouTubePopUp-Close{
        bottom:262px;
        right:0px
    }
}	
.p-body-inner{
    max-width: 1200px;
	}
	.block-container{
		background: #000;
	}
    .bar-icon{
        display: none;
    }
.navbar {
	  overflow: hidden;
	 color: #fff;
	  border-bottom: 2px solid;
	  background: rgb(19 18 18);
	  transition: ease-in .15s all;
	}

	.nav-inner {
	  max-width: 800px;
		margin-left: auto;
		margin-right: auto;
		width: fit-content;
		transition: max-width .2s;
		height: 43px;
		display: flex;
		align-items: center;
		text-decoration: none;
	}
	.nav-inner a {
		color:rgba(255,255,255,0.7);
		text-decoration: none;
		color:#fff;
		 padding: 12px 16px;
	}

	.subnav {
	  float: left;
	  overflow: hidden;
	}

	.subnav .subnavbtn {  
	  border: none;
	  outline: none;
	  color: white;
	  padding: 12px 16px;
	  background-color: inherit;
	  font-family: inherit;
	  margin: 0;

	}

	.navbar a:hover, .subnav:hover .subnavbtn {
	  background-color: #fff;
	  color:black;
	}

	.subnav-content {
	   display: none;
		background-color: black;
		width: 11.60em;
		z-index: 1;
		position: absolute;
	}

	.subnav-content a {
		 color: white;
		text-decoration: none;
		display: block;
	    padding: 10px 0px 5px 10px;
	    border-bottom: 1px solid;
	}

	.subnav-content a:hover {
	  background-color: #eee;
	  color: black;
	}

	.subnav:hover .subnav-content {
	  display: block;
	}

.main-body{
    background:black;
}  
.main-inner-body{
    margin:10px;
}
.slider1{
    display: flex;
 
    overflow: hidden;
    width:100%;
}
 .featured-video{
	  width: 100%;
	  height: 100%;
	  margin:0;
	}
.slider2{
    display: flex;
   
    overflow: hidden;
    width:100%;
}
.slider3{
    display: flex;

    overflow: hidden;
    width:100%;
}
.arrowL1{
    position: absolute;
    font-size: 40px;
    color:#fff;
    top: 17px;
    left: 0px;
    background: black;
    padding-top: 45px;
    padding-bottom: 45px;
    padding-left: 10px;
    padding-right: 10px;
    opacity: 0.7;
    cursor: pointer;
}
.arrowR1{
    position: absolute;
    font-size: 40px;
    color:#fff;
    top: 17px;
    right: 0px;
    background: black;
    padding-top: 45px;
    padding-bottom: 45px;
    padding-left: 10px;
    padding-right: 10px;
    opacity: 0.7;
    cursor: pointer;
}
.arrowL2{
    position: absolute;
    font-size: 40px;
    color:#fff;
    top: 17px;
    left: 0px;
    background: black;
    padding-top: 45px;
    padding-bottom: 45px;
    padding-left: 10px;
    padding-right: 10px;
    opacity: 0.7;
    cursor: pointer;
}
.arrowR2{
    position: absolute;
    font-size: 40px;
    color:#fff;
    top: 17px;
    right: 0px;
    background: black;
    padding-top: 45px;
    padding-bottom: 45px;
    padding-left: 10px;
    padding-right: 10px;
    opacity: 0.7;
    cursor: pointer;
}
.arrowL3{
    position: absolute;
    font-size: 40px;
    color:#fff;
    top: 17px;
    left: 0px;
    background: black;
    padding-top: 45px;
    padding-bottom: 45px;
    padding-left: 10px;
    padding-right: 10px;
    opacity: 0.7;
    cursor: pointer;
}
.arrowR3{
    position: absolute;
    font-size: 40px;
    color:#fff;
    top: 17px;
    right: 0px;
    background: black;
    padding-top: 45px;
    padding-bottom: 45px;
    padding-left: 10px;
    padding-right: 10px;
    opacity: 0.7;
    cursor: pointer;
}
.thumbnail{
    display: inline-flex;
    width:100%;
object-fit: contain;
}
#mainPlayer {
    text-align: center;
    padding: 5px;
    margin-bottom: 15px;
  }
  
  #mainPlayer p {
    font-size: 20px;
    height: 600px;
    padding: 0;
    margin: 0;
  }
  .featureV{
    width: 90%;
    height: 600px;
    border: none;
  }
  .slider-heading{
    font-size: 20px;
    color: #fff;
    margin-top: 0px;    
    margin-left: 0.5%;
	margin-bottom: 0px;
  }
  .slider-list{
    display: flex;
    list-style: none;
    padding-left: 0px;
    overflow: hidden;
	   width: 100%;
  }
  .slider-list-item{
    min-width: 20%;
    margin-left: 1px;
    margin-right: 1px;
	max-width: 20%;
  }
  .largeSlider{
      overflow:hidden;
  }
<xf:comment>
  /*MEDIA QUERIES*/
	</xf:comment>
  @media screen and (max-width:650px){
    #mainPlayer p {
        font-size: 20px;
        height: 300px;
        padding: 0;
        margin: 0;
      }
      .featureV{
        width: 90%;
        height: 300px;
        border: none;
      }
      .slider1 {
          width:125%;
          margin-bottom: 5px;
      }
      .slider2 {
        width:125%;
        margin-bottom: 5px;
      }
      .slider3 {
        width:125%;
        margin-bottom: 5px;
      }
      .slider-heading {
        font-size: 20px;
      }
 
    .arrowL1 {
        font-size: 30px;
    }
    .arrowR1 {
        font-size: 30px;
    }
    .arrowL2 {
        font-size: 30px;
    }
    .arrowR2 {
        font-size: 30px;
    }
    .arrowL3 {
        font-size: 30px;
    }
    .arrowR3 {
        font-size: 30px;
    }
}
@media screen and (max-width: 480px){

    .arrowL1 {
        font-size: 15px;
        padding-top: 35px;
	    padding-left: 5px;
    padding-right: 5px;
    }
    .arrowR1 {
        font-size: 15px;
        padding-top: 35px;
	    padding-left: 5px;
    padding-right: 5px;
    }
    .arrowL2 {
        font-size: 15px;
        padding-top: 35px;
	    padding-left: 5px;
    padding-right: 5px;
    }
    .arrowR2 {
        font-size: 15px;
        padding-top: 35px;
	    padding-left: 5px;
    padding-right: 5px;
    }
    .arrowL3 {
        font-size: 15px;
        padding-top: 35px;
	    padding-left: 5px;
    padding-right: 5px;
    }
    .arrowR3 {
        font-size: 15px;
        padding-top: 35px;
	    padding-left: 5px;
    padding-right: 5px;
    }
	
}
	<xf:comment>
	//.....NAVBAR QUERIES.....
	</xf:comment>
	@media screen and (min-width:501px) and (max-width:600px){
	.nav-inner a{
	padding: 12px 13px;
	}
	.subnav .subnavbtn{
	padding: 12px 13px;
	}
	.subnav-content{
	width: 11.15em;
	}
	}
	@media screen and (min-width:401px) and (max-width:500px){
	.nav-inner a{
	padding: 12px 5px;
    	font-size: 14px;
	}
	.subnav .subnavbtn{
	padding: 12px 5px;
    	font-size: 14px;
	}
	.subnav-content{
	width: 9.50em;
	}
	}
	@media screen and (min-width:301px) and (max-width:400px){
	.nav-inner a{
	padding: 8px 4px;
    	font-size: 11px;
	}
	.subnav .subnavbtn{
	padding: 8px 4px;
    	font-size: 11px;
	}
	.subnav-content{
	width: 7.5em;
	}
	.nav-inner {
	height: 31px;
	}
	}
	@media screen and (max-width:300px){
	.nav-inner a{
	padding: 8px 4px;
    	font-size: 10px;
	}
	.subnav .subnavbtn{
	padding: 8px 4px;
    	font-size: 10px;
	}
	.subnav-content{
	width: 6.9em;
	}
	.nav-inner {
	height: 31px;
	}
	}
	
</xf:css>

<xf:js>

$(document).ready(function(){
	
	         jQuery('a.bla-1').magnificPopup({
                type: 'iframe'
            });
	
	
	$(".arrowR1").click(function(){
			var item_width = $('.slider1 ul li').width(); 
			var left_value = item_width * (-1); 
			var left_indent = parseInt($('.slider1 ul').css('left')) - item_width;
			$('.slider1 ul').animate({'left' : left_indent}, 100, function () {
			$('.slider1 ul li:last').after($('.slider1 ul li:first'));                  
			$('.slider1 ul').css({'left' : left_value,});
	});
	});

	$(".arrowL1").click(function(){
			var item_width = $('.slider1 ul li').width(); 
			var right_value = item_width * (+1); 
			var right_indent = parseInt($('.slider1 ul').css('right')) + item_width;
			$('.slider1 ul').animate({'right' : right_indent}, 100, function () {
			$('.slider1 ul li:first').before($('.slider1 ul li:last'));                  
			$('.slider1 ul').css({'right' : right_value,});
	});
	});
});


$(document).ready(function(){
	$(".arrowR2").click(function(){
			var item_width = $('.slider2 ul li').width(); 
			var left_value = item_width * (-1); 
			var left_indent = parseInt($('.slider2 ul').css('left')) - item_width;
			$('.slider2 ul').animate({'left' : left_indent}, 100, function () {
			$('.slider2 ul li:last').after($('.slider2 ul li:first'));                  
			$('.slider2 ul').css({'left' : left_value,});
	});
	});

	$(".arrowL2").click(function(){
			var item_width = $('.slider2 ul li').width(); 
			var right_value = item_width * (+1); 
			var right_indent = parseInt($('.slider2 ul').css('right')) + item_width;
			$('.slider2 ul').animate({'right' : right_indent}, 100, function () {
			$('.slider2 ul li:first').before($('.slider2 ul li:last'));                  
			$('.slider2 ul').css({'right' : right_value,});
	});
	});
});


$(document).ready(function(){
	$(".arrowR3").click(function(){
			var item_width = $('.slider3 ul li').width(); 
			var left_value = item_width * (-1); 
			var left_indent = parseInt($('.slider3 ul').css('left')) - item_width;
			$('.slider3 ul').animate({'left' : left_indent}, 100, function () {
			$('.slider3 ul li:last').after($('.slider3 ul li:first'));                  
			$('.slider3 ul').css({'left' : left_value,});
	});
	});

	$(".arrowL3").click(function(){
			var item_width = $('.slider3 ul li').width(); 
			var right_value = item_width * (+1); 
			var right_indent = parseInt($('.slider3 ul').css('right')) + item_width;
			$('.slider3 ul').animate({'right' : right_indent}, 100, function () {
			$('.slider3 ul li:first').before($('.slider3 ul li:last'));                  
			$('.slider3 ul').css({'right' : right_value,});
	});
	});
});
</xf:js>

<div class="navbar">
		<div class="nav-inner">
		 <a href="{{link('videos')}}" style="background:#fff;color:black;
    border-right: 1px solid black;">Latest Added</a>
        <a href="{{link('rons')}}">Ron's Interviews</a>
		  <div class="subnav">
            <button class="subnavbtn">Audio Brand Videos<i class="fa fa-caret-down"></i></button>
                <div class="subnav-content">
				<xf:foreach loop="$video" value="$function">
					 <a href="{{link('brand',$function)}}">{$function.video_feature}</a>
                </xf:foreach>
                </div>
          </div>
      </div>
</div>
        <div class="main-body">
	<xf:if is="$featurevideo is not empty">
		<div id="mainPlayer" data-activethumb="0">
			 <p id="promptText">
			 	<iframe  class="featured-video" src="{$featurevideo.feature_embed}?controls=0" frameborder="0" allow="accelerometer; autoplay; clipboard-write; encrypted-media; gyroscope; picture-in-picture" allowfullscreen></iframe>
			 </p>
		</div>
	</xf:if>
    <div class="main-inner-body">
      <!--LATEST ADDED-->
	<xf:if is="$latestvideo1 is not empty">
      <h1 class="slider-heading">Latest Added</h1>
      <div style="position: relative;" class="largeSlider">
        <div class="arrowL1">
            <i class="fa fa-chevron-left"></i>
        </div>
        <div class="arrowR1">
            <i class="fa fa-chevron-right"></i>
        </div>
		 
        <div class="slider1">
		
          <ul class="slider-list">
			  
			  	<xf:foreach loop="$latestvideo1" value="$latest">
          <li class="slider-list-item">
          <a class="bla-1" href="{{iframUrl($latest)}}">
            <img class="thumbnail" src="{{get_vpthumbnail($latest.thumbNail)}}">
			  	   <div class="video-title-text">
                {{$latest.iframe_title}}
            </div>
          </a>
          </li>
					  </xf:foreach>
        
      
        
          </ul>
        </div>
      </div>
	</xf:if>
      <!--RON'S INTERVIEW-->
	<xf:if is="$ronsvideo is not empty">
      <h1 class="slider-heading">Ron's Interviews</h1>
      <div style="position: relative;" class="largeSlider">
        <div class="arrowL2">
            <i class="fa fa-chevron-left"></i>
        </div>
        <div class="arrowR2">
            <i class="fa fa-chevron-right"></i>
        </div>
        <div class="slider2">
          <ul class="slider-list">
			    <xf:foreach loop="$ronsvideo" value="$rons">
          <li class="slider-list-item">
          <a class="bla-1" href="{{iframUrl($rons)}}">
            <img class="thumbnail" src="{{get_vpthumbnail($rons.thumbNail)}}">
			  	   <div class="video-title-text">
                {{$rons.iframe_title}}
            </div>
          </a>
          </li>
					 </xf:foreach>
          </ul>
        </div>
      </div>
	</xf:if>
      <!--AUDIO BRAND VIDEOS-->
	<xf:if is="$iframes is not empty">
      <h1 class="slider-heading">Audio Brand Videos</h1>
      <div style="position: relative;" class="largeSlider">
        <div class="arrowL3">
            <i class="fa fa-chevron-left"></i>
        </div>
        <div class="arrowR3">
            <i class="fa fa-chevron-right"></i>
        </div>
		 
        <div class="slider3">
          <ul class="slider-list">
			  <xf:foreach loop="$videobrand" value="$brand">
          <li class="slider-list-item">
          <a class="bla-1" href="{{iframUrl($brand)}}">
            <img class="thumbnail" src="{{get_vpthumbnail($brand.thumbNail)}}">
			   <div class="video-title-text">
                {{$brand.iframe_title}}
            </div>
          </a>
          </li>
			
         </xf:foreach>
  
        
        
          </ul>
        </div>
      </div>
	</xf:if>
    </div>
  </div>]]></template>
  <template type="public" title="rons" version_id="1030000" version_string="1.3"><![CDATA[<link rel="stylesheet" type="text/css" href="https://cdnjs.cloudflare.com/ajax/libs/magnific-popup.js/1.1.0/magnific-popup.css" />
<xf:js src="https://cdnjs.cloudflare.com/ajax/libs/magnific-popup.js/1.1.0/jquery.magnific-popup.min.js" />


<xf:css>
		@charset "UTF-8";

<xf:comment>
    Name: YouTubePopUp
    Description: jQuery plugin to display YouTube or Vimeo video in PopUp, responsive and retina, easy to use.
    Version: 1.0.1
    Plugin URL: http://wp-time.com/youtube-popup-jquery-plugin/
    Written By: Qassim Hassan
    Twitter: @QQQHZ
    Websites: wp-time.com | qass.im | wp-plugins.in
    Dual licensed under the MIT and GPL licenses:
        http://www.opensource.org/licenses/mit-license.php
        http://www.gnu.org/licenses/gpl.html
    Copyright (c) 2016 - Qassim Hassan
</xf:comment>
.p-body-header .p-title h1
{
	display: none;
}
	
.YouTubePopUp-Wrap{
    position:fixed;
    width:100%;
    height:100%;
    background-color:#000;
    background-color:rgba(0,0,0,0.8);
    top:0;
    left:0;
    z-index:9999999999999;
}

.YouTubePopUp-animation{
    opacity: 0;
    -webkit-animation-duration: 0.5s;
    animation-duration: 0.5s;
    -webkit-animation-fill-mode: both;
    animation-fill-mode: both;
    -webkit-animation-name: YouTubePopUp;
    animation-name: YouTubePopUp;
}

@-webkit-keyframes YouTubePopUp {
    0% {
        opacity: 0;
    }

    100% {
        opacity: 1;
    }
}

@keyframes YouTubePopUp {
    0% {
        opacity: 0;
    }

    100% {
        opacity: 1;
    }
}

body.logged-in .YouTubePopUp-Wrap{ /* For WordPress */
    top:32px;
    z-index:99998;
}

.YouTubePopUp-Content{
    max-width: 846px;
    display:block;
    margin:0 auto;
    height:100%;
    position:relative;
}

.YouTubePopUp-Content iframe{
    max-width:100% !important;
    width:100% !important;
    display:block !important;
    height:480px !important;
    border:none !important;
    position:absolute;
    top: 0;
    bottom: 0;
    margin: auto 0;
}
	.video-title-text {
	  width: 100%;
	  padding: 7px;
	  text-align: center;
	  margin: 2px auto;
	  color: white;
	}
.YouTubePopUp-Hide{
    -webkit-animation-duration: 0.5s;
    animation-duration: 0.5s;
    -webkit-animation-fill-mode: both;
    animation-fill-mode: both;
    -webkit-animation-name: YouTubePopUpHide;
    animation-name: YouTubePopUpHide;
}

@-webkit-keyframes YouTubePopUpHide {
    0% {
        opacity: 1;
    }

    100% {
        opacity: 0;
    }
}

@keyframes YouTubePopUpHide {
    0% {
        opacity: 1;
    }

    100% {
        opacity: 0;
    }
}

.YouTubePopUp-Close{
    position:absolute;
    top:0;
    cursor:pointer;
    bottom: 475px;
    right: -57px;
    margin:auto 0;
    width:24px;
    height:24px;
    background:url("styles/img/close.png") no-repeat;
    background-size:24px 24px;
    -webkit-background-size:24px 24px;
    -moz-background-size:24px 24px;
    -o-background-size:24px 24px;
}

.YouTubePopUp-Close:hover{
    opacity:0.5;
}

@media all and (max-width: 1050px) and (min-width: 10px){
    .YouTubePopUp-Close{
        bottom:550px;
        right:0px
    }
    .YouTubePopUp-Content {
        max-width: 85%;
    }
}
@media all and (max-width: 768px) and (min-width: 10px){
    .YouTubePopUp-Content{
        max-width:90%;
    }
}

@media all and (max-width: 600px) and (min-width: 10px){
    .YouTubePopUp-Content iframe{
        height:320px !important;
    }

    .YouTubePopUp-Close{
        bottom:362px;
    }
}

@media all and (max-width: 480px) and (min-width: 10px){
    .YouTubePopUp-Content iframe{
        height:220px !important;
    }

    .YouTubePopUp-Close{
        bottom:262px;
        right:0px
    }
}	
.p-body-inner{
    max-width: 1200px;
	}
	.thumbnail{
    width:100%;
    object-fit: contain;
}
	*{
  margin:0;
  padding:0;
  box-sizing: border-box;
  font-family: Arial, Helvetica, sans-serif;
}
.body{
  width:100%;
  height: auto;
  margin: 0;
  padding: 5px 25px;
  box-sizing: border-box;
  background: black;
}
.body-inner{
  width: 100%;
  margin: 10px auto;
  padding: 10px;
	<xf:comment>background: #231e1e;</xf:comment>
	background: #2d2b2b
    
}
.navbar {
	  overflow: hidden;
	 color: #fff;
	  border-bottom: 2px solid;
	  background: rgb(19 18 18);
	  transition: ease-in .15s all;
	}

	.nav-inner {
	  max-width: 800px;
		margin-left: auto;
		margin-right: auto;
		width: fit-content;
		transition: max-width .2s;
		height: 43px;
		display: flex;
		align-items: center;
		text-decoration: none;
	}
	.nav-inner a {
		color:rgba(255,255,255,0.7);
		text-decoration: none;
		color:#fff;
		 padding: 12px 16px;
	}

	.subnav {
	  float: left;
	  overflow: hidden;
	}

	.subnav .subnavbtn {  
	  border: none;
	  outline: none;
	  color: white;
	  padding: 12px 16px;
	  background-color: inherit;
	  font-family: inherit;
	  margin: 0;

	}

	.navbar a:hover, .subnav:hover .subnavbtn {
	  background-color: #fff;
	  color:black;
	}

	.subnav-content {
	   display: none;
		background-color: black;
		width: 11.60em;
		z-index: 1;
		position: absolute;
	}

	.subnav-content a {
		 color: white;
		text-decoration: none;
		display: block;
	padding: 10px 0px 5px 10px;
	}

	.subnav-content a:hover {
	  background-color: #eee;
	  color: black;
	}

	.subnav:hover .subnav-content {
	  display: block;
	}


.container{
	min-width: 19%;
	max-width: 19%;
    height: auto;
    position: relative;
    display: inline-grid;
}


.title-text {
  width: 100%;
  padding: 2px;
  margin: 2px auto;
  color: white;
	margin-bottom: 5px;
}
@media screen and (min-width:978px) and (max-width:1177px){
	.container{
	margin: 2px 0px 4px 1px;
	}
	}
@media screen and (min-width:934px) and (max-width:977px){
	.container{
	width: 24.5%;
	margin: 2px 0px 4px 1px;
	}
}
@media screen and (min-width:834px) and (max-width:933px){
	.container{
	 width: 24.5%;
     margin: 2px 0.5px 4px 0px;
	}
}
@media screen and (min-width:734px) and (max-width:833px){
	.container{
	 width: 24.5%;
     margin: 2px 0px 4px 0px;
	}
}
@media screen and (min-width:601px) and (max-width:733px){
	.container{
	 width: 24%;
     margin: 2px 0px 4px 2px;
	}
}
@media screen and (min-width:523px) and (max-width:600px){
	.container{
	 width: 32%;
     margin: 2px 0px 4px 3px;
	}
}
@media screen and (min-width:448px) and (max-width:522px){
	.container{
	 width: 32%;
     margin: 2px 0px 4px 2px;
	}
	
}
@media screen and (min-width:380px) and (max-width:447px){
	.container{
	 width: 31%;
     margin: 2px 1px 4px 3px;
	}
}
@media screen and (min-width:301px) and (max-width:379px){
	.container{
	width: 47.12%;
    margin: 2px 1px 4px 3px;
	}
}
@media screen and (max-width:300px){
	.container{
	width: 97%;
    margin: 2px 1px 4px 3px;
	}
}
	<xf:comment>
	//.....TITLE TEXT QUERIES
	</xf:comment>
	@media screen and (min-width:701px) and (max-width:800px){
	.title-text{
	font-size: 14px;
    text-overflow: ellipsis;
    overflow: hidden;
    white-space: nowrap;
    width: 141px;
	}
	}
	@media screen and (min-width:601px) and (max-width:700px){
	.title-text{
	font-size: 14px;
    text-overflow: ellipsis;
    overflow: hidden;
    white-space: nowrap;
    width: 123px;
	}

	}
	@media screen and (min-width:501px) and (max-width:600px){
	.title-text{
	font-size: 13px;
    text-overflow: ellipsis;
    overflow: hidden;
    white-space: nowrap;
    width: 132px;
	}

	}
	@media screen and (min-width:401px) and (max-width:500px){
	.title-text{
	font-size: 13px;
    text-overflow: ellipsis;
    overflow: hidden;
    white-space: nowrap;
    width: 96px;
	}

	}
	@media screen and (min-width:380px) and (max-width:400px){
	.title-text{
	font-size: 12px;
    text-overflow: ellipsis;
    overflow: hidden;
    white-space: nowrap;
    width: 90px;
	}

	}
	@media screen and (min-width:301px) and (max-width:379px){
	.title-text{
	font-size: 12px;
    text-overflow: ellipsis;
    overflow: hidden;
    white-space: nowrap;
    width: 99px;
	}

	}
	@media screen and (max-width:300px){
	.title-text{
	font-size: 12px;
    text-overflow: ellipsis;
    overflow: hidden;
    white-space: nowrap;
    width: 184px;
	}

	}
	<xf:comment>
	//.....NAVBAR QUERIES.....
	</xf:comment>
	@media screen and (min-width:501px) and (max-width:600px){
	.nav-inner a{
	padding: 12px 13px;
	}
	.subnav .subnavbtn{
	padding: 12px 13px;
	}
	.subnav-content{
	width: 11.15em;
	}
	}
	@media screen and (min-width:401px) and (max-width:500px){
	.nav-inner a{
	padding: 12px 5px;
    	font-size: 14px;
	}
	.subnav .subnavbtn{
	padding: 12px 5px;
    	font-size: 14px;
	}
	.subnav-content{
	width: 9.50em;
	}
	}
	@media screen and (min-width:301px) and (max-width:400px){
	.nav-inner a{
	padding: 8px 4px;
    	font-size: 11px;
	}
	.subnav .subnavbtn{
	padding: 8px 4px;
    	font-size: 11px;
	}
	.subnav-content{
	width: 7.5em;
	}
	.nav-inner {
	height: 31px;
	}
	}
	@media screen and (max-width:300px){
	.nav-inner a{
	padding: 8px 4px;
    	font-size: 10px;
	}
	.subnav .subnavbtn{
	padding: 8px 4px;
    	font-size: 10px;
	}
	.subnav-content{
	width: 6.9em;
	}
	.nav-inner {
	height: 31px;
	}
	}
.featured-video {
    width: 100%;
    height: 500px;
    margin: 0;
}	

</xf:css> 
<xf:js>
     $(document).ready(function () {
            
    	         jQuery('a.bla-1').magnificPopup({
                type: 'iframe'
            });
	
            });
</xf:js>
<div class="navbar">
			<div class="nav-inner">
		  <a href="{{link('videos')}}">Latest Added</a>
		  <a href="{{ link('Rons', $rons) }}" style="background:#fff;color:black;border-left: 1px solid black;
    border-right: 1px solid black;">Ron's Interviews</a>
	      <div class="subnav" >
		    <button class="subnavbtn" >Audio Brand Videos<i class="fa fa-caret-down"></i></button>
		      <div class="subnav-content">
				  <xf:foreach loop="$video" value="$function">
		        <a href="{{ link('brand', $function) }}">{$function.video_feature}</a>
          </xf:foreach>
                </div>
		  </div>
	  </div>
	</div>
    <div class="body">
		
			<xf:if is="$featurevideo is not empty">
		<div id="mainPlayer" data-activethumb="0">
			 <p id="promptText">
			 	<iframe  class="featured-video" src="{$featurevideo.feature_embed}?rel=0&controls=0"  style="border:none;overflow:hidden" scrolling="no" frameborder="0" allowTransparency="true" allowFullScreen="true" frameborder="0" allow="accelerometer; autoplay; clipboard-write; encrypted-media; gyroscope; picture-in-picture" allowfullscreen></iframe>
			 </p>
		</div>
	</xf:if>
		
		
		
    <div class="body-inner">
	<xf:foreach loop="$rons" value="$ron">
    <div class="container">
    <a class="bla-1" href="{{iframUrl($ron)}}">
    <img class="thumbnail" src="{{get_vpthumbnail($ron.thumbNail)}}">
			  <div class="video-title-text">
      {{$ron.iframe_title}}
    </div>
    </a>

  </div>
 
  </xf:foreach>
	  <xf:pagenav page="{$page}" perpage="{$perPage}" total="{$total}"
		link="rons" params="{$filters}"
		wrapperclass="block-outer block-outer--after" />
  

  
  
  
 
  
  
   
  </div>
</div>]]></template>
</templates>
