{
    "src/addons/FS/HideContentWithPreview/addon.json": "5405ddd4ea193c4e0daf974560b2d58779eeacc949a1589b4584d97ededd5216",
    "src/addons/FS/HideContentWithPreview/BbCode/Locked.php": "9a2369d7ceb68d7fc84300823f096780d3397af4cc1d5b7e10bd4fff1e51cfe8",
    "src/addons/FS/HideContentWithPreview/Setup.php": "00f6648d6687104d5d974d019aad916bf297703423ce977b7e44d8f560c39733",
    "src/addons/FS/HideContentWithPreview/XF/Pub/Controller/Thread.php": "e9c0d4dae801130cf466e6c5acd76bafc6495d36de0b2429572ef5f9ea259c20",
    "src/addons/FS/HideContentWithPreview/_data/activity_summary_definitions.xml": "99d8c2563a31320d66f958fc8bda78613545f5f7959bb3cf5318805e3a3c39d2",
    "src/addons/FS/HideContentWithPreview/_data/admin_navigation.xml": "064ec797484ac00d5ee37367b50b06846d11f480d00550997712707f8fdac8c0",
    "src/addons/FS/HideContentWithPreview/_data/admin_permission.xml": "ec6fb97cebf0bceb24f1ed1d5778c1db54eeb7535fbb3e31d824840e7aa9ff87",
    "src/addons/FS/HideContentWithPreview/_data/advertising_positions.xml": "d2f7cbe844bb1df3cf878d22ff6306249245c8ff6b0b87b9b729744bec538261",
    "src/addons/FS/HideContentWithPreview/_data/api_scopes.xml": "6793eaf758f140e8137187ba20e65f4faccf53410433ae3ad7a8b3b38cb6b3b7",
    "src/addons/FS/HideContentWithPreview/_data/bb_codes.xml": "1046a10c4e6f1647ce04bb98b46a1c38f69bdb6dc1c9762c67701381c777016d",
    "src/addons/FS/HideContentWithPreview/_data/bb_code_media_sites.xml": "29762987990187b33e43cfb68c08dc917b2d3f0176613d78f8e6c453f82da3f3",
    "src/addons/FS/HideContentWithPreview/_data/class_extensions.xml": "541468c0bc267378a79081d418e0a4962123e12878be28586db7e2cd2d50ff45",
    "src/addons/FS/HideContentWithPreview/_data/code_events.xml": "8370dec3df47f91df4cf79da253446ad11b29f4ea568fe76c774e97a0379f0eb",
    "src/addons/FS/HideContentWithPreview/_data/code_event_listeners.xml": "d6b5072f4909dee7a20ee9e44b163f95c8aa52e6ac7f573e292000cd9238c331",
    "src/addons/FS/HideContentWithPreview/_data/content_type_fields.xml": "c7ad5472b28f465b7ac7617627707eba1b7a39d28089460d52e1ed292fc0b06a",
    "src/addons/FS/HideContentWithPreview/_data/cron.xml": "323c4284742ef24329cd6db6f288eb9736d2353f36852e1db12591e1583aea26",
    "src/addons/FS/HideContentWithPreview/_data/help_pages.xml": "a8a0c0b06cdc550438bc8a8d385af3e1e5ab3459877dfb934c1c31be59c89163",
    "src/addons/FS/HideContentWithPreview/_data/member_stats.xml": "89fb2b93ff1eca7a1f6f752248edf6090dfd24037db1446fd18ff7143f08124d",
    "src/addons/FS/HideContentWithPreview/_data/navigation.xml": "f75e1c03a45a360bbdfcd0567121665082315068475d5b0feb8b1acbb1688651",
    "src/addons/FS/HideContentWithPreview/_data/options.xml": "fe247f62f82104fa0a0a48388cd2ce79ea10bc008027aecda523731d0cbe32a9",
    "src/addons/FS/HideContentWithPreview/_data/option_groups.xml": "3d36f00f045d05a572526778cc0ac7de480c70728a2a5314dd1a454db9ad2f2f",
    "src/addons/FS/HideContentWithPreview/_data/permissions.xml": "7e4fc7d5826733d15ea2d8936b9bdd41afcaad810eb38e50da3c8d8eafda1550",
    "src/addons/FS/HideContentWithPreview/_data/permission_interface_groups.xml": "3177224e96458b829aa7fb24866dda9e0455a4922aee3d669b53f59a1ffdf5d1",
    "src/addons/FS/HideContentWithPreview/_data/phrases.xml": "046cb7b7cfe1cca409405288845e4fcdf66a44d4b07e39c1b8c73a362506f28d",
    "src/addons/FS/HideContentWithPreview/_data/routes.xml": "550fa64f9feedf137dd877b38c2684f94474619d2d83890dbb717a91b50da8f5",
    "src/addons/FS/HideContentWithPreview/_data/style_properties.xml": "8b8690a8512f01f219dd2da76e3d0c5f62afc1f317b87794a7331c859c36a7a8",
    "src/addons/FS/HideContentWithPreview/_data/style_property_groups.xml": "68e1879cb3846c42d978487aa8d5145ff3335fc39e58016878824d5cf3fd684c",
    "src/addons/FS/HideContentWithPreview/_data/templates.xml": "0900d95757c8dac5fe71527cc0dc32e8c2100f9192e328b45440163a4f45f880",
    "src/addons/FS/HideContentWithPreview/_data/template_modifications.xml": "3b54b7df00a6a4a18c5e012b6e2588e35c23aaa13a5fc227f08646a97590d778",
    "src/addons/FS/HideContentWithPreview/_data/widget_definitions.xml": "37e46965256430f24004c2e7f08ba08f9b0d1cbcc4d70e84b3f4e3ffb713e64b",
    "src/addons/FS/HideContentWithPreview/_data/widget_positions.xml": "a29cee66134f6bc5d75ed9df1eef21096c24401915c5b5c774389c3d7bb2d5b3"
}