{
    "src/addons/FS/CreateZoomMeeting/addon.json": "1c8488b672e123911a284acaf58779cbaa611857b4f29df083e0af8845f96b34",
    "src/addons/FS/CreateZoomMeeting/Admin/Controller/Meeting.php": "94517832087ce5b7ed9e59255c20d9226e0f7853a59fa954a69365208f6a27b7",
    "src/addons/FS/CreateZoomMeeting/Entity/Meeting.php": "0a0cb33a7a14560d28b240894891f4e9ace23e1eb67deb30107d843aea1395a9",
    "src/addons/FS/CreateZoomMeeting/Entity/Register.php": "f1b286313fad8c6ab0f09b99571a6957a0e9d854826b0fc51744158c63736569",
    "src/addons/FS/CreateZoomMeeting/Install/Data/MySql.php": "a2dffcd3f1efa84308f74e3c7c15466334d7c6dcdda4e023223ccad933d89c61",
    "src/addons/FS/CreateZoomMeeting/Service/Meeting.php": "69af55bb276f02a40276cac8a1f989fdc8866199b53323fe4f2ddf7edef2b206",
    "src/addons/FS/CreateZoomMeeting/Setup.php": "e4e8446ebc60581a44bb24a9a797867a2db9341daf72eeb847c62ddcbb9210f3",
    "src/addons/FS/CreateZoomMeeting/XF/Admin/Controller/Misc.php": "4ffdbfe174707780d6839437c25e2af86e7a261070624ad65a4cd38edc2d7767",
    "src/addons/FS/CreateZoomMeeting/XF/Admin/Controller/Option.php": "13970d4338ebf78a0f9e7de8330cb704640fa65e4276ae26eb5b74a9eeaae1e3",
    "src/addons/FS/CreateZoomMeeting/XF/Entity/Thread.php": "9b94a78533e66c93fcd9e76d1245d73f432da8483f55526853f2dadcdb014c3d",
    "src/addons/FS/CreateZoomMeeting/XF/Entity/User.php": "8bec397c89309475eadd1d7b8947b01598d1198f26ec9e106881d95a8eb56827",
    "src/addons/FS/CreateZoomMeeting/_data/activity_summary_definitions.xml": "99d8c2563a31320d66f958fc8bda78613545f5f7959bb3cf5318805e3a3c39d2",
    "src/addons/FS/CreateZoomMeeting/_data/admin_navigation.xml": "44de12d6c9f7bd6714ef2be3e4333880d6b71c3f661a87f505bd06bd2e519750",
    "src/addons/FS/CreateZoomMeeting/_data/admin_permission.xml": "ec6fb97cebf0bceb24f1ed1d5778c1db54eeb7535fbb3e31d824840e7aa9ff87",
    "src/addons/FS/CreateZoomMeeting/_data/advertising_positions.xml": "d2f7cbe844bb1df3cf878d22ff6306249245c8ff6b0b87b9b729744bec538261",
    "src/addons/FS/CreateZoomMeeting/_data/api_scopes.xml": "6793eaf758f140e8137187ba20e65f4faccf53410433ae3ad7a8b3b38cb6b3b7",
    "src/addons/FS/CreateZoomMeeting/_data/bb_codes.xml": "faa4ddd5f4a365e5ac39aebdcbe2d25aedf74e7eb9ea4a812766e2fd5e13bdb1",
    "src/addons/FS/CreateZoomMeeting/_data/bb_code_media_sites.xml": "29762987990187b33e43cfb68c08dc917b2d3f0176613d78f8e6c453f82da3f3",
    "src/addons/FS/CreateZoomMeeting/_data/class_extensions.xml": "6716ff82a3b955c20fe122302bc8b42a21b8aa2caecb0bcabab78f678adb4475",
    "src/addons/FS/CreateZoomMeeting/_data/code_events.xml": "8370dec3df47f91df4cf79da253446ad11b29f4ea568fe76c774e97a0379f0eb",
    "src/addons/FS/CreateZoomMeeting/_data/code_event_listeners.xml": "d6b5072f4909dee7a20ee9e44b163f95c8aa52e6ac7f573e292000cd9238c331",
    "src/addons/FS/CreateZoomMeeting/_data/content_type_fields.xml": "c7ad5472b28f465b7ac7617627707eba1b7a39d28089460d52e1ed292fc0b06a",
    "src/addons/FS/CreateZoomMeeting/_data/cron.xml": "323c4284742ef24329cd6db6f288eb9736d2353f36852e1db12591e1583aea26",
    "src/addons/FS/CreateZoomMeeting/_data/help_pages.xml": "a8a0c0b06cdc550438bc8a8d385af3e1e5ab3459877dfb934c1c31be59c89163",
    "src/addons/FS/CreateZoomMeeting/_data/member_stats.xml": "89fb2b93ff1eca7a1f6f752248edf6090dfd24037db1446fd18ff7143f08124d",
    "src/addons/FS/CreateZoomMeeting/_data/navigation.xml": "f75e1c03a45a360bbdfcd0567121665082315068475d5b0feb8b1acbb1688651",
    "src/addons/FS/CreateZoomMeeting/_data/options.xml": "008c5333f01f6a4a978145fa2d426b56732e157c89644c6516a75e4ec2201717",
    "src/addons/FS/CreateZoomMeeting/_data/option_groups.xml": "2d26029915a869bd1b9ec35fd6e7eb0cf4cb38ffca940e297c72ad2f45e4fb7a",
    "src/addons/FS/CreateZoomMeeting/_data/permissions.xml": "7e4fc7d5826733d15ea2d8936b9bdd41afcaad810eb38e50da3c8d8eafda1550",
    "src/addons/FS/CreateZoomMeeting/_data/permission_interface_groups.xml": "3177224e96458b829aa7fb24866dda9e0455a4922aee3d669b53f59a1ffdf5d1",
    "src/addons/FS/CreateZoomMeeting/_data/phrases.xml": "237a133a9208f36ed08cfb4931025db124e7d6e6c60c54dd4eaf3d4f05c6c030",
    "src/addons/FS/CreateZoomMeeting/_data/routes.xml": "35e0851f89c557525a39ccd013769974c97da11b1058ec14e240f6e8f5fd3959",
    "src/addons/FS/CreateZoomMeeting/_data/style_properties.xml": "8b8690a8512f01f219dd2da76e3d0c5f62afc1f317b87794a7331c859c36a7a8",
    "src/addons/FS/CreateZoomMeeting/_data/style_property_groups.xml": "68e1879cb3846c42d978487aa8d5145ff3335fc39e58016878824d5cf3fd684c",
    "src/addons/FS/CreateZoomMeeting/_data/templates.xml": "3eb16999f12ca99d2c5534d85ddeb0ae68002781a28a3355f3a8c10e98eafaec",
    "src/addons/FS/CreateZoomMeeting/_data/template_modifications.xml": "3b54b7df00a6a4a18c5e012b6e2588e35c23aaa13a5fc227f08646a97590d778",
    "src/addons/FS/CreateZoomMeeting/_data/widget_definitions.xml": "37e46965256430f24004c2e7f08ba08f9b0d1cbcc4d70e84b3f4e3ffb713e64b",
    "src/addons/FS/CreateZoomMeeting/_data/widget_positions.xml": "a29cee66134f6bc5d75ed9df1eef21096c24401915c5b5c774389c3d7bb2d5b3"
}