{
    "src/addons/FS/CreateZoomMeeting/addon.json": "1c8488b672e123911a284acaf58779cbaa611857b4f29df083e0af8845f96b34",
    "src/addons/FS/CreateZoomMeeting/Admin/Controller/Meeting.php": "66e606f13b52fa182f52e949986a7e1c1b71881412051e36d2da28031a282994",
    "src/addons/FS/CreateZoomMeeting/Entity/Meeting.php": "d2c397f61012ac9b038eb217421ea16c5af7660d867488eccdab853394f76909",
    "src/addons/FS/CreateZoomMeeting/Entity/Register.php": "f1b286313fad8c6ab0f09b99571a6957a0e9d854826b0fc51744158c63736569",
    "src/addons/FS/CreateZoomMeeting/Install/Data/MySql.php": "2e8818e2b7074c3fc7e4b8066397d48ab3299a31aaa6cb6cc59822d17cc1a033",
    "src/addons/FS/CreateZoomMeeting/Service/Meeting.php": "898c8124d80c81b77d6e6f5633409b3541c4ac7aedc73d23409d9610d0eb41f2",
    "src/addons/FS/CreateZoomMeeting/Setup.php": "e4e8446ebc60581a44bb24a9a797867a2db9341daf72eeb847c62ddcbb9210f3",
    "src/addons/FS/CreateZoomMeeting/XF/Admin/Controller/Misc.php": "d2dd50f7795b4ee57eba21defefcda450af6fc0e432403f3e024e277e2d8bf6e",
    "src/addons/FS/CreateZoomMeeting/XF/Admin/Controller/Option.php": "645e31a28a51cadb9d8684dcadf77b94fe1616006450b6ff7cdbd0f64623c8a9",
    "src/addons/FS/CreateZoomMeeting/XF/Entity/Thread.php": "9b94a78533e66c93fcd9e76d1245d73f432da8483f55526853f2dadcdb014c3d",
    "src/addons/FS/CreateZoomMeeting/XF/Entity/User.php": "8bec397c89309475eadd1d7b8947b01598d1198f26ec9e106881d95a8eb56827",
    "src/addons/FS/CreateZoomMeeting/_data/activity_summary_definitions.xml": "99d8c2563a31320d66f958fc8bda78613545f5f7959bb3cf5318805e3a3c39d2",
    "src/addons/FS/CreateZoomMeeting/_data/admin_navigation.xml": "064ec797484ac00d5ee37367b50b06846d11f480d00550997712707f8fdac8c0",
    "src/addons/FS/CreateZoomMeeting/_data/admin_permission.xml": "ec6fb97cebf0bceb24f1ed1d5778c1db54eeb7535fbb3e31d824840e7aa9ff87",
    "src/addons/FS/CreateZoomMeeting/_data/advertising_positions.xml": "d2f7cbe844bb1df3cf878d22ff6306249245c8ff6b0b87b9b729744bec538261",
    "src/addons/FS/CreateZoomMeeting/_data/api_scopes.xml": "6793eaf758f140e8137187ba20e65f4faccf53410433ae3ad7a8b3b38cb6b3b7",
    "src/addons/FS/CreateZoomMeeting/_data/bb_codes.xml": "faa4ddd5f4a365e5ac39aebdcbe2d25aedf74e7eb9ea4a812766e2fd5e13bdb1",
    "src/addons/FS/CreateZoomMeeting/_data/bb_code_media_sites.xml": "29762987990187b33e43cfb68c08dc917b2d3f0176613d78f8e6c453f82da3f3",
    "src/addons/FS/CreateZoomMeeting/_data/class_extensions.xml": "6716ff82a3b955c20fe122302bc8b42a21b8aa2caecb0bcabab78f678adb4475",
    "src/addons/FS/CreateZoomMeeting/_data/code_events.xml": "8370dec3df47f91df4cf79da253446ad11b29f4ea568fe76c774e97a0379f0eb",
    "src/addons/FS/CreateZoomMeeting/_data/code_event_listeners.xml": "d6b5072f4909dee7a20ee9e44b163f95c8aa52e6ac7f573e292000cd9238c331",
    "src/addons/FS/CreateZoomMeeting/_data/content_type_fields.xml": "c7ad5472b28f465b7ac7617627707eba1b7a39d28089460d52e1ed292fc0b06a",
    "src/addons/FS/CreateZoomMeeting/_data/cron.xml": "323c4284742ef24329cd6db6f288eb9736d2353f36852e1db12591e1583aea26",
    "src/addons/FS/CreateZoomMeeting/_data/help_pages.xml": "a8a0c0b06cdc550438bc8a8d385af3e1e5ab3459877dfb934c1c31be59c89163",
    "src/addons/FS/CreateZoomMeeting/_data/member_stats.xml": "89fb2b93ff1eca7a1f6f752248edf6090dfd24037db1446fd18ff7143f08124d",
    "src/addons/FS/CreateZoomMeeting/_data/navigation.xml": "f75e1c03a45a360bbdfcd0567121665082315068475d5b0feb8b1acbb1688651",
    "src/addons/FS/CreateZoomMeeting/_data/options.xml": "fbf8548b653933dda9ad132f60f9c6e439a381c90c5a3fd0566b4857a8e3087c",
    "src/addons/FS/CreateZoomMeeting/_data/option_groups.xml": "b66a9cf688f8fffd3f72b379b457ee35236d2c06c02e043db68c4533f717200c",
    "src/addons/FS/CreateZoomMeeting/_data/permissions.xml": "7e4fc7d5826733d15ea2d8936b9bdd41afcaad810eb38e50da3c8d8eafda1550",
    "src/addons/FS/CreateZoomMeeting/_data/permission_interface_groups.xml": "3177224e96458b829aa7fb24866dda9e0455a4922aee3d669b53f59a1ffdf5d1",
    "src/addons/FS/CreateZoomMeeting/_data/phrases.xml": "2ac7a8f9f95dca56064f80f1bf3d857feba32cf5794d1f6dff926017d2740c67",
    "src/addons/FS/CreateZoomMeeting/_data/routes.xml": "550fa64f9feedf137dd877b38c2684f94474619d2d83890dbb717a91b50da8f5",
    "src/addons/FS/CreateZoomMeeting/_data/style_properties.xml": "8b8690a8512f01f219dd2da76e3d0c5f62afc1f317b87794a7331c859c36a7a8",
    "src/addons/FS/CreateZoomMeeting/_data/style_property_groups.xml": "68e1879cb3846c42d978487aa8d5145ff3335fc39e58016878824d5cf3fd684c",
    "src/addons/FS/CreateZoomMeeting/_data/templates.xml": "e4e1317394f8f6fdf277ca49d026bce17ef9496480f01db7f5e1a7024de469b7",
    "src/addons/FS/CreateZoomMeeting/_data/template_modifications.xml": "3b54b7df00a6a4a18c5e012b6e2588e35c23aaa13a5fc227f08646a97590d778",
    "src/addons/FS/CreateZoomMeeting/_data/widget_definitions.xml": "37e46965256430f24004c2e7f08ba08f9b0d1cbcc4d70e84b3f4e3ffb713e64b",
    "src/addons/FS/CreateZoomMeeting/_data/widget_positions.xml": "a29cee66134f6bc5d75ed9df1eef21096c24401915c5b5c774389c3d7bb2d5b3"
}