<?xml version="1.0" encoding="utf-8"?>
<options>
  <option option_id="thtc_newPostNodeId" edit_format="callback" data_type="unsigned_integer">
    <default_value>0</default_value>
    <edit_format_params>XF\Option\Forum::renderSelect</edit_format_params>
    <relation group_id="ththreadcredits" display_order="10000"/>
  </option>
  <option option_id="thtc_newThreadCreditPackage" edit_format="callback" data_type="unsigned_integer">
    <default_value>0</default_value>
    <edit_format_params>ThemeHouse\ThreadCredits\Option\CreditPackage::renderSelect</edit_format_params>
    <relation group_id="ththreadcredits" display_order="10010"/>
  </option>
  <option option_id="thtc_nodeIds" edit_format="callback" data_type="array">
    <default_value>[]</default_value>
    <edit_format_params>XF\Option\Forum::renderSelectMultiple</edit_format_params>
    <sub_options>*</sub_options>
    <relation group_id="ththreadcredits" display_order="200"/>
  </option>
  <option option_id="thtc_payOnce" edit_format="onoff" data_type="boolean">
    <default_value>1</default_value>
    <relation group_id="ththreadcredits" display_order="100"/>
  </option>
</options>
