{
    "src/addons/FS/ThreadScoringSystem/addon.json": "09636d1c1b3fee4c0f9b79f2c5650f20ef8968517162a7184e8f299901f4c139",
    "src/addons/FS/ThreadScoringSystem/Cron/ScoringSystem.php": "fc218c9781ca213c3ba82bb81fc0e3b6ca83110236ed8c014da325891ea04409",
    "src/addons/FS/ThreadScoringSystem/Entity/ScoringSystem.php": "fcec62a8c1f23188a02eaaeb341d7b1d2370bc4ef6d8b175790602b28934fe00",
    "src/addons/FS/ThreadScoringSystem/Install/Data/MySql.php": "ad6600c4bf2771f98090d75be5bb63eefd6af196993a4b36a57259f72a1dc8c2",
    "src/addons/FS/ThreadScoringSystem/Job/ReplyPoints.php": "2822b56a59ae84231708f67784394c2a2d2f2bba7b4a6f2e7bfc19ba9f691b97",
    "src/addons/FS/ThreadScoringSystem/Job/SolutionPoints.php": "3fde2eee5484a28766617d2d126bad1b4248e753dba36e3a1951075d3960b2ff",
    "src/addons/FS/ThreadScoringSystem/Job/ThreadStarter.php": "b07664462030e08dba9cc19a68654683bfb53a6b230ba9fa5c7c2d6c6192d0ae",
    "src/addons/FS/ThreadScoringSystem/Service/ReplyPoints.php": "904d9c525cb665ab18f81ced100aaf6fcf8aaba8354c4579a57037f99c09c873",
    "src/addons/FS/ThreadScoringSystem/Setup.php": "6fecb9e6427df5c2d062076d12cf196c073d38afc0a3e42fc322b0c703127b1e",
    "src/addons/FS/ThreadScoringSystem/XF/Entity/Post.php": "a5de10b8c9f8c9f7d7710b631f962d87fd744060c34a3ddf761ca25f5f76439c",
    "src/addons/FS/ThreadScoringSystem/XF/Entity/Thread.php": "fa29014d4692db9a15b9a4506b85dbf572aed6cf8ed237a4ef06773534117b08",
    "src/addons/FS/ThreadScoringSystem/XF/Entity/ThreadQuestion.php": "d3b126222c6c8124c9a79c0b434d1678425483dff26ded6b0d7381e3011a3df8",
    "src/addons/FS/ThreadScoringSystem/XF/Entity/User.php": "d83c31645ba464b5031e085615e62da807eef7697c7ecf7e53995397b4eb0e76",
    "src/addons/FS/ThreadScoringSystem/XF/Pub/Controller/Member.php": "ac4fc832f1b7b116fec3451ab255b975a656dbdbd758aa88056d155a5d299129",
    "src/addons/FS/ThreadScoringSystem/_data/activity_summary_definitions.xml": "99d8c2563a31320d66f958fc8bda78613545f5f7959bb3cf5318805e3a3c39d2",
    "src/addons/FS/ThreadScoringSystem/_data/admin_navigation.xml": "064ec797484ac00d5ee37367b50b06846d11f480d00550997712707f8fdac8c0",
    "src/addons/FS/ThreadScoringSystem/_data/admin_permission.xml": "ec6fb97cebf0bceb24f1ed1d5778c1db54eeb7535fbb3e31d824840e7aa9ff87",
    "src/addons/FS/ThreadScoringSystem/_data/advertising_positions.xml": "d2f7cbe844bb1df3cf878d22ff6306249245c8ff6b0b87b9b729744bec538261",
    "src/addons/FS/ThreadScoringSystem/_data/api_scopes.xml": "6793eaf758f140e8137187ba20e65f4faccf53410433ae3ad7a8b3b38cb6b3b7",
    "src/addons/FS/ThreadScoringSystem/_data/bb_codes.xml": "faa4ddd5f4a365e5ac39aebdcbe2d25aedf74e7eb9ea4a812766e2fd5e13bdb1",
    "src/addons/FS/ThreadScoringSystem/_data/bb_code_media_sites.xml": "29762987990187b33e43cfb68c08dc917b2d3f0176613d78f8e6c453f82da3f3",
    "src/addons/FS/ThreadScoringSystem/_data/class_extensions.xml": "a9ba3ebdbcd099c188715cab24e00552575643aa3d3d4d126ab543db67d26553",
    "src/addons/FS/ThreadScoringSystem/_data/code_events.xml": "8370dec3df47f91df4cf79da253446ad11b29f4ea568fe76c774e97a0379f0eb",
    "src/addons/FS/ThreadScoringSystem/_data/code_event_listeners.xml": "d6b5072f4909dee7a20ee9e44b163f95c8aa52e6ac7f573e292000cd9238c331",
    "src/addons/FS/ThreadScoringSystem/_data/content_type_fields.xml": "c7ad5472b28f465b7ac7617627707eba1b7a39d28089460d52e1ed292fc0b06a",
    "src/addons/FS/ThreadScoringSystem/_data/cron.xml": "3f63929551d67be1bf6c04f36aa03d13337c03e75bfb3f0e7d438d3a7b00243c",
    "src/addons/FS/ThreadScoringSystem/_data/help_pages.xml": "a8a0c0b06cdc550438bc8a8d385af3e1e5ab3459877dfb934c1c31be59c89163",
    "src/addons/FS/ThreadScoringSystem/_data/member_stats.xml": "89fb2b93ff1eca7a1f6f752248edf6090dfd24037db1446fd18ff7143f08124d",
    "src/addons/FS/ThreadScoringSystem/_data/navigation.xml": "f75e1c03a45a360bbdfcd0567121665082315068475d5b0feb8b1acbb1688651",
    "src/addons/FS/ThreadScoringSystem/_data/options.xml": "1ed612037b3927186575529230c5f693bb2f2bf828975e312e6bbf625b9c4c8d",
    "src/addons/FS/ThreadScoringSystem/_data/option_groups.xml": "a448ff5f07f20426ee1ac41ed9d02ea13c3de12fef7409cfe46b32d500b8660f",
    "src/addons/FS/ThreadScoringSystem/_data/permissions.xml": "6be5bdca6ecb7430beeabc5eb624b7a2d023ec808337f396da10c89c3b3e2511",
    "src/addons/FS/ThreadScoringSystem/_data/permission_interface_groups.xml": "9954496bd9aff0c04f6709c360870f6f676b6f2b1908276fbf61d3c75cc9f8fb",
    "src/addons/FS/ThreadScoringSystem/_data/phrases.xml": "083f438fbd113ae0557cfe165411982a10f4cf1353c90f9c70d05dd061319341",
    "src/addons/FS/ThreadScoringSystem/_data/routes.xml": "550fa64f9feedf137dd877b38c2684f94474619d2d83890dbb717a91b50da8f5",
    "src/addons/FS/ThreadScoringSystem/_data/style_properties.xml": "8b8690a8512f01f219dd2da76e3d0c5f62afc1f317b87794a7331c859c36a7a8",
    "src/addons/FS/ThreadScoringSystem/_data/style_property_groups.xml": "68e1879cb3846c42d978487aa8d5145ff3335fc39e58016878824d5cf3fd684c",
    "src/addons/FS/ThreadScoringSystem/_data/templates.xml": "c35eb56d48da547fb136ee922e792b7da4aca5d428972fdfadbb228104f40019",
    "src/addons/FS/ThreadScoringSystem/_data/template_modifications.xml": "13d1ab5380c183013ecaa3b586051478d7a73b6b85538f9980bd4188be061612",
    "src/addons/FS/ThreadScoringSystem/_data/widget_definitions.xml": "37e46965256430f24004c2e7f08ba08f9b0d1cbcc4d70e84b3f4e3ffb713e64b",
    "src/addons/FS/ThreadScoringSystem/_data/widget_positions.xml": "a29cee66134f6bc5d75ed9df1eef21096c24401915c5b5c774389c3d7bb2d5b3"
}