{
    "legacy_addon_id": "WhoReplied",
    "title": "Who Replied",
    "description": "Show the users who replied to a specific thread",
    "version_id": 1722904672,
    "version_string": "2.4.0",
    "dev": "Xon",
    "dev_url": "https://atelieraphelion.com",
    "faq_url": "",
    "support_url": "https://xenforo.com/community/resources/who-replied.6340/",
    "extra_urls": {
        "License": "https://atelieraphelion.com/products/who-replied.218/copyright",
        "Add-on site": "https://atelieraphelion.com/products/who-replied.218/"
    },
    "require": {
        "SV/StandardLib": [
            2001210000,
            "Standard Library by Xon v1.21.0+"
        ],
        "XF": [
            "2.2.0",
            "XenForo 2.2.0+"
        ],
        "php": [
            "7.2.0",
            "PHP 7.2.0+"
        ]
    },
    "icon": "fa-users"
}