{
    "src/addons/SV/WhoReplied/addon.json": "eb8b507a7fe514ae9418abdb4310a6c120254ff77198faae67f35981dc15e745",
    "src/addons/SV/WhoReplied/Setup.php": "21624a72391330003f58ec28a56f2d6b62c16ac5e0c377a8d338a27df70bc5ed",
    "src/addons/SV/WhoReplied/XF/Entity/Thread.php": "d9f3b962620c5fb5057ae8389480441caf459aa3fcfbc0af5cbc972168495707",
    "src/addons/SV/WhoReplied/XF/Entity/User.php": "0543072059fac5daf07475199b3452b3a3318f43b594a466a13f657e17dedcc1",
    "src/addons/SV/WhoReplied/XF/Pub/Controller/Thread.php": "d7423c75398de2a7fb09faf3e8c8fe3439f8d9ad73e6ac981890e11164e2cadc",
    "src/addons/SV/WhoReplied/_data/activity_summary_definitions.xml": "99d8c2563a31320d66f958fc8bda78613545f5f7959bb3cf5318805e3a3c39d2",
    "src/addons/SV/WhoReplied/_data/admin_navigation.xml": "064ec797484ac00d5ee37367b50b06846d11f480d00550997712707f8fdac8c0",
    "src/addons/SV/WhoReplied/_data/admin_permission.xml": "ec6fb97cebf0bceb24f1ed1d5778c1db54eeb7535fbb3e31d824840e7aa9ff87",
    "src/addons/SV/WhoReplied/_data/advertising_positions.xml": "d2f7cbe844bb1df3cf878d22ff6306249245c8ff6b0b87b9b729744bec538261",
    "src/addons/SV/WhoReplied/_data/api_scopes.xml": "6793eaf758f140e8137187ba20e65f4faccf53410433ae3ad7a8b3b38cb6b3b7",
    "src/addons/SV/WhoReplied/_data/bb_codes.xml": "faa4ddd5f4a365e5ac39aebdcbe2d25aedf74e7eb9ea4a812766e2fd5e13bdb1",
    "src/addons/SV/WhoReplied/_data/bb_code_media_sites.xml": "29762987990187b33e43cfb68c08dc917b2d3f0176613d78f8e6c453f82da3f3",
    "src/addons/SV/WhoReplied/_data/class_extensions.xml": "4012677460bb57df718d5c7b4bfb0ea484c3f627ca5581f4f72f0ff977bbd75b",
    "src/addons/SV/WhoReplied/_data/code_events.xml": "8370dec3df47f91df4cf79da253446ad11b29f4ea568fe76c774e97a0379f0eb",
    "src/addons/SV/WhoReplied/_data/code_event_listeners.xml": "d6b5072f4909dee7a20ee9e44b163f95c8aa52e6ac7f573e292000cd9238c331",
    "src/addons/SV/WhoReplied/_data/content_type_fields.xml": "c7ad5472b28f465b7ac7617627707eba1b7a39d28089460d52e1ed292fc0b06a",
    "src/addons/SV/WhoReplied/_data/cron.xml": "323c4284742ef24329cd6db6f288eb9736d2353f36852e1db12591e1583aea26",
    "src/addons/SV/WhoReplied/_data/help_pages.xml": "a8a0c0b06cdc550438bc8a8d385af3e1e5ab3459877dfb934c1c31be59c89163",
    "src/addons/SV/WhoReplied/_data/member_stats.xml": "89fb2b93ff1eca7a1f6f752248edf6090dfd24037db1446fd18ff7143f08124d",
    "src/addons/SV/WhoReplied/_data/navigation.xml": "f75e1c03a45a360bbdfcd0567121665082315068475d5b0feb8b1acbb1688651",
    "src/addons/SV/WhoReplied/_data/options.xml": "37b7061b180fa3125962fbd8664f54bcfbf4c3bc5d3b282b485ff46c692a4bb2",
    "src/addons/SV/WhoReplied/_data/option_groups.xml": "9de6bf0479073044125a474e8d65471544c30879e0df5348354a73cf5c3a5c30",
    "src/addons/SV/WhoReplied/_data/permissions.xml": "5908caa2dcd5f335a4a0e7390ae734a411bfd12351b289bde89f17e5942b1025",
    "src/addons/SV/WhoReplied/_data/permission_interface_groups.xml": "3177224e96458b829aa7fb24866dda9e0455a4922aee3d669b53f59a1ffdf5d1",
    "src/addons/SV/WhoReplied/_data/phrases.xml": "40696e573df3d9b78deb9c4d084172eea3eebc991d1cb81c116282e6a31bd53f",
    "src/addons/SV/WhoReplied/_data/routes.xml": "4253141e652a81715f948e9cd7e312f4bab79bd1855d5ca5a0bce41f100ab26b",
    "src/addons/SV/WhoReplied/_data/style_properties.xml": "8b8690a8512f01f219dd2da76e3d0c5f62afc1f317b87794a7331c859c36a7a8",
    "src/addons/SV/WhoReplied/_data/style_property_groups.xml": "68e1879cb3846c42d978487aa8d5145ff3335fc39e58016878824d5cf3fd684c",
    "src/addons/SV/WhoReplied/_data/templates.xml": "2f336184d7775d59bd4be607afae6cc4e1f7e82d2f18850f436cc3ca375ca035",
    "src/addons/SV/WhoReplied/_data/template_modifications.xml": "861638547f6013e38cf8799e8a15d92ef9ee5be1b715884118d7e3fbba4c6f78",
    "src/addons/SV/WhoReplied/_data/widget_definitions.xml": "37e46965256430f24004c2e7f08ba08f9b0d1cbcc4d70e84b3f4e3ffb713e64b",
    "src/addons/SV/WhoReplied/_data/widget_positions.xml": "a29cee66134f6bc5d75ed9df1eef21096c24401915c5b5c774389c3d7bb2d5b3"
}