<?xml version="1.0" encoding="utf-8"?>
<phrases>
  <phrase title="admin_navigation.af_paidregistrations" version_id="1000010" version_string="1.0.0 Alpha"><![CDATA[Paid Registrations]]></phrase>
  <phrase title="admin_navigation.af_paidregistrations_acc" version_id="1000010" version_string="1.0.0 Alpha"><![CDATA[Account Types]]></phrase>
  <phrase title="admin_navigation.af_paidregistrations_coupons" version_id="1060471" version_string="1.6.4.1"><![CDATA[Coupons]]></phrase>
  <phrase title="admin_navigation.af_paidregistrations_opt" version_id="1000010" version_string="1.0.0 Alpha"><![CDATA[Options]]></phrase>
  <phrase title="af_paidregistrations_accountType" version_id="1000010" version_string="1.0.0 Alpha"><![CDATA[Account Type]]></phrase>
  <phrase title="af_paidregistrations_accountTypes" version_id="1000010" version_string="1.0.0 Alpha"><![CDATA[Account Types]]></phrase>
  <phrase title="af_paidregistrations_add_account_type" version_id="1000010" version_string="1.0.0 Alpha"><![CDATA[Add Account Type]]></phrase>
  <phrase title="af_paidregistrations_alias_explain" version_id="1020170" version_string="1.2.1"><![CDATA[Aliases are useful if you have several combinations of the same user upgrade  (different lenghts, recurrring/non-recurring, etc) and you want to display all the options in one place for the user to choose.<br><br>

You may add as many user upgrade aliases as you like. User upgrades set to "None" will be ignored.]]></phrase>
  <phrase title="af_paidregistrations_already_registered_username_x" version_id="1040670" version_string="1.4.6"><![CDATA[You have already registered with username: {username}. Please login to continue.]]></phrase>
  <phrase title="af_paidregistrations_choose_user_upgrade" version_id="1020170" version_string="1.2.1"><![CDATA[Choose User Upgrade]]></phrase>
  <phrase title="af_paidregistrations_customamount" version_id="1020170" version_string="1.2.1"><![CDATA[Custom Amount]]></phrase>
  <phrase title="af_paidregistrations_customamount_cost" version_id="1020170" version_string="1.2.1"><![CDATA[Custom Amount]]></phrase>
  <phrase title="af_paidregistrations_customamount_explain" version_id="1020170" version_string="1.2.1"><![CDATA[Please enter any amount you would like to pay for this upgrade.]]></phrase>
  <phrase title="af_paidregistrations_customamount_setting_explain" version_id="1030070" version_string="1.3.0"><![CDATA[NOTE: Enabling "Allow Custom Amount" will allow the user to pay any amount they choose for this upgrade. <br>
Useful for donation based upgrades]]></phrase>
  <phrase title="af_paidregistrations_disable_for_guests" version_id="1030070" version_string="1.3.0"><![CDATA[Disable For Guests]]></phrase>
  <phrase title="af_paidregistrations_featured" version_id="1020070" version_string="1.2.0"><![CDATA[Featured]]></phrase>
  <phrase title="af_paidregistrations_fillForm" version_id="1000010" version_string="1.0.0 Alpha"><![CDATA[Thank you for your purchase! Please fill this form to complete registration, your account upgrade will be automatically applied shortly.]]></phrase>
  <phrase title="af_paidregistrations_free" version_id="1000010" version_string="1.0.0 Alpha"><![CDATA[Free]]></phrase>
  <phrase title="af_paidregistrations_giftNow" version_id="1050070" version_string="1.5.0"><![CDATA[Gift Now]]></phrase>
  <phrase title="af_paidregistrations_gift_anonymously" version_id="1050070" version_string="1.5.0"><![CDATA[Gift Anonymously]]></phrase>
  <phrase title="af_paidregistrations_gift_anonymously_explain" version_id="1050070" version_string="1.5.0"><![CDATA[If checked, the user will not see you gifted this upgrade.]]></phrase>
  <phrase title="af_paidregistrations_gift_to_x_from_y" version_id="1050070" version_string="1.5.0"><![CDATA[Gift Upgrade: to {to} from {from}]]></phrase>
  <phrase title="af_paidregistrations_gift_upgrade" version_id="1060070" version_string="1.6.0"><![CDATA[Gift Upgrade]]></phrase>
  <phrase title="af_paidregistrations_gift_upgrade_enter_username" version_id="1060070" version_string="1.6.0"><![CDATA[Enter the username of the user you want to gift an account upgrade.]]></phrase>
  <phrase title="af_paidregistrations_gift_x_username" version_id="1050070" version_string="1.5.0"><![CDATA[Gift Upgrade: {username}]]></phrase>
  <phrase title="af_paidregistrations_invalid_accountType" version_id="1040070" version_string="1.4.0"><![CDATA[Invalid account type specified]]></phrase>
  <phrase title="af_paidregistrations_invalid_customamount" version_id="1030070" version_string="1.3.0"><![CDATA[Invalid amount specified (Minimum amount: {min})]]></phrase>
  <phrase title="af_paidregistrations_invalid_user_specified" version_id="1050070" version_string="1.5.0"><![CDATA[Invalid user specified]]></phrase>
  <phrase title="af_paidregistrations_joinNow" version_id="1000010" version_string="1.0.0 Alpha"><![CDATA[Join Now]]></phrase>
  <phrase title="af_paidregistrations_min_amount" version_id="1030070" version_string="1.3.0"><![CDATA[Minimum amount]]></phrase>
  <phrase title="af_paidregistrations_must_use_same_email" version_id="1040070" version_string="1.4.0"><![CDATA[The same email address must be used to complete registration ({email})]]></phrase>
  <phrase title="af_paidregistrations_no_upgrades_exist" version_id="1040770" version_string="1.4.7"><![CDATA[No user upgrades available. Please create them <a href="admin.php?user-upgrades/">here</a> first.]]></phrase>
  <phrase title="af_paidregistrations_payment_method" version_id="1050070" version_string="1.5.0"><![CDATA[Payment method]]></phrase>
  <phrase title="af_paidregistrations_permanent" version_id="1000070" version_string="1.0.0"><![CDATA[Permanent]]></phrase>
  <phrase title="af_paidregistrations_questions_contact_us" version_id="1050070" version_string="1.5.0"><![CDATA[If you have any questions, please <a href="{contacturl}">contact us</a>.]]></phrase>
  <phrase title="af_paidregistrations_receipt_message" version_id="1000010" version_string="1.0.0 Alpha"><![CDATA[<p>If you weren't already redirected to a registration form, please use <a href="{registerUrl}">this link</a> to register with the user upgrade you purchased.</p>

<p>Note: After you register, please allow up to an hour for the upgrade to be applied to your account.</p>

<p>If you have any questions, please <a href="{contactUrl}">contact us</a>.</p>]]></phrase>
  <phrase title="af_paidregistrations_thank_you_for_purchasing_this_gift" version_id="1050070" version_string="1.5.0"><![CDATA[Thank you for purchasing this upgrade as a gift for {username}.<br />
<br />
When the payment has been approved, their account will be upgraded and they will be notified.]]></phrase>
  <phrase title="af_paidregistrations_upgradeNow" version_id="1000170" version_string="1.0.1"><![CDATA[Upgrade Now]]></phrase>
  <phrase title="af_paidregistrations_user_x_no_giftable_upgrades" version_id="1050070" version_string="1.5.0"><![CDATA[There are no giftable account upgrades available for {username}. Please check back later.]]></phrase>
  <phrase title="af_paidregistrations_you_have_been_gifted_html_body" version_id="1050070" version_string="1.5.0"><![CDATA[<p>{to_username},</p>

<p>You've been gifted an account upgrade ({upgrade_title}) by {from_username}, it's been successfully applied to your account.</p>

Click <a href="{upgrades_url}">here</a> to return the favor.]]></phrase>
  <phrase title="af_paidregistrations_you_have_been_gifted_subject" version_id="1050070" version_string="1.5.0"><![CDATA[You've been gifted an account upgrade!]]></phrase>
  <phrase title="af_paidregistrations_yourRegistrationLink" version_id="1000010" version_string="1.0.0 Alpha"><![CDATA[Your Registration Link]]></phrase>
  <phrase title="af_pr_accounts_types_allowed" version_id="1060471" version_string="1.6.4.1"><![CDATA[Account types allowed]]></phrase>
  <phrase title="af_pr_add_coupon" version_id="1060471" version_string="1.6.4.1"><![CDATA[Add coupon]]></phrase>
  <phrase title="af_pr_apply_coupon" version_id="1080070" version_string="1.8.0"><![CDATA[Apply]]></phrase>
  <phrase title="af_pr_coupon_applied" version_id="1080070" version_string="1.8.0"><![CDATA[Coupon applied]]></phrase>
  <phrase title="af_pr_coupon_code" version_id="1060471" version_string="1.6.4.1"><![CDATA[Coupon code]]></phrase>
  <phrase title="af_pr_coupon_code_explain" version_id="1060471" version_string="1.6.4.1"><![CDATA[If you have a coupon code, enter it here.]]></phrase>
  <phrase title="af_pr_coupons" version_id="1060471" version_string="1.6.4.1"><![CDATA[Coupons]]></phrase>
  <phrase title="af_pr_discount" version_id="1060471" version_string="1.6.4.1"><![CDATA[Discount]]></phrase>
  <phrase title="af_pr_discount_type" version_id="1060471" version_string="1.6.4.1"><![CDATA[Discount type]]></phrase>
  <phrase title="af_pr_edit_coupon" version_id="1060471" version_string="1.6.4.1"><![CDATA[Edit coupon]]></phrase>
  <phrase title="af_pr_end_date" version_id="1060471" version_string="1.6.4.1"><![CDATA[End date]]></phrase>
  <phrase title="af_pr_extend" version_id="1070170" version_string="1.7.1"><![CDATA[Extend]]></phrase>
  <phrase title="af_pr_flat_amount" version_id="1060471" version_string="1.6.4.1"><![CDATA[Flat amount]]></phrase>
  <phrase title="af_pr_invalid_coupon_code" version_id="1060471" version_string="1.6.4.1"><![CDATA[Invalid coupon code]]></phrase>
  <phrase title="af_pr_limited" version_id="1060471" version_string="1.6.4.1"><![CDATA[Limited]]></phrase>
  <phrase title="af_pr_notify_on_these_days_label" version_id="1070170" version_string="1.7.1"><![CDATA[Notify on these days before expiration (separated by commas)]]></phrase>
  <phrase title="af_pr_percentage" version_id="1060471" version_string="1.6.4.1"><![CDATA[Percentage]]></phrase>
  <phrase title="af_pr_please_enter_at_least_one_valid_day_expiry" version_id="1070170" version_string="1.7.1"><![CDATA[Please enter at least one valid day for expiry reminders.]]></phrase>
  <phrase title="af_pr_selected_account_types" version_id="1060471" version_string="1.6.4.1"><![CDATA[Selected account types]]></phrase>
  <phrase title="af_pr_start_date" version_id="1060471" version_string="1.6.4.1"><![CDATA[Start date]]></phrase>
  <phrase title="af_pr_timezone" version_id="1060471" version_string="1.6.4.1"><![CDATA[Timezone]]></phrase>
  <phrase title="af_pr_ugs_allowed" version_id="1060471" version_string="1.6.4.1"><![CDATA[User groups allowed]]></phrase>
  <phrase title="af_pr_unlimited" version_id="1060471" version_string="1.6.4.1"><![CDATA[Unlimited]]></phrase>
  <phrase title="af_pr_upgrade_expiry_alert" version_id="1070170" version_string="1.7.1"><![CDATA[Your Upgrade {upgradeUrl} Expires In {daysAmount} {daysPhrase}. Click here to extend it.]]></phrase>
  <phrase title="af_pr_upgrade_expiry_email_html_footer" version_id="1070170" version_string="1.7.1"><![CDATA[<p class="minorText">This message was sent to you because your preferences are set to receive email reminders for upgrade expiration. <a href="{disable_link}">Stop receiving these emails</a>.</p>]]></phrase>
  <phrase title="af_pr_upgrade_expiry_reminder_html" version_id="1070170" version_string="1.7.1"><![CDATA[<p>Hi {user},</p>

<p>This is a friendly reminder that your user upgrade ({title}) expires in <span style="color:red;font-weight:bold;">{daysAmount} {daysPhrase}</span>.</p>

Click <a href="{extendUrl}">here</a> to extend it now and prevent losing your benefits.]]></phrase>
  <phrase title="af_pr_upgrade_expiry_reminder_subject" version_id="1070170" version_string="1.7.1"><![CDATA[Your Upgrade Expires In {daysAmount} {daysPhrase}]]></phrase>
  <phrase title="af_pr_uses" version_id="1060471" version_string="1.6.4.1"><![CDATA[Uses]]></phrase>
  <phrase title="af_pr_you_have_been_gifted_x_by_y" version_id="1050070" version_string="1.5.0"><![CDATA[<strong class="subject">You</strong> have been gifted an account upgrade: {upgrade} by {from_user}]]></phrase>
  <phrase title="afpr_new_price" version_id="1080070" version_string="1.8.0"><![CDATA[New price]]></phrase>
  <phrase title="cron_entry.afprExpiryReminders" version_id="1070170" version_string="1.7.1"><![CDATA[[AddonFlare] Paid Registrations: Expiry Reminders]]></phrase>
  <phrase title="cron_entry.afprGuestPurchases" version_id="1070070" version_string="1.7.0"><![CDATA[[AddonFlare] Paid Registrations: Guest Purchases]]></phrase>
  <phrase title="option.af_paidregistrations_box_margin" version_id="1000010" version_string="1.0.0 Alpha"><![CDATA[Margin]]></phrase>
  <phrase title="option.af_paidregistrations_cbf" version_id="1000070" version_string="1.0.0"><![CDATA[Branding Free Key]]></phrase>
  <phrase title="option.af_paidregistrations_force_same_email" version_id="1040570" version_string="1.4.5"><![CDATA[Force Same Email]]></phrase>
  <phrase title="option.af_paidregistrations_freeTitle" version_id="1000010" version_string="1.0.0 Alpha"><![CDATA[Regular Account Type Title]]></phrase>
  <phrase title="option.af_paidregistrations_gift_upgrades" version_id="1060070" version_string="1.6.0"><![CDATA[Gift Upgrades: Enabled (Full Version Only)]]></phrase>
  <phrase title="option.af_paidregistrations_gift_upgrades_alert" version_id="1060070" version_string="1.6.0"><![CDATA[Gift Upgrades: Alert (Full Version Only)]]></phrase>
  <phrase title="option.af_paidregistrations_gift_upgrades_anon" version_id="1060070" version_string="1.6.0"><![CDATA[Gift Upgrades: Allow Anonymous Gifts (Full Version Only)]]></phrase>
  <phrase title="option.af_paidregistrations_gift_upgrades_email" version_id="1060070" version_string="1.6.0"><![CDATA[Gift Upgrades: Email (Full Version Only)]]></phrase>
  <phrase title="option.af_paidregistrations_guest" version_id="1000170" version_string="1.0.1"><![CDATA[Enable For Guests]]></phrase>
  <phrase title="option.af_paidregistrations_member" version_id="1020170" version_string="1.2.1"><![CDATA[Enable For Registered Users (Full Version Only)]]></phrase>
  <phrase title="option.af_paidregistrations_member_sideNav" version_id="1020170" version_string="1.2.1"><![CDATA[Enable SideNav For Registered Users (Full Version Only)]]></phrase>
  <phrase title="option.af_paidregistrations_member_sidebar" version_id="1020170" version_string="1.2.1"><![CDATA[Enable Sidebar For Registered Users (Full Version Only)]]></phrase>
  <phrase title="option.af_paidregistrations_paypal_redirect" version_id="1030070" version_string="1.3.0"><![CDATA[PayPal Auto-Redirect]]></phrase>
  <phrase title="option.af_paidregistrations_priceFontSize" version_id="1000010" version_string="1.0.0 Alpha"><![CDATA[Price Font Size]]></phrase>
  <phrase title="option.af_pr_upgrade_expiry_reminders" version_id="1070170" version_string="1.7.1"><![CDATA[Expiry Reminders (Full Version Only)]]></phrase>
  <phrase title="option.af_pr_upgrade_extend" version_id="1070170" version_string="1.7.1"><![CDATA[Extend/Renew Upgrades: Enabled (Full Version Only)]]></phrase>
  <phrase title="option_explain.af_paidregistrations_box_margin" version_id="1000010" version_string="1.0.0 Alpha"><![CDATA[Margin between the account type boxes in registration page<br>
Default: 1%]]></phrase>
  <phrase title="option_explain.af_paidregistrations_cbf" version_id="1000170" version_string="1.0.1"><![CDATA[]]></phrase>
  <phrase title="option_explain.af_paidregistrations_force_same_email" version_id="1040570" version_string="1.4.5"><![CDATA[Force the user to complete registration with the email they entered when purchasing an upgrade]]></phrase>
  <phrase title="option_explain.af_paidregistrations_freeTitle" version_id="1000010" version_string="1.0.0 Alpha"><![CDATA[The title that should be used for the regular/free membership type]]></phrase>
  <phrase title="option_explain.af_paidregistrations_gift_upgrades" version_id="1060070" version_string="1.6.0"><![CDATA[Allow members to purchase account upgrades for each other]]></phrase>
  <phrase title="option_explain.af_paidregistrations_gift_upgrades_alert" version_id="1060070" version_string="1.6.0"><![CDATA[Alert users when they're gifted an upgrade]]></phrase>
  <phrase title="option_explain.af_paidregistrations_gift_upgrades_anon" version_id="1060070" version_string="1.6.0"><![CDATA[Give users the option to gift anonymously]]></phrase>
  <phrase title="option_explain.af_paidregistrations_gift_upgrades_email" version_id="1060070" version_string="1.6.0"><![CDATA[Email users when they're gifted an upgrade]]></phrase>
  <phrase title="option_explain.af_paidregistrations_guest" version_id="1000170" version_string="1.0.1"><![CDATA[Enable the elegant display in the registration page for guests]]></phrase>
  <phrase title="option_explain.af_paidregistrations_member" version_id="1000170" version_string="1.0.1"><![CDATA[Enable the elegant display in the default XF user account upgrades page for registered users]]></phrase>
  <phrase title="option_explain.af_paidregistrations_member_sideNav" version_id="1020070" version_string="1.2.0"><![CDATA[Enable/disable the sidenav in the user upgrades page<br>
Only applies if the option "Enable For Registered Users" is enabled]]></phrase>
  <phrase title="option_explain.af_paidregistrations_member_sidebar" version_id="1020070" version_string="1.2.0"><![CDATA[Enable/disable the sidebar in the user upgrades page<br>
Only applies if the option "Enable For Registered Users" is enabled]]></phrase>
  <phrase title="option_explain.af_paidregistrations_paypal_redirect" version_id="1030070" version_string="1.3.0"><![CDATA[Automatically redirect to PayPal  if PayPal is the only payment provider available]]></phrase>
  <phrase title="option_explain.af_paidregistrations_priceFontSize" version_id="1000010" version_string="1.0.0 Alpha"><![CDATA[Default: 28px]]></phrase>
  <phrase title="option_explain.af_pr_upgrade_expiry_reminders" version_id="1070170" version_string="1.7.1"><![CDATA[]]></phrase>
  <phrase title="option_explain.af_pr_upgrade_extend" version_id="1070170" version_string="1.7.1"><![CDATA[Allow members to extend/renew their upgrades before they expire<br>
<span style="color:red;">The setting "Enable For Registered Users" must be enabled for this to work</span>]]></phrase>
  <phrase title="option_group.af_paidregistrations" version_id="1040070" version_string="1.4.0"><![CDATA[[AddonFlare] Paid Registrations]]></phrase>
  <phrase title="option_group_description.af_paidregistrations" version_id="1000010" version_string="1.0.0 Alpha"><![CDATA[]]></phrase>
  <phrase title="style_prop.af_pr_gift_postbit" version_id="1060170" version_string="1.6.1"><![CDATA[Show Gift Button In Postbit]]></phrase>
  <phrase title="style_prop.af_pr_gift_profile" version_id="1060170" version_string="1.6.1"><![CDATA[Show Gift Button In Profile]]></phrase>
  <phrase title="style_prop_desc.af_pr_gift_postbit" version_id="1060170" version_string="1.6.1"><![CDATA[]]></phrase>
  <phrase title="style_prop_desc.af_pr_gift_profile" version_id="1060170" version_string="1.6.1"><![CDATA[]]></phrase>
  <phrase title="style_prop_group.afPaidRegistrations" version_id="1060170" version_string="1.6.1"><![CDATA[[AddonFlare] Paid Registrations]]></phrase>
  <phrase title="style_prop_group_desc.afPaidRegistrations" version_id="1060170" version_string="1.6.1"><![CDATA[A number of properties to control the appearance of the Paid Registrations add-on]]></phrase>
</phrases>
