<?xml version="1.0" encoding="utf-8"?>
<style_properties>
  <style_property property_name="af_pr_gift_postbit" group_name="afPaidRegistrations" title="Show Gift Button In Postbit" property_type="value" value_type="boolean" value_group="postbit" display_order="10">
    <value>1</value>
  </style_property>
  <style_property property_name="af_pr_gift_profile" group_name="afPaidRegistrations" title="Show Gift Button In Profile" property_type="value" value_type="boolean" value_group="profile" display_order="20">
    <value>1</value>
  </style_property>
</style_properties>
