<?xml version="1.0" encoding="utf-8"?>
<phrases>
  <phrase title="cron_entry.randomUsernamePasswords" version_id="1000010" version_string="1.0.0 Alpha"><![CDATA[[FS] Random Username And Passwords]]></phrase>
  <phrase title="option.fs_random_username_user_ids" version_id="1000010" version_string="1.0.0 Alpha"><![CDATA[User Ids]]></phrase>
  <phrase title="option_explain.fs_random_username_user_ids" version_id="1000010" version_string="1.0.0 Alpha"><![CDATA[Enter the User Ids Comma separated like 1,2,3,4.]]></phrase>
  <phrase title="option_group.fs_random_username_passwords" version_id="1000010" version_string="1.0.0 Alpha"><![CDATA[[FS] Random Username]]></phrase>
  <phrase title="option_group_description.fs_random_username_passwords" version_id="1000010" version_string="1.0.0 Alpha"><![CDATA[]]></phrase>
</phrases>
