<?xml version="1.0" encoding="utf-8"?>
<templates>
  <template type="public" title="nick97_trakt_movies_thread_type_fields" version_id="1000010" version_string="1.0.0 Alpha"><![CDATA[<xf:if is="$context == 'create' AND $subContext == 'quick'">
	<xf:set var="$rowType" value="fullWidth noGutter mergeNext" />
<xf:elseif is="$context == 'edit' AND $subContext == 'first_post_quick'" />
	<xf:set var="$rowType" value="fullWidth mergeNext" />
<xf:else />
	<xf:set var="$rowType" value="" />
</xf:if>

<xf:textboxrow name="snog_movies_tmdb_id" value="{$thread.Movie.tmdb_id}"
			   label="{{ phrase('nick97_movies_link_id') }}"
			   explain="{{ phrase('nick97_movies_explain_link') }}"
			   rowtype="{$rowType}"
			   disabled="{{ $context == 'edit' }}" />]]></template>
  <template type="public" title="nick97_trakt_tv_sync_confirms" version_id="1000010" version_string="1.0.0 Alpha"><![CDATA[<xf:title>{$thread.title}</xf:title>

<xf:breadcrumb source="$thread.getBreadcrumbs()" />

<xf:form action="{{ link('tv/sync', $thread) }}" class="block" ajax="true">
	<div class="block-container">
		<div class="block-body">
			<xf:inforow rowtype="confirm">
				{{ phrase('nick97_you_sure_you_want_to_sync') }}
			</xf:inforow>
		</div>
		<xf:submitrow submit="{{ phrase('nick97_trakt_movies_sync') }}" rowtype="simple" />
	</div>
</xf:form>]]></template>
  <template type="public" title="nick97_trakt_tv_thread_type_fields" version_id="1000010" version_string="1.0.0 Alpha"><![CDATA[<xf:if is="$context == 'create' AND $subContext == 'quick'">
	<xf:set var="$rowType" value="fullWidth noGutter mergeNext" />
<xf:elseif is="$context == 'edit' AND $subContext == 'first_post_quick'" />
	<xf:set var="$rowType" value="fullWidth mergeNext" />
<xf:else />
	<xf:set var="$rowType" value="" />
</xf:if>

<xf:if is="$thread.Forum.TVForum is not empty && $thread.Forum.TVForum.tv_parent_id">
	<xf:textboxrow name="snog_tv_tv_id" value="{$thread.TV.tv_episode}"
				   label="{{ phrase('nick97_tv_episode_number') }}"
				   explain="{{ phrase('nick97_tv_episode_enter_episode_number') }}"
				   rowtype="{$rowType}"
				   disabled="{{ $context == 'edit' }}" />
<xf:else />
	<xf:textboxrow name="snog_tv_tv_id" value="{$thread.TV.tv_id}"
				   label="{{ phrase('nick97_tv_post_show_title') }}"
				   explain="{{ phrase('nick97_tv_show_lookup') }}"
				   rowtype="{$rowType}"
				   disabled="{{ $context == 'edit' }}" />
</xf:if>]]></template>
  <template type="public" title="nick97_trakt_watch_list_sync_confirm" version_id="1000010" version_string="1.0.0 Alpha"><![CDATA[<xf:title>{$thread.title}</xf:title>

<xf:breadcrumb source="$thread.getBreadcrumbs()" />

<xf:form action="{{ link('movies/sync', $thread) }}" class="block" ajax="true">
	<div class="block-container">
		<div class="block-body">
			<xf:inforow rowtype="confirm">
				{{ phrase('nick97_you_sure_you_want_to_sync') }}
			</xf:inforow>
		</div>
		<xf:submitrow submit="{{ phrase('nick97_trakt_movies_sync') }}" rowtype="simple" />
	</div>
</xf:form>]]></template>
</templates>
