{
    "data/assets/snog_movies_cast/no-photo-large.jpg": "b6d722a3de99dc1deac61fbf319e9e5fc383704deaa404d2d3a277eea9a1df58",
    "data/assets/snog_movies_cast/no-photo-small.jpg": "739511112e2e67499128197bdefd28f51b32d31ec5ca7d7b0475a286693a5c77",
    "data/assets/snog_movies_crew/no-photo-large.jpg": "b6d722a3de99dc1deac61fbf319e9e5fc383704deaa404d2d3a277eea9a1df58",
    "data/assets/snog_movies_crew/no-photo-small.jpg": "739511112e2e67499128197bdefd28f51b32d31ec5ca7d7b0475a286693a5c77",
    "data/movies/LargeCompanies/index.html": "36a9e7f1c95b82ffb99743e0c5c4ce95d83c9a430aac59f84ef3cbfab6145068",
    "data/movies/LargePersons/index.html": "36a9e7f1c95b82ffb99743e0c5c4ce95d83c9a430aac59f84ef3cbfab6145068",
    "data/movies/LargePosters/no-poster.jpg": "b911b6deceecd5dcd063ae00d48ec77cb52a72d2791937a36fe60c30e4a8dcce",
    "data/movies/SmallCompanies/index.html": "36a9e7f1c95b82ffb99743e0c5c4ce95d83c9a430aac59f84ef3cbfab6145068",
    "data/movies/SmallPersons/index.html": "36a9e7f1c95b82ffb99743e0c5c4ce95d83c9a430aac59f84ef3cbfab6145068",
    "data/movies/SmallPosters/no-poster.jpg": "515bf74ce7dc87f7a56f90418906e96688e4585074c2a9f1a25f8a4cc64737f7",
    "js/Snog/Movies/slider.js": "38cb70ac3d5c802bf1377a3b02016fe35075d98d5de83ecfad5d4cf25d8a8a14",
    "js/Snog/Movies/slider.min.js": "938005deb611959822043ff6e29b27cef320188a59292405f62fe7b4f672a529",
    "src/addons/Snog/Movies/addon.json": "b36ed41923635d6a12910e8503c8e4c47a78854a9f1f85d961a16299c867228a",
    "src/addons/Snog/Movies/CHANGELOG.md": "7f287aaaa2441ca6b9186c760844521d7ae766390749e8acb519151cbadee604",
    "src/addons/Snog/Movies/Cron/Convert.php": "996dd1ea0b05adf9f95635edb7a08c27025292ebfb1f805ade4a81d1e899a0d4",
    "src/addons/Snog/Movies/Cron/MovieChanges.php": "f9cca0744713850148b7f0c58d6bcd7f02fa04ce37090bd323fb9204610c4309",
    "src/addons/Snog/Movies/Cron/MovieWatchProviderUpdate.php": "2b18f54d292e2b0fd9dd45348f58e99aac70fc2fff9c92eb0e8a9b31fce75256",
    "src/addons/Snog/Movies/Data/Country.php": "9b93516fb6ceab4444fa89b890ba6af793b552d2729f842845ca497886467eb0",
    "src/addons/Snog/Movies/defaultdata/index.html": "36a9e7f1c95b82ffb99743e0c5c4ce95d83c9a430aac59f84ef3cbfab6145068",
    "src/addons/Snog/Movies/defaultdata/LargePosters/index.html": "36a9e7f1c95b82ffb99743e0c5c4ce95d83c9a430aac59f84ef3cbfab6145068",
    "src/addons/Snog/Movies/defaultdata/LargePosters/no-poster.jpg": "b911b6deceecd5dcd063ae00d48ec77cb52a72d2791937a36fe60c30e4a8dcce",
    "src/addons/Snog/Movies/defaultdata/SmallPosters/index.html": "36a9e7f1c95b82ffb99743e0c5c4ce95d83c9a430aac59f84ef3cbfab6145068",
    "src/addons/Snog/Movies/defaultdata/SmallPosters/no-poster.jpg": "515bf74ce7dc87f7a56f90418906e96688e4585074c2a9f1a25f8a4cc64737f7",
    "src/addons/Snog/Movies/Entity/Cast.php": "ec2470e55c1f1be8dbb325e9f8141368973f81597c286ed415cf2b9ab31259d1",
    "src/addons/Snog/Movies/Entity/Company.php": "686d690722e509329f50d102bc732d3e9f5c0ee838bb847c02805eab6aa2e0d4",
    "src/addons/Snog/Movies/Entity/Crew.php": "7df141ddb3ee8cefccc79ec510f31418d679c89d41855a2af8423020543a8fa5",
    "src/addons/Snog/Movies/Entity/Movie.php": "728adb85d60c0b282bfc3711ce0e3b2ec8e6a11b0fda6db941eff419de8c2ae0",
    "src/addons/Snog/Movies/Entity/Person.php": "20416a9b79d20b68d4d4adecf01bd882f961bcfa22799c7fca6a3ab6cdd12c92",
    "src/addons/Snog/Movies/Entity/Rating.php": "0b62de41f6e1df5434890a524d59a953881cfc4f9ba8dcb6bb2c157915241956",
    "src/addons/Snog/Movies/Entity/Video.php": "fb25290c19d3daae42fabf911009ffa31bb946fed47dd31a26d8c76eac154b07",
    "src/addons/Snog/Movies/Finder/Video.php": "df351c2b45412d8d8b437d0617d76ecd347b7e4fbe71e1eb98153425f8b07feb",
    "src/addons/Snog/Movies/ForumType/Movie.php": "5a9207e266697718d84ff8bcdf192f4513c92e8fb4863c692368bbd389d6a17b",
    "src/addons/Snog/Movies/Helper/Movie.php": "c437c8f08dbd2e6604c54ea9435c0b75914f49a0374daa320c50facb11bfbe30",
    "src/addons/Snog/Movies/Helper/Tmdb.php": "ea7aca9ac2b63a8f68a26600ceffb38609a129733b5a6b02cb1c1bb7d3988094",
    "src/addons/Snog/Movies/Helper/Tmdb/Api.php": "eeab0808beb11c0654b8c9265d2b42e4656c13c140973e5bf3525c07acf631f3",
    "src/addons/Snog/Movies/Job/CrossLinkCreate.php": "7177d8b4277b807d6a24a07952ed3e1fafa46366fbe42569943f7cf894f2ad9c",
    "src/addons/Snog/Movies/Job/MovieChanges.php": "00c8927ffe3b8489d9a9cdaab9b45900ffc1837837102c212efba2ff2fa6ced5",
    "src/addons/Snog/Movies/Job/MovieCommunityChangesApply.php": "f87e0c0015c30789a0f0d8315e9e25348c83ffbf29c59f3f57ad925578ffc5b4",
    "src/addons/Snog/Movies/Job/MovieCreditsRebuild.php": "7519f4f02c40ee56dc92748aba0e5a226f9f68eaa35d1e5ea5ecbbbd2db23b12",
    "src/addons/Snog/Movies/Job/MovieNewCompanies.php": "703fd9a215766bfc280ccc20621cff9e41c1cd123f7dfa01e2ddaa296ff17155",
    "src/addons/Snog/Movies/Job/MovieNewPersons.php": "1f4748745512da9bc35431d5fa86762a0dea333dea7c54209b1ad48f09efeff6",
    "src/addons/Snog/Movies/Job/MoviePersonsRebuild.php": "7df8aa3054a89abf87ca0e764a4d93adb1722aef1d226adf0aea3946f5f72c40",
    "src/addons/Snog/Movies/Job/MovieProductionCompaniesRebuild.php": "434d30bb544cbf43285232a01bbb88d1a9f937b7169cf41508164f3fa5a18b51",
    "src/addons/Snog/Movies/Job/MovieRatingRebuild.php": "5732cfe9830b97290fa36670f290786e9fa4055b45bde6c85ed5ee75513c77ea",
    "src/addons/Snog/Movies/Job/MovieRebuild.php": "d10fc9893ae2ae16b5799739f9d4358ab5b32d2e384ef198d2dd56b3ebdf426c",
    "src/addons/Snog/Movies/Job/MovieThreadCoverUpdate.php": "59f8a04042df62ad0f95bc150a161012ac52cf9a00087fb7468675e32a5f50f8",
    "src/addons/Snog/Movies/Job/MovieTmdbRatingRebuild.php": "a6cf384b31fb3e426134c1dba9f3b163b3c3b44b9ff765ec097a584a72b68285",
    "src/addons/Snog/Movies/Job/MovieVideosRebuild.php": "94cad1a0dd1bc58f0820f305f53ba0cf9e71567c33da1e9d7a4194915dc086d5",
    "src/addons/Snog/Movies/Job/MovieWatchProvidersRebuild.php": "e17e8371b0b9f2d60bc2460bb028212d2e5ad8503e7cbda35f37a45a3c731865",
    "src/addons/Snog/Movies/Job/Upgrade/MovieImdb2020014.php": "e0791cafa2d71a1be88e3393e1965f71f87d2aef801a4bfb0652bf07631aa77c",
    "src/addons/Snog/Movies/Job/UserMovieThreadCountRebuild.php": "b0efdbcdeac16b4489ab0027c15eaa2c92a1906c1b51ce4ada50c6fb5dff43a2",
    "src/addons/Snog/Movies/Listener.php": "2fa84cf42683908b2481d3ad9a8cfe87d52617d7334abc5531ad6cae3338abd3",
    "src/addons/Snog/Movies/Option/Country.php": "c5eb34b5b4640a2aebd28d525ab9bef7d902bccc2dbe5bbbda4eab41597069a5",
    "src/addons/Snog/Movies/Option/Language.php": "19f627e6575e48541638b5ab2446397f784f6186d858f9adf2487b65f8c48afd",
    "src/addons/Snog/Movies/Option/UserGroup.php": "7feb4317c58c5a6dbda209eaee52b8756689053b390191400796f7f29ca2b1c4",
    "src/addons/Snog/Movies/Pub/Controller/Movies.php": "4f8b8b55ff5ac618d866fe5c6cb6a973a94206417a079f7f1ff91ee1d706b7f1",
    "src/addons/Snog/Movies/Pub/Controller/Person.php": "4b965b6df88ad3d32c8778a94d16e4d6240b6a6e06c960d5d83ff970a5d3f109",
    "src/addons/Snog/Movies/Repository/Cast.php": "bf57738abf1dca2043241b9792390194f64dd2b328905d06131f726ef6784d48",
    "src/addons/Snog/Movies/Repository/Company.php": "008a33fd0b9857afb2713bb5fc092b0cb5acffa0f1a1b4160cf22ce4bf3fcb1b",
    "src/addons/Snog/Movies/Repository/Crew.php": "b5261242eefda45b4680652eae7988175af9d5b179c40f33be9b5968929ead01",
    "src/addons/Snog/Movies/Repository/Movie.php": "47f9ba8bba4abd7de026be1db2ff6999c4cce4a83e6262afe19627d03632abee",
    "src/addons/Snog/Movies/Repository/Video.php": "7b75ba4b7ba78d22e93c45d97cedb0092bcaa0e6b61b6b49625cbe1aa12c3621",
    "src/addons/Snog/Movies/Service/AbstractMovieSizeMapImage.php": "81e29630b88bed028e742f66ba30abddad97bfc55e59cf77c62920ba718cd7e3",
    "src/addons/Snog/Movies/Service/Company/Creator.php": "02c530842cbb4c4a61e18b37dcce897dbce600c9b8f1eb39804321c490a551cf",
    "src/addons/Snog/Movies/Service/Company/Image.php": "f5629aa5216a85081820dc4f68d24bb50d11fd81404b42312df12a2374d7949c",
    "src/addons/Snog/Movies/Service/Company/Preparer.php": "31cb78d6b8103043b1ff26df7a3c3ee913e5700a66abb03a0d67b0236508be42",
    "src/addons/Snog/Movies/Service/Movie/Creator.php": "165f2e3c4cb8cb2609d4bf809906af43de91ba3b9dea01c75ffa1815f11335a3",
    "src/addons/Snog/Movies/Service/Movie/Editor.php": "26cfd945e571475aa230e2860dd8f83d14d99ab670a3a8895bade4a95a3e14a5",
    "src/addons/Snog/Movies/Service/Movie/Image.php": "2b606e0c9db3753b2205c82732db5268a768bc0674049c6e986fb94d92fc750c",
    "src/addons/Snog/Movies/Service/Movie/Preparer.php": "04bc59b29ce2d7c8c6949de7cc6ca11b7f6098989ee374a3ca39d5c96a02a2ec",
    "src/addons/Snog/Movies/Service/Movie/Rate.php": "bcdb66af7181a96da2299689108c98833ffd0907f1db4365db8ae13af8eb7d5f",
    "src/addons/Snog/Movies/Service/Person/Creator.php": "f95975c1fcc6bca23b6be08df725a1a9bd380c2228fb9d326c5934a93c4f9c94",
    "src/addons/Snog/Movies/Service/Person/Editor.php": "2110a660a1106b7da77f0e26507aef7a03fe31a4d946c5768095b992bf42b9f4",
    "src/addons/Snog/Movies/Service/Person/Image.php": "908e40519ac54aa56b183dd445f33661e5c93e263a53979fd0563ec2c38bbfd4",
    "src/addons/Snog/Movies/Service/Person/Preparer.php": "ff09068d5c4d67bb6e650d7eda801ab161a54f51b2623459c7b3cd5d50665d8b",
    "src/addons/Snog/Movies/Service/Thread/Cover.php": "5cbb38dd6f86b3f868cb2fa558f492408c168c1e02f672a28743e62cf1a8be60",
    "src/addons/Snog/Movies/Service/Thread/TypeData/MovieCreator.php": "8268227b880eb3c783293401735d3766ee3b9481e59cb0d0d3a8a8fcff2b7b44",
    "src/addons/Snog/Movies/Setup.php": "177604619875e115cffd8f1c813e32b2b9fc195d873599e6a57b551bb4010c24",
    "src/addons/Snog/Movies/ThemeHouse/Covers/Pub/Controller/Cover.php": "bd3d6b9e89ba0251877d3cc065b39fb02a49bc0e7503095ae6dba1bb9a84c1f8",
    "src/addons/Snog/Movies/ThreadType/Movie.php": "a79b4f028f811290c4ca36facaf3a3e6848f9e95471007212cc8924353fc325a",
    "src/addons/Snog/Movies/Tmdb/Api/AbstractApiSection.php": "5236d668ece33a01d8183f4a88408ed519e4887d5ed095f95b0e7dedeeb08808",
    "src/addons/Snog/Movies/Tmdb/Api/ApiResponse.php": "a7040bbcb8a9e9b6d137b7fb7bfec8eed0e87dc0106d284694ab3f18a4bea582",
    "src/addons/Snog/Movies/Tmdb/Api/Changes.php": "7630fbaf2b6d7c91435fb560481708d824f30bc947a859e2a2829ee9f0a3aa07",
    "src/addons/Snog/Movies/Tmdb/Api/Company.php": "b49127a43836d8e4257f9627cab8031c964ee9ab432164e0d94e0cdf3e4b0b7d",
    "src/addons/Snog/Movies/Tmdb/Api/Genres.php": "87bbdbc28789faa821c00a7b782dac95b3140f87b775cd88fefd91e97b236ad3",
    "src/addons/Snog/Movies/Tmdb/Api/Movies.php": "e0035c7b8c3c2f433a73a09678f3b7728580d19fe38ed295762911f2d611611d",
    "src/addons/Snog/Movies/Tmdb/Api/People.php": "6c843a6e53f9d8dfaf5816bd04ceb597f2e5e3777ae4304cc1a6401873982d91",
    "src/addons/Snog/Movies/Tmdb/ApiClient.php": "9a2adbc4c5ddfd0cbc5095beee27f080d735f578d090905dbc4c3635b788f2ce",
    "src/addons/Snog/Movies/Tmdb/Image.php": "b15c0a175fad0bfedbf2ae6e7480f36f43995271eaae1eba50eaa4f850f8196f",
    "src/addons/Snog/Movies/Widget/PosterSlider.php": "9786f402a2595d5084689c24aea88c25fc04dd0282d6d3a26a93edb3a8204888",
    "src/addons/Snog/Movies/Widget/Slider.php": "12b93d2eb3727a09203de74e019b20a96a1e4cae070cc5276502978ab11c1663",
    "src/addons/Snog/Movies/XF/Admin/Controller/User.php": "c8bf9eea80210a031a8a8b1e8f2e39dacf30c60e40a26b76acbdd2320e3252fd",
    "src/addons/Snog/Movies/XF/Entity/Forum.php": "9bc0eaac368488d0361a918b6ccdf24410654f0f3360f1a10594b1a51aae295d",
    "src/addons/Snog/Movies/XF/Entity/Thread.php": "6f376fccfa4e5e62d29963a9496a84ef39e3964fe42e0f7c576fb1d0335cbe9b",
    "src/addons/Snog/Movies/XF/Entity/User.php": "422c9a4cac027e1e1f3b56b2f410899d56e15e8937df5fb43bc9be47d6fe3d7f",
    "src/addons/Snog/Movies/XF/Entity/UserOption.php": "fea21e200b7791f9423b4495b745c9477da8ee844d24b7bf1e78690c7dd4e855",
    "src/addons/Snog/Movies/XF/ForumType/Discussion.php": "0975c5b2813f03328d066c60bb3e2e46459422172a7ade1a6ba873705383686e",
    "src/addons/Snog/Movies/XF/Pub/Controller/Account.php": "1d3ae1ce3c4cf30c33834800482a24105f250154839540a888ecea251846bd60",
    "src/addons/Snog/Movies/XF/Pub/Controller/Forum.php": "365e1315cffe96526ed8ac8c6c3b18ae105cbc91c7d8c643936bff0478ee0b50",
    "src/addons/Snog/Movies/XF/Pub/Controller/Post.php": "f16ceae9bff1e5d71171d355d8cc321f297be11689f28ac8ff2288f40ebaf74f",
    "src/addons/Snog/Movies/XF/Pub/Controller/Thread.php": "9eef7ad6aa445a498cf4645665b2e27ee3d3a2bda1b29b5872e6807927cc4f28",
    "src/addons/Snog/Movies/XF/Search/Data/Thread.php": "6be86424fc12cf56857873a176498a5cb5bc82010b5f585daa1b3b06b57b6a55",
    "src/addons/Snog/Movies/XF/Service/Thread/Creator.php": "50ba7b1a784e6544b46d38863477bcd88fe89f9a9f5cb11175d44ec7be07bb62",
    "src/addons/Snog/Movies/XF/Tag/Thread.php": "56e846df37b8adebda3c33f8de7adc57f6643fe0c6804b2c3475d53a41deba0f",
    "src/addons/Snog/Movies/_data/activity_summary_definitions.xml": "99d8c2563a31320d66f958fc8bda78613545f5f7959bb3cf5318805e3a3c39d2",
    "src/addons/Snog/Movies/_data/admin_navigation.xml": "064ec797484ac00d5ee37367b50b06846d11f480d00550997712707f8fdac8c0",
    "src/addons/Snog/Movies/_data/admin_permission.xml": "ec6fb97cebf0bceb24f1ed1d5778c1db54eeb7535fbb3e31d824840e7aa9ff87",
    "src/addons/Snog/Movies/_data/advertising_positions.xml": "d2f7cbe844bb1df3cf878d22ff6306249245c8ff6b0b87b9b729744bec538261",
    "src/addons/Snog/Movies/_data/api_scopes.xml": "6793eaf758f140e8137187ba20e65f4faccf53410433ae3ad7a8b3b38cb6b3b7",
    "src/addons/Snog/Movies/_data/bb_codes.xml": "faa4ddd5f4a365e5ac39aebdcbe2d25aedf74e7eb9ea4a812766e2fd5e13bdb1",
    "src/addons/Snog/Movies/_data/bb_code_media_sites.xml": "29762987990187b33e43cfb68c08dc917b2d3f0176613d78f8e6c453f82da3f3",
    "src/addons/Snog/Movies/_data/class_extensions.xml": "40539c56341351f490544b6187369c2b6397e1ba150a2ec90db8928fc34bd7ef",
    "src/addons/Snog/Movies/_data/code_events.xml": "8370dec3df47f91df4cf79da253446ad11b29f4ea568fe76c774e97a0379f0eb",
    "src/addons/Snog/Movies/_data/code_event_listeners.xml": "23f96826e43b4012c6ff8cc3bace938eadbcfc961d858b11012b087086d0b17c",
    "src/addons/Snog/Movies/_data/content_type_fields.xml": "c7ad5472b28f465b7ac7617627707eba1b7a39d28089460d52e1ed292fc0b06a",
    "src/addons/Snog/Movies/_data/cron.xml": "eb37fc1475da46151e70d6fe9af6e8bc5674c7fc48d0f0c9a54c975fd084d209",
    "src/addons/Snog/Movies/_data/help_pages.xml": "a8a0c0b06cdc550438bc8a8d385af3e1e5ab3459877dfb934c1c31be59c89163",
    "src/addons/Snog/Movies/_data/member_stats.xml": "89fb2b93ff1eca7a1f6f752248edf6090dfd24037db1446fd18ff7143f08124d",
    "src/addons/Snog/Movies/_data/mjc_event_definitions.xml": "b83182307cd408c22a7cb78315af16f996bd63af5d82b59a40f48be875e74da4",
    "src/addons/Snog/Movies/_data/navigation.xml": "f75e1c03a45a360bbdfcd0567121665082315068475d5b0feb8b1acbb1688651",
    "src/addons/Snog/Movies/_data/options.xml": "6b2477fda5d6a5e830bf914c8da95ba40ada410418de0d9b6f8bad4ccc8cbf24",
    "src/addons/Snog/Movies/_data/option_groups.xml": "f7bdbb3d3bf2aef06499398d4c3f584c0d049cd2c8dba448a9ccbcdb7d232938",
    "src/addons/Snog/Movies/_data/pb_simplestats_stat_definitions.xml": "fe84b4a520cc3ed0ff243e05b6793566d948b801979906eb029810ee40e53d59",
    "src/addons/Snog/Movies/_data/permissions.xml": "18bb78fa61353e5a06ed9dd01409c002bc9cadc4ccb3f0fe689d0ddbdc78c647",
    "src/addons/Snog/Movies/_data/permission_interface_groups.xml": "42385f155eec9edb7e99df8f89c1b185ac465c2311a6ea115e260414a8e65b84",
    "src/addons/Snog/Movies/_data/phrases.xml": "9be0e101da5f574ad0defdf2f880fd45f4a4bc1bac003874d722eeafa6504fc5",
    "src/addons/Snog/Movies/_data/rebuilds.xml": "9e63a580cce5c65864be60b75fed296416fc4084e4cde1039429c544f3630ba0",
    "src/addons/Snog/Movies/_data/routes.xml": "2593015234d1e31d92caeee00061403f73cdad5859f1ca6d6edb71bfa2ea46d0",
    "src/addons/Snog/Movies/_data/style_properties.xml": "a44686de654bfc54f29f1ce520a7aa49cc7f282b335554968bbdb3497776e7a7",
    "src/addons/Snog/Movies/_data/style_property_groups.xml": "9805d3e9b4689dcc02dbbc5761c2d664f067698103bb52c698df3bd3bc3b6a27",
    "src/addons/Snog/Movies/_data/templates.xml": "b0f8925f67ddfe063b4a9de3cba664fd9bfe4e138ac68d01ad6f3b23f7325baa",
    "src/addons/Snog/Movies/_data/template_modifications.xml": "375aba52a93b1e6b62aca1af03a0e8768fe66c72a86101704a042dfdee97c2a1",
    "src/addons/Snog/Movies/_data/widget_definitions.xml": "d8f877757f2575b44e0915e8aeb209cae5405f9503336b60eaee9f678488be51",
    "src/addons/Snog/Movies/_data/widget_positions.xml": "a29cee66134f6bc5d75ed9df1eef21096c24401915c5b5c774389c3d7bb2d5b3"
}