{
  "legacy_addon_id": "",
  "title": "Math",
  "description": "Math support and a handy button to insert it all rolled into one addon!",
  "version_id": 4040400,
  "version_string": "4.4.4",
  "dev": "CMTV",
  "dev_url": "https://xenforo.com/community/members/cmtv.162075/",
  "faq_url": "",
  "support_url": "",
  "extra_urls": {
    "My addons & tutorials": "https://xenforo.com/community/resources/authors/cmtv.162075/",
    "Support me!": "https://www.patreon.com/cmtv"
  },
  "require": {
    "XF": [2010070, "XenForo 2.1"],
    "php": ["7.0.0", "PHP 7+"]
  },
  "icon": "fa-function"
}
