{
    "src/addons/FS/WatchEmailAndAlerts/addon.json": "6ebc9c20e1048dc0cc9f0037d52acc88970b6da97fcdd81cd0f827d1f1b43595",
    "src/addons/FS/WatchEmailAndAlerts/Setup.php": "51546441f1218d21cfc0fc7c29daa67dff07e30f2c03e7aad83c7d97c869e6cf",
    "src/addons/FS/WatchEmailAndAlerts/XF/Service/Post/Notifier.php": "ce94231c00d39e22a623ddf894c9f02bc37c2127cf56f61e2e06acd038b94bf7",
    "src/addons/FS/WatchEmailAndAlerts/_data/activity_summary_definitions.xml": "99d8c2563a31320d66f958fc8bda78613545f5f7959bb3cf5318805e3a3c39d2",
    "src/addons/FS/WatchEmailAndAlerts/_data/admin_navigation.xml": "064ec797484ac00d5ee37367b50b06846d11f480d00550997712707f8fdac8c0",
    "src/addons/FS/WatchEmailAndAlerts/_data/admin_permission.xml": "ec6fb97cebf0bceb24f1ed1d5778c1db54eeb7535fbb3e31d824840e7aa9ff87",
    "src/addons/FS/WatchEmailAndAlerts/_data/advertising_positions.xml": "d2f7cbe844bb1df3cf878d22ff6306249245c8ff6b0b87b9b729744bec538261",
    "src/addons/FS/WatchEmailAndAlerts/_data/api_scopes.xml": "6793eaf758f140e8137187ba20e65f4faccf53410433ae3ad7a8b3b38cb6b3b7",
    "src/addons/FS/WatchEmailAndAlerts/_data/bb_codes.xml": "faa4ddd5f4a365e5ac39aebdcbe2d25aedf74e7eb9ea4a812766e2fd5e13bdb1",
    "src/addons/FS/WatchEmailAndAlerts/_data/bb_code_media_sites.xml": "29762987990187b33e43cfb68c08dc917b2d3f0176613d78f8e6c453f82da3f3",
    "src/addons/FS/WatchEmailAndAlerts/_data/class_extensions.xml": "67daaf7c4104df95ad79b2a38a5df4e33f868983406448e72065587da86ab77b",
    "src/addons/FS/WatchEmailAndAlerts/_data/code_events.xml": "8370dec3df47f91df4cf79da253446ad11b29f4ea568fe76c774e97a0379f0eb",
    "src/addons/FS/WatchEmailAndAlerts/_data/code_event_listeners.xml": "d6b5072f4909dee7a20ee9e44b163f95c8aa52e6ac7f573e292000cd9238c331",
    "src/addons/FS/WatchEmailAndAlerts/_data/content_type_fields.xml": "c7ad5472b28f465b7ac7617627707eba1b7a39d28089460d52e1ed292fc0b06a",
    "src/addons/FS/WatchEmailAndAlerts/_data/cron.xml": "323c4284742ef24329cd6db6f288eb9736d2353f36852e1db12591e1583aea26",
    "src/addons/FS/WatchEmailAndAlerts/_data/help_pages.xml": "a8a0c0b06cdc550438bc8a8d385af3e1e5ab3459877dfb934c1c31be59c89163",
    "src/addons/FS/WatchEmailAndAlerts/_data/member_stats.xml": "89fb2b93ff1eca7a1f6f752248edf6090dfd24037db1446fd18ff7143f08124d",
    "src/addons/FS/WatchEmailAndAlerts/_data/navigation.xml": "f75e1c03a45a360bbdfcd0567121665082315068475d5b0feb8b1acbb1688651",
    "src/addons/FS/WatchEmailAndAlerts/_data/options.xml": "c2cd007af16faab803b857a2f57076dc0c41c586e7de6a35a7503c519ed7e306",
    "src/addons/FS/WatchEmailAndAlerts/_data/option_groups.xml": "93a704a66a868c220611a9228a48b921b7e3b9bfdb1c5396bd4aa76e07fbfb68",
    "src/addons/FS/WatchEmailAndAlerts/_data/permissions.xml": "7e4fc7d5826733d15ea2d8936b9bdd41afcaad810eb38e50da3c8d8eafda1550",
    "src/addons/FS/WatchEmailAndAlerts/_data/permission_interface_groups.xml": "3177224e96458b829aa7fb24866dda9e0455a4922aee3d669b53f59a1ffdf5d1",
    "src/addons/FS/WatchEmailAndAlerts/_data/phrases.xml": "b82ddf19011e6bd571dd86caf65ff32d6649fb92219d26e6f80f9973602afc6c",
    "src/addons/FS/WatchEmailAndAlerts/_data/routes.xml": "550fa64f9feedf137dd877b38c2684f94474619d2d83890dbb717a91b50da8f5",
    "src/addons/FS/WatchEmailAndAlerts/_data/style_properties.xml": "8b8690a8512f01f219dd2da76e3d0c5f62afc1f317b87794a7331c859c36a7a8",
    "src/addons/FS/WatchEmailAndAlerts/_data/style_property_groups.xml": "68e1879cb3846c42d978487aa8d5145ff3335fc39e58016878824d5cf3fd684c",
    "src/addons/FS/WatchEmailAndAlerts/_data/templates.xml": "95d4b078b90e74e773cef6695ef94c742e74b8d62e6798738f11f0215a58faee",
    "src/addons/FS/WatchEmailAndAlerts/_data/template_modifications.xml": "3b54b7df00a6a4a18c5e012b6e2588e35c23aaa13a5fc227f08646a97590d778",
    "src/addons/FS/WatchEmailAndAlerts/_data/widget_definitions.xml": "37e46965256430f24004c2e7f08ba08f9b0d1cbcc4d70e84b3f4e3ffb713e64b",
    "src/addons/FS/WatchEmailAndAlerts/_data/widget_positions.xml": "a29cee66134f6bc5d75ed9df1eef21096c24401915c5b5c774389c3d7bb2d5b3"
}