<?xml version="1.0" encoding="utf-8"?>
<options>
  <option option_id="fs_tbn_my_thread_forum_id" edit_format="callback" data_type="integer">
    <default_value>0</default_value>
    <edit_format_params>\XF\Option\Forum::renderSelect</edit_format_params>
    <relation group_id="fs_my_threads_group" display_order="3"/>
  </option>
  <option option_id="fs_tbn_my_thread_minimum_items" edit_format="spinbox" data_type="integer">
    <default_value>1</default_value>
    <edit_format_params>min=1</edit_format_params>
    <relation group_id="fs_my_threads_group" display_order="2"/>
  </option>
  <option option_id="fs_tbn_my_threads_specific_forum_id" edit_format="callback" data_type="integer">
    <default_value>0</default_value>
    <edit_format_params>\XF\Option\Forum::renderSelect</edit_format_params>
    <relation group_id="fs_my_threads_group" display_order="1"/>
  </option>
</options>
