{
    "src/addons/FS/ThreadScoringSystem/addon.json": "363bdec2548e84d5514efe9fa5433df5aaeae205c37e9df4abfbd8348f3d62bc",
    "src/addons/FS/ThreadScoringSystem/Cron/ScoringSystem.php": "cebbdd354f82b108c035ec594132e8b744481a3d72e2786a05c0c4084e9e1b90",
    "src/addons/FS/ThreadScoringSystem/Entity/ScoringSystem.php": "f9a92905c500db19d8f2e6498e2d955af50bb059fd152e9865ee40d42bce3613",
    "src/addons/FS/ThreadScoringSystem/Entity/TotalScoringCustom.php": "6f171812af9b761dba0df66ea4dd089b7548f9c3c18ea22b0b17e9e9b0385ada",
    "src/addons/FS/ThreadScoringSystem/Install/Data/MySql.php": "0d85be08a7a02648e3d54a18c261fc7545a11bc1d1409e95445cc0307c0585d2",
    "src/addons/FS/ThreadScoringSystem/Job/ExcludeForumsThreadsDelete.php": "694a080180bd2a04dbdccd45d4767afa2b55c550b150355cdd013c094656b0b1",
    "src/addons/FS/ThreadScoringSystem/Job/MonthWiseScore.php": "c334a6e86ea2d5c36c46a4dfd3fcc3a1afa80d967cc2e43cee3c6751368735cb",
    "src/addons/FS/ThreadScoringSystem/Job/ReplyPoints.php": "46373f85b162bcc32a733c2bf04ba00cbf0885826b1d2410b30dd5866a9defca",
    "src/addons/FS/ThreadScoringSystem/Job/SolutionPoints.php": "dc165dc70169635d27e89b1df4e5ae6d03df1818d9e9e0b277848657cd638c24",
    "src/addons/FS/ThreadScoringSystem/Job/ThreadDelete.php": "508c620a34d975d27eec04d6b541c0f55973e21bc6f8e21bb745772428d062a4",
    "src/addons/FS/ThreadScoringSystem/Service/ReplyPoints.php": "43537ac1301b13e7372aefa566d179b8e607c79bb2f10022fdfbdf97703a1957",
    "src/addons/FS/ThreadScoringSystem/Setup.php": "040144e47d55510f56d76026d74a35089d2172ccd115cbaa34d4b7640ef24ac7",
    "src/addons/FS/ThreadScoringSystem/Widget/MonthWiseScore.php": "d7614713a08514db64bff8caace5ad2804913e137bf768903a7b67a6dd865dd7",
    "src/addons/FS/ThreadScoringSystem/XF/Entity/Post.php": "50de9ceeb1772c5d5b31b88740da8028570a41d53f9ac9840a2387c64d14567d",
    "src/addons/FS/ThreadScoringSystem/XF/Entity/Thread.php": "9f685912c291f43e35f72e20f5acef0cb84ef1eafce6098e5406b4bc89febe24",
    "src/addons/FS/ThreadScoringSystem/XF/Entity/ThreadQuestion.php": "828a7f8f3b473d8c483bae72d4c34563a0ca02a0673d1d42a6ddc63af8faf40b",
    "src/addons/FS/ThreadScoringSystem/XF/Entity/User.php": "15cd8b01e3dc04d6ee4b7659e35017d80cd0702c69767c9bd065371545eef005",
    "src/addons/FS/ThreadScoringSystem/XF/Pub/Controller/Member.php": "e561de6c83e4322a97b5041b4fd4a2fc72b01b863c94af095705c882cd4826a2",
    "src/addons/FS/ThreadScoringSystem/_data/activity_summary_definitions.xml": "99d8c2563a31320d66f958fc8bda78613545f5f7959bb3cf5318805e3a3c39d2",
    "src/addons/FS/ThreadScoringSystem/_data/admin_navigation.xml": "064ec797484ac00d5ee37367b50b06846d11f480d00550997712707f8fdac8c0",
    "src/addons/FS/ThreadScoringSystem/_data/admin_permission.xml": "ec6fb97cebf0bceb24f1ed1d5778c1db54eeb7535fbb3e31d824840e7aa9ff87",
    "src/addons/FS/ThreadScoringSystem/_data/advertising_positions.xml": "d2f7cbe844bb1df3cf878d22ff6306249245c8ff6b0b87b9b729744bec538261",
    "src/addons/FS/ThreadScoringSystem/_data/api_scopes.xml": "6793eaf758f140e8137187ba20e65f4faccf53410433ae3ad7a8b3b38cb6b3b7",
    "src/addons/FS/ThreadScoringSystem/_data/bb_codes.xml": "faa4ddd5f4a365e5ac39aebdcbe2d25aedf74e7eb9ea4a812766e2fd5e13bdb1",
    "src/addons/FS/ThreadScoringSystem/_data/bb_code_media_sites.xml": "29762987990187b33e43cfb68c08dc917b2d3f0176613d78f8e6c453f82da3f3",
    "src/addons/FS/ThreadScoringSystem/_data/class_extensions.xml": "a9ba3ebdbcd099c188715cab24e00552575643aa3d3d4d126ab543db67d26553",
    "src/addons/FS/ThreadScoringSystem/_data/code_events.xml": "8370dec3df47f91df4cf79da253446ad11b29f4ea568fe76c774e97a0379f0eb",
    "src/addons/FS/ThreadScoringSystem/_data/code_event_listeners.xml": "d6b5072f4909dee7a20ee9e44b163f95c8aa52e6ac7f573e292000cd9238c331",
    "src/addons/FS/ThreadScoringSystem/_data/content_type_fields.xml": "c7ad5472b28f465b7ac7617627707eba1b7a39d28089460d52e1ed292fc0b06a",
    "src/addons/FS/ThreadScoringSystem/_data/cron.xml": "f16ee53b9b486c98794f84025a595ffc12899a65b6457258de535a58a58d4c7d",
    "src/addons/FS/ThreadScoringSystem/_data/help_pages.xml": "a8a0c0b06cdc550438bc8a8d385af3e1e5ab3459877dfb934c1c31be59c89163",
    "src/addons/FS/ThreadScoringSystem/_data/member_stats.xml": "89fb2b93ff1eca7a1f6f752248edf6090dfd24037db1446fd18ff7143f08124d",
    "src/addons/FS/ThreadScoringSystem/_data/navigation.xml": "f75e1c03a45a360bbdfcd0567121665082315068475d5b0feb8b1acbb1688651",
    "src/addons/FS/ThreadScoringSystem/_data/options.xml": "86c2da311de415b2d9f54f4452a911fe5c06e033acac4d1582f38c045c79c667",
    "src/addons/FS/ThreadScoringSystem/_data/option_groups.xml": "a448ff5f07f20426ee1ac41ed9d02ea13c3de12fef7409cfe46b32d500b8660f",
    "src/addons/FS/ThreadScoringSystem/_data/permissions.xml": "6be5bdca6ecb7430beeabc5eb624b7a2d023ec808337f396da10c89c3b3e2511",
    "src/addons/FS/ThreadScoringSystem/_data/permission_interface_groups.xml": "9954496bd9aff0c04f6709c360870f6f676b6f2b1908276fbf61d3c75cc9f8fb",
    "src/addons/FS/ThreadScoringSystem/_data/phrases.xml": "75f1b7a611455c13c925909a12fcd9b43691fc22e3a464fd8d6f961480e76b19",
    "src/addons/FS/ThreadScoringSystem/_data/routes.xml": "550fa64f9feedf137dd877b38c2684f94474619d2d83890dbb717a91b50da8f5",
    "src/addons/FS/ThreadScoringSystem/_data/style_properties.xml": "8b8690a8512f01f219dd2da76e3d0c5f62afc1f317b87794a7331c859c36a7a8",
    "src/addons/FS/ThreadScoringSystem/_data/style_property_groups.xml": "68e1879cb3846c42d978487aa8d5145ff3335fc39e58016878824d5cf3fd684c",
    "src/addons/FS/ThreadScoringSystem/_data/templates.xml": "117bd5f0fafa5d2d50dc6c591640261eb9ccd26e62cf32534d04c59eaf5c4328",
    "src/addons/FS/ThreadScoringSystem/_data/template_modifications.xml": "bbcab470a4d401c26422c0490c7794bfb3578c80b268dbfb47c96c3bba42370f",
    "src/addons/FS/ThreadScoringSystem/_data/widget_definitions.xml": "86609b3f2828fd34f5146fc074654d9abf7cab7416815a5b275f924e68c83ef5",
    "src/addons/FS/ThreadScoringSystem/_data/widget_positions.xml": "a29cee66134f6bc5d75ed9df1eef21096c24401915c5b5c774389c3d7bb2d5b3"
}