{
    "src/addons/FS/ZoomMeeting/addon.json": "5032655ae98ec4cdfd847d0372a08b5dac2ae95f5e7dcc6900428310b310e234",
    "src/addons/FS/ZoomMeeting/Admin/Controller/Category.php": "bd36269c788c5339c8255ac46a1b83178b794888fd90185318308ac0f529137a",
    "src/addons/FS/ZoomMeeting/Admin/Controller/Meeting.php": "c1c3fffe8eb0204a0bd850eed88ddf08cfd956978adb8149959dfb7c7099971d",
    "src/addons/FS/ZoomMeeting/ControllerPlugin/CategoryTree.php": "f91d0289862cdb55079eebfe4ce79f0d77b7267d2754b2faf309df26ca41b779",
    "src/addons/FS/ZoomMeeting/Cron/Meeting.php": "04d996a320650c7cae983907cd740cb73b3255c046969dca9d60aef25f3a4eea",
    "src/addons/FS/ZoomMeeting/Entity/Category.php": "89be94cb12d8946fb653a8a141c59a87c8828874bf2da85cd14200c3e25ecb20",
    "src/addons/FS/ZoomMeeting/Entity/CategoryField.php": "706794b4392c3665171bc553bba106e0d5936e4202237baf42c7a9c5b1246e96",
    "src/addons/FS/ZoomMeeting/Entity/Meeting.php": "a378b929336cf94864c8a70d710ef9b995ca779b287a3367305a8dd25ed59a0d",
    "src/addons/FS/ZoomMeeting/Entity/Register.php": "1b430b2782d6d58079c7214b54c7f786d0c78d3b4eff36a3e4177c33ca038b98",
    "src/addons/FS/ZoomMeeting/Install/Data/MySql.php": "aa970392a644432050b92496ad4d45bb01018309bc7a4c0c446a568686b375b6",
    "src/addons/FS/ZoomMeeting/Pub/Controller/Meeting.php": "f432c4af1e74b22939f58f12ede105fb8c3e778e03f6b16eca6e209df2edb77e",
    "src/addons/FS/ZoomMeeting/Repository/Category.php": "fc229df1d3be48e2e3aedfac6175ae87105ac944967399c2d0fc4d52a040a60c",
    "src/addons/FS/ZoomMeeting/Repository/CategoryField.php": "860c27082a430a49cfc9f4adbadedd8de64458ac0badfa71effc48fa46c846db",
    "src/addons/FS/ZoomMeeting/Repository/Meeting.php": "f5f4b2aba661548ed84c72daff4435c8f85f0add524c1a939d5bbe7c5ca5f49a",
    "src/addons/FS/ZoomMeeting/Service/Meeting.php": "02aedf44f5872c29fd9c93b56f3f586a61e05356a9bb9da32ef6bc3aec028e16",
    "src/addons/FS/ZoomMeeting/Setup.php": "dd4f3e8553ebc2af0b923b61ccc0b3d6b0c8fe83dd5f0b45a0ef9cb4bdda3542",
    "src/addons/FS/ZoomMeeting/XF/Admin/Controller/Misc.php": "6e2537c6282425711eff7fb5ce9409c13250a1fa4ab37d299ca4fdd6dc5af60a",
    "src/addons/FS/ZoomMeeting/XF/Admin/Controller/Option.php": "5f996af55a0ccdae01e40bb25de648a0796f84d0871b913342ced8fe9e2d5e67",
    "src/addons/FS/ZoomMeeting/XF/Entity/Thread.php": "02d34a2b243352215608f3dead75bdfaa20f62499070308d61670e1cc60a1558",
    "src/addons/FS/ZoomMeeting/XF/Entity/User.php": "8aba26cbc177d8cea569d86592bbe0dc255610a98655345601580e4091ed7469",
    "src/addons/FS/ZoomMeeting/_data/activity_summary_definitions.xml": "99d8c2563a31320d66f958fc8bda78613545f5f7959bb3cf5318805e3a3c39d2",
    "src/addons/FS/ZoomMeeting/_data/admin_navigation.xml": "531371ef9bc36cfe9f2b13bcf3397f2cbee277920b925fdca308b446036f38e9",
    "src/addons/FS/ZoomMeeting/_data/admin_permission.xml": "ec6fb97cebf0bceb24f1ed1d5778c1db54eeb7535fbb3e31d824840e7aa9ff87",
    "src/addons/FS/ZoomMeeting/_data/advertising_positions.xml": "d2f7cbe844bb1df3cf878d22ff6306249245c8ff6b0b87b9b729744bec538261",
    "src/addons/FS/ZoomMeeting/_data/api_scopes.xml": "6793eaf758f140e8137187ba20e65f4faccf53410433ae3ad7a8b3b38cb6b3b7",
    "src/addons/FS/ZoomMeeting/_data/bb_codes.xml": "faa4ddd5f4a365e5ac39aebdcbe2d25aedf74e7eb9ea4a812766e2fd5e13bdb1",
    "src/addons/FS/ZoomMeeting/_data/bb_code_media_sites.xml": "29762987990187b33e43cfb68c08dc917b2d3f0176613d78f8e6c453f82da3f3",
    "src/addons/FS/ZoomMeeting/_data/class_extensions.xml": "d59b19fa9441c3478e4c269cca19c3cd12a269cdadb2045bacb1009028f5e43a",
    "src/addons/FS/ZoomMeeting/_data/code_events.xml": "8370dec3df47f91df4cf79da253446ad11b29f4ea568fe76c774e97a0379f0eb",
    "src/addons/FS/ZoomMeeting/_data/code_event_listeners.xml": "d6b5072f4909dee7a20ee9e44b163f95c8aa52e6ac7f573e292000cd9238c331",
    "src/addons/FS/ZoomMeeting/_data/content_type_fields.xml": "6529aff601b7bc9e2c33993a75aa1fefab93d939ea877a7335decdf517761716",
    "src/addons/FS/ZoomMeeting/_data/cron.xml": "475183cd40ac74df3ca792f19f2eca027c6e648567e49e867979aad1777c9cef",
    "src/addons/FS/ZoomMeeting/_data/help_pages.xml": "a8a0c0b06cdc550438bc8a8d385af3e1e5ab3459877dfb934c1c31be59c89163",
    "src/addons/FS/ZoomMeeting/_data/member_stats.xml": "89fb2b93ff1eca7a1f6f752248edf6090dfd24037db1446fd18ff7143f08124d",
    "src/addons/FS/ZoomMeeting/_data/navigation.xml": "22a24848cf01418d4338ddd1bf36f68deade64974fabe8c2ec263339ac892817",
    "src/addons/FS/ZoomMeeting/_data/options.xml": "b9297f1689ae266a72eccec6760e5ce8d56e1c809aa348ffb3072a94da030e55",
    "src/addons/FS/ZoomMeeting/_data/option_groups.xml": "6e95ada7ba65a00f98428ddead6347aa0ac1ed678ed12c11f328efa92d196f38",
    "src/addons/FS/ZoomMeeting/_data/permissions.xml": "472b3236788a61d13402726b0d9a721d624848d2b58f9f0e68ec4bef650c3bbd",
    "src/addons/FS/ZoomMeeting/_data/permission_interface_groups.xml": "63c20e74bb7bb693855b21f1732b0375ad2b535ee1ff36c0e736b76ba1886287",
    "src/addons/FS/ZoomMeeting/_data/phrases.xml": "8c083829515a8b5f05628d5bac05191df297b2f3ca9dda02f4f97cdc4cb7a03d",
    "src/addons/FS/ZoomMeeting/_data/routes.xml": "e4f005bcb28af29ffcbb1fc0cc8dc4d94a84deb10424b9dfa6ef1a428301783f",
    "src/addons/FS/ZoomMeeting/_data/style_properties.xml": "8b8690a8512f01f219dd2da76e3d0c5f62afc1f317b87794a7331c859c36a7a8",
    "src/addons/FS/ZoomMeeting/_data/style_property_groups.xml": "68e1879cb3846c42d978487aa8d5145ff3335fc39e58016878824d5cf3fd684c",
    "src/addons/FS/ZoomMeeting/_data/templates.xml": "db6ca90eb8035d676d0878b3f20f2729bdb2041c1d2ae3c8727bccd94bd9382e",
    "src/addons/FS/ZoomMeeting/_data/template_modifications.xml": "c352c293ecf92c7a5b07f14824ffd6be004c26c4a2bfe4d637982ca065ce27eb",
    "src/addons/FS/ZoomMeeting/_data/widget_definitions.xml": "37e46965256430f24004c2e7f08ba08f9b0d1cbcc4d70e84b3f4e3ffb713e64b",
    "src/addons/FS/ZoomMeeting/_data/widget_positions.xml": "a29cee66134f6bc5d75ed9df1eef21096c24401915c5b5c774389c3d7bb2d5b3",
    "zoom_callback.php": "9fc3426a58af5f6957fe06db1526772ef1e93d76b8e5a8e5fc0b01385aaa346e"
}