{
    "legacy_addon_id": "",
    "title": "Standard Library",
    "description": "A number of helper utilities designed to ease add-on development",
    "version_id" : 2001220400,
    "version_string": "1.22.4",
    "dev": "Atelier Aphelion",
    "dev_url": "https://atelieraphelion.com/",
    "faq_url": "",
    "support_url": "https://xenforo.com/community/resources/standard-library-by-xon.7915/",
    "extra_urls": {
        "License": "https://atelieraphelion.com/products/standard-library.85/copyright",
        "Add-on site": "https://atelieraphelion.com/products/standard-library.85/"
    },
    "require": {
        "XF": [2010070, "XenForo 2.1.0+"],
        "php": ["7.2.0", "PHP 7.2.0+"]
    },
    "icon": "fa-book",
    "composer_autoload": "fake_composer"
}