{
    "js/sv/lib/ajaxPagination.js": "36426abe1a66c38a3a9cd752e971eb2014a83864a598d0099e7814ada1493df5",
    "js/sv/lib/ajaxPagination.min.js": "a52352a1f7a74a9ed121f3c12f840fdd51e0f2c16ef7c443c25b88ffb102096c",
    "js/sv/lib/dropdownSubmit.js": "6788b8388864b0e84cb116521b5d7aeba5588a51bfb16bc79ce81a252ec747a0",
    "js/sv/lib/dropdownSubmit.min.js": "6c021f10a534871cb7070f9490cc67fb2304872e4464c03c49df95ad9bfd1908",
    "js/sv/lib/relative_timestamp.js": "5f81ee42dc1a10036933a6fb376701217fc5a0030db815e3eedc1a0c5544f809",
    "js/sv/lib/relative_timestamp.min.js": "743f21f1e8e21e112199f85d7b8e6e60b1d284d6e5c7535e81cafde41e1fbcf6",
    "js/sv/lib/select.js": "41ffe451aa12ce716c16699aca1f1b59fc6c8619f3d21cddb7d0c0114532d81d",
    "js/sv/lib/select.min.js": "07e68ca22cceddf6acbb8c38927e542da9c30de8ee029cf885b22124b64ba7fb",
    "js/sv/lib/storage.js": "602ff408307f2089b2d74196618b41c6322b4f501f8918b32c0b57863670367f",
    "js/sv/lib/storage.min.js": "6d800bc86a33666691e46d760d93253f75594872f9dd5007912cfc427a7c09ad",
    "js/sv/lib/xf/core/structure.js": "1e8630aa0ecd5e7bf7cefbd2bb306073b64786b8ca08df112909ca866ce76125",
    "js/sv/lib/xf/core/structure.min.js": "dffbd6cc567b3de239b9db925e6bcd6cf640a28f8e44b7ab1a26a42a110ed304",
    "js/sv/lib/xf/filter.js": "05a38871640abf2f3b3162892e92982512381d165f364d5c5ffaf9a894cc7127",
    "js/sv/lib/xf/filter.min.js": "d0c6c50a5ebc9b057a41a1e2094982124d6108472b1567a4bf45c52eb1227fe0",
    "js/sv/vendor/choices/choices.js": "f7633329fb8b4fe8598ac645ae8489cde2d0afc57f59af460ce83c1fcb8dda0b",
    "js/sv/vendor/choices/choices.min.js": "b093f5e269251b8edc89666d40a8d8e4ee5c8ac3035bf0ee6d416e8deae81ac9",
    "js/sv/vendor/choices/choices.search-basic.js": "140dde7fcc74e8e9c748cd74f4a54a692cc75060bb5acb8f8aa4669d23b498bf",
    "js/sv/vendor/choices/choices.search-basic.min.js": "fbfe7113f03be80396461ca8f80927cc6e3c2874fcc1612e101efd41e212f2f8",
    "js/sv/vendor/choices/choices.search-kmp.js": "1e14bd7f0708a42a846df87b8d795ffedb4cb51d94db9d5217f0ff4cce29d974",
    "js/sv/vendor/choices/choices.search-kmp.min.js": "d866330f8dae1b31bfe10b30040764c8a9db1f48ed5b1d110a9e7a17937409c9",
    "js/sv/vendor/choices/choices.search-prefix.js": "0c9835c03db8214fa6ced5f478c012733369111fb6df50cb9d3e6c9a8f43de5c",
    "js/sv/vendor/choices/choices.search-prefix.min.js": "37615a7f34f8a707448834f9898f179937b9ee0230c4f4fd85cb520ed95573d5",
    "js/sv/vendor/domurl/LICENSE": "eb4b52132a566b37a8cf1350fe5af605990415b50c018bf15d6a3f533a9bebc2",
    "js/sv/vendor/domurl/url.js": "e0d39ab7314e3dd46f003ad1c2ef936c6312d8b40d434644b1e4e3335b1d163e",
    "js/sv/vendor/domurl/url.min.js": "46f4dadcc2714a1292e81b44916804218804ccf1891842d3398531d79c653b47",
    "js/sv/vendor/moment/LICENSE": "8f38f320bbf5eb84c08e08676f7ee1d2204ebe5797f6a090d077329cf212fca3",
    "js/sv/vendor/moment/moment.js": "c33f09a4e1230f3075be8d2a94081108d52f62d3c30b9a238941fe80790267c6",
    "js/sv/vendor/moment/moment.min.js": "a49c29127e6024b9eaa0857ac87a997926be4f775a76d515dfaa244a72dfba2a",
    "src/addons/SV/StandardLib/addon.json": "aab59b714eda4e7f310ac99fb749339f9e2e4b9f14012f1e30e31205c1993689",
    "src/addons/SV/StandardLib/Behavior/Cacheable.php": "c71e96c9db4c73f30e3a34877691ebdb80a3343e48f10438ab20a010c913174a",
    "src/addons/SV/StandardLib/BypassAccessStatus.php": "91ac7003e697352fe403854b3edada8f33b66b82726e616dd1c3a1a01bf8e9c1",
    "src/addons/SV/StandardLib/ControllerPlugin/Delete.php": "1ba9bc09a388dbabe5d01089994c0d9a76501af9393581a887c9307d5298924a",
    "src/addons/SV/StandardLib/ControllerPlugin/Filter.php": "9eb6bbd447581d0350b61f0b29fd3171f9c33864616e6b2b92295ee911e97f4d",
    "src/addons/SV/StandardLib/Db/AlterColumnUnwrapper.php": "4216bdbae4c715e850c413c1048085766a59687b2a71030e1b5f8472a519682a",
    "src/addons/SV/StandardLib/Db/AlterTableUnwrapper.php": "b44ae1f6be461a375de9468ba0e1dd216e2e909cb1d7d0bc8992e4229a4413f3",
    "src/addons/SV/StandardLib/fake_composer/autoload_classmap.php": "d2fb3aabee297a05a676256faf497d756c1e377d76a9baf3b4961049ceb997d8",
    "src/addons/SV/StandardLib/fake_composer/autoload_namespaces.php": "0c1da7a0e63c4beea209d501fb2636f4e938c2690bb3ac08d817d73c91720b2e",
    "src/addons/SV/StandardLib/fake_composer/autoload_psr4.php": "0c1da7a0e63c4beea209d501fb2636f4e938c2690bb3ac08d817d73c91720b2e",
    "src/addons/SV/StandardLib/fake_composer/installed.json": "44136fa355b3678a1146ad16f7e8649e94fb4fc21fe77e8310c060f61caaff8a",
    "src/addons/SV/StandardLib/fake_composer/shim/XF/Api/Result/ResultInterface.php": "d56623e2d839a4ae8b98c7e16637872f4074f3f92c9d639339ae5064bd2ed427",
    "src/addons/SV/StandardLib/fake_composer/shim/XF/Entity/ContainableInterface.php": "043cd628f37e5b05f7d45c273ea8b1669b3f788d074d70e9b93296ee7ada52c4",
    "src/addons/SV/StandardLib/fake_composer/shim/XF/Entity/ContainableTrait.php": "cc0bbe5b2d30a15434a3c5ce2c8618d4fda97b31afa5b269bd9d1c735c3844a7",
    "src/addons/SV/StandardLib/fake_composer/shim/XF/Entity/DatableInterface.php": "89a8a4e97fa6d8478ec0435dd4540120764d487431e7d912401f0d8f0ad3485b",
    "src/addons/SV/StandardLib/fake_composer/shim/XF/Entity/DatableTrait.php": "7f890d2998400c420cfc96c021e66b187489ba38d270f0e211935e3c8a9c49f7",
    "src/addons/SV/StandardLib/fake_composer/shim/XF/Entity/LinkableInterface.php": "28a81d1b0e8593635a82b2d4829f358ee76533fad7a6427c19d33192d597a7c2",
    "src/addons/SV/StandardLib/fake_composer/shim/XF/Entity/ResultInterface.php": "ea624618212d5c4a75b1366e6ed82ab9976b2eb1652f51c70da90d53f16a413d",
    "src/addons/SV/StandardLib/fake_composer/shim/XF/Entity/ViewableInterface.php": "de98e3b60664915067036701e0e0b4c872ef8db0150ebcc42f0587daef4c3fed",
    "src/addons/SV/StandardLib/Finder/ComplexJoinTrait.php": "06b60103b8261d76e3e80941697b17076a700e7cace4db0e070d1f530dd080bd",
    "src/addons/SV/StandardLib/Finder/EarlyJoinFinderTrait.php": "02d0624a099d02352bed95d6c3ce92e177ac4de6f12b9dd18c49b9015ed5ac39",
    "src/addons/SV/StandardLib/Finder/RlikeOperatorTrait.php": "454661e3d2436b503ae50e164a5404e93f868942c1e4ce9420872b6cc9dd1c7d",
    "src/addons/SV/StandardLib/Finder/SqlJoinTrait.php": "f4b25f851a059ca6fb6885c5e56e76683ee9af7f13443a5a22877cff7d2bc720",
    "src/addons/SV/StandardLib/Helper.php": "9aae8ddbacec4bedc02c3d06b279b37dc9ac4b5215305ce49174cfaa1c72cd24",
    "src/addons/SV/StandardLib/InstallerHelper.php": "0c91abb8b6eb8a1438732de5084416cc2cf245f46df59aea410731141ebad3c8",
    "src/addons/SV/StandardLib/Option/EntriesPerPage.php": "4d72ab7e0b27a9d329196b2f144ef4e13b655a65531a77d2916139aa9d54aafc",
    "src/addons/SV/StandardLib/Permissions/PermissionCache.php": "c5b024ed2fc865759bebc82a8ed970e142cface378cf7ab1fe18087da1b48187",
    "src/addons/SV/StandardLib/Repository/Helper.php": "3ce2a5caace10b7a9de7a9e564f3631b2d35915fb90951b771bcfaab18fd791f",
    "src/addons/SV/StandardLib/Repository/LinkBuilder.php": "b0fa9a02804be0a85b2dbfaff6a4d1706310d65e69d296a31b0e3c7adc9f094e",
    "src/addons/SV/StandardLib/Repository/Permissions.php": "07e017a372943759dc66195e034fecce51b14efb737b2d7efaadaf084acea49a",
    "src/addons/SV/StandardLib/Setup.php": "d2ee2acc4f60c0e2bca216e8f80ae637b85c1d4d189d54a6b100eab6987b118c",
    "src/addons/SV/StandardLib/TemplaterAccess.php": "24f5c47cde048d5853289127cd5061619bb8fb7b56a1788c27d9899862fc0246",
    "src/addons/SV/StandardLib/TemplaterHelper.php": "51a8f3860f75e8973937ad344e98fb5f45e2933cf9205958eb8e48bbf87753f3",
    "src/addons/SV/StandardLib/XF/AddOn/DataManager.php": "5918f051c229290ae802c47d7a6b00896970e4ffe5bc84d602baada0a3d700b8",
    "src/addons/SV/StandardLib/XF/AddOn/Manager.php": "17ca4aee8b2ff66e7a89ec5dc08a7b281aa5965089c01701be512acb3edd3469",
    "src/addons/SV/StandardLib/XF/Admin/Controller/Template.php": "c54d2f024897fc152e2ebe3bbfe96a8177eac1ed856ffa8f88392764e636c6b8",
    "src/addons/SV/StandardLib/XF/CssRenderer.php": "2a86644cad6d6bd1483ebe9597479d02779abd0fe966c4051c60dc41278d61a1",
    "src/addons/SV/StandardLib/XF/Entity/Option.php": "d89b02db09f7c4e3226503778938ff9e2007ef42ec36100977aa1afbd80770f4",
    "src/addons/SV/StandardLib/XF/InputFilterer.php": "c4e3b85b96f2bf45ebf46c764e6471a0a70b2b0bb4cfb30cf0f7214b36439b05",
    "src/addons/SV/StandardLib/XF/Mvc/Router.php": "6752c6e6bae9b2011fe74cfd10c91f7bc616a7ebd6e5098e404ecd9986841b42",
    "src/addons/SV/StandardLib/XF/Pub/Controller/Forum.php": "f03a773eaf5bdd3b1307581deb5241329c106ee7c0170777e7a8b7c7d76d6337",
    "src/addons/SV/StandardLib/XF/Pub/Controller/Watched.php": "4c122d4302e69d6feb2b516372c01abfc2ad9b2700504c6137f3836e038c59e5",
    "src/addons/SV/StandardLib/XF/Template/Templater.php": "4d382feb474fc04968b9ae898ec60c9e6cf43346623fc4854b8caaf20bba4f9a",
    "src/addons/SV/StandardLib/XF/Template/TemplaterXF21Patch.php": "d1c70e043df6a50bdac63c7fa164f0af6bb5073138219ec7e257c0dccebd9f23",
    "src/addons/SV/StandardLib/_data/activity_summary_definitions.xml": "99d8c2563a31320d66f958fc8bda78613545f5f7959bb3cf5318805e3a3c39d2",
    "src/addons/SV/StandardLib/_data/admin_navigation.xml": "064ec797484ac00d5ee37367b50b06846d11f480d00550997712707f8fdac8c0",
    "src/addons/SV/StandardLib/_data/admin_permission.xml": "ec6fb97cebf0bceb24f1ed1d5778c1db54eeb7535fbb3e31d824840e7aa9ff87",
    "src/addons/SV/StandardLib/_data/advertising_positions.xml": "d2f7cbe844bb1df3cf878d22ff6306249245c8ff6b0b87b9b729744bec538261",
    "src/addons/SV/StandardLib/_data/api_scopes.xml": "6793eaf758f140e8137187ba20e65f4faccf53410433ae3ad7a8b3b38cb6b3b7",
    "src/addons/SV/StandardLib/_data/bb_codes.xml": "faa4ddd5f4a365e5ac39aebdcbe2d25aedf74e7eb9ea4a812766e2fd5e13bdb1",
    "src/addons/SV/StandardLib/_data/bb_code_media_sites.xml": "29762987990187b33e43cfb68c08dc917b2d3f0176613d78f8e6c453f82da3f3",
    "src/addons/SV/StandardLib/_data/class_extensions.xml": "a6f293e8e12616fddc9864368043fdc2ddde534cf9a6814e37cf77fbc49b5a9b",
    "src/addons/SV/StandardLib/_data/code_events.xml": "6dcfd4f4ef20aff64c3aca7833ae36117eddc399d54652a0ede1a4179fbd48ca",
    "src/addons/SV/StandardLib/_data/code_event_listeners.xml": "9145e21c367a9f73a868f119367973245c94cd362944444f860c804dfc1337c3",
    "src/addons/SV/StandardLib/_data/content_type_fields.xml": "c7ad5472b28f465b7ac7617627707eba1b7a39d28089460d52e1ed292fc0b06a",
    "src/addons/SV/StandardLib/_data/cron.xml": "323c4284742ef24329cd6db6f288eb9736d2353f36852e1db12591e1583aea26",
    "src/addons/SV/StandardLib/_data/help_pages.xml": "a8a0c0b06cdc550438bc8a8d385af3e1e5ab3459877dfb934c1c31be59c89163",
    "src/addons/SV/StandardLib/_data/member_stats.xml": "89fb2b93ff1eca7a1f6f752248edf6090dfd24037db1446fd18ff7143f08124d",
    "src/addons/SV/StandardLib/_data/navigation.xml": "f75e1c03a45a360bbdfcd0567121665082315068475d5b0feb8b1acbb1688651",
    "src/addons/SV/StandardLib/_data/options.xml": "ff86449d4beafce39a33b859773c8bf45f6800348da9e24d2fdfe0c772446219",
    "src/addons/SV/StandardLib/_data/option_groups.xml": "154d7a89664b243d0bd8227c22e241f934bf7e196c83230ee23d3c0c4fba1333",
    "src/addons/SV/StandardLib/_data/permissions.xml": "7e4fc7d5826733d15ea2d8936b9bdd41afcaad810eb38e50da3c8d8eafda1550",
    "src/addons/SV/StandardLib/_data/permission_interface_groups.xml": "3177224e96458b829aa7fb24866dda9e0455a4922aee3d669b53f59a1ffdf5d1",
    "src/addons/SV/StandardLib/_data/phrases.xml": "51a22a53b159c293c2d71e6ea0464db472a6799ecf691a635f83e0d149b4b225",
    "src/addons/SV/StandardLib/_data/routes.xml": "550fa64f9feedf137dd877b38c2684f94474619d2d83890dbb717a91b50da8f5",
    "src/addons/SV/StandardLib/_data/style_properties.xml": "8b8690a8512f01f219dd2da76e3d0c5f62afc1f317b87794a7331c859c36a7a8",
    "src/addons/SV/StandardLib/_data/style_property_groups.xml": "68e1879cb3846c42d978487aa8d5145ff3335fc39e58016878824d5cf3fd684c",
    "src/addons/SV/StandardLib/_data/templates.xml": "ac256d1b8220fe2aa7f0c09813643f5840ecc8f22ed3753e01430b40ab5da3c0",
    "src/addons/SV/StandardLib/_data/template_modifications.xml": "92ea72e760168fd5ac3820c81166be080cc392850d664beccc2b71a0cfc8fa1d",
    "src/addons/SV/StandardLib/_data/widget_definitions.xml": "37e46965256430f24004c2e7f08ba08f9b0d1cbcc4d70e84b3f4e3ffb713e64b",
    "src/addons/SV/StandardLib/_data/widget_positions.xml": "a29cee66134f6bc5d75ed9df1eef21096c24401915c5b5c774389c3d7bb2d5b3"
}