<?xml version="1.0" encoding="utf-8"?>
<phrases>
  <phrase title="option.xc_hide_link_from_guests_allowed_nodes" version_id="1000010" version_string="1.0.0 Alpha"><![CDATA[Show links in]]></phrase>
  <phrase title="option.xc_hide_link_from_guests_attach_allowed_nodes" version_id="1000010" version_string="1.0.0 Alpha"><![CDATA[Show images attach in]]></phrase>
  <phrase title="option.xc_hide_link_from_guests_image_allowed_nodes" version_id="1000010" version_string="1.0.0 Alpha"><![CDATA[Show images in]]></phrase>
  <phrase title="option.xc_hide_link_from_guests_media_allowed_nodes" version_id="1000010" version_string="1.0.0 Alpha"><![CDATA[Show medias in]]></phrase>
  <phrase title="option.xc_hide_links_from_guests_allow_internal_img" version_id="1000010" version_string="1.0.0 Alpha"><![CDATA[Allow internal images?]]></phrase>
  <phrase title="option.xc_hide_links_from_guests_allow_internal_links" version_id="1000010" version_string="1.0.0 Alpha"><![CDATA[Allow internal links?]]></phrase>
  <phrase title="option.xc_hide_links_from_guests_anonym_url" version_id="1000010" version_string="1.0.0 Alpha"><![CDATA[Anonym-URL]]></phrase>
  <phrase title="option.xc_hide_links_from_guests_atta_no_validated_email" version_id="1000010" version_string="1.0.0 Alpha"><![CDATA[Hide images attach of the users who have not validated their email]]></phrase>
  <phrase title="option.xc_hide_links_from_guests_enable_hide_attach" version_id="1000010" version_string="1.0.0 Alpha"><![CDATA[Enable hide images attach]]></phrase>
  <phrase title="option.xc_hide_links_from_guests_enable_hide_image" version_id="1000010" version_string="1.0.0 Alpha"><![CDATA[Enable hide image]]></phrase>
  <phrase title="option.xc_hide_links_from_guests_enable_hide_link" version_id="1000010" version_string="1.0.0 Alpha"><![CDATA[Enable hide link]]></phrase>
  <phrase title="option.xc_hide_links_from_guests_enable_hide_media" version_id="1000010" version_string="1.0.0 Alpha"><![CDATA[Enable hide media]]></phrase>
  <phrase title="option.xc_hide_links_from_guests_image_no_validated_email" version_id="1000010" version_string="1.0.0 Alpha"><![CDATA[Hide images of the users who have not validated their email]]></phrase>
  <phrase title="option.xc_hide_links_from_guests_img_websites_excluded" version_id="1000010" version_string="1.0.0 Alpha"><![CDATA[Website Excluted]]></phrase>
  <phrase title="option.xc_hide_links_from_guests_limit_insert_attach" version_id="1000010" version_string="1.0.0 Alpha"><![CDATA[Limit for inserting "Error with the attach should be replaced"]]></phrase>
  <phrase title="option.xc_hide_links_from_guests_limit_insert_image" version_id="1000010" version_string="1.0.0 Alpha"><![CDATA[Limit for inserting "Error with the image should be replaced"]]></phrase>
  <phrase title="option.xc_hide_links_from_guests_limit_insert_links" version_id="1000010" version_string="1.0.0 Alpha"><![CDATA[Limit for inserting "Error with the link should be replaced"]]></phrase>
  <phrase title="option.xc_hide_links_from_guests_limit_insert_media" version_id="1000010" version_string="1.0.0 Alpha"><![CDATA[Limit for inserting "Error with the media should be replaced"]]></phrase>
  <phrase title="option.xc_hide_links_from_guests_media_no_validated_email" version_id="1000010" version_string="1.0.0 Alpha"><![CDATA[Hide medias of the users who have not validated their email]]></phrase>
  <phrase title="option.xc_hide_links_from_guests_no_validated_email" version_id="1000010" version_string="1.0.0 Alpha"><![CDATA[Hide links of the users who have not validated their email]]></phrase>
  <phrase title="option.xc_hide_links_from_guests_websites_excluded" version_id="1000010" version_string="1.0.0 Alpha"><![CDATA[Website Excluted]]></phrase>
  <phrase title="option_explain.xc_hide_link_from_guests_allowed_nodes" version_id="1000010" version_string="1.0.0 Alpha"><![CDATA[Select the forums where the links will be visible.]]></phrase>
  <phrase title="option_explain.xc_hide_link_from_guests_attach_allowed_nodes" version_id="1000010" version_string="1.0.0 Alpha"><![CDATA[Select the forums where the images attach will be visible]]></phrase>
  <phrase title="option_explain.xc_hide_link_from_guests_image_allowed_nodes" version_id="1000010" version_string="1.0.0 Alpha"><![CDATA[Select the forums where the images will be visible.]]></phrase>
  <phrase title="option_explain.xc_hide_link_from_guests_media_allowed_nodes" version_id="1000010" version_string="1.0.0 Alpha"><![CDATA[Select the forums where the medias will be visible.]]></phrase>
  <phrase title="option_explain.xc_hide_links_from_guests_allow_internal_img" version_id="1000010" version_string="1.0.0 Alpha"><![CDATA[Allow internal image display to visitors.]]></phrase>
  <phrase title="option_explain.xc_hide_links_from_guests_allow_internal_links" version_id="1000010" version_string="1.0.0 Alpha"><![CDATA[Allow internal link display to visitors.]]></phrase>
  <phrase title="option_explain.xc_hide_links_from_guests_anonym_url" version_id="1000010" version_string="1.0.0 Alpha"><![CDATA[]]></phrase>
  <phrase title="option_explain.xc_hide_links_from_guests_atta_no_validated_email" version_id="1000010" version_string="1.0.0 Alpha"><![CDATA[]]></phrase>
  <phrase title="option_explain.xc_hide_links_from_guests_enable_hide_attach" version_id="1000010" version_string="1.0.0 Alpha"><![CDATA[Let hide attach to visitors or not]]></phrase>
  <phrase title="option_explain.xc_hide_links_from_guests_enable_hide_image" version_id="1000010" version_string="1.0.0 Alpha"><![CDATA[Let hide images to visitors or not]]></phrase>
  <phrase title="option_explain.xc_hide_links_from_guests_enable_hide_link" version_id="1000010" version_string="1.0.0 Alpha"><![CDATA[Let hide links to visitors or not]]></phrase>
  <phrase title="option_explain.xc_hide_links_from_guests_enable_hide_media" version_id="1000010" version_string="1.0.0 Alpha"><![CDATA[Let hide medias to visitors or not]]></phrase>
  <phrase title="option_explain.xc_hide_links_from_guests_image_no_validated_email" version_id="1000010" version_string="1.0.0 Alpha"><![CDATA[]]></phrase>
  <phrase title="option_explain.xc_hide_links_from_guests_img_websites_excluded" version_id="1000010" version_string="1.0.0 Alpha"><![CDATA[Separate each site with a line break. Allows to display certain site (img) to the visitor.]]></phrase>
  <phrase title="option_explain.xc_hide_links_from_guests_limit_insert_attach" version_id="1000010" version_string="1.0.0 Alpha"><![CDATA[Maximum number of attachs to be replaced with the error. Within a post. after that the attach is only removed. 
0 = disabled]]></phrase>
  <phrase title="option_explain.xc_hide_links_from_guests_limit_insert_image" version_id="1000010" version_string="1.0.0 Alpha"><![CDATA[Maximum number of images to be replaced with the error. Within a post. after that the image is only removed. 
0 = disabled]]></phrase>
  <phrase title="option_explain.xc_hide_links_from_guests_limit_insert_links" version_id="1000010" version_string="1.0.0 Alpha"><![CDATA[Maximum number of links to be replaced with the error. Within a post. after that the link is only removed. 
0 = disabled]]></phrase>
  <phrase title="option_explain.xc_hide_links_from_guests_limit_insert_media" version_id="1000010" version_string="1.0.0 Alpha"><![CDATA[Maximum number of medias to be replaced with the error. Within a post. after that the media is only removed. 
0 = disabled]]></phrase>
  <phrase title="option_explain.xc_hide_links_from_guests_media_no_validated_email" version_id="1000010" version_string="1.0.0 Alpha"><![CDATA[]]></phrase>
  <phrase title="option_explain.xc_hide_links_from_guests_no_validated_email" version_id="1000010" version_string="1.0.0 Alpha"><![CDATA[]]></phrase>
  <phrase title="option_explain.xc_hide_links_from_guests_websites_excluded" version_id="1000010" version_string="1.0.0 Alpha"><![CDATA[Separate each site with a comma. Allows to display certain site (link) to the visitor.]]></phrase>
  <phrase title="option_group.fs_attachment_queue_guest_opt" version_id="1000010" version_string="1.0.0 Alpha"><![CDATA[[FS] Attachments Queue Guest]]></phrase>
  <phrase title="option_group_description.fs_attachment_queue_guest_opt" version_id="1000010" version_string="1.0.0 Alpha"><![CDATA[]]></phrase>
</phrases>
