{
    "src/addons/FS/BitCart/addon.json": "8dc1693f9255908c8e963bcd1a3bb7fa17f8837295d13012de917b5c364874b1",
    "src/addons/FS/BitCart/AddonFlare/PaidRegistrations/Entity/AccountType.php": "5f37a6a9a1f032a14d0f96dd2e1e26acc6ce762e4c7e96ac2a4ee012bbcd0cf9",
    "src/addons/FS/BitCart/AddonFlare/PaidRegistrations/Repository/AccountType.php": "6cf3be166ee7b2fdf74f57a25f2bc27f2d9eeae81b4086ffa680a483bf850feb",
    "src/addons/FS/BitCart/Payment/Cart.php": "24d8c5ef2d825058d5b824139501e2d848bdfae3e2366b1e3813f7795000b3ba",
    "src/addons/FS/BitCart/Setup.php": "427bcc65b15c2af82024a8feb45061485c72f25a405ab380a674aa377c10f5e3",
    "src/addons/FS/BitCart/XF/Pub/Controller/Register.php": "ccf9dbdb91001c867a4cbdc61f45f916ece24695fd2965a1276bda71f5f7d7c1",
    "src/addons/FS/BitCart/XF/Purchasable/UserUpgrade.php": "5c9d1b5f5e3756e4cb07ab0896caf8c2f70b07b6c776558ac591129d38a048d2",
    "src/addons/FS/BitCart/_data/activity_summary_definitions.xml": "99d8c2563a31320d66f958fc8bda78613545f5f7959bb3cf5318805e3a3c39d2",
    "src/addons/FS/BitCart/_data/admin_navigation.xml": "064ec797484ac00d5ee37367b50b06846d11f480d00550997712707f8fdac8c0",
    "src/addons/FS/BitCart/_data/admin_permission.xml": "ec6fb97cebf0bceb24f1ed1d5778c1db54eeb7535fbb3e31d824840e7aa9ff87",
    "src/addons/FS/BitCart/_data/advertising_positions.xml": "d2f7cbe844bb1df3cf878d22ff6306249245c8ff6b0b87b9b729744bec538261",
    "src/addons/FS/BitCart/_data/api_scopes.xml": "6793eaf758f140e8137187ba20e65f4faccf53410433ae3ad7a8b3b38cb6b3b7",
    "src/addons/FS/BitCart/_data/bb_codes.xml": "faa4ddd5f4a365e5ac39aebdcbe2d25aedf74e7eb9ea4a812766e2fd5e13bdb1",
    "src/addons/FS/BitCart/_data/bb_code_media_sites.xml": "29762987990187b33e43cfb68c08dc917b2d3f0176613d78f8e6c453f82da3f3",
    "src/addons/FS/BitCart/_data/class_extensions.xml": "92b46a040009d6c3c2cd87dfbca1643f6bfd46f67067ff0e7844de7a04bfd908",
    "src/addons/FS/BitCart/_data/code_events.xml": "8370dec3df47f91df4cf79da253446ad11b29f4ea568fe76c774e97a0379f0eb",
    "src/addons/FS/BitCart/_data/code_event_listeners.xml": "d6b5072f4909dee7a20ee9e44b163f95c8aa52e6ac7f573e292000cd9238c331",
    "src/addons/FS/BitCart/_data/content_type_fields.xml": "c7ad5472b28f465b7ac7617627707eba1b7a39d28089460d52e1ed292fc0b06a",
    "src/addons/FS/BitCart/_data/cron.xml": "323c4284742ef24329cd6db6f288eb9736d2353f36852e1db12591e1583aea26",
    "src/addons/FS/BitCart/_data/help_pages.xml": "a8a0c0b06cdc550438bc8a8d385af3e1e5ab3459877dfb934c1c31be59c89163",
    "src/addons/FS/BitCart/_data/member_stats.xml": "89fb2b93ff1eca7a1f6f752248edf6090dfd24037db1446fd18ff7143f08124d",
    "src/addons/FS/BitCart/_data/navigation.xml": "f75e1c03a45a360bbdfcd0567121665082315068475d5b0feb8b1acbb1688651",
    "src/addons/FS/BitCart/_data/options.xml": "285a0c008cfea256b0024534ab272f917ebccf1c3e852cf1f2c0b18271b648b9",
    "src/addons/FS/BitCart/_data/option_groups.xml": "f4b9f737d3d70b7163633819d18e9b9f8c7d8dae8580c232766adfbc47cc32dc",
    "src/addons/FS/BitCart/_data/permissions.xml": "7e4fc7d5826733d15ea2d8936b9bdd41afcaad810eb38e50da3c8d8eafda1550",
    "src/addons/FS/BitCart/_data/permission_interface_groups.xml": "3177224e96458b829aa7fb24866dda9e0455a4922aee3d669b53f59a1ffdf5d1",
    "src/addons/FS/BitCart/_data/phrases.xml": "5e30cb3db52f15419cd1f1c1c0abe493d67fa4e56bdda5095d3e95f303f004f8",
    "src/addons/FS/BitCart/_data/routes.xml": "550fa64f9feedf137dd877b38c2684f94474619d2d83890dbb717a91b50da8f5",
    "src/addons/FS/BitCart/_data/style_properties.xml": "8b8690a8512f01f219dd2da76e3d0c5f62afc1f317b87794a7331c859c36a7a8",
    "src/addons/FS/BitCart/_data/style_property_groups.xml": "68e1879cb3846c42d978487aa8d5145ff3335fc39e58016878824d5cf3fd684c",
    "src/addons/FS/BitCart/_data/templates.xml": "c8147299859c82fe4645b9acc0a1e049b31392d976678a6b1b2ee6aa0e58f628",
    "src/addons/FS/BitCart/_data/template_modifications.xml": "3b54b7df00a6a4a18c5e012b6e2588e35c23aaa13a5fc227f08646a97590d778",
    "src/addons/FS/BitCart/_data/widget_definitions.xml": "37e46965256430f24004c2e7f08ba08f9b0d1cbcc4d70e84b3f4e3ffb713e64b",
    "src/addons/FS/BitCart/_data/widget_positions.xml": "a29cee66134f6bc5d75ed9df1eef21096c24401915c5b5c774389c3d7bb2d5b3"
}