{
    "src/addons/FS/ExtendThreadCredits/addon.json": "a89df21adb158bf873f341d0529c7ba1ac647a52ad11d5a137d2e31056b90013",
    "src/addons/FS/ExtendThreadCredits/Admin/Controller/CreditPackage.php": "fd51220392fa9e2e276e8e31e6ac454eafcf14e4cfd7586f040e6b9800a21249",
    "src/addons/FS/ExtendThreadCredits/Admin/Controller/DeletePurchaseLog.php": "5dae3d52e916c213667ab5c897a595e1f192b03366bfd42c79c437d1c1160c1b",
    "src/addons/FS/ExtendThreadCredits/Admin/Controller/UserSpecialCredit.php": "808b972d86f7863002d1ebf29ff941cc8aa20d0f76f4095cbf70355ff96776bc",
    "src/addons/FS/ExtendThreadCredits/Admin/View/Purchase/Export.php": "c8d723ece161d68e8d1954946b2e353b4bccef66df2d95d5f37000585686d9ad",
    "src/addons/FS/ExtendThreadCredits/Admin/View/Purchase/ExportListing.php": "8af504cb3a0e8f59c94274fc71371ea728a86ea00b4439345686d4db67a3ede8",
    "src/addons/FS/ExtendThreadCredits/Admin/View/Purchase/Find.php": "d964fb824189d6335dec26e408f6db414bf9169d1c2e09e7b76d5f0b12bfe49b",
    "src/addons/FS/ExtendThreadCredits/Entity/DeletedUserPurchaseLog.php": "832905eae47776292a0c954f74363e0849b1dd04cba6fa3ff77e97d58839007e",
    "src/addons/FS/ExtendThreadCredits/Entity/User.php": "4a03172676ce1bf87e715d6083df02253c339aa074120bf3082c289f13ea229a",
    "src/addons/FS/ExtendThreadCredits/Entity/UserSpecialCreditLog.php": "998649d4bf281b2c1dde89eceea2c0398e0d4e26f8fff0264bd01c03b0bfae6a",
    "src/addons/FS/ExtendThreadCredits/Setup.php": "f67c4835b872f8b83db115d710588a3909755c178f52383e183276e9c000d566",
    "src/addons/FS/ExtendThreadCredits/_data/activity_summary_definitions.xml": "99d8c2563a31320d66f958fc8bda78613545f5f7959bb3cf5318805e3a3c39d2",
    "src/addons/FS/ExtendThreadCredits/_data/admin_navigation.xml": "73d773775b67e8f42c12bb00f08446468a8284f2f50ac929c25c156f0c7cf547",
    "src/addons/FS/ExtendThreadCredits/_data/admin_permission.xml": "ec6fb97cebf0bceb24f1ed1d5778c1db54eeb7535fbb3e31d824840e7aa9ff87",
    "src/addons/FS/ExtendThreadCredits/_data/advertising_positions.xml": "d2f7cbe844bb1df3cf878d22ff6306249245c8ff6b0b87b9b729744bec538261",
    "src/addons/FS/ExtendThreadCredits/_data/api_scopes.xml": "6793eaf758f140e8137187ba20e65f4faccf53410433ae3ad7a8b3b38cb6b3b7",
    "src/addons/FS/ExtendThreadCredits/_data/bb_codes.xml": "faa4ddd5f4a365e5ac39aebdcbe2d25aedf74e7eb9ea4a812766e2fd5e13bdb1",
    "src/addons/FS/ExtendThreadCredits/_data/bb_code_media_sites.xml": "29762987990187b33e43cfb68c08dc917b2d3f0176613d78f8e6c453f82da3f3",
    "src/addons/FS/ExtendThreadCredits/_data/class_extensions.xml": "84f924709c05bb97ba4e2d5e802f9f5440014fc21ed8954eaf2703370ab17376",
    "src/addons/FS/ExtendThreadCredits/_data/code_events.xml": "8370dec3df47f91df4cf79da253446ad11b29f4ea568fe76c774e97a0379f0eb",
    "src/addons/FS/ExtendThreadCredits/_data/code_event_listeners.xml": "d6b5072f4909dee7a20ee9e44b163f95c8aa52e6ac7f573e292000cd9238c331",
    "src/addons/FS/ExtendThreadCredits/_data/content_type_fields.xml": "c7ad5472b28f465b7ac7617627707eba1b7a39d28089460d52e1ed292fc0b06a",
    "src/addons/FS/ExtendThreadCredits/_data/cron.xml": "323c4284742ef24329cd6db6f288eb9736d2353f36852e1db12591e1583aea26",
    "src/addons/FS/ExtendThreadCredits/_data/help_pages.xml": "a8a0c0b06cdc550438bc8a8d385af3e1e5ab3459877dfb934c1c31be59c89163",
    "src/addons/FS/ExtendThreadCredits/_data/member_stats.xml": "89fb2b93ff1eca7a1f6f752248edf6090dfd24037db1446fd18ff7143f08124d",
    "src/addons/FS/ExtendThreadCredits/_data/navigation.xml": "f75e1c03a45a360bbdfcd0567121665082315068475d5b0feb8b1acbb1688651",
    "src/addons/FS/ExtendThreadCredits/_data/options.xml": "1cea29aa5671733d85c8fc6f7c66128eacbca5643cbb38585eb82002879b51a4",
    "src/addons/FS/ExtendThreadCredits/_data/option_groups.xml": "154d7a89664b243d0bd8227c22e241f934bf7e196c83230ee23d3c0c4fba1333",
    "src/addons/FS/ExtendThreadCredits/_data/permissions.xml": "7e4fc7d5826733d15ea2d8936b9bdd41afcaad810eb38e50da3c8d8eafda1550",
    "src/addons/FS/ExtendThreadCredits/_data/permission_interface_groups.xml": "3177224e96458b829aa7fb24866dda9e0455a4922aee3d669b53f59a1ffdf5d1",
    "src/addons/FS/ExtendThreadCredits/_data/phrases.xml": "1b60a7c502d2d8840843d798d6a45faa7b5b4d5ed695768faed7328292fb50b0",
    "src/addons/FS/ExtendThreadCredits/_data/routes.xml": "36b1d88f9cb87bb2e806b1d21ff152519596a069b3a6886de4a711ed7088f8e3",
    "src/addons/FS/ExtendThreadCredits/_data/style_properties.xml": "8b8690a8512f01f219dd2da76e3d0c5f62afc1f317b87794a7331c859c36a7a8",
    "src/addons/FS/ExtendThreadCredits/_data/style_property_groups.xml": "68e1879cb3846c42d978487aa8d5145ff3335fc39e58016878824d5cf3fd684c",
    "src/addons/FS/ExtendThreadCredits/_data/templates.xml": "7c9e3c71c6ef524d67423cd9fd82b3f3bab1006970ea73c10bcf382d08cb1577",
    "src/addons/FS/ExtendThreadCredits/_data/template_modifications.xml": "b95f5637a19b1d576b5670d833caabe02a579afee5aebb5016770ee5e03f7ebd",
    "src/addons/FS/ExtendThreadCredits/_data/widget_definitions.xml": "37e46965256430f24004c2e7f08ba08f9b0d1cbcc4d70e84b3f4e3ffb713e64b",
    "src/addons/FS/ExtendThreadCredits/_data/widget_positions.xml": "a29cee66134f6bc5d75ed9df1eef21096c24401915c5b5c774389c3d7bb2d5b3"
}