{
    "src/addons/FS/InfoText/addon.json": "f2672910016fbf5b14f9e8d187cc719eab56bb03adef3f04db89b3be204384a7",
    "src/addons/FS/InfoText/Admin/Controller/InfoText.php": "990d1e23ec9ea4d5cab1dbb6e07ee43e77daf27a1614c905b2cf15218598a5bb",
    "src/addons/FS/InfoText/Entity/InfoText.php": "512628ca6409410651667782264726d99b301b5edccc8d9c521918e6038c9cf9",
    "src/addons/FS/InfoText/Install/Data/MySql.php": "e51aed69e6ec4cb58a0ce57febfc66308a02a3ee8b2c695b761e3f238551357e",
    "src/addons/FS/InfoText/Setup.php": "dd1fec64cf8ff6e4cb6edd92da7b3d7615943798e1f75d1fc6d22b63d8bdec13",
    "src/addons/FS/InfoText/XF/Entity/Post.php": "eabbb03a397a3b168de5adb1bc297eb765fd161f39fbbf97eb0160b542d16101",
    "src/addons/FS/InfoText/_data/activity_summary_definitions.xml": "99d8c2563a31320d66f958fc8bda78613545f5f7959bb3cf5318805e3a3c39d2",
    "src/addons/FS/InfoText/_data/admin_navigation.xml": "ac6cfad8f1b30535cd4282f6133c03759fc1f808d8374a188ea9cf5ad5bbb22a",
    "src/addons/FS/InfoText/_data/admin_permission.xml": "ec6fb97cebf0bceb24f1ed1d5778c1db54eeb7535fbb3e31d824840e7aa9ff87",
    "src/addons/FS/InfoText/_data/advertising_positions.xml": "d2f7cbe844bb1df3cf878d22ff6306249245c8ff6b0b87b9b729744bec538261",
    "src/addons/FS/InfoText/_data/api_scopes.xml": "6793eaf758f140e8137187ba20e65f4faccf53410433ae3ad7a8b3b38cb6b3b7",
    "src/addons/FS/InfoText/_data/bb_codes.xml": "48cd3be051d17afcee6a6504b94b87b04bae70d471f7b1ba527567480aec828f",
    "src/addons/FS/InfoText/_data/bb_code_media_sites.xml": "29762987990187b33e43cfb68c08dc917b2d3f0176613d78f8e6c453f82da3f3",
    "src/addons/FS/InfoText/_data/class_extensions.xml": "c59fb32ef13f564339880a78735e39e7444ee3bdba8daaf55d30e49b60edb293",
    "src/addons/FS/InfoText/_data/code_events.xml": "8370dec3df47f91df4cf79da253446ad11b29f4ea568fe76c774e97a0379f0eb",
    "src/addons/FS/InfoText/_data/code_event_listeners.xml": "d6b5072f4909dee7a20ee9e44b163f95c8aa52e6ac7f573e292000cd9238c331",
    "src/addons/FS/InfoText/_data/content_type_fields.xml": "c7ad5472b28f465b7ac7617627707eba1b7a39d28089460d52e1ed292fc0b06a",
    "src/addons/FS/InfoText/_data/cron.xml": "323c4284742ef24329cd6db6f288eb9736d2353f36852e1db12591e1583aea26",
    "src/addons/FS/InfoText/_data/help_pages.xml": "a8a0c0b06cdc550438bc8a8d385af3e1e5ab3459877dfb934c1c31be59c89163",
    "src/addons/FS/InfoText/_data/member_stats.xml": "89fb2b93ff1eca7a1f6f752248edf6090dfd24037db1446fd18ff7143f08124d",
    "src/addons/FS/InfoText/_data/navigation.xml": "f75e1c03a45a360bbdfcd0567121665082315068475d5b0feb8b1acbb1688651",
    "src/addons/FS/InfoText/_data/options.xml": "1cea29aa5671733d85c8fc6f7c66128eacbca5643cbb38585eb82002879b51a4",
    "src/addons/FS/InfoText/_data/option_groups.xml": "154d7a89664b243d0bd8227c22e241f934bf7e196c83230ee23d3c0c4fba1333",
    "src/addons/FS/InfoText/_data/permissions.xml": "7e4fc7d5826733d15ea2d8936b9bdd41afcaad810eb38e50da3c8d8eafda1550",
    "src/addons/FS/InfoText/_data/permission_interface_groups.xml": "3177224e96458b829aa7fb24866dda9e0455a4922aee3d669b53f59a1ffdf5d1",
    "src/addons/FS/InfoText/_data/phrases.xml": "84c8cb327e3e14751da0465595a2e119aad7f7455508fc111016862c74983d6d",
    "src/addons/FS/InfoText/_data/routes.xml": "319c6b4a00fe61dc8e69d0c29930aa4808e93a9ee40ac02d3375e03477041823",
    "src/addons/FS/InfoText/_data/style_properties.xml": "8b8690a8512f01f219dd2da76e3d0c5f62afc1f317b87794a7331c859c36a7a8",
    "src/addons/FS/InfoText/_data/style_property_groups.xml": "68e1879cb3846c42d978487aa8d5145ff3335fc39e58016878824d5cf3fd684c",
    "src/addons/FS/InfoText/_data/templates.xml": "bf86ee18ee20895a4c46b86f3e454269a976a98e73f65222cad24b9e62f6debe",
    "src/addons/FS/InfoText/_data/template_modifications.xml": "4a1043589a4902ec21e482e8008621678af289e7ba530c578cef14b9efc3aec7",
    "src/addons/FS/InfoText/_data/widget_definitions.xml": "37e46965256430f24004c2e7f08ba08f9b0d1cbcc4d70e84b3f4e3ffb713e64b",
    "src/addons/FS/InfoText/_data/widget_positions.xml": "a29cee66134f6bc5d75ed9df1eef21096c24401915c5b5c774389c3d7bb2d5b3"
}