{
    "src/addons/FS/InfoText/addon.json": "f2672910016fbf5b14f9e8d187cc719eab56bb03adef3f04db89b3be204384a7",
    "src/addons/FS/InfoText/Admin/Controller/InfoText.php": "b977b7d8517bbd5b82989d6c4488430a08257a57d39585faf89c31c1beab3ffe",
    "src/addons/FS/InfoText/Entity/InfoText.php": "63bbed0792f3eabadec61855cad5663a261fbf38e1d8f917b4e9a5fdbb9c29e7",
    "src/addons/FS/InfoText/Install/Data/MySql.php": "0275f968551fe30d62c7a8111c0b828e618e38b4376cc4c2de6c7f6b44d8b0bc",
    "src/addons/FS/InfoText/Setup.php": "dd1fec64cf8ff6e4cb6edd92da7b3d7615943798e1f75d1fc6d22b63d8bdec13",
    "src/addons/FS/InfoText/XF/Pub/Controller/Thread.php": "23293dba03593e69b662499c4fe12d8ec7464acb7ee63a4105de9bcf771f30a4",
    "src/addons/FS/InfoText/_data/activity_summary_definitions.xml": "99d8c2563a31320d66f958fc8bda78613545f5f7959bb3cf5318805e3a3c39d2",
    "src/addons/FS/InfoText/_data/admin_navigation.xml": "ac6cfad8f1b30535cd4282f6133c03759fc1f808d8374a188ea9cf5ad5bbb22a",
    "src/addons/FS/InfoText/_data/admin_permission.xml": "ec6fb97cebf0bceb24f1ed1d5778c1db54eeb7535fbb3e31d824840e7aa9ff87",
    "src/addons/FS/InfoText/_data/advertising_positions.xml": "d2f7cbe844bb1df3cf878d22ff6306249245c8ff6b0b87b9b729744bec538261",
    "src/addons/FS/InfoText/_data/api_scopes.xml": "6793eaf758f140e8137187ba20e65f4faccf53410433ae3ad7a8b3b38cb6b3b7",
    "src/addons/FS/InfoText/_data/bb_codes.xml": "a5812e71058864d810e4f9e2915d1808fd2598cad3820b4f403ca28a22d7d421",
    "src/addons/FS/InfoText/_data/bb_code_media_sites.xml": "29762987990187b33e43cfb68c08dc917b2d3f0176613d78f8e6c453f82da3f3",
    "src/addons/FS/InfoText/_data/class_extensions.xml": "51d02a8c0d2db7399f1137f7ac6d04b9b8e60dc549e82fce75d08f59590d3b71",
    "src/addons/FS/InfoText/_data/code_events.xml": "8370dec3df47f91df4cf79da253446ad11b29f4ea568fe76c774e97a0379f0eb",
    "src/addons/FS/InfoText/_data/code_event_listeners.xml": "d6b5072f4909dee7a20ee9e44b163f95c8aa52e6ac7f573e292000cd9238c331",
    "src/addons/FS/InfoText/_data/content_type_fields.xml": "c7ad5472b28f465b7ac7617627707eba1b7a39d28089460d52e1ed292fc0b06a",
    "src/addons/FS/InfoText/_data/cron.xml": "323c4284742ef24329cd6db6f288eb9736d2353f36852e1db12591e1583aea26",
    "src/addons/FS/InfoText/_data/help_pages.xml": "a8a0c0b06cdc550438bc8a8d385af3e1e5ab3459877dfb934c1c31be59c89163",
    "src/addons/FS/InfoText/_data/member_stats.xml": "89fb2b93ff1eca7a1f6f752248edf6090dfd24037db1446fd18ff7143f08124d",
    "src/addons/FS/InfoText/_data/navigation.xml": "f75e1c03a45a360bbdfcd0567121665082315068475d5b0feb8b1acbb1688651",
    "src/addons/FS/InfoText/_data/options.xml": "1cea29aa5671733d85c8fc6f7c66128eacbca5643cbb38585eb82002879b51a4",
    "src/addons/FS/InfoText/_data/option_groups.xml": "154d7a89664b243d0bd8227c22e241f934bf7e196c83230ee23d3c0c4fba1333",
    "src/addons/FS/InfoText/_data/permissions.xml": "7e4fc7d5826733d15ea2d8936b9bdd41afcaad810eb38e50da3c8d8eafda1550",
    "src/addons/FS/InfoText/_data/permission_interface_groups.xml": "3177224e96458b829aa7fb24866dda9e0455a4922aee3d669b53f59a1ffdf5d1",
    "src/addons/FS/InfoText/_data/phrases.xml": "b7cdee735aefd8488d7f318f1e1d7fdb1e0396e95db69674b0d96dbc4d105a85",
    "src/addons/FS/InfoText/_data/routes.xml": "319c6b4a00fe61dc8e69d0c29930aa4808e93a9ee40ac02d3375e03477041823",
    "src/addons/FS/InfoText/_data/style_properties.xml": "8b8690a8512f01f219dd2da76e3d0c5f62afc1f317b87794a7331c859c36a7a8",
    "src/addons/FS/InfoText/_data/style_property_groups.xml": "68e1879cb3846c42d978487aa8d5145ff3335fc39e58016878824d5cf3fd684c",
    "src/addons/FS/InfoText/_data/templates.xml": "cb5e2d8fd70e27ef879860725b9bd3ccd7dbeaf5b0eede3e6ec7f8d2c518534d",
    "src/addons/FS/InfoText/_data/template_modifications.xml": "44bd2eb031475a5bfedc2063f54e75d9d86f339b4b82fa0c5c25c71d3a2dfdfe",
    "src/addons/FS/InfoText/_data/widget_definitions.xml": "37e46965256430f24004c2e7f08ba08f9b0d1cbcc4d70e84b3f4e3ffb713e64b",
    "src/addons/FS/InfoText/_data/widget_positions.xml": "a29cee66134f6bc5d75ed9df1eef21096c24401915c5b5c774389c3d7bb2d5b3"
}