{
    "src/addons/FS/UsergroupUsersCount/addon.json": "99f52602bcfbb49abf07b4824e070a51dae9d99afbe6c18c84b6df83d896a08a",
    "src/addons/FS/UsergroupUsersCount/Cron/UsersCountCron.php": "420daf0d76106ca17a0744450bf9e8b64f3d2c1324f5461f65442c62e318f712",
    "src/addons/FS/UsergroupUsersCount/Service/UsersCount.php": "575ef3db2fb7749b3d8980a34523e736e71e6d63c3888c064f37cc8cc5d20241",
    "src/addons/FS/UsergroupUsersCount/Setup.php": "b63089fc77cb486e7bbba09cbe581beca49a6987008a75a7075a1712a7148976",
    "src/addons/FS/UsergroupUsersCount/XF/Entity/UserGroup.php": "57a96adaa6cd2e6878faf32145f4883c83244c09934f48bdb44011a353aa3820",
    "src/addons/FS/UsergroupUsersCount/_data/activity_summary_definitions.xml": "99d8c2563a31320d66f958fc8bda78613545f5f7959bb3cf5318805e3a3c39d2",
    "src/addons/FS/UsergroupUsersCount/_data/admin_navigation.xml": "064ec797484ac00d5ee37367b50b06846d11f480d00550997712707f8fdac8c0",
    "src/addons/FS/UsergroupUsersCount/_data/admin_permission.xml": "ec6fb97cebf0bceb24f1ed1d5778c1db54eeb7535fbb3e31d824840e7aa9ff87",
    "src/addons/FS/UsergroupUsersCount/_data/advertising_positions.xml": "d2f7cbe844bb1df3cf878d22ff6306249245c8ff6b0b87b9b729744bec538261",
    "src/addons/FS/UsergroupUsersCount/_data/api_scopes.xml": "6793eaf758f140e8137187ba20e65f4faccf53410433ae3ad7a8b3b38cb6b3b7",
    "src/addons/FS/UsergroupUsersCount/_data/bb_codes.xml": "faa4ddd5f4a365e5ac39aebdcbe2d25aedf74e7eb9ea4a812766e2fd5e13bdb1",
    "src/addons/FS/UsergroupUsersCount/_data/bb_code_media_sites.xml": "29762987990187b33e43cfb68c08dc917b2d3f0176613d78f8e6c453f82da3f3",
    "src/addons/FS/UsergroupUsersCount/_data/class_extensions.xml": "17dfb9d0cc3910bda86a1e697a6cb376ac735d9a6f31c15a164c3bcef873b8d5",
    "src/addons/FS/UsergroupUsersCount/_data/code_events.xml": "8370dec3df47f91df4cf79da253446ad11b29f4ea568fe76c774e97a0379f0eb",
    "src/addons/FS/UsergroupUsersCount/_data/code_event_listeners.xml": "d6b5072f4909dee7a20ee9e44b163f95c8aa52e6ac7f573e292000cd9238c331",
    "src/addons/FS/UsergroupUsersCount/_data/content_type_fields.xml": "c7ad5472b28f465b7ac7617627707eba1b7a39d28089460d52e1ed292fc0b06a",
    "src/addons/FS/UsergroupUsersCount/_data/cron.xml": "24702495cd7b4f3e841189752be609495418f1d28dee38d3def2e2db48d843df",
    "src/addons/FS/UsergroupUsersCount/_data/help_pages.xml": "a8a0c0b06cdc550438bc8a8d385af3e1e5ab3459877dfb934c1c31be59c89163",
    "src/addons/FS/UsergroupUsersCount/_data/member_stats.xml": "89fb2b93ff1eca7a1f6f752248edf6090dfd24037db1446fd18ff7143f08124d",
    "src/addons/FS/UsergroupUsersCount/_data/navigation.xml": "f75e1c03a45a360bbdfcd0567121665082315068475d5b0feb8b1acbb1688651",
    "src/addons/FS/UsergroupUsersCount/_data/options.xml": "1cea29aa5671733d85c8fc6f7c66128eacbca5643cbb38585eb82002879b51a4",
    "src/addons/FS/UsergroupUsersCount/_data/option_groups.xml": "154d7a89664b243d0bd8227c22e241f934bf7e196c83230ee23d3c0c4fba1333",
    "src/addons/FS/UsergroupUsersCount/_data/permissions.xml": "7e4fc7d5826733d15ea2d8936b9bdd41afcaad810eb38e50da3c8d8eafda1550",
    "src/addons/FS/UsergroupUsersCount/_data/permission_interface_groups.xml": "3177224e96458b829aa7fb24866dda9e0455a4922aee3d669b53f59a1ffdf5d1",
    "src/addons/FS/UsergroupUsersCount/_data/phrases.xml": "c92c98df837270d708b024c8ea9636208f9e2758f5568a32fbd0a1f4f6d0f657",
    "src/addons/FS/UsergroupUsersCount/_data/routes.xml": "550fa64f9feedf137dd877b38c2684f94474619d2d83890dbb717a91b50da8f5",
    "src/addons/FS/UsergroupUsersCount/_data/style_properties.xml": "8b8690a8512f01f219dd2da76e3d0c5f62afc1f317b87794a7331c859c36a7a8",
    "src/addons/FS/UsergroupUsersCount/_data/style_property_groups.xml": "68e1879cb3846c42d978487aa8d5145ff3335fc39e58016878824d5cf3fd684c",
    "src/addons/FS/UsergroupUsersCount/_data/templates.xml": "95d4b078b90e74e773cef6695ef94c742e74b8d62e6798738f11f0215a58faee",
    "src/addons/FS/UsergroupUsersCount/_data/template_modifications.xml": "94e1405f33f5b2bec93df25265b50715cb64e2ea80e592764cb2b38970ffae15",
    "src/addons/FS/UsergroupUsersCount/_data/widget_definitions.xml": "37e46965256430f24004c2e7f08ba08f9b0d1cbcc4d70e84b3f4e3ffb713e64b",
    "src/addons/FS/UsergroupUsersCount/_data/widget_positions.xml": "a29cee66134f6bc5d75ed9df1eef21096c24401915c5b5c774389c3d7bb2d5b3"
}