{
    "src/addons/FH/Razorpay/addon.json": "4f12aece13909d86c2e8ae86fe75335d7ec133b23dbb9eb3d097969361c745b9",
    "src/addons/FH/Razorpay/composer.json": "9e36a9edd2e6ce892cc3424b6e50021f61917027f48d85389085820a711f6531",
    "src/addons/FH/Razorpay/composer.lock": "5cc4fa9dd1e085b1a426c65b861b25f0b4dd73663ba9ec06fd1427533eb9b702",
    "src/addons/FH/Razorpay/Payment/Pay.php": "dbef5eece3c1080712c26036a14fbc5202acb6854b1ae2c2f713c95bee9e8c1b",
    "src/addons/FH/Razorpay/Service/Pay.php": "b36ece1a14b7b206270a9b8d7a8fc021481ac42a4752f29fe2f50a5627c6dcd5",
    "src/addons/FH/Razorpay/Setup.php": "3be33ef2c9b8de0c113292dd48a6970c4ad626dcbaeb7ea8fc3e7db292a2b77c",
    "src/addons/FH/Razorpay/vendor/autoload.php": "245045c611da06e2bc39f10bba87f690e5df36e7937677be92c2dfebbf3e8a5c",
    "src/addons/FH/Razorpay/vendor/composer/autoload_classmap.php": "424b0c60c8bcf072efccf29f23da55d9623587110699e68012527fb698831b44",
    "src/addons/FH/Razorpay/vendor/composer/autoload_files.php": "07f12a6f5cf5979fe9e94ea0dceb8c86f88eb876e16bbfdced895f882b5d0f41",
    "src/addons/FH/Razorpay/vendor/composer/autoload_namespaces.php": "ede505407590638a435137f4e060136f1008de79fc169b3de9793423b0cea38c",
    "src/addons/FH/Razorpay/vendor/composer/autoload_psr4.php": "55bda972d963cd117267d74847239ca60f8c8c4fb91a26ac891c56c7f0a5baad",
    "src/addons/FH/Razorpay/vendor/composer/autoload_real.php": "748da0e98601138b04634bb29b98bd0cc2ce849cccb46f877e6e9e40785ed601",
    "src/addons/FH/Razorpay/vendor/composer/autoload_static.php": "92be60bb1d230e210859b1b33ee782c77e294a9310ac2dba2637340e80b4e1ed",
    "src/addons/FH/Razorpay/vendor/composer/ClassLoader.php": "d4b2313e562edf942838ec316d983c1a3459ca67da3e5658e861200b0b3693c2",
    "src/addons/FH/Razorpay/vendor/composer/installed.json": "6defbb94b6c704d7dcc533147128b7007e0086c9bc209f1ec4e7f2ce323417c0",
    "src/addons/FH/Razorpay/vendor/composer/installed.php": "db30946023f613a4ef74b0742bef6eedb67de8ed285f82b1848064c30f9ff2db",
    "src/addons/FH/Razorpay/vendor/composer/InstalledVersions.php": "21f4ba19e7859cb3f85b8b1680c970ee25d972546c1606dcae0e7e5f43f626f0",
    "src/addons/FH/Razorpay/vendor/composer/LICENSE": "c8cce4b6b9729f264ffdf9296d505d63432497feeed1f586d1902b942197e024",
    "src/addons/FH/Razorpay/vendor/composer/platform_check.php": "d034a5adae4d11a144ced542e6fbcc75764d86246ee0051ff1916fa88314139e",
    "src/addons/FH/Razorpay/vendor/razorpay/razorpay/.github/dependabot.yml": "2aecc83a8bf3f668f7254922fcb4e7fbc75bc02abb54b6a9d93c5a133ff358cd",
    "src/addons/FH/Razorpay/vendor/razorpay/razorpay/.github/ISSUE_TEMPLATE/feature.yml": "e15ad74da25b0b398e4a82136fb8737b0ce8c7a9ccca6f434bf731ad8e82cc42",
    "src/addons/FH/Razorpay/vendor/razorpay/razorpay/.github/ISSUE_TEMPLATE/issue_report.yml": "b9d601cb0d1c1178bc79bd5a43c7dca53a57ea1027287db2d97e1ec336706947",
    "src/addons/FH/Razorpay/vendor/razorpay/razorpay/.github/pull_request_template.md": "17e2c3b0ace3f818e61bac298617ce6c569545b93744bdcd0273b701cd5a0435",
    "src/addons/FH/Razorpay/vendor/razorpay/razorpay/.github/workflows/ci.yml": "403a80f880dd2bc53bbcafb3add6aaf099da195c2e7f799c91c09353ec8adef7",
    "src/addons/FH/Razorpay/vendor/razorpay/razorpay/.github/workflows/security.yml": "568e06ce8cdeff603ef62e5b9f48bc5715edddbf78de775c3d7d68fc45e64ba2",
    "src/addons/FH/Razorpay/vendor/razorpay/razorpay/CHANGELOG.md": "d7b7dc4af5c051a6ae65101419b85c1e7c372a797ca6851bf2deb88950769ed8",
    "src/addons/FH/Razorpay/vendor/razorpay/razorpay/composer.json": "ef486a879baf564c2d90dab33206a53ab98d42470fe8da175850b94df0de6ad4",
    "src/addons/FH/Razorpay/vendor/razorpay/razorpay/Deprecated.php": "20cb63ae07759560c1cfff4acc531e63a9a7599a5f15ed64e8db9c8e92ece1e5",
    "src/addons/FH/Razorpay/vendor/razorpay/razorpay/doc.md": "644fe8f66d41ee7bf32aa4f8d6e71079f5c49dde9790a4810ed192ed1b0b0ef3",
    "src/addons/FH/Razorpay/vendor/razorpay/razorpay/documents/account.md": "b085430a5b9a4eb7922621dd49cd98f9cd94dd07e4d98d901dfc9bd27fb322ab",
    "src/addons/FH/Razorpay/vendor/razorpay/razorpay/documents/addon.md": "eeb52fd39c61367c813938cc592bf2004277095d594f3f2aa76dcd832fc093c4",
    "src/addons/FH/Razorpay/vendor/razorpay/razorpay/documents/card.md": "85d9178567a4d3837d74a5a34d9501899d903bc874e25edaf380facde55daf19",
    "src/addons/FH/Razorpay/vendor/razorpay/razorpay/documents/customer.md": "4f08b6b9bc444e5663177ed0f8b8daec69c80407f40169f78137dbe972008d60",
    "src/addons/FH/Razorpay/vendor/razorpay/razorpay/documents/dispute.md": "b172154fa0b37ebf74280c3e03fec760a2c059581b87ce4232b853a14adc7c88",
    "src/addons/FH/Razorpay/vendor/razorpay/razorpay/documents/document.md": "03a2e4cd4f6b22f61254f3a48ef2936b90ae7d02fee55c1c992a59ac6e6fe2bc",
    "src/addons/FH/Razorpay/vendor/razorpay/razorpay/documents/emandate.md": "c265fe54334352ff71d8c962262c1e1b1252ceaa01ec32ed7f379727ba649406",
    "src/addons/FH/Razorpay/vendor/razorpay/razorpay/documents/fund.md": "1aed004ebee0600c508cf12627d05effbb90dbd31f48fa354f5d5ebe6efabc4c",
    "src/addons/FH/Razorpay/vendor/razorpay/razorpay/documents/Iin.md": "1cd27e47a8ca18a966b7fdc08c030dd26e0731f95fbebe3f7f6d29ca66511dca",
    "src/addons/FH/Razorpay/vendor/razorpay/razorpay/documents/invoice.md": "128634e4403025f75af2bcbd3fbd07e0d32071bcd5be02f222502ba78a624667",
    "src/addons/FH/Razorpay/vendor/razorpay/razorpay/documents/item.md": "7cc22df46c9f6a8e068c6f265c5a28b867762eed34a70df8f68e47a155be8dca",
    "src/addons/FH/Razorpay/vendor/razorpay/razorpay/documents/linkedAccount.md": "bd36a058c909cb7af5845ac504dece278331d7aed8ab2353565d144e714b2519",
    "src/addons/FH/Razorpay/vendor/razorpay/razorpay/documents/order.md": "4985fe594f9a39b036f14ec7b6150b8f7a0c5eef7bb27070f0a964e2df1b674e",
    "src/addons/FH/Razorpay/vendor/razorpay/razorpay/documents/papernach.md": "990b671ad0cdfbc192ebcd014997b0acfd0d0964278b29518d8d0d5c61c7cc2c",
    "src/addons/FH/Razorpay/vendor/razorpay/razorpay/documents/payment.md": "c33bfeeb189f1e0cfeb4eeac662b1a8496a380d0d0072d796b39cb796213e18d",
    "src/addons/FH/Razorpay/vendor/razorpay/razorpay/documents/paymentLink.md": "18e45f4f6bbcec3b947a6c4f198b1fb8cdfb50e3d38c8a0be55711221e55fee1",
    "src/addons/FH/Razorpay/vendor/razorpay/razorpay/documents/paymentVerfication.md": "8ed9249f88e5544588df08421231201bd8a2d9da1022dd52ff9c08b1e552345b",
    "src/addons/FH/Razorpay/vendor/razorpay/razorpay/documents/plan.md": "5b7d77f701ff7b8f2a9fc52875f6a1fc2b3031127519052d73b58c70ae2237be",
    "src/addons/FH/Razorpay/vendor/razorpay/razorpay/documents/productConfiguration.md": "49a7ef40132207ac387b14ac7c1945b7027732657ffd6a23054543564fc223ab",
    "src/addons/FH/Razorpay/vendor/razorpay/razorpay/documents/qrcode.md": "73bb58fe2cb5307e88c63dff5e25119c54d1cb54b10f16219a8cc6bbb3d83fa7",
    "src/addons/FH/Razorpay/vendor/razorpay/razorpay/documents/refund.md": "e5d5d83420553846266f36660667712dc550d3f20dae8d230204fedf9234c9d8",
    "src/addons/FH/Razorpay/vendor/razorpay/razorpay/documents/registeremandate.md": "dccf0607cec23d01aa4b153b9738a5c67ac53abeadba68659fe58b2e173e27dc",
    "src/addons/FH/Razorpay/vendor/razorpay/razorpay/documents/registernach.md": "00f3472497469e5b520d04bc2fcbd43f4bd8e51a64f4f8f25d6dc4057afc3f8c",
    "src/addons/FH/Razorpay/vendor/razorpay/razorpay/documents/settlement.md": "e1ed2649a1d9938f4776070c377409f5ca0f9475cf7f38fefc94ef1ba404e94e",
    "src/addons/FH/Razorpay/vendor/razorpay/razorpay/documents/stakeholder.md": "c89b7ada19718296233f93d6fce604dcf4a54612d460edfd026b245edd1314a1",
    "src/addons/FH/Razorpay/vendor/razorpay/razorpay/documents/subscription.md": "049dc76e5a9d16bedd0748bec07d8c2b672eaa2f7779573250c00b338cbbe9c8",
    "src/addons/FH/Razorpay/vendor/razorpay/razorpay/documents/token.md": "127af02ba9b19b96ce9ea292b6d11001fd7e7a53cb2ecec577c68fad80d24d46",
    "src/addons/FH/Razorpay/vendor/razorpay/razorpay/documents/transfer.md": "0e6af378c44e21baeb956b43627162ce73d7f75d76209308c1eb027d53678391",
    "src/addons/FH/Razorpay/vendor/razorpay/razorpay/documents/upi.md": "e8f3377948baa2eeacff405ecf3d2d8dfa50d8352578782074c969745b57a011",
    "src/addons/FH/Razorpay/vendor/razorpay/razorpay/documents/virtualaccount.md": "7701875fcf5772f3ad5fce75a2f8db2ef558844af754a460cdd6d6b5f4fe6f44",
    "src/addons/FH/Razorpay/vendor/razorpay/razorpay/documents/webhook.md": "c4efd983e2486d65a03028dd38d86debeb12daa79232017e4fd57b90f8784b25",
    "src/addons/FH/Razorpay/vendor/razorpay/razorpay/libs/Requests-2.0.4/certificates/cacert.pem": "6ed95025fba2aef0ce7b647607225745624497f876d74ef6ec22b26e73e9de77",
    "src/addons/FH/Razorpay/vendor/razorpay/razorpay/libs/Requests-2.0.4/certificates/cacert.pem.sha256": "17c6d3afefc1f1425c678af4db9d0f26d7d44df27b09efd9f1b825e3acb7b24f",
    "src/addons/FH/Razorpay/vendor/razorpay/razorpay/libs/Requests-2.0.4/CHANGELOG.md": "f685afb25265b23b972dfa312700640900e1c55d675a42cb17383594bf7d0870",
    "src/addons/FH/Razorpay/vendor/razorpay/razorpay/libs/Requests-2.0.4/composer.json": "f0b3a55778a42db92e1faffe6b1e1b4633972295eff324bd45ca04e88854787c",
    "src/addons/FH/Razorpay/vendor/razorpay/razorpay/libs/Requests-2.0.4/library/Deprecated.php": "9aa0d828e95b5efdf8f26eb19c021db105d3f31e08a3b339391fd3586a4519a1",
    "src/addons/FH/Razorpay/vendor/razorpay/razorpay/libs/Requests-2.0.4/library/README.md": "a88a721e640e3596ebe93383ee549d04b2a376b5f51eae33071abf9003c24899",
    "src/addons/FH/Razorpay/vendor/razorpay/razorpay/libs/Requests-2.0.4/library/Requests.php": "e453af999feb5e5ddadb0c07ce48fb414ceab4963c975aee95bfc92cea66153a",
    "src/addons/FH/Razorpay/vendor/razorpay/razorpay/libs/Requests-2.0.4/LICENSE": "c08c66f8037c23f20614b58c0cbab6bbacef833dfa9c6a3a00ad3dc3344c2040",
    "src/addons/FH/Razorpay/vendor/razorpay/razorpay/libs/Requests-2.0.4/README.md": "008591d2e8c34ae691cab210a0a326e35f8621ea4d7cec04ee514952c6676dcb",
    "src/addons/FH/Razorpay/vendor/razorpay/razorpay/libs/Requests-2.0.4/src/Auth.php": "55ff2df53f03e60ec04f264ebb82d190e84867fdba28df4bd67d31921f895960",
    "src/addons/FH/Razorpay/vendor/razorpay/razorpay/libs/Requests-2.0.4/src/Auth/Basic.php": "ab1c5a7a4ddb93747fbdf8d3bb50e93fa77a38762a22ed5226ca85e1fa8dfa54",
    "src/addons/FH/Razorpay/vendor/razorpay/razorpay/libs/Requests-2.0.4/src/Autoload.php": "13d7fafb8bc7b04df7e6468f784432d92fa76233cc626254fba02fc1e1752cf8",
    "src/addons/FH/Razorpay/vendor/razorpay/razorpay/libs/Requests-2.0.4/src/Capability.php": "36522826ff490034ef90f6ce506496195314eff9b940c6425d183dd6bae4c4f8",
    "src/addons/FH/Razorpay/vendor/razorpay/razorpay/libs/Requests-2.0.4/src/Cookie.php": "46ddb05a6865710317d89e0a000186140790d19eb19af682bffe7e07cfe3715d",
    "src/addons/FH/Razorpay/vendor/razorpay/razorpay/libs/Requests-2.0.4/src/Cookie/Jar.php": "900ce012b38234e9c7196070cb8f7848e0b6727689e9c73c4d52e2ba1481f747",
    "src/addons/FH/Razorpay/vendor/razorpay/razorpay/libs/Requests-2.0.4/src/Exception.php": "442a7f6f0c2f8b7b06149dc5f0aeba4eef946f84b7f2ad8907bb621d7d281066",
    "src/addons/FH/Razorpay/vendor/razorpay/razorpay/libs/Requests-2.0.4/src/Exception/ArgumentCount.php": "a6632c1a12b579783b3b3abe7f0d45d79b3c295d139146faecdd35c6622709b4",
    "src/addons/FH/Razorpay/vendor/razorpay/razorpay/libs/Requests-2.0.4/src/Exception/Http.php": "6d9dc436afb2a8658a0c8d8a89aac2c92fee66190579e1f7a625621a5ebd3ec9",
    "src/addons/FH/Razorpay/vendor/razorpay/razorpay/libs/Requests-2.0.4/src/Exception/Http/Status304.php": "d542d2012c80a832a11179e9de5f2e579f91d99f4db8a4d79aab61ff7cd538e4",
    "src/addons/FH/Razorpay/vendor/razorpay/razorpay/libs/Requests-2.0.4/src/Exception/Http/Status305.php": "e1309028d5881c1574e46df1e599854c7f4cc4c1c9f1e4a041ac7f6dd4bb9eb9",
    "src/addons/FH/Razorpay/vendor/razorpay/razorpay/libs/Requests-2.0.4/src/Exception/Http/Status306.php": "ecc19b8458bc7c8d0cc69fab293c265ad41efed11f4b9366c10d40468267ab0d",
    "src/addons/FH/Razorpay/vendor/razorpay/razorpay/libs/Requests-2.0.4/src/Exception/Http/Status400.php": "66c435f25e14672f05694e29369366bd250ed373527aaa36b7b3bf29ed1b1a89",
    "src/addons/FH/Razorpay/vendor/razorpay/razorpay/libs/Requests-2.0.4/src/Exception/Http/Status401.php": "e74cca6cef841a444c6fd368398e72615f3decb5dcd8e6b0f4152ce44a7a5fd3",
    "src/addons/FH/Razorpay/vendor/razorpay/razorpay/libs/Requests-2.0.4/src/Exception/Http/Status402.php": "43c6d092f6f3724fc02eaccc03dade942b6eb521ce1fc84747b557f51eea0133",
    "src/addons/FH/Razorpay/vendor/razorpay/razorpay/libs/Requests-2.0.4/src/Exception/Http/Status403.php": "2c54292073012c2a4ce855e3bfa6f24aa252e6dae9c27aacd352e408d1aa5409",
    "src/addons/FH/Razorpay/vendor/razorpay/razorpay/libs/Requests-2.0.4/src/Exception/Http/Status404.php": "699b6626f7d05cbf609a9b7d01190be70c8247eaf7ea0f9a76fb43e8a85a52a2",
    "src/addons/FH/Razorpay/vendor/razorpay/razorpay/libs/Requests-2.0.4/src/Exception/Http/Status405.php": "bd8027b14eeeebe6c09a8dc7a2e6369649312e2de9e1dc10cb109288df97e33d",
    "src/addons/FH/Razorpay/vendor/razorpay/razorpay/libs/Requests-2.0.4/src/Exception/Http/Status406.php": "6a17029352c63b5ac0f3500d2c9ca1148ab9f29c981db5b9dc3948249b4de625",
    "src/addons/FH/Razorpay/vendor/razorpay/razorpay/libs/Requests-2.0.4/src/Exception/Http/Status407.php": "f70a269a2fab6df136f81679e0c1acd404e114b729226ea6ee1e567c58d1b63b",
    "src/addons/FH/Razorpay/vendor/razorpay/razorpay/libs/Requests-2.0.4/src/Exception/Http/Status408.php": "e31fc6ed62d86dd9bc9818b2953532c8f1ab552fe29e943260633a04caf97f8e",
    "src/addons/FH/Razorpay/vendor/razorpay/razorpay/libs/Requests-2.0.4/src/Exception/Http/Status409.php": "c1bd72ee2ba72bbb2f9b90e63799cff0a57a7d22400429203e8fef76df0f54ef",
    "src/addons/FH/Razorpay/vendor/razorpay/razorpay/libs/Requests-2.0.4/src/Exception/Http/Status410.php": "74287f0d729910f25eb742ef2a528ff5fd34847c95f02139eef1fd66fd0564c8",
    "src/addons/FH/Razorpay/vendor/razorpay/razorpay/libs/Requests-2.0.4/src/Exception/Http/Status411.php": "f48d82b8a6bbe29b5944b9ae43b86d2dfc9b00822786f72a03fd6b43675a744e",
    "src/addons/FH/Razorpay/vendor/razorpay/razorpay/libs/Requests-2.0.4/src/Exception/Http/Status412.php": "c9b3f2cc9e8bef48a7ec2eb3512e73aa4173d09ee8f836145ee4d4ffdb352dbe",
    "src/addons/FH/Razorpay/vendor/razorpay/razorpay/libs/Requests-2.0.4/src/Exception/Http/Status413.php": "ba21191df92298b3f5e696d5bd2304de126e7079a58aafc07abaf57f08e068b3",
    "src/addons/FH/Razorpay/vendor/razorpay/razorpay/libs/Requests-2.0.4/src/Exception/Http/Status414.php": "48e76a04e4b68d923bad98c60a5780f29e5742c9612969eaa85e99178fa3bfbf",
    "src/addons/FH/Razorpay/vendor/razorpay/razorpay/libs/Requests-2.0.4/src/Exception/Http/Status415.php": "5d37e1066f55b124202131f99cd1f1a6f0c652505ce8eccc3254e54afe45441b",
    "src/addons/FH/Razorpay/vendor/razorpay/razorpay/libs/Requests-2.0.4/src/Exception/Http/Status416.php": "5431ab8de0fd2a9bf5dbd002d0b800917e0dfa8ddf76621b3539de69db5da62c",
    "src/addons/FH/Razorpay/vendor/razorpay/razorpay/libs/Requests-2.0.4/src/Exception/Http/Status417.php": "4663bdded00c5d37fbd496ea9eb02fc7c9d269e025af5d51b6b787a522e0a0f6",
    "src/addons/FH/Razorpay/vendor/razorpay/razorpay/libs/Requests-2.0.4/src/Exception/Http/Status418.php": "d35d01decab8de5009630211257f4d3dfa910e28bbe137565546380819d3631f",
    "src/addons/FH/Razorpay/vendor/razorpay/razorpay/libs/Requests-2.0.4/src/Exception/Http/Status428.php": "6fa34afab1cbb4894e9dd4caaa27467ba7ff59470f656d27f23f03e2aa7abb1e",
    "src/addons/FH/Razorpay/vendor/razorpay/razorpay/libs/Requests-2.0.4/src/Exception/Http/Status429.php": "48ecac2d984be99bc448d43c4e9bcf495c2a3ca0fa4659a7fdacc21d2ca91879",
    "src/addons/FH/Razorpay/vendor/razorpay/razorpay/libs/Requests-2.0.4/src/Exception/Http/Status431.php": "c0856154f2f7cb350baaa171e45c16300164fadd5ab846c6cde097b621d06e81",
    "src/addons/FH/Razorpay/vendor/razorpay/razorpay/libs/Requests-2.0.4/src/Exception/Http/Status500.php": "22b93daa63b7a3c20c0aa5d4d6ebe5b5c717bc351c165adf02db0628418a49f0",
    "src/addons/FH/Razorpay/vendor/razorpay/razorpay/libs/Requests-2.0.4/src/Exception/Http/Status501.php": "92db81b9a7cdb04693e6088b4532bde4a193c17cb749a6c244b53232a06966b3",
    "src/addons/FH/Razorpay/vendor/razorpay/razorpay/libs/Requests-2.0.4/src/Exception/Http/Status502.php": "5cc5893df1b8a91a3911cc4307ce4cd584aed6c065502e1744c452a3200365b4",
    "src/addons/FH/Razorpay/vendor/razorpay/razorpay/libs/Requests-2.0.4/src/Exception/Http/Status503.php": "f4e92ac83b2c0ef4c596fd18affe8ece10836d578ba8ca9df8a3e84f68152a26",
    "src/addons/FH/Razorpay/vendor/razorpay/razorpay/libs/Requests-2.0.4/src/Exception/Http/Status504.php": "c0a3a1426f32a29a418c82c6f3e2694b8fe84ec83db93b2618a3f210db039753",
    "src/addons/FH/Razorpay/vendor/razorpay/razorpay/libs/Requests-2.0.4/src/Exception/Http/Status505.php": "181d699d679ae8619048865d1dc58222e0b725820bda79881f0ba00c361b2d84",
    "src/addons/FH/Razorpay/vendor/razorpay/razorpay/libs/Requests-2.0.4/src/Exception/Http/Status511.php": "6969ddf7b24ed27cf8906e55d7f0e60417f08d942b8999f8bff43d0d72f73f66",
    "src/addons/FH/Razorpay/vendor/razorpay/razorpay/libs/Requests-2.0.4/src/Exception/Http/StatusUnknown.php": "19864167b648019581dd7906046f6dcce64dd87c09f0fb5d60016348db954eb1",
    "src/addons/FH/Razorpay/vendor/razorpay/razorpay/libs/Requests-2.0.4/src/Exception/InvalidArgument.php": "e07fece0cd8cb70aaacb9f6aea251041cd5706a711122bf947c24242d780da3b",
    "src/addons/FH/Razorpay/vendor/razorpay/razorpay/libs/Requests-2.0.4/src/Exception/Transport.php": "050498aedbbbcd3c24eb0457371aee9a061f41bd9829844a9cea4c9d82229ed5",
    "src/addons/FH/Razorpay/vendor/razorpay/razorpay/libs/Requests-2.0.4/src/Exception/Transport/Curl.php": "3e4e73c24d32a8abc038964a4c76aaf187b96698eaed47815be4d5d27bddcb3c",
    "src/addons/FH/Razorpay/vendor/razorpay/razorpay/libs/Requests-2.0.4/src/HookManager.php": "4b09da68b4f523dd9d36f047117e0c1fd442c6aebc8e4cc3632e5ac1a04ff317",
    "src/addons/FH/Razorpay/vendor/razorpay/razorpay/libs/Requests-2.0.4/src/Hooks.php": "2bb6087cb4a761715544898125471682f90033a17a9bfbd6420fef3a44c9911e",
    "src/addons/FH/Razorpay/vendor/razorpay/razorpay/libs/Requests-2.0.4/src/IdnaEncoder.php": "4769f0540431ae6a86af71bf5289559728d6a936f367b7ca23acead2de37ae9a",
    "src/addons/FH/Razorpay/vendor/razorpay/razorpay/libs/Requests-2.0.4/src/Ipv6.php": "65c4713e71e21b36109fc8d50aceaac68dfc1e7abbad72e96dccb69fb82c5725",
    "src/addons/FH/Razorpay/vendor/razorpay/razorpay/libs/Requests-2.0.4/src/Iri.php": "b4b6c63147f2ebd47b2e37ef939099b18e82bbc3ea9dd3ae3bda699aabee5261",
    "src/addons/FH/Razorpay/vendor/razorpay/razorpay/libs/Requests-2.0.4/src/Port.php": "eab02dc614d84eb8e874ec743d1ede48cbac7df8f7841b664f6e97995e8d883c",
    "src/addons/FH/Razorpay/vendor/razorpay/razorpay/libs/Requests-2.0.4/src/Proxy.php": "251c12ecb0eccb1ae9b3f54a7b7a568401704c94ce05a8a1ac0443b5c71dfed0",
    "src/addons/FH/Razorpay/vendor/razorpay/razorpay/libs/Requests-2.0.4/src/Proxy/Http.php": "4219fb6f79e9bf6cb6ccad40140ca7e58fe7929284a5f32f6a6e49967c8e6ec2",
    "src/addons/FH/Razorpay/vendor/razorpay/razorpay/libs/Requests-2.0.4/src/Requests.php": "39e1a7ba93cbaa97516313cad795cc6ff696bd43045aeaa9b8a5cb218339d2e6",
    "src/addons/FH/Razorpay/vendor/razorpay/razorpay/libs/Requests-2.0.4/src/Response.php": "9c415c56c9fcfe999192e94bc9040a82a3b2b98261c804686ac638857657001d",
    "src/addons/FH/Razorpay/vendor/razorpay/razorpay/libs/Requests-2.0.4/src/Response/Headers.php": "afd92c6ae08a25ec5962c2cce7d1e0617d78292ba3fc25d5be4d7c9221f0f354",
    "src/addons/FH/Razorpay/vendor/razorpay/razorpay/libs/Requests-2.0.4/src/Session.php": "7aa018038569e29726aca443ed7a9d8c0aea83e533c172fe3c77d8c2b0334c9d",
    "src/addons/FH/Razorpay/vendor/razorpay/razorpay/libs/Requests-2.0.4/src/Ssl.php": "d9a3dc1bdde30ec56cdeeddfcd685f29b75ef496f1a9669a800ccfb1d2fd1202",
    "src/addons/FH/Razorpay/vendor/razorpay/razorpay/libs/Requests-2.0.4/src/Transport.php": "ca39e25d43c50f81514d2f441f492e3fa412f932c587ba579eb5d95d91f3096b",
    "src/addons/FH/Razorpay/vendor/razorpay/razorpay/libs/Requests-2.0.4/src/Transport/Curl.php": "bd491fc480ab1ccb239ffc92068e3d1bf4c2c8db34ba61eeb8ef37b4c538135a",
    "src/addons/FH/Razorpay/vendor/razorpay/razorpay/libs/Requests-2.0.4/src/Transport/Fsockopen.php": "e00153229523b06c2dda47da0f27230da30ed04677ed9561520bf9a16aeffff8",
    "src/addons/FH/Razorpay/vendor/razorpay/razorpay/libs/Requests-2.0.4/src/Utility/CaseInsensitiveDictionary.php": "e2bd99ab8d6a0c28d72c5dd3bbb38e5917db970564e55f816a46e0eab5aef55c",
    "src/addons/FH/Razorpay/vendor/razorpay/razorpay/libs/Requests-2.0.4/src/Utility/FilteredIterator.php": "771a4deddbbbf41cccb302127eb7928deca357d0ed86be3a8757075f3fc7473f",
    "src/addons/FH/Razorpay/vendor/razorpay/razorpay/libs/Requests-2.0.4/src/Utility/InputValidator.php": "ddbe22b3f5ed77f3dd522cac31404298cee44a61b9acc30d449c1edd0577c4e1",
    "src/addons/FH/Razorpay/vendor/razorpay/razorpay/LICENSE": "e196d96fe16f71af91142c0d7302d0df09e470a65c4779f28355499415823587",
    "src/addons/FH/Razorpay/vendor/razorpay/razorpay/non_composer_tests/RazorpayTest.php": "8d4be65f2c52145f685e846d0bda7bd2b51d9e55fbaf8ba6733284295a5a5f34",
    "src/addons/FH/Razorpay/vendor/razorpay/razorpay/phpunit.xml.dist": "1f121441310bec4f01f6f83fca24fcc552fc3c454b62ee56153e2ac9d78f3db4",
    "src/addons/FH/Razorpay/vendor/razorpay/razorpay/Razorpay.php": "7e50f4d9d46575225904937b7040661c6ed027c1c0391db2006beae5c430afb2",
    "src/addons/FH/Razorpay/vendor/razorpay/razorpay/README.md": "db0378e1b01707dd7eace5e3b4546c1257c9f6beb9984ccd62381737d504b94a",
    "src/addons/FH/Razorpay/vendor/razorpay/razorpay/release.txt": "533e0cf576303f9d28c560f1c729ca6373897d128e4c054fe03b0f5ce4d8e51c",
    "src/addons/FH/Razorpay/vendor/razorpay/razorpay/src/Account.php": "953a381685d7304bd2e837c7b87bdf38d2fd588310a570e595dbd9032d27275d",
    "src/addons/FH/Razorpay/vendor/razorpay/razorpay/src/Addon.php": "a14f6dad9c10a830c077ff5d55cfcd42c5efdc83ced29148edd359f198f9fb02",
    "src/addons/FH/Razorpay/vendor/razorpay/razorpay/src/Api.php": "43216dc9153547353ede8826166d70d978548adeb24398b4dc89831b7ac03056",
    "src/addons/FH/Razorpay/vendor/razorpay/razorpay/src/ArrayableInterface.php": "6a2fffc7629c586f8d01bcde8b7e5a850cb164649e385e374874767aba923359",
    "src/addons/FH/Razorpay/vendor/razorpay/razorpay/src/Card.php": "e31832f06a888b9007170f13431d45abc774b0c50ba38cabbad7aedfa19a895c",
    "src/addons/FH/Razorpay/vendor/razorpay/razorpay/src/Collection.php": "cd9cfd90b24581fb499b752ec34da6783ebe6ab4adf04ea26242f12f66290ac0",
    "src/addons/FH/Razorpay/vendor/razorpay/razorpay/src/Customer.php": "fccf09b7c4ff14ceb669d90c062bdabf93140f7e2cb1b636ebbf97241f06b8ec",
    "src/addons/FH/Razorpay/vendor/razorpay/razorpay/src/Dispute.php": "a60a6f36600ab7b80f13ec39179814929171a23770e197177b17104f5091accf",
    "src/addons/FH/Razorpay/vendor/razorpay/razorpay/src/Document.php": "947898339a214f4093ec56449ab593f8c43fbfc7904109ee6aa01200d4dd4ef6",
    "src/addons/FH/Razorpay/vendor/razorpay/razorpay/src/Entity.php": "fc4afd2f2f2eee523973d43cba85a0aab225f7673bbf1c99edd54303edaaf5f3",
    "src/addons/FH/Razorpay/vendor/razorpay/razorpay/src/Errors/BadRequestError.php": "caacb2a372b708df457c22ebef4e701ab89c0893542991993438306cf9eb49d9",
    "src/addons/FH/Razorpay/vendor/razorpay/razorpay/src/Errors/Error.php": "453ad0430d9fea3a12a7d5d3d4b4497bb645ba1606ed2e8316ab4e03064102d7",
    "src/addons/FH/Razorpay/vendor/razorpay/razorpay/src/Errors/ErrorCode.php": "6a1d8f84ecae80057d8b8070ddbe9b873509dbaacbb862e00c6edf109f36b357",
    "src/addons/FH/Razorpay/vendor/razorpay/razorpay/src/Errors/GatewayError.php": "6643e87cf651d9736ff25fc913f673ac3a6dd2db356d81d42eebe4daa6087553",
    "src/addons/FH/Razorpay/vendor/razorpay/razorpay/src/Errors/ServerError.php": "a25eff1367fff6b8d056d39a5ed95c95c75d4251327ca3f5138ccd8bdb6152f6",
    "src/addons/FH/Razorpay/vendor/razorpay/razorpay/src/Errors/SignatureVerificationError.php": "91a4b93662780372fff15e511da80b2dae7215d9ce0d5af96a3662e365b2ef57",
    "src/addons/FH/Razorpay/vendor/razorpay/razorpay/src/FundAccount.php": "9db29c3cb1e38e9854e254c6c84f3edb7ff4652885671a5334b2dd7d2afd5156",
    "src/addons/FH/Razorpay/vendor/razorpay/razorpay/src/Iin.php": "46466f72e314366ef8dad64f56dac818d4e511c28beb2e5363ef60099fcc582a",
    "src/addons/FH/Razorpay/vendor/razorpay/razorpay/src/Invoice.php": "7434e7e54cdae1b46fced055f52131a748e67046c0ba3d043516d6d8576048c4",
    "src/addons/FH/Razorpay/vendor/razorpay/razorpay/src/Item.php": "d22d3d8f12d85cc77f22cbbb98c557fb6452502841ee47dc7cac3d4cce01e884",
    "src/addons/FH/Razorpay/vendor/razorpay/razorpay/src/Order.php": "6b5a7c189a4c3a056936b2facf0345d48226be05fa1826c6d6705653c938f95d",
    "src/addons/FH/Razorpay/vendor/razorpay/razorpay/src/Payment.php": "fbdfe0a5cd7ade7bdcce804a26c75341193215036d39bf0784122c07d7e81662",
    "src/addons/FH/Razorpay/vendor/razorpay/razorpay/src/PaymentLink.php": "285ef180d36fd4a0d491fc9367af1024dfd43cac539fcd2dfc5510fded284fcb",
    "src/addons/FH/Razorpay/vendor/razorpay/razorpay/src/PaymentPage.php": "2a9f6de3e60346216302fef0fab5b709b01daad1c7baff87b9e8e281e8339775",
    "src/addons/FH/Razorpay/vendor/razorpay/razorpay/src/Plan.php": "d124cec39813e1ec22f9cb31a200bd91cd4e69e3de0fa1d71b85f96a1437144c",
    "src/addons/FH/Razorpay/vendor/razorpay/razorpay/src/Product.php": "6a8e1d66467784299e5a5126d084a47430ed7db21ebac92564a5561071170466",
    "src/addons/FH/Razorpay/vendor/razorpay/razorpay/src/QrCode.php": "0b29640aee3092d7cafa09b1cea8f5ea5df1868b05d2f44d9f608c8c83287c95",
    "src/addons/FH/Razorpay/vendor/razorpay/razorpay/src/Refund.php": "97c42ac24b7c85ba68985659215e1735fcd4683e2ca92a3a5f1bd23fc7f8c610",
    "src/addons/FH/Razorpay/vendor/razorpay/razorpay/src/Request.php": "8893cd48f8ffa30d06881c875650d7f3e91743723da89df210d3ffe2b6f01935",
    "src/addons/FH/Razorpay/vendor/razorpay/razorpay/src/Resource.php": "3b4859c058c7d9322ca69e4d7f0cae5909501e90571b13a445dcebdddb374370",
    "src/addons/FH/Razorpay/vendor/razorpay/razorpay/src/Settlement.php": "f7c12c8ddc1a217f437f804876c021066ba59ebdc772ef64ef26d4839d543ec9",
    "src/addons/FH/Razorpay/vendor/razorpay/razorpay/src/Stakeholder.php": "2d13dfd4310f4f0499df208d71146bb5dad763cf77704d740b364b82d07e10b4",
    "src/addons/FH/Razorpay/vendor/razorpay/razorpay/src/Subscription.php": "4b19a79bd2d6785a063622cae00e2abfc3b28fa370975d4b058e8a01f3997805",
    "src/addons/FH/Razorpay/vendor/razorpay/razorpay/src/Token.php": "8278c5343ebb1d1078a556fed244e610af80fa9a6144053f5e2f6b601dbd9531",
    "src/addons/FH/Razorpay/vendor/razorpay/razorpay/src/Transfer.php": "bbf15f9e98b9ba87145efd4204b76f4f4dc5d6300c1a266073da7ebc54aa5b4a",
    "src/addons/FH/Razorpay/vendor/razorpay/razorpay/src/Utility.php": "98b3c5bdfb84a4046ee0be22cfb8ad833bc0b61611978ccd579374fd51f6fc3c",
    "src/addons/FH/Razorpay/vendor/razorpay/razorpay/src/VirtualAccount.php": "dc9d2a4df4010986e3debf2078ff39ec5a4f9c31d054e60edb5de41bd9a53942",
    "src/addons/FH/Razorpay/vendor/razorpay/razorpay/src/Webhook.php": "7463966aa508a82aead136f8e51048e98afb95bbad57de529266ef385c330254",
    "src/addons/FH/Razorpay/vendor/razorpay/razorpay/tests/AddonTest.php": "962261defd80731da5390d6b7be1775b02c6c7741a8a325e1d827d91b0c66d4f",
    "src/addons/FH/Razorpay/vendor/razorpay/razorpay/tests/ApiTest.php": "c970139ca44f1c341e86f0a8b76c4a1d034695e0ac2d927ab505b2b603e46272",
    "src/addons/FH/Razorpay/vendor/razorpay/razorpay/tests/bootstrap.php": "7e274f0a198f225b90bdcfb38de74c1170e6157f0f756d0986bafdc8056710fb",
    "src/addons/FH/Razorpay/vendor/razorpay/razorpay/tests/CardTest.php": "de2bd15bdea796d3fcc2c72d76fb01b21c7bb8d01d6b3110cf82a306ad120593",
    "src/addons/FH/Razorpay/vendor/razorpay/razorpay/tests/CoverageTest.php": "ae5df58d9bafae78a39e53be71d32e1fc472967013e8a217d576e6df0c0c5064",
    "src/addons/FH/Razorpay/vendor/razorpay/razorpay/tests/CustomerTest.php": "232133da6db6f8f4d9f792fcd1bf50cec53590a06ee0bf53fd6cedcc294126a5",
    "src/addons/FH/Razorpay/vendor/razorpay/razorpay/tests/EmandateTest.php": "14dc463f0b94b2c3c9577a0fe4fce3cba3a0b32e588a1e0ce04c1d59254d0dc4",
    "src/addons/FH/Razorpay/vendor/razorpay/razorpay/tests/ExceptionTest.php": "32cf1ed344d4a0f4424eb8f1e85867e9d68eba64e8ab31e48cf5acdb6b31371b",
    "src/addons/FH/Razorpay/vendor/razorpay/razorpay/tests/FundTest.php": "5cac3aeef2788726a76cd15e6d982f4fa381549158ca7fc36639284e2d7aae20",
    "src/addons/FH/Razorpay/vendor/razorpay/razorpay/tests/IinTest.php": "08ccae22d5405f270d56c8fe4bfda666651e56ce6dea40eb9888bd68a77308c3",
    "src/addons/FH/Razorpay/vendor/razorpay/razorpay/tests/InvoiceTest.php": "55f720a78681c8a18c2add63570a5f61c531480ae288f03c0634ad1c77f3552d",
    "src/addons/FH/Razorpay/vendor/razorpay/razorpay/tests/ItemTest.php": "e195d40c0e5b2c1145870dc55d545dd4dac324a43a2dbbb83dd0646da2f65c0c",
    "src/addons/FH/Razorpay/vendor/razorpay/razorpay/tests/OrdersTest.php": "76e76f36856ac4d23db833c25b19f72a012d2b079c6086518ca1c0ea1dc3d5fe",
    "src/addons/FH/Razorpay/vendor/razorpay/razorpay/tests/PaperNachTest.php": "8bd50935d13ec26629820699bb26e3f1b30483514c96e884012e892d007d1d76",
    "src/addons/FH/Razorpay/vendor/razorpay/razorpay/tests/PartnerTest.php": "749c0143c02569fbd278295bab30bf70d448cf18c6173f6b668d23d6f5fedd5c",
    "src/addons/FH/Razorpay/vendor/razorpay/razorpay/tests/PaymentLinkTest.php": "c17cbf147cd11724c4ab4112a1bb434c82f4fe4b71cd91be56f345b3b3c08c76",
    "src/addons/FH/Razorpay/vendor/razorpay/razorpay/tests/PaymentTest.php": "7301a347898b5986c9eb58ad534421fc10ebdfb49185861375b4abed2cb2d9da",
    "src/addons/FH/Razorpay/vendor/razorpay/razorpay/tests/PlanTest.php": "61321f7d612f58bb82b72965d87f08633c2fed2d4865c56ad1db8c6764b84766",
    "src/addons/FH/Razorpay/vendor/razorpay/razorpay/tests/QrCodeTest.php": "c6624b2fa2c6d985d8619552a564848a47df1e2dd83aae7c697fdb96711d0f14",
    "src/addons/FH/Razorpay/vendor/razorpay/razorpay/tests/RefundTest.php": "b545965b377998406af9c54bdd6c2b2233d7fb7a9f080b591705ce9280dab8f1",
    "src/addons/FH/Razorpay/vendor/razorpay/razorpay/tests/RegisterEmandateTest.php": "a09a59bebfb912409b2623734c401b3a1cff36d6b41d5dd6ff9bf8b586b41f55",
    "src/addons/FH/Razorpay/vendor/razorpay/razorpay/tests/RegisterNachTest.php": "f384f1a4174a6865fdfb1f6799dcd4799271c91b721cea03835e45fe976e191f",
    "src/addons/FH/Razorpay/vendor/razorpay/razorpay/tests/RequestTest.php": "b0490f2b4bb71c7a0c9d9fcd7b63fddd219ba4347fe0421f5fa74362cea2389c",
    "src/addons/FH/Razorpay/vendor/razorpay/razorpay/tests/SettlementTest.php": "2c9bd0cee5171b3e90256ccab17803a033a6a490be9c9896a734becb923ec241",
    "src/addons/FH/Razorpay/vendor/razorpay/razorpay/tests/SignatureVerificationTest.php": "257c74d15898faa131353787d834ca093bd32d52f8c5cbda1109f991cdd52686",
    "src/addons/FH/Razorpay/vendor/razorpay/razorpay/tests/SubscriptionTest.php": "80459da94823b80319a575cff36e65bd0bf48e035e49219ca5396bf0bf6f4d38",
    "src/addons/FH/Razorpay/vendor/razorpay/razorpay/tests/TestCase.php": "5459432001a670f753a26ac0182623022c2289b66a5d37a585a9eb9d83b9a868",
    "src/addons/FH/Razorpay/vendor/razorpay/razorpay/tests/TokenTest.php": "bb2fc53cf75bd5b83199129a4cc942c4e4d3fee7134c95df81523b6cbee3114e",
    "src/addons/FH/Razorpay/vendor/razorpay/razorpay/tests/TransferTest.php": "95cebc366ebdf547cb4bba8ce28e07f1bfac8a80e1a3c6888d393c3aeb4e0e7d",
    "src/addons/FH/Razorpay/vendor/razorpay/razorpay/tests/UpiTest.php": "77258fae190969d8c15baac5a08f7228c07d518011d5fa529aad0c48d2e39924",
    "src/addons/FH/Razorpay/vendor/razorpay/razorpay/tests/VirtualAccountTest.php": "54c3973ab4c8a9948e839c18b0a02d596a2649075fb2ce248ca12ca26ab646f3",
    "src/addons/FH/Razorpay/vendor/rmccue/requests/certificates/cacert.pem": "1bf458412568e134a4514f5e170a328d11091e071c7110955c9884ed87972ac9",
    "src/addons/FH/Razorpay/vendor/rmccue/requests/certificates/cacert.pem.sha256": "e05eb435b977b3939d464b941c9a97755f22d0759aafd49743eff1411c0db7a5",
    "src/addons/FH/Razorpay/vendor/rmccue/requests/CHANGELOG.md": "0f3583a1581384b650ba38cfd3efa776c055b8b127cb1d1ab46cf81810e210bf",
    "src/addons/FH/Razorpay/vendor/rmccue/requests/composer.json": "1ce1ef341d5a4430602447fb3b5cef42c765e931a2ad52011c20af9af89162ea",
    "src/addons/FH/Razorpay/vendor/rmccue/requests/library/Deprecated.php": "87f713bd41c932f684d7f0afa83ba70ff1bc9ff24ebe7112e3fb7183d2d465c7",
    "src/addons/FH/Razorpay/vendor/rmccue/requests/library/README.md": "a88a721e640e3596ebe93383ee549d04b2a376b5f51eae33071abf9003c24899",
    "src/addons/FH/Razorpay/vendor/rmccue/requests/library/Requests.php": "ba80036630999c9d445fbfca489a767dbbdcc23f960b89ab947c6eb213d9db8d",
    "src/addons/FH/Razorpay/vendor/rmccue/requests/LICENSE": "c08c66f8037c23f20614b58c0cbab6bbacef833dfa9c6a3a00ad3dc3344c2040",
    "src/addons/FH/Razorpay/vendor/rmccue/requests/README.md": "8f5a99f00f3a837815acf221313cc45fcd4cd0e006137b89224814af8b198af1",
    "src/addons/FH/Razorpay/vendor/rmccue/requests/src/Auth.php": "55ff2df53f03e60ec04f264ebb82d190e84867fdba28df4bd67d31921f895960",
    "src/addons/FH/Razorpay/vendor/rmccue/requests/src/Auth/Basic.php": "ab1c5a7a4ddb93747fbdf8d3bb50e93fa77a38762a22ed5226ca85e1fa8dfa54",
    "src/addons/FH/Razorpay/vendor/rmccue/requests/src/Autoload.php": "e5eb035b64d0fd4b6b30f582c207955dd426c4faabf3695b83be09482febb514",
    "src/addons/FH/Razorpay/vendor/rmccue/requests/src/Capability.php": "0d7c9dc6d64eeb226b77af8248775ed3903af655ffffd6796d14704e0f68802b",
    "src/addons/FH/Razorpay/vendor/rmccue/requests/src/Cookie.php": "0ad287a5fdda8700eb3117c6637cdc60069a895fb780b8296ac8c809b756baf4",
    "src/addons/FH/Razorpay/vendor/rmccue/requests/src/Cookie/Jar.php": "1a7e0424bffb20752ee8b8dc807bab6bf8d02257e31f23989e72f7da54e3252f",
    "src/addons/FH/Razorpay/vendor/rmccue/requests/src/Exception.php": "442a7f6f0c2f8b7b06149dc5f0aeba4eef946f84b7f2ad8907bb621d7d281066",
    "src/addons/FH/Razorpay/vendor/rmccue/requests/src/Exception/ArgumentCount.php": "a6632c1a12b579783b3b3abe7f0d45d79b3c295d139146faecdd35c6622709b4",
    "src/addons/FH/Razorpay/vendor/rmccue/requests/src/Exception/Http.php": "6d9dc436afb2a8658a0c8d8a89aac2c92fee66190579e1f7a625621a5ebd3ec9",
    "src/addons/FH/Razorpay/vendor/rmccue/requests/src/Exception/Http/Status304.php": "d542d2012c80a832a11179e9de5f2e579f91d99f4db8a4d79aab61ff7cd538e4",
    "src/addons/FH/Razorpay/vendor/rmccue/requests/src/Exception/Http/Status305.php": "e1309028d5881c1574e46df1e599854c7f4cc4c1c9f1e4a041ac7f6dd4bb9eb9",
    "src/addons/FH/Razorpay/vendor/rmccue/requests/src/Exception/Http/Status306.php": "ecc19b8458bc7c8d0cc69fab293c265ad41efed11f4b9366c10d40468267ab0d",
    "src/addons/FH/Razorpay/vendor/rmccue/requests/src/Exception/Http/Status400.php": "66c435f25e14672f05694e29369366bd250ed373527aaa36b7b3bf29ed1b1a89",
    "src/addons/FH/Razorpay/vendor/rmccue/requests/src/Exception/Http/Status401.php": "e74cca6cef841a444c6fd368398e72615f3decb5dcd8e6b0f4152ce44a7a5fd3",
    "src/addons/FH/Razorpay/vendor/rmccue/requests/src/Exception/Http/Status402.php": "43c6d092f6f3724fc02eaccc03dade942b6eb521ce1fc84747b557f51eea0133",
    "src/addons/FH/Razorpay/vendor/rmccue/requests/src/Exception/Http/Status403.php": "2c54292073012c2a4ce855e3bfa6f24aa252e6dae9c27aacd352e408d1aa5409",
    "src/addons/FH/Razorpay/vendor/rmccue/requests/src/Exception/Http/Status404.php": "699b6626f7d05cbf609a9b7d01190be70c8247eaf7ea0f9a76fb43e8a85a52a2",
    "src/addons/FH/Razorpay/vendor/rmccue/requests/src/Exception/Http/Status405.php": "bd8027b14eeeebe6c09a8dc7a2e6369649312e2de9e1dc10cb109288df97e33d",
    "src/addons/FH/Razorpay/vendor/rmccue/requests/src/Exception/Http/Status406.php": "6a17029352c63b5ac0f3500d2c9ca1148ab9f29c981db5b9dc3948249b4de625",
    "src/addons/FH/Razorpay/vendor/rmccue/requests/src/Exception/Http/Status407.php": "f70a269a2fab6df136f81679e0c1acd404e114b729226ea6ee1e567c58d1b63b",
    "src/addons/FH/Razorpay/vendor/rmccue/requests/src/Exception/Http/Status408.php": "e31fc6ed62d86dd9bc9818b2953532c8f1ab552fe29e943260633a04caf97f8e",
    "src/addons/FH/Razorpay/vendor/rmccue/requests/src/Exception/Http/Status409.php": "c1bd72ee2ba72bbb2f9b90e63799cff0a57a7d22400429203e8fef76df0f54ef",
    "src/addons/FH/Razorpay/vendor/rmccue/requests/src/Exception/Http/Status410.php": "74287f0d729910f25eb742ef2a528ff5fd34847c95f02139eef1fd66fd0564c8",
    "src/addons/FH/Razorpay/vendor/rmccue/requests/src/Exception/Http/Status411.php": "f48d82b8a6bbe29b5944b9ae43b86d2dfc9b00822786f72a03fd6b43675a744e",
    "src/addons/FH/Razorpay/vendor/rmccue/requests/src/Exception/Http/Status412.php": "c9b3f2cc9e8bef48a7ec2eb3512e73aa4173d09ee8f836145ee4d4ffdb352dbe",
    "src/addons/FH/Razorpay/vendor/rmccue/requests/src/Exception/Http/Status413.php": "ba21191df92298b3f5e696d5bd2304de126e7079a58aafc07abaf57f08e068b3",
    "src/addons/FH/Razorpay/vendor/rmccue/requests/src/Exception/Http/Status414.php": "48e76a04e4b68d923bad98c60a5780f29e5742c9612969eaa85e99178fa3bfbf",
    "src/addons/FH/Razorpay/vendor/rmccue/requests/src/Exception/Http/Status415.php": "5d37e1066f55b124202131f99cd1f1a6f0c652505ce8eccc3254e54afe45441b",
    "src/addons/FH/Razorpay/vendor/rmccue/requests/src/Exception/Http/Status416.php": "5431ab8de0fd2a9bf5dbd002d0b800917e0dfa8ddf76621b3539de69db5da62c",
    "src/addons/FH/Razorpay/vendor/rmccue/requests/src/Exception/Http/Status417.php": "4663bdded00c5d37fbd496ea9eb02fc7c9d269e025af5d51b6b787a522e0a0f6",
    "src/addons/FH/Razorpay/vendor/rmccue/requests/src/Exception/Http/Status418.php": "d35d01decab8de5009630211257f4d3dfa910e28bbe137565546380819d3631f",
    "src/addons/FH/Razorpay/vendor/rmccue/requests/src/Exception/Http/Status428.php": "6fa34afab1cbb4894e9dd4caaa27467ba7ff59470f656d27f23f03e2aa7abb1e",
    "src/addons/FH/Razorpay/vendor/rmccue/requests/src/Exception/Http/Status429.php": "48ecac2d984be99bc448d43c4e9bcf495c2a3ca0fa4659a7fdacc21d2ca91879",
    "src/addons/FH/Razorpay/vendor/rmccue/requests/src/Exception/Http/Status431.php": "c0856154f2f7cb350baaa171e45c16300164fadd5ab846c6cde097b621d06e81",
    "src/addons/FH/Razorpay/vendor/rmccue/requests/src/Exception/Http/Status500.php": "22b93daa63b7a3c20c0aa5d4d6ebe5b5c717bc351c165adf02db0628418a49f0",
    "src/addons/FH/Razorpay/vendor/rmccue/requests/src/Exception/Http/Status501.php": "92db81b9a7cdb04693e6088b4532bde4a193c17cb749a6c244b53232a06966b3",
    "src/addons/FH/Razorpay/vendor/rmccue/requests/src/Exception/Http/Status502.php": "5cc5893df1b8a91a3911cc4307ce4cd584aed6c065502e1744c452a3200365b4",
    "src/addons/FH/Razorpay/vendor/rmccue/requests/src/Exception/Http/Status503.php": "f4e92ac83b2c0ef4c596fd18affe8ece10836d578ba8ca9df8a3e84f68152a26",
    "src/addons/FH/Razorpay/vendor/rmccue/requests/src/Exception/Http/Status504.php": "c0a3a1426f32a29a418c82c6f3e2694b8fe84ec83db93b2618a3f210db039753",
    "src/addons/FH/Razorpay/vendor/rmccue/requests/src/Exception/Http/Status505.php": "181d699d679ae8619048865d1dc58222e0b725820bda79881f0ba00c361b2d84",
    "src/addons/FH/Razorpay/vendor/rmccue/requests/src/Exception/Http/Status511.php": "6969ddf7b24ed27cf8906e55d7f0e60417f08d942b8999f8bff43d0d72f73f66",
    "src/addons/FH/Razorpay/vendor/rmccue/requests/src/Exception/Http/StatusUnknown.php": "19864167b648019581dd7906046f6dcce64dd87c09f0fb5d60016348db954eb1",
    "src/addons/FH/Razorpay/vendor/rmccue/requests/src/Exception/InvalidArgument.php": "e07fece0cd8cb70aaacb9f6aea251041cd5706a711122bf947c24242d780da3b",
    "src/addons/FH/Razorpay/vendor/rmccue/requests/src/Exception/Transport.php": "050498aedbbbcd3c24eb0457371aee9a061f41bd9829844a9cea4c9d82229ed5",
    "src/addons/FH/Razorpay/vendor/rmccue/requests/src/Exception/Transport/Curl.php": "3e4e73c24d32a8abc038964a4c76aaf187b96698eaed47815be4d5d27bddcb3c",
    "src/addons/FH/Razorpay/vendor/rmccue/requests/src/HookManager.php": "4b09da68b4f523dd9d36f047117e0c1fd442c6aebc8e4cc3632e5ac1a04ff317",
    "src/addons/FH/Razorpay/vendor/rmccue/requests/src/Hooks.php": "2bb6087cb4a761715544898125471682f90033a17a9bfbd6420fef3a44c9911e",
    "src/addons/FH/Razorpay/vendor/rmccue/requests/src/IdnaEncoder.php": "087fc47d99874d4c656bc40769bfc32006f0b87099cc4bce18b07a58eea97eed",
    "src/addons/FH/Razorpay/vendor/rmccue/requests/src/Ipv6.php": "cd22791b14895b1e9bb2c28953e65c400c6433109bbeeea925cbab650075c582",
    "src/addons/FH/Razorpay/vendor/rmccue/requests/src/Iri.php": "7acc3c3f098cc9cf203c2a76efeea5ab5b99b3ff4e5059bc4121e587e736ce56",
    "src/addons/FH/Razorpay/vendor/rmccue/requests/src/Port.php": "eab02dc614d84eb8e874ec743d1ede48cbac7df8f7841b664f6e97995e8d883c",
    "src/addons/FH/Razorpay/vendor/rmccue/requests/src/Proxy.php": "251c12ecb0eccb1ae9b3f54a7b7a568401704c94ce05a8a1ac0443b5c71dfed0",
    "src/addons/FH/Razorpay/vendor/rmccue/requests/src/Proxy/Http.php": "4219fb6f79e9bf6cb6ccad40140ca7e58fe7929284a5f32f6a6e49967c8e6ec2",
    "src/addons/FH/Razorpay/vendor/rmccue/requests/src/Requests.php": "190e7a14b827d4ff041cc8895dcd33134475a9977fdae4a99a8838d253603f7d",
    "src/addons/FH/Razorpay/vendor/rmccue/requests/src/Response.php": "e1293dcac689d3a371c88328f3d6761555c56a15702d090ad08a8d2e3cf844eb",
    "src/addons/FH/Razorpay/vendor/rmccue/requests/src/Response/Headers.php": "c8d0c3e503b6319ebf8f046e66fe32767bdb1451d1fced6083493ef6f8bbbae9",
    "src/addons/FH/Razorpay/vendor/rmccue/requests/src/Session.php": "7aa018038569e29726aca443ed7a9d8c0aea83e533c172fe3c77d8c2b0334c9d",
    "src/addons/FH/Razorpay/vendor/rmccue/requests/src/Ssl.php": "d9a3dc1bdde30ec56cdeeddfcd685f29b75ef496f1a9669a800ccfb1d2fd1202",
    "src/addons/FH/Razorpay/vendor/rmccue/requests/src/Transport.php": "ca39e25d43c50f81514d2f441f492e3fa412f932c587ba579eb5d95d91f3096b",
    "src/addons/FH/Razorpay/vendor/rmccue/requests/src/Transport/Curl.php": "4498e570c33cc4de77333a07fa57b8f92343134ac12f467317df345676d4fe3f",
    "src/addons/FH/Razorpay/vendor/rmccue/requests/src/Transport/Fsockopen.php": "24386ac0368704c471635cbf151827a19c890fdb3547bb3bb81c549301a0c749",
    "src/addons/FH/Razorpay/vendor/rmccue/requests/src/Utility/CaseInsensitiveDictionary.php": "d3888d08b438ad224125d31fc1de6e816d50374c9af4b426b65f31c598fd7df3",
    "src/addons/FH/Razorpay/vendor/rmccue/requests/src/Utility/FilteredIterator.php": "e3c6c32f1bfbdfc67507faf583bb66e3c416243a856d1c1328a5347b7cce24f4",
    "src/addons/FH/Razorpay/vendor/rmccue/requests/src/Utility/InputValidator.php": "ddbe22b3f5ed77f3dd522cac31404298cee44a61b9acc30d449c1edd0577c4e1",
    "src/addons/FH/Razorpay/_data/activity_summary_definitions.xml": "99d8c2563a31320d66f958fc8bda78613545f5f7959bb3cf5318805e3a3c39d2",
    "src/addons/FH/Razorpay/_data/admin_navigation.xml": "064ec797484ac00d5ee37367b50b06846d11f480d00550997712707f8fdac8c0",
    "src/addons/FH/Razorpay/_data/admin_permission.xml": "ec6fb97cebf0bceb24f1ed1d5778c1db54eeb7535fbb3e31d824840e7aa9ff87",
    "src/addons/FH/Razorpay/_data/advertising_positions.xml": "d2f7cbe844bb1df3cf878d22ff6306249245c8ff6b0b87b9b729744bec538261",
    "src/addons/FH/Razorpay/_data/api_scopes.xml": "6793eaf758f140e8137187ba20e65f4faccf53410433ae3ad7a8b3b38cb6b3b7",
    "src/addons/FH/Razorpay/_data/bb_codes.xml": "faa4ddd5f4a365e5ac39aebdcbe2d25aedf74e7eb9ea4a812766e2fd5e13bdb1",
    "src/addons/FH/Razorpay/_data/bb_code_media_sites.xml": "29762987990187b33e43cfb68c08dc917b2d3f0176613d78f8e6c453f82da3f3",
    "src/addons/FH/Razorpay/_data/class_extensions.xml": "1f548b8006e9952a3f5889f71e09fdfa6726ac1a47c1af7b2626d1a88920d5a4",
    "src/addons/FH/Razorpay/_data/code_events.xml": "8370dec3df47f91df4cf79da253446ad11b29f4ea568fe76c774e97a0379f0eb",
    "src/addons/FH/Razorpay/_data/code_event_listeners.xml": "d6b5072f4909dee7a20ee9e44b163f95c8aa52e6ac7f573e292000cd9238c331",
    "src/addons/FH/Razorpay/_data/content_type_fields.xml": "c7ad5472b28f465b7ac7617627707eba1b7a39d28089460d52e1ed292fc0b06a",
    "src/addons/FH/Razorpay/_data/cron.xml": "323c4284742ef24329cd6db6f288eb9736d2353f36852e1db12591e1583aea26",
    "src/addons/FH/Razorpay/_data/help_pages.xml": "a8a0c0b06cdc550438bc8a8d385af3e1e5ab3459877dfb934c1c31be59c89163",
    "src/addons/FH/Razorpay/_data/member_stats.xml": "89fb2b93ff1eca7a1f6f752248edf6090dfd24037db1446fd18ff7143f08124d",
    "src/addons/FH/Razorpay/_data/navigation.xml": "f75e1c03a45a360bbdfcd0567121665082315068475d5b0feb8b1acbb1688651",
    "src/addons/FH/Razorpay/_data/options.xml": "1cea29aa5671733d85c8fc6f7c66128eacbca5643cbb38585eb82002879b51a4",
    "src/addons/FH/Razorpay/_data/option_groups.xml": "154d7a89664b243d0bd8227c22e241f934bf7e196c83230ee23d3c0c4fba1333",
    "src/addons/FH/Razorpay/_data/permissions.xml": "7e4fc7d5826733d15ea2d8936b9bdd41afcaad810eb38e50da3c8d8eafda1550",
    "src/addons/FH/Razorpay/_data/permission_interface_groups.xml": "3177224e96458b829aa7fb24866dda9e0455a4922aee3d669b53f59a1ffdf5d1",
    "src/addons/FH/Razorpay/_data/phrases.xml": "fd3a3d9ec28f3b5394e1ff340d12e1ec0980d4b3fa477821b33bc5fd49af61a3",
    "src/addons/FH/Razorpay/_data/routes.xml": "4d0b35f34128178af658487bddbf693b86af36c048b8c3e1652cd8767863c102",
    "src/addons/FH/Razorpay/_data/style_properties.xml": "8b8690a8512f01f219dd2da76e3d0c5f62afc1f317b87794a7331c859c36a7a8",
    "src/addons/FH/Razorpay/_data/style_property_groups.xml": "68e1879cb3846c42d978487aa8d5145ff3335fc39e58016878824d5cf3fd684c",
    "src/addons/FH/Razorpay/_data/templates.xml": "73d648f26ae331abddbf0f45062107a6835e971ddbde5ffd52859e3e282fc4e5",
    "src/addons/FH/Razorpay/_data/template_modifications.xml": "3b54b7df00a6a4a18c5e012b6e2588e35c23aaa13a5fc227f08646a97590d778",
    "src/addons/FH/Razorpay/_data/widget_definitions.xml": "37e46965256430f24004c2e7f08ba08f9b0d1cbcc4d70e84b3f4e3ffb713e64b",
    "src/addons/FH/Razorpay/_data/widget_positions.xml": "a29cee66134f6bc5d75ed9df1eef21096c24401915c5b5c774389c3d7bb2d5b3"
}