{
    "src/addons/FS/RegisterVerfication/addon.json": "fb80d4d26dfc104be758a6abc4ab3e311c8072f9682d35caa3849f0dfdc10967",
    "src/addons/FS/RegisterVerfication/Setup.php": "51d0e1096ae538a55dbf317f18661ba9f68ff4171ebebfcd555e0687e4a6d439",
    "src/addons/FS/RegisterVerfication/XF/Entity/User.php": "ec172e887506ab1839ad877bfea966ca14a066f099cab48b5afb262de92868bd",
    "src/addons/FS/RegisterVerfication/XF/Pub/Controller/Member.php": "4fe62e26309d9f27ecb28fd857715ada910ffa8540df1001fb0eb4f24c4aa13e",
    "src/addons/FS/RegisterVerfication/XF/Service/User/Registration.php": "16d4e571d962e73fc2a142a322736f7a7aac1576da5e3c43459d0cda983bb5b2",
    "src/addons/FS/RegisterVerfication/_data/activity_summary_definitions.xml": "99d8c2563a31320d66f958fc8bda78613545f5f7959bb3cf5318805e3a3c39d2",
    "src/addons/FS/RegisterVerfication/_data/admin_navigation.xml": "064ec797484ac00d5ee37367b50b06846d11f480d00550997712707f8fdac8c0",
    "src/addons/FS/RegisterVerfication/_data/admin_permission.xml": "ec6fb97cebf0bceb24f1ed1d5778c1db54eeb7535fbb3e31d824840e7aa9ff87",
    "src/addons/FS/RegisterVerfication/_data/advertising_positions.xml": "d2f7cbe844bb1df3cf878d22ff6306249245c8ff6b0b87b9b729744bec538261",
    "src/addons/FS/RegisterVerfication/_data/api_scopes.xml": "6793eaf758f140e8137187ba20e65f4faccf53410433ae3ad7a8b3b38cb6b3b7",
    "src/addons/FS/RegisterVerfication/_data/bb_codes.xml": "faa4ddd5f4a365e5ac39aebdcbe2d25aedf74e7eb9ea4a812766e2fd5e13bdb1",
    "src/addons/FS/RegisterVerfication/_data/bb_code_media_sites.xml": "29762987990187b33e43cfb68c08dc917b2d3f0176613d78f8e6c453f82da3f3",
    "src/addons/FS/RegisterVerfication/_data/class_extensions.xml": "6a29260f2b5e7ab01dc874edf5593f4fa12d7b877f1e815df3cb04ab45be51a2",
    "src/addons/FS/RegisterVerfication/_data/code_events.xml": "8370dec3df47f91df4cf79da253446ad11b29f4ea568fe76c774e97a0379f0eb",
    "src/addons/FS/RegisterVerfication/_data/code_event_listeners.xml": "d6b5072f4909dee7a20ee9e44b163f95c8aa52e6ac7f573e292000cd9238c331",
    "src/addons/FS/RegisterVerfication/_data/content_type_fields.xml": "c7ad5472b28f465b7ac7617627707eba1b7a39d28089460d52e1ed292fc0b06a",
    "src/addons/FS/RegisterVerfication/_data/cron.xml": "323c4284742ef24329cd6db6f288eb9736d2353f36852e1db12591e1583aea26",
    "src/addons/FS/RegisterVerfication/_data/help_pages.xml": "a8a0c0b06cdc550438bc8a8d385af3e1e5ab3459877dfb934c1c31be59c89163",
    "src/addons/FS/RegisterVerfication/_data/member_stats.xml": "89fb2b93ff1eca7a1f6f752248edf6090dfd24037db1446fd18ff7143f08124d",
    "src/addons/FS/RegisterVerfication/_data/navigation.xml": "f75e1c03a45a360bbdfcd0567121665082315068475d5b0feb8b1acbb1688651",
    "src/addons/FS/RegisterVerfication/_data/options.xml": "1cea29aa5671733d85c8fc6f7c66128eacbca5643cbb38585eb82002879b51a4",
    "src/addons/FS/RegisterVerfication/_data/option_groups.xml": "154d7a89664b243d0bd8227c22e241f934bf7e196c83230ee23d3c0c4fba1333",
    "src/addons/FS/RegisterVerfication/_data/permissions.xml": "7e4fc7d5826733d15ea2d8936b9bdd41afcaad810eb38e50da3c8d8eafda1550",
    "src/addons/FS/RegisterVerfication/_data/permission_interface_groups.xml": "3177224e96458b829aa7fb24866dda9e0455a4922aee3d669b53f59a1ffdf5d1",
    "src/addons/FS/RegisterVerfication/_data/phrases.xml": "268178aff9c125d512f6294d0ef3eea2f7ef0d2c787368c2d3ae9986380f86cc",
    "src/addons/FS/RegisterVerfication/_data/routes.xml": "550fa64f9feedf137dd877b38c2684f94474619d2d83890dbb717a91b50da8f5",
    "src/addons/FS/RegisterVerfication/_data/style_properties.xml": "8b8690a8512f01f219dd2da76e3d0c5f62afc1f317b87794a7331c859c36a7a8",
    "src/addons/FS/RegisterVerfication/_data/style_property_groups.xml": "68e1879cb3846c42d978487aa8d5145ff3335fc39e58016878824d5cf3fd684c",
    "src/addons/FS/RegisterVerfication/_data/templates.xml": "3ab740896ebca85139f7bd4ab7e3fcc478729e7b7286606cc78b066f0c300733",
    "src/addons/FS/RegisterVerfication/_data/template_modifications.xml": "34f6784285f63c17b5c5ff12fbbf3d336165afcdda8749318607b4aae39a16a6",
    "src/addons/FS/RegisterVerfication/_data/widget_definitions.xml": "37e46965256430f24004c2e7f08ba08f9b0d1cbcc4d70e84b3f4e3ffb713e64b",
    "src/addons/FS/RegisterVerfication/_data/widget_positions.xml": "a29cee66134f6bc5d75ed9df1eef21096c24401915c5b5c774389c3d7bb2d5b3"
}