<?xml version="1.0" encoding="utf-8"?>
<phrases>
  <phrase title="add_watch_list" version_id="1000010" version_string="1.0.0 Alpha"><![CDATA[Add Watch List]]></phrase>
  <phrase title="add_watch_list_submit" version_id="1000010" version_string="1.0.0 Alpha"><![CDATA[Add]]></phrase>
  <phrase title="con_acc.nick_trakt" version_id="1000010" version_string="1.0.0 Alpha"><![CDATA[Trakt]]></phrase>
  <phrase title="forum_type.nick97_trakt_movie" version_id="1000010" version_string="1.0.0 Alpha"><![CDATA[Trakt Movie Forum]]></phrase>
  <phrase title="forum_type.nick97_trakt_tv" version_id="1000010" version_string="1.0.0 Alpha"><![CDATA[Trakt TV Forum]]></phrase>
  <phrase title="forum_type_desc.nick97_trakt_movie" version_id="1000010" version_string="1.0.0 Alpha"><![CDATA[Trakt movie thread starter]]></phrase>
  <phrase title="forum_type_desc.nick97_trakt_tv" version_id="1000010" version_string="1.0.0 Alpha"><![CDATA[Trakt TV thread starter]]></phrase>
  <phrase title="nav.nick97WatchList" version_id="1000010" version_string="1.0.0 Alpha"><![CDATA[Watch List]]></phrase>
  <phrase title="nick97_trakt_client_id_explain" version_id="1000010" version_string="1.0.0 Alpha"><![CDATA[The client ID that is associated with your <a href="https://trakt.tv/oauth/applications" target="_blank">Trakt application</a> for this domain.]]></phrase>
  <phrase title="nick97_trakt_client_secret_explain" version_id="1000010" version_string="1.0.0 Alpha"><![CDATA[The client secret for the Trakt application you created for this domain.]]></phrase>
  <phrase title="nick97_trakt_movies_explain_link" version_id="1000010" version_string="1.0.0 Alpha"><![CDATA[Don't have the Trakt Link or ID for your movie? Go to <a href="https://trakt.tv/movies/trending" target="_blank" >Trakt Movies</a> and look it up.]]></phrase>
  <phrase title="nick97_trakt_movies_link_id" version_id="1000010" version_string="1.0.0 Alpha"><![CDATA[Trakt link or Movie ID]]></phrase>
  <phrase title="nick97_trakt_tv_episode_enter_episode_number" version_id="1000010" version_string="1.0.0 Alpha"><![CDATA[All you need to enter is the episode number for this season. (EXAMPLE: 5)]]></phrase>
  <phrase title="nick97_trakt_tv_episode_number" version_id="1000010" version_string="1.0.0 Alpha"><![CDATA[Episode number]]></phrase>
  <phrase title="nick97_trakt_tv_post_show_title" version_id="1000010" version_string="1.0.0 Alpha"><![CDATA[Trakt TV show link or TV show ID]]></phrase>
  <phrase title="nick97_trakt_tv_show_lookup" version_id="1000010" version_string="1.0.0 Alpha"><![CDATA[Don't have the Trakt Link or ID for your TV show? Go to <a href="https://trakt.tv/shows/trending" target="_blank" >Trakt TV Show</a> and look it up.]]></phrase>
  <phrase title="nick97_watch_list_movies_empty" version_id="1000010" version_string="1.0.0 Alpha"><![CDATA[There are no movies in this Watch List.]]></phrase>
  <phrase title="nick97_watch_list_tv_show_empty" version_id="1000010" version_string="1.0.0 Alpha"><![CDATA[There are no Tv Shows in this Watch List.]]></phrase>
  <phrase title="remove_watch_list" version_id="1000010" version_string="1.0.0 Alpha"><![CDATA[Remove Watch List]]></phrase>
  <phrase title="remove_watch_list_submit" version_id="1000010" version_string="1.0.0 Alpha"><![CDATA[Remove]]></phrase>
  <phrase title="thread_type.nick97_trakt_movie" version_id="1000010" version_string="1.0.0 Alpha"><![CDATA[Trakt Movie]]></phrase>
  <phrase title="thread_type.nick97_trakt_tv" version_id="1000010" version_string="1.0.0 Alpha"><![CDATA[Trakt TV]]></phrase>
  <phrase title="thread_type_plural.nick97_trakt_movie" version_id="1000010" version_string="1.0.0 Alpha"><![CDATA[Trakt Movie]]></phrase>
  <phrase title="thread_type_plural.nick97_trakt_tv" version_id="1000010" version_string="1.0.0 Alpha"><![CDATA[Trakt TV]]></phrase>
  <phrase title="you_sure_you_want_to_add_watch_from_list" version_id="1000010" version_string="1.0.0 Alpha"><![CDATA[Are you sure you want to add in watch list?]]></phrase>
  <phrase title="you_sure_you_want_to_remove_watch_from_list" version_id="1000010" version_string="1.0.0 Alpha"><![CDATA[Are you sure you want to remove from watch list?]]></phrase>
</phrases>
