<?xml version="1.0" encoding="utf-8"?>
<template_modifications>
  <modification type="public" template="thread_view" modification_key="fs_watch_list_add_or_remove_btn" description="fs_watch_list_add_or_remove_btn" execution_order="10" enabled="1" action="str_replace">
    <find><![CDATA[<xf:extension name="thread_action_buttons">]]></find>
    <replace><![CDATA[$0

<xf:if is="$thread.discussion_type == 'snog_movies_movie' OR $thread.discussion_type == 'snog_tv' OR $thread.discussion_type == 'trakt_movies_movie' OR $thread.discussion_type == 'trakt_tv'">

	<xf:button href="{{ link('threads/watch-list', $thread) }}" class="button--link"
			   data-xf-click="switch-overlay"
			   data-sk-watch="{{ phrase('add_watch_list') }}"
			   data-sk-unwatch="{{ phrase('remove_watch_list') }}">
		<xf:if is="{$thread.watch_list}">
			{{ phrase('remove_watch_list') }}
			<xf:else />
			{{ phrase('add_watch_list') }}
		</xf:if>
	</xf:button>

</xf:if>
]]></replace>
  </modification>
</template_modifications>
