{
    "src/addons/JUM/ConnectedAccounts/addon.json": "f6b78e0ca0491a98a30fcb989f3fd3b1be178db4eae49eafab7f3ea9c7a37c30",
    "src/addons/JUM/ConnectedAccounts/ConnectedAccount/Provider/Amazon.php": "caa31244f431f322de2e2c2d6261551a722356b239ff4a59bfd4d6d8acc21632",
    "src/addons/JUM/ConnectedAccounts/ConnectedAccount/Provider/Dropbox.php": "fe57e9e6ec2e37dd705f88b008cdc7047fa8f54a4d54b2cbcabc040db91d59d4",
    "src/addons/JUM/ConnectedAccounts/ConnectedAccount/Provider/Instagram.php": "e639c90b53742ccc97a28d376ef6b256550ebfdb8458b6520695749f33283749",
    "src/addons/JUM/ConnectedAccounts/ConnectedAccount/Provider/Odnoklassniki.php": "c0fc45c6b7ae85f1b86f7e37d621c2602e91c442b45519184df5dbf7872e58a7",
    "src/addons/JUM/ConnectedAccounts/ConnectedAccount/Provider/Paypal.php": "da5136e0c20a3e43da88ae609e714500425cd26619bbd222e7859c92354bafd8",
    "src/addons/JUM/ConnectedAccounts/ConnectedAccount/Provider/Pinterest.php": "d3523dc03ba3febebbc3cb1096adc3d65df0f50710323ef3d3c22030efddc995",
    "src/addons/JUM/ConnectedAccounts/ConnectedAccount/Provider/Reddit.php": "a29c668c196163b9c268fe406b570a889f15dd4831fce66c32ff96fab1e0675f",
    "src/addons/JUM/ConnectedAccounts/ConnectedAccount/Provider/Tumblr.php": "7bd63cb637fad3100a314f5446bfa737f2ed47bf71d972c580e6d99edd865b37",
    "src/addons/JUM/ConnectedAccounts/ConnectedAccount/Provider/Twitch.php": "2591155485a80890ae9cf1a9bbb17664e2df9334f527035b2b4f7e91999ac1b0",
    "src/addons/JUM/ConnectedAccounts/ConnectedAccount/Provider/Vimeo.php": "f528325d981ab824203dc36e05dcc90ff903d27f55110b1a396c1670b709a28e",
    "src/addons/JUM/ConnectedAccounts/ConnectedAccount/Provider/Vkontakte.php": "0854161dc3fbf6bc495860d37cc3a66d622b5cb2be7ea6cd8cac9c8fa8c57514",
    "src/addons/JUM/ConnectedAccounts/ConnectedAccount/Provider/Yandex.php": "182681aa70855421b71a6b227dc8d424de22feac860749e7612a0fe323140944",
    "src/addons/JUM/ConnectedAccounts/ConnectedAccount/ProviderData/Amazon.php": "6ede7d6ec2346daf720db6554c9a94f6108d8a58d311f4e53ad2e70a5c8dc7fe",
    "src/addons/JUM/ConnectedAccounts/ConnectedAccount/ProviderData/Dropbox.php": "4cba36b03c9bcf782be626f949a55824993a97660904d95c8bac571449778dcc",
    "src/addons/JUM/ConnectedAccounts/ConnectedAccount/ProviderData/Instagram.php": "7ed341fa968c66e94146ea9acea481361c725744b9505e39381392cd930bb273",
    "src/addons/JUM/ConnectedAccounts/ConnectedAccount/ProviderData/Odnoklassniki.php": "a3068fa6d7eb04b07eaf89494ca1d0b38841a123bfcbb20c18e207fe3983a969",
    "src/addons/JUM/ConnectedAccounts/ConnectedAccount/ProviderData/Paypal.php": "4865a90e6447e412bb1c1158c6508d1b4f2eaeb67e9d4eec55d1fb7e25f1ae4a",
    "src/addons/JUM/ConnectedAccounts/ConnectedAccount/ProviderData/Pinterest.php": "54039bf01c0b8d11da20ba8a085fde0632c35b8ef982ae0bf7af2456de9cbb2f",
    "src/addons/JUM/ConnectedAccounts/ConnectedAccount/ProviderData/Reddit.php": "a3edfd0defdd93b12b4fce016edbcda22efbbf472ff8ce81b3604fe27517de4a",
    "src/addons/JUM/ConnectedAccounts/ConnectedAccount/ProviderData/Tumblr.php": "651e6299b4f723c00c0d1f9b580b51463ae338921e469b10db9cc7b198399656",
    "src/addons/JUM/ConnectedAccounts/ConnectedAccount/ProviderData/Twitch.php": "5bed6ed7271c078a6ad612c00697418ca850867d968d9cc93418ff64ea28f188",
    "src/addons/JUM/ConnectedAccounts/ConnectedAccount/ProviderData/Vimeo.php": "25b1d0ffc840ed4051c316df080a3cfe7d23573f8f1888a8581d8f72cc76a709",
    "src/addons/JUM/ConnectedAccounts/ConnectedAccount/ProviderData/Vkontakte.php": "c02a826917a54695f5e46750a66f9fb3f3dd5a7f3b0b968c94ee5ed9f3e05b66",
    "src/addons/JUM/ConnectedAccounts/ConnectedAccount/ProviderData/Yandex.php": "d0f6b976ac2f1510b877c8f875bc3fc162cc69e6319ac982183c5f9c28e1bf1c",
    "src/addons/JUM/ConnectedAccounts/ConnectedAccount/Service/Dropbox.php": "4a7d28654728afd5017b247f1c014a26cb0122c1f130eab90fc406fa88cce238",
    "src/addons/JUM/ConnectedAccounts/ConnectedAccount/Service/Odnoklassniki.php": "f390034b1e4f81be582859ef2b3c2559e0b89b30d72cecd9e2fd10ce5e00daac",
    "src/addons/JUM/ConnectedAccounts/ConnectedAccount/Service/Twitch.php": "2cb898fc25c6c9e4a50cd9d42768bf56ebb0fbe7b268f165239a0e38760e5301",
    "src/addons/JUM/ConnectedAccounts/ConnectedAccount/Service/Yandex.php": "859598e27efbc5fb216d69c48cf1a0c5b0caae210c99c5649fc8884c7b3560ff",
    "src/addons/JUM/ConnectedAccounts/Job/ConnectedAccountsRebuild.php": "618126e166115e6924dd98350014df011e59ca5571154ad5fc1e1ed7a3b6bc87",
    "src/addons/JUM/ConnectedAccounts/Setup.php": "5fd6b2851951e577923170be0cbf8fac1ac0ca646a7d93c1e17a709c503b452e",
    "src/addons/JUM/ConnectedAccounts/XF/ConnectedAccount/Http/Client.php": "4fa1b447acbeb8575f58e48ea5909e515a9ee2a4f84a299b591009bb858b0903",
    "src/addons/JUM/ConnectedAccounts/_data/activity_summary_definitions.xml": "99d8c2563a31320d66f958fc8bda78613545f5f7959bb3cf5318805e3a3c39d2",
    "src/addons/JUM/ConnectedAccounts/_data/admin_navigation.xml": "064ec797484ac00d5ee37367b50b06846d11f480d00550997712707f8fdac8c0",
    "src/addons/JUM/ConnectedAccounts/_data/admin_permission.xml": "ec6fb97cebf0bceb24f1ed1d5778c1db54eeb7535fbb3e31d824840e7aa9ff87",
    "src/addons/JUM/ConnectedAccounts/_data/advertising_positions.xml": "d2f7cbe844bb1df3cf878d22ff6306249245c8ff6b0b87b9b729744bec538261",
    "src/addons/JUM/ConnectedAccounts/_data/api_scopes.xml": "6793eaf758f140e8137187ba20e65f4faccf53410433ae3ad7a8b3b38cb6b3b7",
    "src/addons/JUM/ConnectedAccounts/_data/bb_codes.xml": "faa4ddd5f4a365e5ac39aebdcbe2d25aedf74e7eb9ea4a812766e2fd5e13bdb1",
    "src/addons/JUM/ConnectedAccounts/_data/bb_code_media_sites.xml": "29762987990187b33e43cfb68c08dc917b2d3f0176613d78f8e6c453f82da3f3",
    "src/addons/JUM/ConnectedAccounts/_data/class_extensions.xml": "a095b83879fe335d9ce1f6ac7397b4e39d63646a3738b783cd0377bd89d769f7",
    "src/addons/JUM/ConnectedAccounts/_data/code_events.xml": "8370dec3df47f91df4cf79da253446ad11b29f4ea568fe76c774e97a0379f0eb",
    "src/addons/JUM/ConnectedAccounts/_data/code_event_listeners.xml": "d6b5072f4909dee7a20ee9e44b163f95c8aa52e6ac7f573e292000cd9238c331",
    "src/addons/JUM/ConnectedAccounts/_data/content_type_fields.xml": "c7ad5472b28f465b7ac7617627707eba1b7a39d28089460d52e1ed292fc0b06a",
    "src/addons/JUM/ConnectedAccounts/_data/cron.xml": "323c4284742ef24329cd6db6f288eb9736d2353f36852e1db12591e1583aea26",
    "src/addons/JUM/ConnectedAccounts/_data/help_pages.xml": "a8a0c0b06cdc550438bc8a8d385af3e1e5ab3459877dfb934c1c31be59c89163",
    "src/addons/JUM/ConnectedAccounts/_data/member_stats.xml": "89fb2b93ff1eca7a1f6f752248edf6090dfd24037db1446fd18ff7143f08124d",
    "src/addons/JUM/ConnectedAccounts/_data/navigation.xml": "f75e1c03a45a360bbdfcd0567121665082315068475d5b0feb8b1acbb1688651",
    "src/addons/JUM/ConnectedAccounts/_data/options.xml": "1cea29aa5671733d85c8fc6f7c66128eacbca5643cbb38585eb82002879b51a4",
    "src/addons/JUM/ConnectedAccounts/_data/option_groups.xml": "154d7a89664b243d0bd8227c22e241f934bf7e196c83230ee23d3c0c4fba1333",
    "src/addons/JUM/ConnectedAccounts/_data/permissions.xml": "7e4fc7d5826733d15ea2d8936b9bdd41afcaad810eb38e50da3c8d8eafda1550",
    "src/addons/JUM/ConnectedAccounts/_data/permission_interface_groups.xml": "3177224e96458b829aa7fb24866dda9e0455a4922aee3d669b53f59a1ffdf5d1",
    "src/addons/JUM/ConnectedAccounts/_data/phrases.xml": "be7a30231004dcac08cec20b9750d1b81228083e04ba5bc91a9613a23cb3d967",
    "src/addons/JUM/ConnectedAccounts/_data/routes.xml": "550fa64f9feedf137dd877b38c2684f94474619d2d83890dbb717a91b50da8f5",
    "src/addons/JUM/ConnectedAccounts/_data/style_properties.xml": "8b8690a8512f01f219dd2da76e3d0c5f62afc1f317b87794a7331c859c36a7a8",
    "src/addons/JUM/ConnectedAccounts/_data/style_property_groups.xml": "68e1879cb3846c42d978487aa8d5145ff3335fc39e58016878824d5cf3fd684c",
    "src/addons/JUM/ConnectedAccounts/_data/templates.xml": "ab14f84c545c5110231d039a3df3d6f820226631a9d1e59749d9d28c8ee8fabe",
    "src/addons/JUM/ConnectedAccounts/_data/template_modifications.xml": "e30b5c6711969d5e2d450f4b742ff57a859a5e6635d8ca1aa86f32d3535e4672",
    "src/addons/JUM/ConnectedAccounts/_data/widget_definitions.xml": "37e46965256430f24004c2e7f08ba08f9b0d1cbcc4d70e84b3f4e3ffb713e64b",
    "src/addons/JUM/ConnectedAccounts/_data/widget_positions.xml": "a29cee66134f6bc5d75ed9df1eef21096c24401915c5b5c774389c3d7bb2d5b3"
}