{
    "src/addons/Driven2/Monetize/addon.json": "44a3f316b254f0a01d137e57a297faf45b1c5b056b714dad59b84e6885cba9d3",
    "src/addons/Driven2/Monetize/logo.png": "20c40b9aed7d5e1430e4bab88cb2ab7d90629ca8423fd1af7d881785229c4535",
    "src/addons/Driven2/Monetize/XF/Template/Templater.php": "e3020b4a8184953979aa54b8b85fe744f42fae50a3913f45cb72a3abeff715f8",
    "src/addons/Driven2/Monetize/_data/activity_summary_definitions.xml": "99d8c2563a31320d66f958fc8bda78613545f5f7959bb3cf5318805e3a3c39d2",
    "src/addons/Driven2/Monetize/_data/admin_navigation.xml": "064ec797484ac00d5ee37367b50b06846d11f480d00550997712707f8fdac8c0",
    "src/addons/Driven2/Monetize/_data/admin_permission.xml": "ec6fb97cebf0bceb24f1ed1d5778c1db54eeb7535fbb3e31d824840e7aa9ff87",
    "src/addons/Driven2/Monetize/_data/advertising_positions.xml": "d2f7cbe844bb1df3cf878d22ff6306249245c8ff6b0b87b9b729744bec538261",
    "src/addons/Driven2/Monetize/_data/api_scopes.xml": "6793eaf758f140e8137187ba20e65f4faccf53410433ae3ad7a8b3b38cb6b3b7",
    "src/addons/Driven2/Monetize/_data/bb_codes.xml": "faa4ddd5f4a365e5ac39aebdcbe2d25aedf74e7eb9ea4a812766e2fd5e13bdb1",
    "src/addons/Driven2/Monetize/_data/bb_code_media_sites.xml": "29762987990187b33e43cfb68c08dc917b2d3f0176613d78f8e6c453f82da3f3",
    "src/addons/Driven2/Monetize/_data/class_extensions.xml": "bc5ba9af8d554382c19c985ae712d637a3146b3522ab8850283058f8ac07b91b",
    "src/addons/Driven2/Monetize/_data/code_events.xml": "8370dec3df47f91df4cf79da253446ad11b29f4ea568fe76c774e97a0379f0eb",
    "src/addons/Driven2/Monetize/_data/code_event_listeners.xml": "d6b5072f4909dee7a20ee9e44b163f95c8aa52e6ac7f573e292000cd9238c331",
    "src/addons/Driven2/Monetize/_data/content_type_fields.xml": "c7ad5472b28f465b7ac7617627707eba1b7a39d28089460d52e1ed292fc0b06a",
    "src/addons/Driven2/Monetize/_data/cron.xml": "323c4284742ef24329cd6db6f288eb9736d2353f36852e1db12591e1583aea26",
    "src/addons/Driven2/Monetize/_data/help_pages.xml": "a8a0c0b06cdc550438bc8a8d385af3e1e5ab3459877dfb934c1c31be59c89163",
    "src/addons/Driven2/Monetize/_data/member_stats.xml": "89fb2b93ff1eca7a1f6f752248edf6090dfd24037db1446fd18ff7143f08124d",
    "src/addons/Driven2/Monetize/_data/navigation.xml": "f75e1c03a45a360bbdfcd0567121665082315068475d5b0feb8b1acbb1688651",
    "src/addons/Driven2/Monetize/_data/options.xml": "51495ae0a69b5eaf5664c5be9f48067d93f5a386764f8e7175b02627f891dd95",
    "src/addons/Driven2/Monetize/_data/option_groups.xml": "85ae1e41fbbff1b8e4ec2621ca91f7748085960f2f9375aeab0fd67de0b848ea",
    "src/addons/Driven2/Monetize/_data/permissions.xml": "f4507c33cceba6d3cd328cb02b8c38da1138d0f549197314ba8637dffa2f2e5e",
    "src/addons/Driven2/Monetize/_data/permission_interface_groups.xml": "93a3202b5eaff229b80b0dbcae32d043faad7d3c2bb0e491e78c75aba9f294ed",
    "src/addons/Driven2/Monetize/_data/phrases.xml": "52921f28b68bf4c88e2ef13ea67f12faba7eb69981239607e81d228bbd0d4ecd",
    "src/addons/Driven2/Monetize/_data/routes.xml": "550fa64f9feedf137dd877b38c2684f94474619d2d83890dbb717a91b50da8f5",
    "src/addons/Driven2/Monetize/_data/style_properties.xml": "8b8690a8512f01f219dd2da76e3d0c5f62afc1f317b87794a7331c859c36a7a8",
    "src/addons/Driven2/Monetize/_data/style_property_groups.xml": "68e1879cb3846c42d978487aa8d5145ff3335fc39e58016878824d5cf3fd684c",
    "src/addons/Driven2/Monetize/_data/templates.xml": "95d4b078b90e74e773cef6695ef94c742e74b8d62e6798738f11f0215a58faee",
    "src/addons/Driven2/Monetize/_data/template_modifications.xml": "3b54b7df00a6a4a18c5e012b6e2588e35c23aaa13a5fc227f08646a97590d778",
    "src/addons/Driven2/Monetize/_data/widget_definitions.xml": "37e46965256430f24004c2e7f08ba08f9b0d1cbcc4d70e84b3f4e3ffb713e64b",
    "src/addons/Driven2/Monetize/_data/widget_positions.xml": "a29cee66134f6bc5d75ed9df1eef21096c24401915c5b5c774389c3d7bb2d5b3"
}