<?xml version="1.0" encoding="utf-8"?>
<options>
  <option option_id="pp_applicable_forums" edit_format="callback" data_type="array" advanced="0">
    <default_value>[]</default_value>
    <edit_format_params>XF\Option\Forum::renderSelectMultiple</edit_format_params>
    <sub_options>*</sub_options>
    <relation group_id="fs_post_prefix" display_order="1"/>
  </option>
  <option option_id="pp_exclude_prefix" edit_format="textbox" data_type="string" advanced="0">
    <default_value></default_value>
    <relation group_id="fs_post_prefix" display_order="2"/>
  </option>
  <option option_id="pp_videos_and_clips_ids" edit_format="textbox" data_type="string" advanced="0">
    <default_value></default_value>
    <relation group_id="fs_post_prefix" display_order="3"/>
  </option>
</options>
