{
    "src/addons/FS/UserCarDetails/addon.json": "b5550133d59747be39ca8142c8e708341c0ff244c10f1099b355063638f88f8e",
    "src/addons/FS/UserCarDetails/Admin/Controller/Model.php": "9a3153297e8b5249489383848fd56257e35fba9315af323b3e8ad6049ad0ff05",
    "src/addons/FS/UserCarDetails/Entity/Model.php": "a544795b4d75dcca3438ed0bf478d24ed1f407a6d55a17d5a50631f0bb3cd3c6",
    "src/addons/FS/UserCarDetails/Install/Data/MySql.php": "c042e3d6046d7019d87ab69300b9c2ec72e62aeeb96190f244561b7adecf413f",
    "src/addons/FS/UserCarDetails/Pub/Controller/CarDetails.php": "13219677196366cc3acc41945b821f227472cd3d61d948d84d5ee5fdfde95f61",
    "src/addons/FS/UserCarDetails/Pub/Controller/CarsList.php": "fc7a312f90e675ecf772674dbd9d1846a2bd8839cd1c7d168c2712d0980aa85f",
    "src/addons/FS/UserCarDetails/Repository/Models.php": "e8cded0e7461c4e08c57cc4792f4f31fdce15340425fe3306fb97d212a518578",
    "src/addons/FS/UserCarDetails/Service/AddEditCarDetails.php": "3c4e3920352b2b01f5a2bb180a037370f554d14df91eeadc562d7a705ba209c6",
    "src/addons/FS/UserCarDetails/Setup.php": "0c3beaf187e6a0c44596e641a08d53e28d5726fa6acf565879d7671172875f13",
    "src/addons/FS/UserCarDetails/XF/Admin/Controller/User.php": "7c434cf12d40155863d9c4b5ba9384cd27516d4af2baeba57bafcafdb0cd4120",
    "src/addons/FS/UserCarDetails/XF/Entity/User.php": "4492adb20c5355e51c12ac47c47f04434508e34cec3edce78ac03de1d5b59ef3",
    "src/addons/FS/UserCarDetails/_data/activity_summary_definitions.xml": "99d8c2563a31320d66f958fc8bda78613545f5f7959bb3cf5318805e3a3c39d2",
    "src/addons/FS/UserCarDetails/_data/admin_navigation.xml": "8bf968385c44cbf3cce490f6172295a5935f48e8abcc775fc9b845dac03ffaa7",
    "src/addons/FS/UserCarDetails/_data/admin_permission.xml": "ec6fb97cebf0bceb24f1ed1d5778c1db54eeb7535fbb3e31d824840e7aa9ff87",
    "src/addons/FS/UserCarDetails/_data/advertising_positions.xml": "d2f7cbe844bb1df3cf878d22ff6306249245c8ff6b0b87b9b729744bec538261",
    "src/addons/FS/UserCarDetails/_data/api_scopes.xml": "6793eaf758f140e8137187ba20e65f4faccf53410433ae3ad7a8b3b38cb6b3b7",
    "src/addons/FS/UserCarDetails/_data/bb_codes.xml": "faa4ddd5f4a365e5ac39aebdcbe2d25aedf74e7eb9ea4a812766e2fd5e13bdb1",
    "src/addons/FS/UserCarDetails/_data/bb_code_media_sites.xml": "29762987990187b33e43cfb68c08dc917b2d3f0176613d78f8e6c453f82da3f3",
    "src/addons/FS/UserCarDetails/_data/class_extensions.xml": "4ea6a9c752e250c43aff3e05533f8c103dea35ce2b81ba09c7b6b760a59ef146",
    "src/addons/FS/UserCarDetails/_data/code_events.xml": "8370dec3df47f91df4cf79da253446ad11b29f4ea568fe76c774e97a0379f0eb",
    "src/addons/FS/UserCarDetails/_data/code_event_listeners.xml": "d6b5072f4909dee7a20ee9e44b163f95c8aa52e6ac7f573e292000cd9238c331",
    "src/addons/FS/UserCarDetails/_data/content_type_fields.xml": "c7ad5472b28f465b7ac7617627707eba1b7a39d28089460d52e1ed292fc0b06a",
    "src/addons/FS/UserCarDetails/_data/cron.xml": "323c4284742ef24329cd6db6f288eb9736d2353f36852e1db12591e1583aea26",
    "src/addons/FS/UserCarDetails/_data/help_pages.xml": "a8a0c0b06cdc550438bc8a8d385af3e1e5ab3459877dfb934c1c31be59c89163",
    "src/addons/FS/UserCarDetails/_data/member_stats.xml": "89fb2b93ff1eca7a1f6f752248edf6090dfd24037db1446fd18ff7143f08124d",
    "src/addons/FS/UserCarDetails/_data/navigation.xml": "897e73520d06f7ec6c83e25b8c6c4851cc65fc681dbc67c18005d9a90da8ffa6",
    "src/addons/FS/UserCarDetails/_data/options.xml": "1cea29aa5671733d85c8fc6f7c66128eacbca5643cbb38585eb82002879b51a4",
    "src/addons/FS/UserCarDetails/_data/option_groups.xml": "154d7a89664b243d0bd8227c22e241f934bf7e196c83230ee23d3c0c4fba1333",
    "src/addons/FS/UserCarDetails/_data/permissions.xml": "7e4fc7d5826733d15ea2d8936b9bdd41afcaad810eb38e50da3c8d8eafda1550",
    "src/addons/FS/UserCarDetails/_data/permission_interface_groups.xml": "3177224e96458b829aa7fb24866dda9e0455a4922aee3d669b53f59a1ffdf5d1",
    "src/addons/FS/UserCarDetails/_data/phrases.xml": "8f084b02ff9c094b5ef82ebcf7bc02cb9844873369f33221f814fb490091179a",
    "src/addons/FS/UserCarDetails/_data/routes.xml": "25619b50d14ec1e16b359f0ed3c7b7dd1a0d854a5797eacc1a84e46d0ec400de",
    "src/addons/FS/UserCarDetails/_data/style_properties.xml": "8b8690a8512f01f219dd2da76e3d0c5f62afc1f317b87794a7331c859c36a7a8",
    "src/addons/FS/UserCarDetails/_data/style_property_groups.xml": "68e1879cb3846c42d978487aa8d5145ff3335fc39e58016878824d5cf3fd684c",
    "src/addons/FS/UserCarDetails/_data/templates.xml": "51ed583d2fed4d1dc72ced8399286f7491360da4e119318f05a47d95b3951630",
    "src/addons/FS/UserCarDetails/_data/template_modifications.xml": "5c3a4740d0a3f0d50fc8d822cd58b1dcf24166a80734e0a782cbf4bff69dcaa1",
    "src/addons/FS/UserCarDetails/_data/widget_definitions.xml": "37e46965256430f24004c2e7f08ba08f9b0d1cbcc4d70e84b3f4e3ffb713e64b",
    "src/addons/FS/UserCarDetails/_data/widget_positions.xml": "a29cee66134f6bc5d75ed9df1eef21096c24401915c5b5c774389c3d7bb2d5b3"
}