{
    "js/CustomWidget/editor.js": "55df37ecb281776fa0256c983fd932e7572b81582d2a77b1cf8c298a268bc610",
    "js/CustomWidget/editor.min.js": "91ccd8c4fce0e8e653bfe7a61441e7dd15f62ffb0313a4acdab06cc47ea8ba5d",
    "js/CustomWidget/film_strip.js": "e2a604f65128398c631be061469a621edf531b41bb5db8a7430bbd7aa6de3181",
    "js/CustomWidget/film_strip.min.js": "be45debdc3a2aff4059e7f5759047fcbd5684657cf6890d8d56cdc62d6709a28",
    "js/CustomWidget/image_editor-compiled.js": "afff85508fcc8b433d07e3363286577287dc62786964836d9456fa89fe277fa5",
    "js/CustomWidget/image_editor.js": "a43e3605f84d920d99ff54df47cdb8e876f0aca74cadd9233c1260a19ebaf7d9",
    "js/CustomWidget/image_editor.min.js": "0d9cda32c6e14727f5db9f4a7cd6165921f79a41a4b34c0153906ce748c54c6f",
    "js/CustomWidget/image_noter-compiled.js": "96c050419f0dfb932882b1ec796888772a3ec5e9a0c500babd47a6ea3ffb37b6",
    "js/CustomWidget/image_noter.js": "99787960b886d85dbbc24fe12f5443b17aed65a2aba77b18edc719c4abe4709b",
    "js/CustomWidget/image_noter.min.js": "131d81a70f88bf944a8c8bfb1e90c20a6d4793bb3d053da9f1beb82173a2e23f",
    "js/CustomWidget/media_add.js": "aa38919b7e419bc07c7c10b9dbbd2719fd3c61e4b9fd11bac577fc9d40497e7d",
    "js/CustomWidget/media_add.min.js": "ffc68e08602553ee2c89baf61f290aaf3a15dcaf788f314c425f650befc646a3",
    "js/CustomWidget/slider.js": "e469886884ee8108ab2487798aa9d783e93fdd7733b5f9ef09b5202a8164f7b0",
    "js/CustomWidget/slider.min.js": "5a04e57353c8649dc6a682182cbf45224aa10444e9017639257cd4adfb254ea1",
    "js/CustomWidget/vendor/cropper/cropper.js": "cff32eca4bda1350850e64f322fb66f9c446cc74598e23c810da2c58537987e0",
    "js/CustomWidget/vendor/cropper/cropper.min.js": "b5fcf332f9fc834362c12b87f857414a328f7a6a823d36f83b9df97e3555e26f",
    "js/CustomWidget/vendor/cropper/LICENSE": "7ab0e8da12be6414831b278e0815808dd250188cd0c97b5e34eade0854213cc2",
    "src/addons/FS/CustomForumWidget/addon.json": "69058017abaae890c29e6a09fd13da8a1143aec2142f1f718e67152c5504016d",
    "src/addons/FS/CustomForumWidget/Setup.php": "a87661e63aec860737665e964977ec6343758efce901383629686ca8b47aa24c",
    "src/addons/FS/CustomForumWidget/Widget/ThreadFieldWidget.php": "9a6653b96366973a31c644364d81d7d88883369f7a38075987c94ff36901a656",
    "src/addons/FS/CustomForumWidget/XF/Entity/Thread.php": "2f4aaebc418ed8a364f93f42a8eeff8172036aaa74318f1511633041626d07f7",
    "src/addons/FS/CustomForumWidget/XF/Pub/Controller/Thread.php": "798f1b87e8232e6fd1d03e032cdba16f8309df3133d165308d57cbf120ec53e4",
    "src/addons/FS/CustomForumWidget/_data/activity_summary_definitions.xml": "99d8c2563a31320d66f958fc8bda78613545f5f7959bb3cf5318805e3a3c39d2",
    "src/addons/FS/CustomForumWidget/_data/admin_navigation.xml": "064ec797484ac00d5ee37367b50b06846d11f480d00550997712707f8fdac8c0",
    "src/addons/FS/CustomForumWidget/_data/admin_permission.xml": "ec6fb97cebf0bceb24f1ed1d5778c1db54eeb7535fbb3e31d824840e7aa9ff87",
    "src/addons/FS/CustomForumWidget/_data/advertising_positions.xml": "d2f7cbe844bb1df3cf878d22ff6306249245c8ff6b0b87b9b729744bec538261",
    "src/addons/FS/CustomForumWidget/_data/api_scopes.xml": "6793eaf758f140e8137187ba20e65f4faccf53410433ae3ad7a8b3b38cb6b3b7",
    "src/addons/FS/CustomForumWidget/_data/bb_codes.xml": "faa4ddd5f4a365e5ac39aebdcbe2d25aedf74e7eb9ea4a812766e2fd5e13bdb1",
    "src/addons/FS/CustomForumWidget/_data/bb_code_media_sites.xml": "29762987990187b33e43cfb68c08dc917b2d3f0176613d78f8e6c453f82da3f3",
    "src/addons/FS/CustomForumWidget/_data/class_extensions.xml": "b97d27095a05d64009768789941e023ef7b0b72d9b226ccba253c08b2898f48f",
    "src/addons/FS/CustomForumWidget/_data/code_events.xml": "8370dec3df47f91df4cf79da253446ad11b29f4ea568fe76c774e97a0379f0eb",
    "src/addons/FS/CustomForumWidget/_data/code_event_listeners.xml": "d6b5072f4909dee7a20ee9e44b163f95c8aa52e6ac7f573e292000cd9238c331",
    "src/addons/FS/CustomForumWidget/_data/content_type_fields.xml": "c7ad5472b28f465b7ac7617627707eba1b7a39d28089460d52e1ed292fc0b06a",
    "src/addons/FS/CustomForumWidget/_data/cron.xml": "323c4284742ef24329cd6db6f288eb9736d2353f36852e1db12591e1583aea26",
    "src/addons/FS/CustomForumWidget/_data/help_pages.xml": "a8a0c0b06cdc550438bc8a8d385af3e1e5ab3459877dfb934c1c31be59c89163",
    "src/addons/FS/CustomForumWidget/_data/member_stats.xml": "89fb2b93ff1eca7a1f6f752248edf6090dfd24037db1446fd18ff7143f08124d",
    "src/addons/FS/CustomForumWidget/_data/navigation.xml": "f75e1c03a45a360bbdfcd0567121665082315068475d5b0feb8b1acbb1688651",
    "src/addons/FS/CustomForumWidget/_data/options.xml": "afb52905b6e9758d33aefbdd45190eaa0050dbf98aa4a496c615adfc1134cb8b",
    "src/addons/FS/CustomForumWidget/_data/option_groups.xml": "a8a47ff1dbc80f3c0d3f2377c26899efc68309a40ae98cab79d315d07bd2b277",
    "src/addons/FS/CustomForumWidget/_data/permissions.xml": "7e4fc7d5826733d15ea2d8936b9bdd41afcaad810eb38e50da3c8d8eafda1550",
    "src/addons/FS/CustomForumWidget/_data/permission_interface_groups.xml": "3177224e96458b829aa7fb24866dda9e0455a4922aee3d669b53f59a1ffdf5d1",
    "src/addons/FS/CustomForumWidget/_data/phrases.xml": "2d8678c3deb1e3b5d7458ddf8c35cab3ed04f4aff31bb1f9c3d6ec6dc234b77f",
    "src/addons/FS/CustomForumWidget/_data/routes.xml": "550fa64f9feedf137dd877b38c2684f94474619d2d83890dbb717a91b50da8f5",
    "src/addons/FS/CustomForumWidget/_data/style_properties.xml": "8b8690a8512f01f219dd2da76e3d0c5f62afc1f317b87794a7331c859c36a7a8",
    "src/addons/FS/CustomForumWidget/_data/style_property_groups.xml": "68e1879cb3846c42d978487aa8d5145ff3335fc39e58016878824d5cf3fd684c",
    "src/addons/FS/CustomForumWidget/_data/templates.xml": "5d1931abb20c3fde0f3b812f918153f5b39a57c8272ee69cc32ae3773a2cf776",
    "src/addons/FS/CustomForumWidget/_data/template_modifications.xml": "3b54b7df00a6a4a18c5e012b6e2588e35c23aaa13a5fc227f08646a97590d778",
    "src/addons/FS/CustomForumWidget/_data/widget_definitions.xml": "b827aae491608ab403eee881e173cede1326dbcbd229fca797fa4a3e86968ca0",
    "src/addons/FS/CustomForumWidget/_data/widget_positions.xml": "a29cee66134f6bc5d75ed9df1eef21096c24401915c5b5c774389c3d7bb2d5b3",
    "styles/FS/CustomWidgetImage/no_image.png": "c633d11188783aab0873c25bae5e9d397883c3b1b89c27aab763ba62f1d04bbf"
}