{
    "src/addons/FS/CustomForumWidget/addon.json": "69058017abaae890c29e6a09fd13da8a1143aec2142f1f718e67152c5504016d",
    "src/addons/FS/CustomForumWidget/Setup.php": "a87661e63aec860737665e964977ec6343758efce901383629686ca8b47aa24c",
    "src/addons/FS/CustomForumWidget/Widget/ThreadFieldWidget.php": "4776d2b039dc8575b89f44c0bd139d1612d9d94f3cf29864f049db3ccadccaf5",
    "src/addons/FS/CustomForumWidget/XF/Entity/Thread.php": "2f4aaebc418ed8a364f93f42a8eeff8172036aaa74318f1511633041626d07f7",
    "src/addons/FS/CustomForumWidget/XF/Pub/Controller/Thread.php": "798f1b87e8232e6fd1d03e032cdba16f8309df3133d165308d57cbf120ec53e4",
    "src/addons/FS/CustomForumWidget/_data/activity_summary_definitions.xml": "99d8c2563a31320d66f958fc8bda78613545f5f7959bb3cf5318805e3a3c39d2",
    "src/addons/FS/CustomForumWidget/_data/admin_navigation.xml": "064ec797484ac00d5ee37367b50b06846d11f480d00550997712707f8fdac8c0",
    "src/addons/FS/CustomForumWidget/_data/admin_permission.xml": "ec6fb97cebf0bceb24f1ed1d5778c1db54eeb7535fbb3e31d824840e7aa9ff87",
    "src/addons/FS/CustomForumWidget/_data/advertising_positions.xml": "d2f7cbe844bb1df3cf878d22ff6306249245c8ff6b0b87b9b729744bec538261",
    "src/addons/FS/CustomForumWidget/_data/api_scopes.xml": "6793eaf758f140e8137187ba20e65f4faccf53410433ae3ad7a8b3b38cb6b3b7",
    "src/addons/FS/CustomForumWidget/_data/bb_codes.xml": "faa4ddd5f4a365e5ac39aebdcbe2d25aedf74e7eb9ea4a812766e2fd5e13bdb1",
    "src/addons/FS/CustomForumWidget/_data/bb_code_media_sites.xml": "29762987990187b33e43cfb68c08dc917b2d3f0176613d78f8e6c453f82da3f3",
    "src/addons/FS/CustomForumWidget/_data/class_extensions.xml": "b97d27095a05d64009768789941e023ef7b0b72d9b226ccba253c08b2898f48f",
    "src/addons/FS/CustomForumWidget/_data/code_events.xml": "8370dec3df47f91df4cf79da253446ad11b29f4ea568fe76c774e97a0379f0eb",
    "src/addons/FS/CustomForumWidget/_data/code_event_listeners.xml": "d6b5072f4909dee7a20ee9e44b163f95c8aa52e6ac7f573e292000cd9238c331",
    "src/addons/FS/CustomForumWidget/_data/content_type_fields.xml": "c7ad5472b28f465b7ac7617627707eba1b7a39d28089460d52e1ed292fc0b06a",
    "src/addons/FS/CustomForumWidget/_data/cron.xml": "323c4284742ef24329cd6db6f288eb9736d2353f36852e1db12591e1583aea26",
    "src/addons/FS/CustomForumWidget/_data/help_pages.xml": "a8a0c0b06cdc550438bc8a8d385af3e1e5ab3459877dfb934c1c31be59c89163",
    "src/addons/FS/CustomForumWidget/_data/member_stats.xml": "89fb2b93ff1eca7a1f6f752248edf6090dfd24037db1446fd18ff7143f08124d",
    "src/addons/FS/CustomForumWidget/_data/navigation.xml": "f75e1c03a45a360bbdfcd0567121665082315068475d5b0feb8b1acbb1688651",
    "src/addons/FS/CustomForumWidget/_data/options.xml": "93b8267fce4af8160e95a477a294f10027789536fa0540222ff0ce2c6625f1f5",
    "src/addons/FS/CustomForumWidget/_data/option_groups.xml": "a8a47ff1dbc80f3c0d3f2377c26899efc68309a40ae98cab79d315d07bd2b277",
    "src/addons/FS/CustomForumWidget/_data/permissions.xml": "7e4fc7d5826733d15ea2d8936b9bdd41afcaad810eb38e50da3c8d8eafda1550",
    "src/addons/FS/CustomForumWidget/_data/permission_interface_groups.xml": "3177224e96458b829aa7fb24866dda9e0455a4922aee3d669b53f59a1ffdf5d1",
    "src/addons/FS/CustomForumWidget/_data/phrases.xml": "e08623d221bd3e687b7cb418e369064bba8ad637870b18e6529b4c0b4289313a",
    "src/addons/FS/CustomForumWidget/_data/routes.xml": "550fa64f9feedf137dd877b38c2684f94474619d2d83890dbb717a91b50da8f5",
    "src/addons/FS/CustomForumWidget/_data/style_properties.xml": "8b8690a8512f01f219dd2da76e3d0c5f62afc1f317b87794a7331c859c36a7a8",
    "src/addons/FS/CustomForumWidget/_data/style_property_groups.xml": "68e1879cb3846c42d978487aa8d5145ff3335fc39e58016878824d5cf3fd684c",
    "src/addons/FS/CustomForumWidget/_data/templates.xml": "47f8d94b67f681f29bf2f70243c390d6681efb80d4b61bb149c677baa5f77f8e",
    "src/addons/FS/CustomForumWidget/_data/template_modifications.xml": "3b54b7df00a6a4a18c5e012b6e2588e35c23aaa13a5fc227f08646a97590d778",
    "src/addons/FS/CustomForumWidget/_data/widget_definitions.xml": "b827aae491608ab403eee881e173cede1326dbcbd229fca797fa4a3e86968ca0",
    "src/addons/FS/CustomForumWidget/_data/widget_positions.xml": "a29cee66134f6bc5d75ed9df1eef21096c24401915c5b5c774389c3d7bb2d5b3"
}