<?xml version="1.0" encoding="utf-8"?>
<options>
  <option option_id="fs_post_reply_points" edit_format="spinbox" data_type="positive_integer">
    <default_value>20</default_value>
    <edit_format_params>min=1
units={{ phrase('points') }}</edit_format_params>
    <relation group_id="fs_thread_scoring_system" display_order="2"/>
  </option>
  <option option_id="fs_reply_reaction_points" edit_format="spinbox" data_type="positive_integer">
    <default_value>20</default_value>
    <edit_format_params>min=1
units={{ phrase('points') }}</edit_format_params>
    <relation group_id="fs_thread_scoring_system" display_order="4"/>
  </option>
  <option option_id="fs_thread_scoring_list_format" edit_format="radio" data_type="string">
    <default_value>points</default_value>
    <edit_format_params>points={{ phrase('points') }}
percentage=%</edit_format_params>
    <relation group_id="fs_thread_scoring_system" display_order="8"/>
  </option>
  <option option_id="fs_thread_scoring_list_order" edit_format="radio" data_type="string">
    <default_value>desc</default_value>
    <edit_format_params>desc={{ phrase('fs_thread_desc') }}
asc={{ phrase('fs_thread_asc') }}</edit_format_params>
    <relation group_id="fs_thread_scoring_system" display_order="7"/>
  </option>
  <option option_id="fs_thread_scoring_system_decimals" edit_format="spinbox" data_type="positive_integer">
    <default_value>2</default_value>
    <edit_format_params>min=1
max=8</edit_format_params>
    <relation group_id="fs_thread_scoring_system" display_order="10"/>
  </option>
  <option option_id="fs_thread_scoring_system_notable_perpage" edit_format="spinbox" data_type="positive_integer">
    <default_value>5</default_value>
    <edit_format_params>min=1</edit_format_params>
    <relation group_id="fs_thread_scoring_system" display_order="9"/>
  </option>
  <option option_id="fs_thread_starter_points" edit_format="spinbox" data_type="positive_integer">
    <default_value>10</default_value>
    <edit_format_params>min=1
units={{ phrase('points') }}</edit_format_params>
    <relation group_id="fs_thread_scoring_system" display_order="1"/>
  </option>
  <option option_id="fs_total_minimum_req_points" edit_format="spinbox" data_type="positive_integer">
    <default_value>5</default_value>
    <edit_format_params>min=1
units={{ phrase('points') }}</edit_format_params>
    <relation group_id="fs_thread_scoring_system" display_order="6"/>
  </option>
  <option option_id="fs_total_solution_points" edit_format="spinbox" data_type="positive_integer">
    <default_value>10</default_value>
    <edit_format_params>min=1
units={{ phrase('points') }}</edit_format_params>
    <relation group_id="fs_thread_scoring_system" display_order="5"/>
  </option>
  <option option_id="fs_total_words_points" edit_format="spinbox" data_type="positive_integer">
    <default_value>10</default_value>
    <edit_format_params>min=1
units={{ phrase('points') }}</edit_format_params>
    <relation group_id="fs_thread_scoring_system" display_order="3"/>
  </option>
</options>
