{
    "src/addons/FS/SearchOwnThread/addon.json": "299cbd0d278d5052fef86376ee6741d494c35ad14175784110e47a1c1f17cf10",
    "src/addons/FS/SearchOwnThread/Admin/Controller/SearchOwnThread.php": "46166eb58d9a68c99ea7bc71c82a875844de8119cc1de993ada24afb883990ad",
    "src/addons/FS/SearchOwnThread/Entity/SearchOwnThread.php": "ff5cc3621bf644391bcf03242db5dcd54503cb469814acf659effd3174314214",
    "src/addons/FS/SearchOwnThread/Install/Data/MySql.php": "654c0d378be65cc0b2b82f45ab69d8201e12758905a87bc1018788ee2512ecd2",
    "src/addons/FS/SearchOwnThread/Pub/Controller/SearchOwnThread.php": "aa9f30ba44c3a50096beddd136522633a24d44815a21819ff0f936129c7caaf8",
    "src/addons/FS/SearchOwnThread/Setup.php": "aa4efcf6da2435bc3cd30c8d49eb31445b70244520ae6391f39b2c6983a3aa5d",
    "src/addons/FS/SearchOwnThread/_data/activity_summary_definitions.xml": "99d8c2563a31320d66f958fc8bda78613545f5f7959bb3cf5318805e3a3c39d2",
    "src/addons/FS/SearchOwnThread/_data/admin_navigation.xml": "d5928522a0abbea07984239ccff46b83443faedfa1e444ae0a3e32bb5cc7f965",
    "src/addons/FS/SearchOwnThread/_data/admin_permission.xml": "ec6fb97cebf0bceb24f1ed1d5778c1db54eeb7535fbb3e31d824840e7aa9ff87",
    "src/addons/FS/SearchOwnThread/_data/advertising_positions.xml": "d2f7cbe844bb1df3cf878d22ff6306249245c8ff6b0b87b9b729744bec538261",
    "src/addons/FS/SearchOwnThread/_data/api_scopes.xml": "6793eaf758f140e8137187ba20e65f4faccf53410433ae3ad7a8b3b38cb6b3b7",
    "src/addons/FS/SearchOwnThread/_data/bb_codes.xml": "faa4ddd5f4a365e5ac39aebdcbe2d25aedf74e7eb9ea4a812766e2fd5e13bdb1",
    "src/addons/FS/SearchOwnThread/_data/bb_code_media_sites.xml": "29762987990187b33e43cfb68c08dc917b2d3f0176613d78f8e6c453f82da3f3",
    "src/addons/FS/SearchOwnThread/_data/class_extensions.xml": "1f548b8006e9952a3f5889f71e09fdfa6726ac1a47c1af7b2626d1a88920d5a4",
    "src/addons/FS/SearchOwnThread/_data/code_events.xml": "8370dec3df47f91df4cf79da253446ad11b29f4ea568fe76c774e97a0379f0eb",
    "src/addons/FS/SearchOwnThread/_data/code_event_listeners.xml": "d6b5072f4909dee7a20ee9e44b163f95c8aa52e6ac7f573e292000cd9238c331",
    "src/addons/FS/SearchOwnThread/_data/content_type_fields.xml": "c7ad5472b28f465b7ac7617627707eba1b7a39d28089460d52e1ed292fc0b06a",
    "src/addons/FS/SearchOwnThread/_data/cron.xml": "323c4284742ef24329cd6db6f288eb9736d2353f36852e1db12591e1583aea26",
    "src/addons/FS/SearchOwnThread/_data/help_pages.xml": "a8a0c0b06cdc550438bc8a8d385af3e1e5ab3459877dfb934c1c31be59c89163",
    "src/addons/FS/SearchOwnThread/_data/member_stats.xml": "89fb2b93ff1eca7a1f6f752248edf6090dfd24037db1446fd18ff7143f08124d",
    "src/addons/FS/SearchOwnThread/_data/navigation.xml": "f75e1c03a45a360bbdfcd0567121665082315068475d5b0feb8b1acbb1688651",
    "src/addons/FS/SearchOwnThread/_data/options.xml": "1cea29aa5671733d85c8fc6f7c66128eacbca5643cbb38585eb82002879b51a4",
    "src/addons/FS/SearchOwnThread/_data/option_groups.xml": "154d7a89664b243d0bd8227c22e241f934bf7e196c83230ee23d3c0c4fba1333",
    "src/addons/FS/SearchOwnThread/_data/permissions.xml": "7e4fc7d5826733d15ea2d8936b9bdd41afcaad810eb38e50da3c8d8eafda1550",
    "src/addons/FS/SearchOwnThread/_data/permission_interface_groups.xml": "3177224e96458b829aa7fb24866dda9e0455a4922aee3d669b53f59a1ffdf5d1",
    "src/addons/FS/SearchOwnThread/_data/phrases.xml": "30c1448beb49ab725ec15321f54b074242d4308dee48e3cd76935bbc2784ffaf",
    "src/addons/FS/SearchOwnThread/_data/routes.xml": "42cd7f30e51072b12fb4acb5c62696498d32898814838bf589abc0248bc1326b",
    "src/addons/FS/SearchOwnThread/_data/style_properties.xml": "8b8690a8512f01f219dd2da76e3d0c5f62afc1f317b87794a7331c859c36a7a8",
    "src/addons/FS/SearchOwnThread/_data/style_property_groups.xml": "68e1879cb3846c42d978487aa8d5145ff3335fc39e58016878824d5cf3fd684c",
    "src/addons/FS/SearchOwnThread/_data/templates.xml": "9461364040d757adad3888f46b9504793a4db4029f3c890bac8fe40c138349b2",
    "src/addons/FS/SearchOwnThread/_data/template_modifications.xml": "3b54b7df00a6a4a18c5e012b6e2588e35c23aaa13a5fc227f08646a97590d778",
    "src/addons/FS/SearchOwnThread/_data/widget_definitions.xml": "37e46965256430f24004c2e7f08ba08f9b0d1cbcc4d70e84b3f4e3ffb713e64b",
    "src/addons/FS/SearchOwnThread/_data/widget_positions.xml": "a29cee66134f6bc5d75ed9df1eef21096c24401915c5b5c774389c3d7bb2d5b3"
}