{
    "js/Bunny/extend_manager.js": "2a1f81bbca80db4aaacc5ff5aea7465fe9810b0487ebee8336ec619156e6bb5d",
    "js/Bunny/OnClickBunny.js": "ad9f87c5f286982b467e5a216f2577dff7f231fa2b54f97efd01bb11299c6e8f",
    "src/addons/FS/BunnyIntegration/addon.json": "ff4e7a9f39e8fdce5d3da4a1c49ee3bd6e72b825e580a8694539c3ab423213e9",
    "src/addons/FS/BunnyIntegration/BbCode/Bunny.php": "24f92a9fa406006a09197a46fb0271fb4475b8c79b5211f32c939a83d7e9f405",
    "src/addons/FS/BunnyIntegration/composer.json": "1f2c78939b3e75325369244b71734eff96f1cfaa7c28b2160243824cda8e1fcd",
    "src/addons/FS/BunnyIntegration/composer.lock": "e1761168cadfb8632905b957739781662f8939dc723b536131fa23d0061a04ab",
    "src/addons/FS/BunnyIntegration/Job/BunnyUpload.php": "3e490683357d77364f106f5468df5aa9ab3f1e9b685ebc270c641854e161a93c",
    "src/addons/FS/BunnyIntegration/Setup.php": "bdc0a4a94825efd5f0db3dc90625ec7c8c9d9268155af6fd8cc57955d000cf9c",
    "src/addons/FS/BunnyIntegration/XF/Entity/Attachment.php": "f8cb1b385532bbbb381d68bb7596afe24191dc7fb040fa5d5d31dae6b8f12093",
    "src/addons/FS/BunnyIntegration/XF/Entity/AttachmentData.php": "079e0c88160f82cc46cacb93e2ee2a2bec7ec6133e7cdc2e07662259d8fa9e1b",
    "src/addons/FS/BunnyIntegration/XF/Pub/Controller/Attachment.php": "6e409cde66c8f2c2000131446a3f264b02ade7faed0f11344373c1c78f1fd397",
    "src/addons/FS/BunnyIntegration/XF/Pub/Controller/Forum.php": "4ac44ff45c033a7cd5e10d4e000f82e93934c07f0bad09494c34033559716e6e",
    "src/addons/FS/BunnyIntegration/XF/Pub/Controller/Post.php": "9b84555d9299c49cd299cc870ae6804f1eab2cb7134ba548278d31ae78b5b3d9",
    "src/addons/FS/BunnyIntegration/XF/Service/BunnyServ.php": "3644246626137599e98aa75d32dce29f62a964187493467fe3c3a50f2a3ff0a6",
    "src/addons/FS/BunnyIntegration/_data/activity_summary_definitions.xml": "99d8c2563a31320d66f958fc8bda78613545f5f7959bb3cf5318805e3a3c39d2",
    "src/addons/FS/BunnyIntegration/_data/admin_navigation.xml": "064ec797484ac00d5ee37367b50b06846d11f480d00550997712707f8fdac8c0",
    "src/addons/FS/BunnyIntegration/_data/admin_permission.xml": "ec6fb97cebf0bceb24f1ed1d5778c1db54eeb7535fbb3e31d824840e7aa9ff87",
    "src/addons/FS/BunnyIntegration/_data/advertising_positions.xml": "d2f7cbe844bb1df3cf878d22ff6306249245c8ff6b0b87b9b729744bec538261",
    "src/addons/FS/BunnyIntegration/_data/api_scopes.xml": "6793eaf758f140e8137187ba20e65f4faccf53410433ae3ad7a8b3b38cb6b3b7",
    "src/addons/FS/BunnyIntegration/_data/bb_codes.xml": "959fc1ed9ef0b1470584f149d36f37ff625954f2eef4ae2e88daba0480c9dbd9",
    "src/addons/FS/BunnyIntegration/_data/bb_code_media_sites.xml": "29762987990187b33e43cfb68c08dc917b2d3f0176613d78f8e6c453f82da3f3",
    "src/addons/FS/BunnyIntegration/_data/class_extensions.xml": "b561829a4fee46f5a6829d49fc8e5c6c64ba742dff3222d75c164c832b90b78c",
    "src/addons/FS/BunnyIntegration/_data/code_events.xml": "8370dec3df47f91df4cf79da253446ad11b29f4ea568fe76c774e97a0379f0eb",
    "src/addons/FS/BunnyIntegration/_data/code_event_listeners.xml": "d6b5072f4909dee7a20ee9e44b163f95c8aa52e6ac7f573e292000cd9238c331",
    "src/addons/FS/BunnyIntegration/_data/content_type_fields.xml": "c7ad5472b28f465b7ac7617627707eba1b7a39d28089460d52e1ed292fc0b06a",
    "src/addons/FS/BunnyIntegration/_data/cron.xml": "323c4284742ef24329cd6db6f288eb9736d2353f36852e1db12591e1583aea26",
    "src/addons/FS/BunnyIntegration/_data/help_pages.xml": "a8a0c0b06cdc550438bc8a8d385af3e1e5ab3459877dfb934c1c31be59c89163",
    "src/addons/FS/BunnyIntegration/_data/member_stats.xml": "89fb2b93ff1eca7a1f6f752248edf6090dfd24037db1446fd18ff7143f08124d",
    "src/addons/FS/BunnyIntegration/_data/navigation.xml": "f75e1c03a45a360bbdfcd0567121665082315068475d5b0feb8b1acbb1688651",
    "src/addons/FS/BunnyIntegration/_data/options.xml": "f5d8d90eeabc3d534b2a4f6115be82d498acc788f357b5b31809f8669cfb8015",
    "src/addons/FS/BunnyIntegration/_data/option_groups.xml": "7d01ec61ecc40f5521ad063ff7b7648812d00b077b6ba5b9e23ce1e789c61478",
    "src/addons/FS/BunnyIntegration/_data/permissions.xml": "785d7081a1bb21488faf560461ebc3c3fa957c7b5b356f9fda4a7fb9a10dfd7f",
    "src/addons/FS/BunnyIntegration/_data/permission_interface_groups.xml": "bcc227e171d1120d72dfca3ab86de107fcdded9363ea44899b706d058bed8956",
    "src/addons/FS/BunnyIntegration/_data/phrases.xml": "cee20b3e0007b0f23f224c20f36e23cafb7dc54cd110366aa3f3ff591d758f10",
    "src/addons/FS/BunnyIntegration/_data/routes.xml": "550fa64f9feedf137dd877b38c2684f94474619d2d83890dbb717a91b50da8f5",
    "src/addons/FS/BunnyIntegration/_data/style_properties.xml": "8b8690a8512f01f219dd2da76e3d0c5f62afc1f317b87794a7331c859c36a7a8",
    "src/addons/FS/BunnyIntegration/_data/style_property_groups.xml": "68e1879cb3846c42d978487aa8d5145ff3335fc39e58016878824d5cf3fd684c",
    "src/addons/FS/BunnyIntegration/_data/templates.xml": "7633bb7f9cad5ba3d13898ba6291c46fbf702d4305873f5e24533f5626ca4bb1",
    "src/addons/FS/BunnyIntegration/_data/template_modifications.xml": "2c16a154a2de2a88bb50bbd3427fe148d632ae6366b3c6f823ebfaaa89726f7e",
    "src/addons/FS/BunnyIntegration/_data/widget_definitions.xml": "37e46965256430f24004c2e7f08ba08f9b0d1cbcc4d70e84b3f4e3ffb713e64b",
    "src/addons/FS/BunnyIntegration/_data/widget_positions.xml": "a29cee66134f6bc5d75ed9df1eef21096c24401915c5b5c774389c3d7bb2d5b3",
    "styles/FS/BunnyIntegration/img.gif": "e643b649dfe5580c08ff368bd9db17fee0418a83fd3746d29276b358455e2366",
    "styles/FS/BunnyIntegration/uploading-image.gif": "2d3512cd1978eee4bbee256623316e5eddfe7759265a85c0393159a71da937d4"
}