{
    "src/addons/AL/Core/addon.json": "f7f14c3ecca9a31b3551b4d774b3b6f74f1fb050a07d2fb8c3455b588184b3d0",
    "src/addons/AL/Core/ClassAlias.php": "33cccb77d8e2aae7a524c09ecf1658ceeab43255e117be2aa9b9811fdf6a11c4",
    "src/addons/AL/Core/Compat.php": "c051461d82604a0b3bb4ea0eeaecd9a2b92096751aeec4135aa0a33a4ea04b30",
    "src/addons/AL/Core/icon.png": "81748bf414bcbb297463f7e8a745f1816b15918214d4625062792c45ae21b59e",
    "src/addons/AL/Core/Listener/AppSetup.php": "7bf6371eddd16dee42e79dc38e9d405e89c81d3191a2eb81efcb5cb1054352d5",
    "src/addons/AL/Core/Listener/TemplaterGlobalData.php": "445f22e95ce2701e7c684764995588c33b7060d5879b39275005370269a5a817",
    "src/addons/AL/Core/Listener/TemplaterSetup.php": "9b62f3fe05c39eeb6dfd3003d29b6461147dd1e8196d516601c49a35da188902",
    "src/addons/AL/Core/Service/SingleAttachment.php": "6a1aa42a30f2c6e2cd5a1dff953b617357fc6e8049345de94149988ec9db9b27",
    "src/addons/AL/Core/XF/Entity/SessionActivity.php": "9b8874ec5de7215b17279b85b66f7b809ce53bb1d328905edb3bd2a2975a3761",
    "src/addons/AL/Core/_data/activity_summary_definitions.xml": "99d8c2563a31320d66f958fc8bda78613545f5f7959bb3cf5318805e3a3c39d2",
    "src/addons/AL/Core/_data/admin_navigation.xml": "064ec797484ac00d5ee37367b50b06846d11f480d00550997712707f8fdac8c0",
    "src/addons/AL/Core/_data/admin_permission.xml": "ec6fb97cebf0bceb24f1ed1d5778c1db54eeb7535fbb3e31d824840e7aa9ff87",
    "src/addons/AL/Core/_data/advertising_positions.xml": "d2f7cbe844bb1df3cf878d22ff6306249245c8ff6b0b87b9b729744bec538261",
    "src/addons/AL/Core/_data/api_scopes.xml": "6793eaf758f140e8137187ba20e65f4faccf53410433ae3ad7a8b3b38cb6b3b7",
    "src/addons/AL/Core/_data/bb_codes.xml": "faa4ddd5f4a365e5ac39aebdcbe2d25aedf74e7eb9ea4a812766e2fd5e13bdb1",
    "src/addons/AL/Core/_data/bb_code_media_sites.xml": "29762987990187b33e43cfb68c08dc917b2d3f0176613d78f8e6c453f82da3f3",
    "src/addons/AL/Core/_data/class_extensions.xml": "d829c0ff9f482a5325c656801d4a7515b3ba3e2102caf3356c0fcda0bb90b165",
    "src/addons/AL/Core/_data/code_events.xml": "8370dec3df47f91df4cf79da253446ad11b29f4ea568fe76c774e97a0379f0eb",
    "src/addons/AL/Core/_data/code_event_listeners.xml": "7f21d6898bd763b071bb24d249f568260d04864cc4abd2be03ac9791bab3c82a",
    "src/addons/AL/Core/_data/content_type_fields.xml": "c7ad5472b28f465b7ac7617627707eba1b7a39d28089460d52e1ed292fc0b06a",
    "src/addons/AL/Core/_data/cron.xml": "323c4284742ef24329cd6db6f288eb9736d2353f36852e1db12591e1583aea26",
    "src/addons/AL/Core/_data/help_pages.xml": "a8a0c0b06cdc550438bc8a8d385af3e1e5ab3459877dfb934c1c31be59c89163",
    "src/addons/AL/Core/_data/member_stats.xml": "89fb2b93ff1eca7a1f6f752248edf6090dfd24037db1446fd18ff7143f08124d",
    "src/addons/AL/Core/_data/navigation.xml": "f75e1c03a45a360bbdfcd0567121665082315068475d5b0feb8b1acbb1688651",
    "src/addons/AL/Core/_data/options.xml": "1cea29aa5671733d85c8fc6f7c66128eacbca5643cbb38585eb82002879b51a4",
    "src/addons/AL/Core/_data/option_groups.xml": "154d7a89664b243d0bd8227c22e241f934bf7e196c83230ee23d3c0c4fba1333",
    "src/addons/AL/Core/_data/permissions.xml": "7e4fc7d5826733d15ea2d8936b9bdd41afcaad810eb38e50da3c8d8eafda1550",
    "src/addons/AL/Core/_data/permission_interface_groups.xml": "3177224e96458b829aa7fb24866dda9e0455a4922aee3d669b53f59a1ffdf5d1",
    "src/addons/AL/Core/_data/phrases.xml": "ff61483fbaee661f147395ebaad79fbfb5d8bf820c1b1285efbcf8844191cc32",
    "src/addons/AL/Core/_data/routes.xml": "550fa64f9feedf137dd877b38c2684f94474619d2d83890dbb717a91b50da8f5",
    "src/addons/AL/Core/_data/style_properties.xml": "8b8690a8512f01f219dd2da76e3d0c5f62afc1f317b87794a7331c859c36a7a8",
    "src/addons/AL/Core/_data/style_property_groups.xml": "68e1879cb3846c42d978487aa8d5145ff3335fc39e58016878824d5cf3fd684c",
    "src/addons/AL/Core/_data/templates.xml": "2bece2286f298a6fd05be3376827a3b960368de7c813a697240c8f8c1d0de3a9",
    "src/addons/AL/Core/_data/template_modifications.xml": "3b54b7df00a6a4a18c5e012b6e2588e35c23aaa13a5fc227f08646a97590d778",
    "src/addons/AL/Core/_data/widget_definitions.xml": "37e46965256430f24004c2e7f08ba08f9b0d1cbcc4d70e84b3f4e3ffb713e64b",
    "src/addons/AL/Core/_data/widget_positions.xml": "a29cee66134f6bc5d75ed9df1eef21096c24401915c5b5c774389c3d7bb2d5b3"
}