{
    "src/addons/FS/PostPrefix/addon.json": "cb73011b9346a094290e494cf725093770edc479c7652162932f5ed2bf857487",
    "src/addons/FS/PostPrefix/Entity/PostPrefixes.php": "521dc4b8ea85f37431ab6bb439e05450b69f232d8186505b3f654a7f7c01e58c",
    "src/addons/FS/PostPrefix/Helper.php": "b5cb9e38a7f4a6216af95f043b501d189279470bd8c996a899b26024c26e9f20",
    "src/addons/FS/PostPrefix/Listener.php": "377344bb75560b12f1a653c9d2ed96ae867d2b00b384f1d096e61afb9dcd160a",
    "src/addons/FS/PostPrefix/Setup.php": "ae67de6307d51668f758422b7e012ec20e35d3f0dc3e17c5ba4528fbda5ec945",
    "src/addons/FS/PostPrefix/Template/TemplaterSetup.php": "292c1330776654ad1e339eec75df35d95c47ec9f854ba122d1486730eca48616",
    "src/addons/FS/PostPrefix/XF/Entity/Post.php": "312c39bd8b189563d3b5e45e6a256e8cf16c04f92a44ad2f456d5fd05fe45a45",
    "src/addons/FS/PostPrefix/XF/Entity/ThreadPrefix.php": "96327e6170e991e92e33424356a4ff891d3eb98fcd8028fb1ec525ad73262ef1",
    "src/addons/FS/PostPrefix/XF/Pub/Controller/Post.php": "6206a6bdba045079880c6c1db96a37dfb191c7dd78ee80ebdc6ac3108b227094",
    "src/addons/FS/PostPrefix/XF/Pub/Controller/Thread.php": "d0e1e9608a90aa89466d8930eb864a533d2df66e9900df01b222c6985c42402b",
    "src/addons/FS/PostPrefix/_data/activity_summary_definitions.xml": "99d8c2563a31320d66f958fc8bda78613545f5f7959bb3cf5318805e3a3c39d2",
    "src/addons/FS/PostPrefix/_data/admin_navigation.xml": "064ec797484ac00d5ee37367b50b06846d11f480d00550997712707f8fdac8c0",
    "src/addons/FS/PostPrefix/_data/admin_permission.xml": "ec6fb97cebf0bceb24f1ed1d5778c1db54eeb7535fbb3e31d824840e7aa9ff87",
    "src/addons/FS/PostPrefix/_data/advertising_positions.xml": "d2f7cbe844bb1df3cf878d22ff6306249245c8ff6b0b87b9b729744bec538261",
    "src/addons/FS/PostPrefix/_data/api_scopes.xml": "6793eaf758f140e8137187ba20e65f4faccf53410433ae3ad7a8b3b38cb6b3b7",
    "src/addons/FS/PostPrefix/_data/bb_codes.xml": "faa4ddd5f4a365e5ac39aebdcbe2d25aedf74e7eb9ea4a812766e2fd5e13bdb1",
    "src/addons/FS/PostPrefix/_data/bb_code_media_sites.xml": "29762987990187b33e43cfb68c08dc917b2d3f0176613d78f8e6c453f82da3f3",
    "src/addons/FS/PostPrefix/_data/class_extensions.xml": "636f7e6f92d5d3d843b4db9fa10412187ec49d864b9d5a1a0798b5e9c34bb236",
    "src/addons/FS/PostPrefix/_data/code_events.xml": "8370dec3df47f91df4cf79da253446ad11b29f4ea568fe76c774e97a0379f0eb",
    "src/addons/FS/PostPrefix/_data/code_event_listeners.xml": "97fb73e72ebac3d7cf12a4b284ac16f143a9bc94627d4d8c590699d98f4b8289",
    "src/addons/FS/PostPrefix/_data/content_type_fields.xml": "c7ad5472b28f465b7ac7617627707eba1b7a39d28089460d52e1ed292fc0b06a",
    "src/addons/FS/PostPrefix/_data/cron.xml": "323c4284742ef24329cd6db6f288eb9736d2353f36852e1db12591e1583aea26",
    "src/addons/FS/PostPrefix/_data/help_pages.xml": "a8a0c0b06cdc550438bc8a8d385af3e1e5ab3459877dfb934c1c31be59c89163",
    "src/addons/FS/PostPrefix/_data/member_stats.xml": "89fb2b93ff1eca7a1f6f752248edf6090dfd24037db1446fd18ff7143f08124d",
    "src/addons/FS/PostPrefix/_data/navigation.xml": "f75e1c03a45a360bbdfcd0567121665082315068475d5b0feb8b1acbb1688651",
    "src/addons/FS/PostPrefix/_data/options.xml": "2e7bc436a29070ba1276ed118bcf55b9681af7824c094f28fdb253226aaac4dc",
    "src/addons/FS/PostPrefix/_data/option_groups.xml": "edda434be0041966ed58bdae5d90a40d6644904bceb498c0a8716e8d94f48076",
    "src/addons/FS/PostPrefix/_data/permissions.xml": "7e4fc7d5826733d15ea2d8936b9bdd41afcaad810eb38e50da3c8d8eafda1550",
    "src/addons/FS/PostPrefix/_data/permission_interface_groups.xml": "3177224e96458b829aa7fb24866dda9e0455a4922aee3d669b53f59a1ffdf5d1",
    "src/addons/FS/PostPrefix/_data/phrases.xml": "140582923d88a90e1e1440bdb41eef1f49bca78cb194daef32552bda5c852df4",
    "src/addons/FS/PostPrefix/_data/routes.xml": "550fa64f9feedf137dd877b38c2684f94474619d2d83890dbb717a91b50da8f5",
    "src/addons/FS/PostPrefix/_data/style_properties.xml": "8b8690a8512f01f219dd2da76e3d0c5f62afc1f317b87794a7331c859c36a7a8",
    "src/addons/FS/PostPrefix/_data/style_property_groups.xml": "68e1879cb3846c42d978487aa8d5145ff3335fc39e58016878824d5cf3fd684c",
    "src/addons/FS/PostPrefix/_data/templates.xml": "491391b2217130adf09940f26af1eeb8b6405211098e6c99ee20e0532c931555",
    "src/addons/FS/PostPrefix/_data/template_modifications.xml": "99b9dc9c6bbde2801715af24c6b170ef4a748c62f61bad66e94e72520befc3ab",
    "src/addons/FS/PostPrefix/_data/widget_definitions.xml": "37e46965256430f24004c2e7f08ba08f9b0d1cbcc4d70e84b3f4e3ffb713e64b",
    "src/addons/FS/PostPrefix/_data/widget_positions.xml": "a29cee66134f6bc5d75ed9df1eef21096c24401915c5b5c774389c3d7bb2d5b3"
}