<?xml version="1.0" encoding="utf-8"?>
<options>
  <option option_id="fs_complete_production_prefix_id" edit_format="textbox" data_type="string">
    <default_value></default_value>
    <relation group_id="fs_production_complete" display_order="1"/>
  </option>
  <option option_id="fs_production_btn_forums" edit_format="callback" data_type="array">
    <default_value>[]</default_value>
    <edit_format_params>\XF\Option\Forum::renderSelectMultiple</edit_format_params>
    <sub_options>*</sub_options>
    <relation group_id="fs_production_complete" display_order="5"/>
  </option>
  <option option_id="fs_receive_money_prefix_id" edit_format="textbox" data_type="string">
    <default_value></default_value>
    <relation group_id="fs_production_complete" display_order="2"/>
  </option>
</options>
