{
    "legacy_addon_id": "",
    "title": "[AddonsLab] Thread Filter",
    "description": "",
    "version_id": 3090270,
    "version_string": "3.9.2",
    "dev": "AddonsLab",
    "dev_url": "https://addonslab.com/",
    "faq_url": "",
    "support_url": "",
    "extra_urls": [],
    "require": {
        "AL/Core": [
            1060570,
            "[AL] Core Package 1.6.5+"
        ],
        "AL/FilterFramework": [
            1010071,
            "[AL] Filter Framework 1.1.0+"
        ]
    },
    "icon": "icon.png"
}