{
    "src/addons/AL/ThreadFilter/addon.json": "a10eec12101a7e10884886b7c5f6c41015af001d697c7c7d5a9a56e0e34b6ed7",
    "src/addons/AL/ThreadFilter/Api/Controller/Index.php": "1e7762a6dbb10a2f7c0ee084085ff95d4d4f5f20bc66249c3cbb9b32ab4deed6",
    "src/addons/AL/ThreadFilter/Api/Controller/IntegrationTest.php": "e0ce9e631f560791cb63740eda5be97f8d6d976f4e321f7bad6c562b1e3d63de",
    "src/addons/AL/ThreadFilter/App.php": "de5c6269c216a91571d66c394fce569b09bfc935c8514f8d004a2eea1cc1c191",
    "src/addons/AL/ThreadFilter/ContentTypeProvider.php": "c0a6034694b3eabbde36bb266c477806608f6da410b451e5fec806b3c8695bb8",
    "src/addons/AL/ThreadFilter/Cron.php": "a23f01b39793528f309c0689b18e8c0488d1affb0759b6205c7552b888323af2",
    "src/addons/AL/ThreadFilter/Entity/ThreadFieldIndex.php": "cc18fdfe0305ab114c82bf6d226c67d1b148650f43a14f701182c87e8a6b469a",
    "src/addons/AL/ThreadFilter/Finder/ThreadFieldIndex.php": "23e85d048ecf6149af7e1d983c60c464808e52ae94a62e4393624107b2716ab9",
    "src/addons/AL/ThreadFilter/icon.png": "81748bf414bcbb297463f7e8a745f1816b15918214d4625062792c45ae21b59e",
    "src/addons/AL/ThreadFilter/Job/ThreadField.php": "5a630fad2f43cf7e140191fe6695a01d0fd8bb050690efbca61887b398255c2b",
    "src/addons/AL/ThreadFilter/Licensing/Engine/Xf2.php": "842bafe1688d6795570c444f932b2ef525158fb03d134880ed15acf0f5caeec1",
    "src/addons/AL/ThreadFilter/Listener/TemplaterTemplatePreRender.php": "34a379cdf9426ff3ec5a0749f66fee2ae397ea172503f60a73a38b3af76df371",
    "src/addons/AL/ThreadFilter/Pub/View/OptionList.php": "864c6edb8ae4297c9440d0e7677745fc3e909718c5df98c18ed7e0ffe82d9f98",
    "src/addons/AL/ThreadFilter/Search/Data/ThreadFieldIndex.php": "21acb71bcf03340b2d14ae8c34724f8af31eb92202a8b9a78d4f29e4c295adee",
    "src/addons/AL/ThreadFilter/Service/ContentTypeProvider.php": "31681ba686381608edeb33fdded09c2417b1d5bed1f53c612a0be372568a0fc7",
    "src/addons/AL/ThreadFilter/Service/ForumRequestHelper.php": "6b15671ea510f7dd69571a7525a3dd0674e307bcc2bd4f4710eeebfd0a171eaf",
    "src/addons/AL/ThreadFilter/Setup.php": "dae1fe7ef216832b1d71f722c25a6ba8744dd3339769438b26cfe52e206a09c6",
    "src/addons/AL/ThreadFilter/ThreadSearchInterface.php": "10954cd261b3005307107a35b249015bfc1270cbbb7221f1552388bbd33b1578",
    "src/addons/AL/ThreadFilter/Widget/ThreadFilter.php": "7114108eb41a64d39fa886f587b63a23144d0f8fedc075ad2f2ffcb27179f3f3",
    "src/addons/AL/ThreadFilter/XF/Admin/Controller/Category.php": "65064ff63a77c944a0e20d17bb9eb3573f41dcdd22bc7acc5e04db71b0d429ab",
    "src/addons/AL/ThreadFilter/XF/Admin/Controller/Forum.php": "263bb0c33bbf094d921ac05584b45ba2548818ba62749d2fd6528ed01a559e9b",
    "src/addons/AL/ThreadFilter/XF/Admin/Controller/ThreadField.php": "a275389761da39f647b13752f466b107e7a8f945c853afdabdf76495535477d1",
    "src/addons/AL/ThreadFilter/XF/Behavior/CustomFieldsHolder.php": "16942ff2dfa262f98551d53e29245cdbf8cd6d9173a02ec1b132658a40afa23d",
    "src/addons/AL/ThreadFilter/XF/CustomField/Definition.php": "6b9db8a13eb04dd7c4378d07208b817ec0e61f849a14fc6325eff4d935d2e754",
    "src/addons/AL/ThreadFilter/XF/Entity/Forum.php": "e1e6e0437c725f4145d739ae983ba6d5e8114d32d93ea5d7e9fd6a0b39a18da0",
    "src/addons/AL/ThreadFilter/XF/Entity/Node.php": "e99cacece7557c60d26299f95495c0da24006552a5bc82a4b067c42ce7866239",
    "src/addons/AL/ThreadFilter/XF/Entity/Option.php": "67e20f35d83e73dd5b7b6f8fc79572a9735e543420204cd83524c51b4e47dce0",
    "src/addons/AL/ThreadFilter/XF/Entity/Thread.php": "82dadf90fbbbce9fc6e3db4e4137ce3e92b58055bb65fb0bc8bcdba91476e26f",
    "src/addons/AL/ThreadFilter/XF/Entity/ThreadField.php": "499ae5278fbfad55cf6355778e119667d8333603bde459f3c34be93e26817f70",
    "src/addons/AL/ThreadFilter/XF/Entity/User.php": "9c2dcf761fb3c09eb9d5ad3a87a278d161174c334f3b1cc87261383bb7ebc5a4",
    "src/addons/AL/ThreadFilter/XF/Entity/WidgetDefinition.php": "389b130d0f948244c4fcf4a1a6d9902bbfe47dddd61a7d37c5f361be6c7a6b1f",
    "src/addons/AL/ThreadFilter/XF/Pub/Controller/Forum.php": "b6b9e9d6f7f6f0d04e41acd02a6511ba9536e52af9f354746ee6379a936f0564",
    "src/addons/AL/ThreadFilter/XF/Pub/Controller/Search.php": "43bbe12bd4b78a9f40ec55082bbbee355b7c35925db126f2dbc7b9ee556a2fea",
    "src/addons/AL/ThreadFilter/XF/Pub/Controller/SearchControllerTrait.php": "c5e901d236ccb7c86daeeab834a6c807db6b7e6d63d7611216810e657c0ffee5",
    "src/addons/AL/ThreadFilter/XF/Pub/Controller/XF21/Search.php": "fe494fa16001b8c2d8b877b819a703f28841e21e3cd94f346996a784f30184f2",
    "src/addons/AL/ThreadFilter/XF/Pub/Controller/XF22/Search.php": "a7f8c36a5ede0c55884dc174dee6496bb4341162c899cc8166a7a1d58cd6f7c9",
    "src/addons/AL/ThreadFilter/XF/Repository/ThreadField.php": "0d14b87e1e38c70744cc8012bbab97b10187c13a0696135cad6c167148325f7f",
    "src/addons/AL/ThreadFilter/XF/Search/Data/Post.php": "92addde1b271e18625cd40ce6b14d506d394bcc04594f5c2bd0a55d7f3170618",
    "src/addons/AL/ThreadFilter/XF/Search/Search.php": "9af8b4c2f3bda30ae9977fb63e32d5567a6475034eed7993cea1580a1d75c898",
    "src/addons/AL/ThreadFilter/XF/Search/Source/MySqlFt.php": "db5bacf6cc2ea90343b8443a1556afaa723006e71ccf189b37cd9d8e496ed89d",
    "src/addons/AL/ThreadFilter/XF/Search/Source/MySqlFtTrait.php": "a6935bd587b6ad1e26eeb7e78b96cbab674d00d6cc1277afdf7d3d4302b9fbac",
    "src/addons/AL/ThreadFilter/XF/Search/Source/XF21/MySqlFt.php": "e0568b4ee68d7056832c999ac0839fbd0c86d4d68109c6744aa37c55c1bc78af",
    "src/addons/AL/ThreadFilter/XF/Search/Source/XF22/MySqlFt.php": "351d11c27a95cf7e532500632de79dc1f20e9f371344cf7abd6a81d4b884946b",
    "src/addons/AL/ThreadFilter/XF/Service/Node/RebuildNestedSet.php": "dd991ecdd18495cf555211cc033a1295b83273ee190de18c7823232468f961e5",
    "src/addons/AL/ThreadFilter/XF/Template/Templater.php": "a43f30d1b3e3cb30a1e371ef7dbf9565ef259c0391eb43cc6cd663776a2e29ad",
    "src/addons/AL/ThreadFilter/XFES/Search/Source/Elasticsearch.php": "bda9240db47876d20de6cbf8d3dbf0085491ce1669d3d7b4847605d51454abc1",
    "src/addons/AL/ThreadFilter/XFES/Service/Optimizer.php": "d6e37fd6cfef7f1b97ceae23333b1e8297860cfefb2e34ad2ebb5fb6d862afe7",
    "src/addons/AL/ThreadFilter/_data/activity_summary_definitions.xml": "99d8c2563a31320d66f958fc8bda78613545f5f7959bb3cf5318805e3a3c39d2",
    "src/addons/AL/ThreadFilter/_data/admin_navigation.xml": "064ec797484ac00d5ee37367b50b06846d11f480d00550997712707f8fdac8c0",
    "src/addons/AL/ThreadFilter/_data/admin_permission.xml": "ec6fb97cebf0bceb24f1ed1d5778c1db54eeb7535fbb3e31d824840e7aa9ff87",
    "src/addons/AL/ThreadFilter/_data/advertising_positions.xml": "d2f7cbe844bb1df3cf878d22ff6306249245c8ff6b0b87b9b729744bec538261",
    "src/addons/AL/ThreadFilter/_data/api_scopes.xml": "6793eaf758f140e8137187ba20e65f4faccf53410433ae3ad7a8b3b38cb6b3b7",
    "src/addons/AL/ThreadFilter/_data/bb_codes.xml": "faa4ddd5f4a365e5ac39aebdcbe2d25aedf74e7eb9ea4a812766e2fd5e13bdb1",
    "src/addons/AL/ThreadFilter/_data/bb_code_media_sites.xml": "29762987990187b33e43cfb68c08dc917b2d3f0176613d78f8e6c453f82da3f3",
    "src/addons/AL/ThreadFilter/_data/class_extensions.xml": "499a4694942f78dae7c6849e3ed8db7d8868bc280e26fed23f25d5148d89794f",
    "src/addons/AL/ThreadFilter/_data/code_events.xml": "8370dec3df47f91df4cf79da253446ad11b29f4ea568fe76c774e97a0379f0eb",
    "src/addons/AL/ThreadFilter/_data/code_event_listeners.xml": "4f1e450559934a6674452caf96472715b29972786a9c8b1e16c30d5dc0b0f3bb",
    "src/addons/AL/ThreadFilter/_data/content_type_fields.xml": "1502197f9de2d92dc51d18307babc64c7d457f462cc04172297849533709f30d",
    "src/addons/AL/ThreadFilter/_data/cron.xml": "b08f1426c82b284081f70075dfbd3d9d8309ab244dded25ac4bf2e159343b1dc",
    "src/addons/AL/ThreadFilter/_data/help_pages.xml": "a8a0c0b06cdc550438bc8a8d385af3e1e5ab3459877dfb934c1c31be59c89163",
    "src/addons/AL/ThreadFilter/_data/member_stats.xml": "89fb2b93ff1eca7a1f6f752248edf6090dfd24037db1446fd18ff7143f08124d",
    "src/addons/AL/ThreadFilter/_data/navigation.xml": "f75e1c03a45a360bbdfcd0567121665082315068475d5b0feb8b1acbb1688651",
    "src/addons/AL/ThreadFilter/_data/options.xml": "79d81f1e895b68beb2a21c8c1dfe0e0645c5de15dee398bc7f5cf097ffaade35",
    "src/addons/AL/ThreadFilter/_data/option_groups.xml": "5a59c79357d7b596cb7bed28c49125978bc018e554b9303797bddc2213dd6684",
    "src/addons/AL/ThreadFilter/_data/permissions.xml": "37fddcd26342ea954cb14d6b3e5959bf03f0e3ebdb6c69a17077b3356d3aab96",
    "src/addons/AL/ThreadFilter/_data/permission_interface_groups.xml": "3177224e96458b829aa7fb24866dda9e0455a4922aee3d669b53f59a1ffdf5d1",
    "src/addons/AL/ThreadFilter/_data/phrases.xml": "81f02983243ce6b18c3e53ea829173e767937f76f341df2a7541948ccfb8d116",
    "src/addons/AL/ThreadFilter/_data/routes.xml": "71fa96241a8ed7a0523beb4641cda962a2f1d072356f8980e763785edf67468e",
    "src/addons/AL/ThreadFilter/_data/style_properties.xml": "8b8690a8512f01f219dd2da76e3d0c5f62afc1f317b87794a7331c859c36a7a8",
    "src/addons/AL/ThreadFilter/_data/style_property_groups.xml": "68e1879cb3846c42d978487aa8d5145ff3335fc39e58016878824d5cf3fd684c",
    "src/addons/AL/ThreadFilter/_data/templates.xml": "dfc245680b56dfa82854ea638691385b7e3fcd73c61602c1b6b859fd0136f1f2",
    "src/addons/AL/ThreadFilter/_data/template_modifications.xml": "567b1b77420aef9545e69d43cd8e1993c61f996841cfb01e614c41f0b0df0bf5",
    "src/addons/AL/ThreadFilter/_data/widget_definitions.xml": "2ecc1765e07782327f30f4f6d39ec60fd7a16d6862514e684a39bd8a5e79225b",
    "src/addons/AL/ThreadFilter/_data/widget_positions.xml": "a29cee66134f6bc5d75ed9df1eef21096c24401915c5b5c774389c3d7bb2d5b3"
}