{
    "src/addons/FS/ThreadScoringSystem/addon.json": "7ba8c2f8cd1336ddbeda0ca621ea64cc7324e017b107bb7f8bbcc5e415356666",
    "src/addons/FS/ThreadScoringSystem/Cron/ScoringSystem.php": "6e49cabccf3cb9a07ceeaab5c56b7359162dc055d412e2e5d0988d44547582b7",
    "src/addons/FS/ThreadScoringSystem/Entity/ScoringSystem.php": "fcec62a8c1f23188a02eaaeb341d7b1d2370bc4ef6d8b175790602b28934fe00",
    "src/addons/FS/ThreadScoringSystem/Entity/TotalScoringCustom.php": "6f171812af9b761dba0df66ea4dd089b7548f9c3c18ea22b0b17e9e9b0385ada",
    "src/addons/FS/ThreadScoringSystem/Entity/TotalScoringSystem.php": "4e0878e160cdb64501302c13cefb0a756f21b309383d62fa1e01007369eaadf9",
    "src/addons/FS/ThreadScoringSystem/Install/Data/MySql.php": "a6e202ec1c71f567ad5c812d4f451edb755f527db430f7b6bebc531b50adbe00",
    "src/addons/FS/ThreadScoringSystem/Job/ExcludeForumsThreadsDelete.php": "caf814fd065a54a5828cb5fb4af9a883f770aae42c3ed0f43b6170d4350d107a",
    "src/addons/FS/ThreadScoringSystem/Job/MonthWiseScore.php": "cc3d0178eda88dcdab4fb42735ec2a26542719cb72faa6a050fdcb603a898817",
    "src/addons/FS/ThreadScoringSystem/Job/NotableMemberTotalPoints.php": "aa71a43301e90b0b6a86f2c76a6168317f3675a32c5b72b40dddf8193df68b36",
    "src/addons/FS/ThreadScoringSystem/Job/ReplyPoints.php": "25b772411bf99d10b6d5b2c14488955a534c851e0d984d1af635ec2d153c2566",
    "src/addons/FS/ThreadScoringSystem/Job/SolutionPoints.php": "40b1663949924e287ca79de2fef91a80469fe7087be68c9e084520e86554ae4d",
    "src/addons/FS/ThreadScoringSystem/Job/ThreadDelete.php": "cfce85b5c0e852b22cf3dff0ad8310822900449c643e35de2bdbf14cc669ff09",
    "src/addons/FS/ThreadScoringSystem/Job/ThreadStarter.php": "548ab6b89a1be03a27e84405194c40623a2215419d4d2c4726ce33f8d31690ef",
    "src/addons/FS/ThreadScoringSystem/Service/ReplyPoints.php": "904d9c525cb665ab18f81ced100aaf6fcf8aaba8354c4579a57037f99c09c873",
    "src/addons/FS/ThreadScoringSystem/Setup.php": "48e0004fc88d6f695dbf511e4af705da82c633c8357091b6c26a12b91eb673ef",
    "src/addons/FS/ThreadScoringSystem/Widget/MonthWiseScore.php": "cbfb0124bc9b1cdc522dde156b5dfd96540c577942ed559141c6bc7831605532",
    "src/addons/FS/ThreadScoringSystem/XF/Entity/Post.php": "4225c3c06801029ed54796fd7a2ab5b604455fe37b5782b7bbf1963843f2ce8d",
    "src/addons/FS/ThreadScoringSystem/XF/Entity/Thread.php": "83ce7cc4aa6f5657fbd3668bd60bdc22e1600ec67987e475d277f8e2b52a463a",
    "src/addons/FS/ThreadScoringSystem/XF/Entity/ThreadQuestion.php": "d469878c5877148cec8ed4591e7f896fc8a88bffd1d69eedc6747b10d4227bbb",
    "src/addons/FS/ThreadScoringSystem/XF/Entity/User.php": "d83c31645ba464b5031e085615e62da807eef7697c7ecf7e53995397b4eb0e76",
    "src/addons/FS/ThreadScoringSystem/XF/Pub/Controller/Member.php": "d5dc0d3c1eb07affc94e26737a67c3ecdf64325ed99eb24be63771af2a234bb8",
    "src/addons/FS/ThreadScoringSystem/_data/activity_summary_definitions.xml": "99d8c2563a31320d66f958fc8bda78613545f5f7959bb3cf5318805e3a3c39d2",
    "src/addons/FS/ThreadScoringSystem/_data/admin_navigation.xml": "064ec797484ac00d5ee37367b50b06846d11f480d00550997712707f8fdac8c0",
    "src/addons/FS/ThreadScoringSystem/_data/admin_permission.xml": "ec6fb97cebf0bceb24f1ed1d5778c1db54eeb7535fbb3e31d824840e7aa9ff87",
    "src/addons/FS/ThreadScoringSystem/_data/advertising_positions.xml": "d2f7cbe844bb1df3cf878d22ff6306249245c8ff6b0b87b9b729744bec538261",
    "src/addons/FS/ThreadScoringSystem/_data/api_scopes.xml": "6793eaf758f140e8137187ba20e65f4faccf53410433ae3ad7a8b3b38cb6b3b7",
    "src/addons/FS/ThreadScoringSystem/_data/bb_codes.xml": "faa4ddd5f4a365e5ac39aebdcbe2d25aedf74e7eb9ea4a812766e2fd5e13bdb1",
    "src/addons/FS/ThreadScoringSystem/_data/bb_code_media_sites.xml": "29762987990187b33e43cfb68c08dc917b2d3f0176613d78f8e6c453f82da3f3",
    "src/addons/FS/ThreadScoringSystem/_data/class_extensions.xml": "a9ba3ebdbcd099c188715cab24e00552575643aa3d3d4d126ab543db67d26553",
    "src/addons/FS/ThreadScoringSystem/_data/code_events.xml": "8370dec3df47f91df4cf79da253446ad11b29f4ea568fe76c774e97a0379f0eb",
    "src/addons/FS/ThreadScoringSystem/_data/code_event_listeners.xml": "d6b5072f4909dee7a20ee9e44b163f95c8aa52e6ac7f573e292000cd9238c331",
    "src/addons/FS/ThreadScoringSystem/_data/content_type_fields.xml": "c7ad5472b28f465b7ac7617627707eba1b7a39d28089460d52e1ed292fc0b06a",
    "src/addons/FS/ThreadScoringSystem/_data/cron.xml": "ec76d0c51655daf6741bc641d5c0124ee676837b2d7ea3f9848bfa7dc599f404",
    "src/addons/FS/ThreadScoringSystem/_data/help_pages.xml": "a8a0c0b06cdc550438bc8a8d385af3e1e5ab3459877dfb934c1c31be59c89163",
    "src/addons/FS/ThreadScoringSystem/_data/member_stats.xml": "89fb2b93ff1eca7a1f6f752248edf6090dfd24037db1446fd18ff7143f08124d",
    "src/addons/FS/ThreadScoringSystem/_data/navigation.xml": "f75e1c03a45a360bbdfcd0567121665082315068475d5b0feb8b1acbb1688651",
    "src/addons/FS/ThreadScoringSystem/_data/options.xml": "f08bd0f5da3c4aff0ecc3b1912dcedfc37b345cd0517448f0476524ab7278c2a",
    "src/addons/FS/ThreadScoringSystem/_data/option_groups.xml": "a448ff5f07f20426ee1ac41ed9d02ea13c3de12fef7409cfe46b32d500b8660f",
    "src/addons/FS/ThreadScoringSystem/_data/permissions.xml": "6be5bdca6ecb7430beeabc5eb624b7a2d023ec808337f396da10c89c3b3e2511",
    "src/addons/FS/ThreadScoringSystem/_data/permission_interface_groups.xml": "9954496bd9aff0c04f6709c360870f6f676b6f2b1908276fbf61d3c75cc9f8fb",
    "src/addons/FS/ThreadScoringSystem/_data/phrases.xml": "f24c0f8a84f214d5d05780ba72398bbf8fe730f0a8bf29bec534854386858ead",
    "src/addons/FS/ThreadScoringSystem/_data/routes.xml": "550fa64f9feedf137dd877b38c2684f94474619d2d83890dbb717a91b50da8f5",
    "src/addons/FS/ThreadScoringSystem/_data/style_properties.xml": "8b8690a8512f01f219dd2da76e3d0c5f62afc1f317b87794a7331c859c36a7a8",
    "src/addons/FS/ThreadScoringSystem/_data/style_property_groups.xml": "68e1879cb3846c42d978487aa8d5145ff3335fc39e58016878824d5cf3fd684c",
    "src/addons/FS/ThreadScoringSystem/_data/templates.xml": "d32585c825b92c70519c64ea2c98fcd704f8cf87a2a7176a1db0a0bea0a840a5",
    "src/addons/FS/ThreadScoringSystem/_data/template_modifications.xml": "77f3d912b4b6ec0cb6535a9ec76c735bb539f8e2feeabf1371e2c322f1bb3964",
    "src/addons/FS/ThreadScoringSystem/_data/widget_definitions.xml": "86609b3f2828fd34f5146fc074654d9abf7cab7416815a5b275f924e68c83ef5",
    "src/addons/FS/ThreadScoringSystem/_data/widget_positions.xml": "a29cee66134f6bc5d75ed9df1eef21096c24401915c5b5c774389c3d7bb2d5b3"
}