<?xml version="1.0" encoding="utf-8"?>
<phrases>
  <phrase title="com_verify" version_id="1000100" version_string="1.0.1"><![CDATA[Verification]]></phrase>
  <phrase title="fs_get_verified_val" version_id="1000300" version_string="1.0.3"><![CDATA[Verified]]></phrase>
  <phrase title="get_verified" version_id="1000100" version_string="1.0.1"><![CDATA[Get Verified]]></phrase>
  <phrase title="need_to_full_field_of_verfication" version_id="1000100" version_string="1.0.1"><![CDATA[Need to fulfill the fields of verification related  companion.]]></phrase>
  <phrase title="p_four_one" version_id="1000100" version_string="1.0.1"><![CDATA[P411]]></phrase>
  <phrase title="previlige_delights" version_id="1000100" version_string="1.0.1"><![CDATA[Private Delights]]></phrase>
  <phrase title="slixa" version_id="1000100" version_string="1.0.1"><![CDATA[Slixa]]></phrase>
  <phrase title="ter" version_id="1000100" version_string="1.0.1"><![CDATA[TER]]></phrase>
  <phrase title="tryst" version_id="1000100" version_string="1.0.1"><![CDATA[Tryst]]></phrase>
  <phrase title="verification_reg" version_id="1000100" version_string="1.0.1"><![CDATA[Verification]]></phrase>
  <phrase title="verification_reg_explain" version_id="1000100" version_string="1.0.1"><![CDATA[For verification purposes, please select and include a link to your profile on another listing site. We accept profile links from P411 and TER, as well as profiles on similar sites. If you do not have a profile on another site, select “Get Verified” and we will verify your identity for a Sinsations profile.]]></phrase>
</phrases>
