<?xml version="1.0" encoding="utf-8"?>
<templates>
  <template type="public" title="fs_my_ads_view_messages" version_id="1000300" version_string="1.0.3 Alpha"><![CDATA[<xf:title page="{$page}">{{ phrase('fs_my_ad_message') }}</xf:title>

<div class="block" data-xf-init="inline-mod" data-type="conversation" data-href="{{ link('inline-mod') }}">
	<div class="block-outer">
		<xf:pagenav
					page="{$page}" perpage="{$perPage}" total="{$total}"
					link="my-ad/messages" params=""
					wrapperclass="block-outer-main" />
	</div>

	<div class="block-container">

		<div class="block-body">
			<xf:if is="$unreadThreads is not empty">
				<div class="structItemContainer">
					<xf:foreach loop="$unreadThreads" value="$value">
						<xf:macro name="viewMessages" arg-value="{$value}" />
					</xf:foreach>
				</div>
				
				<div class="block-footer">
					<span class="block-footer-counter">{{ display_totals($unreadThreads, $total) }}</span>
				</div>
				<xf:else />
				<div class="block-row">{{ phrase('fs_my_ad_there_no_messages_to_display') }}</div>
			</xf:if>
		</div>
	</div>

	<xf:pagenav page="{$page}" perpage="{$perPage}" total="{$total}"
				link="my-ad/messages" params=""
				wrapperclass="block-outer block-outer--after" />
</div>

<xf:macro name="viewMessages"
		  arg-value="!" >

	<xf:css src="structured_list.less" />

	<div class="structItem structItem--conversation is-unread js-inlineModContainer" data-author="{{ $value.thread.User.username }}">
		<div class="structItem-cell structItem-cell--icon">
			<div class="structItem-iconContainer">
				<xf:avatar user="$value.thread.User" size="s" defaultname="{$value.thread.User.username}" />
			</div>
		</div>
		<div class="structItem-cell structItem-cell--main" data-xf-init="touch-proxy">

			<a href="{{ link('threads', $value.thread) }}" class="structItem-title" data-tp-primary="on">{$value.thread.title}</a>

			<div class="structItem-minor">
				<xf:comment>
					<xf:if contentcheck="true">
						<ul class="structItem-extraInfo">
							<xf:contentcheck>
								<xf:if is="$allowInlineMod">
									<li><xf:checkbox standalone="true">
										<xf:option value="{$userConv.conversation_id}" class="js-inlineModToggle" />
										</xf:checkbox></li>
								</xf:if>
							</xf:contentcheck>
						</ul>
					</xf:if>
				</xf:comment>

				<ul class="structItem-parts">
					<li>
						<ul class="listInline listInline--comma listInline--selfInline">
							<li><xf:username user="$value.thread.User" defaultname="{$value.thread.User.username}" title="{{ phrase('conversation_starter') }}" /></li>
						</ul>
					</li>
					<li class="structItem-startDate"><a href="{{ link('threads', $value.thread) }}" rel="nofollow"><xf:date time="{$value.thread.post_date}" /></a></li>
				</ul>

			</div>
		</div>
		<div class="structItem-cell structItem-cell--meta">
			<dl class="pairs pairs--justified">
				<dt>{{ phrase('fs_my_ads_unread_replies') }}</dt>
				<dd>{$value.unReadPostsCount|number}</dd>
			</dl>
			<dl class="pairs pairs--justified structItem-minor">
				<dt>{{ phrase('participants') }}</dt>
				<dd>{$value.participants|number}</dd>
			</dl>
		</div>
		<div class="structItem-cell structItem-cell--latest">
			<a href="{{ link('threads', $value.thread) }}" rel="nofollow"><xf:date time="{$value.thread.last_post_date}" class="structItem-latestDate" /></a>
			<div class="structItem-minor"><xf:username user="{$value.thread.LastPost.User}" /></div>
		</div>
	</div>
</xf:macro>]]></template>
  <template type="public" title="fs_tbn_forum_view" version_id="1000100" version_string="1.0.1 Alpha"><![CDATA[<xf:title page="{$page}">{$forum.Node.title}</xf:title>

<style>
	.newMessages:after {
		margin-left: 5px;
	}

</style>

<xf:pageaction if="$specificForum.canCreateThread() OR $specificForum.canCreateThreadPreReg()">

	<xf:button href="{{ link('forums/post-thread', $specificForum) }}" class="button--cta" icon="write">
		{{ phrase('fs_tbn_post_ad') }}
	</xf:button>

	<xf:button href="{{ link('my-ad/messages') }}" class="button--cta badgeContainer badgeContainer--highlighted newMessages" data-badge="{$newMessages}">
		{{ phrase('fs_tbn_view_messages') }}
	</xf:button>

</xf:pageaction>

<xf:description>{$forum.Node.description|raw}</xf:description>

<xf:css src="structured_list.less" />

<xf:if is="!$forum.isSearchEngineIndexable()">
	<xf:head option="metaNoindex"><meta name="robots" content="noindex" /></xf:head>
</xf:if>

<xf:macro template="metadata_macros" name="canonical_url"
		  arg-canonicalUrl="{{ link('canonical:forums', $forum, $canonicalFilters + {'page': $page}) }}" />

<xf:head option="rss_forum"><link rel="alternate" type="application/rss+xml" title="{{ phrase('rss_feed_for_x', {'title': $forum.title})|for_attr }}" href="{{ link('forums/index.rss', $forum) }}" /></xf:head>

<xf:macro template="forum_macros" name="forum_page_options" arg-forum="{$forum}" />
<xf:breadcrumb source="$forum.getBreadcrumbs(false)" />

<xf:if is="$pendingApproval">
	<div class="blockMessage blockMessage--important">{{ phrase('content_submitted_displayed_pending_approval') }}</div>
</xf:if>

<xf:extension name="above_node_list"></xf:extension>

<xf:if is="$nodeTree">
	<xf:ad position="forum_view_above_node_list" arg-forum="{$forum}" />
	<div class="block">
		<div class="block-container">
			<div class="block-body">
				<xf:macro template="forum_list" name="node_list"
						  arg-children="{$nodeTree}"
						  arg-extras="{$nodeExtras}"
						  arg-depth="2" />
			</div>
		</div>
	</div>
	<xf:ad position="forum_view_below_node_list" arg-forum="{$forum}" />
</xf:if>

<xf:if is="$xf.visitor.is_admin || $xf.visitor.is_moderator">
	<xf:js src="xf/inline_mod.js" min="1" />
</xf:if>

<xf:extension name="above_thread_list"></xf:extension>
<xf:ad position="forum_view_above_thread_list" arg-forum="{$forum}" />

<xf:extension name="thread_list_block_classes" value="" />
<div class="block {{ extension_value('thread_list_block_classes') }}" data-xf-init="{{ ($xf.visitor.is_admin || $xf.visitor.is_moderator) ? 'inline-mod' : '' }}" data-type="thread" data-href="{{ link('inline-mod') }}">

	<div class="block-outer"><xf:trim>
		<xf:pagenav page="{$page}" perpage="{$perPage}" total="{$total}"
					link="forums" data="{$forum}" params="{$filters}"
					wrapperclass="block-outer-main" />
		<xf:if contentcheck="true">
			<div class="block-outer-opposite">
				<div class="buttonGroup">
					<xf:contentcheck>
						<xf:if is="$xf.visitor.is_admin || $xf.visitor.is_moderator">
							<xf:macro template="inline_mod_macros" name="button" />
						</xf:if>
						<xf:comment>
							<xf:if is="$xf.visitor.user_id">
								<xf:button href="{{ link('forums/mark-read', $specificForum, {'date': $xf.time}) }}"
										   class="button--link" overlay="true">
									{{ phrase('mark_read') }}
								</xf:button>
							</xf:if>
							<xf:if is="$specificForum.canWatch()">
								<xf:button href="{{ link('forums/watch', $specificForum) }}" class="button--link"
										   data-xf-click="switch-overlay"
										   data-sk-watch="{{ phrase('watch') }}"
										   data-sk-unwatch="{{ phrase('unwatch') }}">
									<xf:if is="{$specificForum.Watch.{$xf.visitor.user_id}}">{{ phrase('unwatch') }}<xf:else />{{ phrase('watch') }}</xf:if>
								</xf:button>
							</xf:if>
						</xf:comment>
					</xf:contentcheck>
				</div>
			</div>
		</xf:if>
		</xf:trim></div>

	<div class="block-container">

		<xf:extension name="thread_list_header">
			<div class="block-filterBar">
				<div class="filterBar">
					<xf:if contentcheck="true">
						<ul class="filterBar-filters">
							<xf:contentcheck>
								<xf:extension name="filters">
									<xf:macro name="filters"
											  arg-forum="{$forum}"
											  arg-filters="{$filters}"
											  arg-starterFilter="{$starterFilter}"
											  arg-threadTypeFilter="{$threadTypeFilter}" />
								</xf:extension>
							</xf:contentcheck>
						</ul>
					</xf:if>

						<a class="filterBar-menuTrigger" data-xf-click="menu" role="button" tabindex="0" aria-expanded="false" aria-haspopup="true">{{ phrase('filters') }}</a>
						<div class="menu menu--wide" data-menu="menu" aria-hidden="true"
							 data-href="{{ link('forums/filters', $forum, $filters) }}"
							 data-load-target=".js-filterMenuBody">
							<div class="menu-content">
								<h4 class="menu-header">{{ phrase('show_only:') }}</h4>
								<div class="js-filterMenuBody">
									<div class="menu-row">{{ phrase('loading...') }}</div>
								</div>
							</div>
						</div>
				</div>
			</div>
		</xf:extension>

		<xf:set var="$qtPos">{{ ($sortInfo.order == 'last_post_date' && $sortInfo.direction == 'asc') ? 'bottom' : 'top' }}</xf:set>

		<div class="block-body">
			<xf:extension name="thread_list">
				<div class="structItemContainer">
					<xf:macro name="{{ $templateOverrides.quick_thread_macro ?: 'thread_list_macros::quick_thread' }}"
							  arg-forum="{$forum}"
							  arg-page="{$page}"
							  arg-order="{$sortInfo.order}"
							  arg-direction="{$sortInfo.direction}"
							  arg-prefixes="{$quickThreadPrefixes}"
							  args="{$templateOverrides.quick_thread_macro_args}" />

					<xf:if is="$stickyThreads is not empty OR $threads is not empty">
						<xf:if is="$stickyThreads is not empty">
							<div class="structItemContainer-group structItemContainer-group--sticky">
								<xf:foreach loop="$stickyThreads" value="$thread">
									<xf:macro name="{{ $templateOverrides.thread_list_macro ?: 'thread_list_macros::item' }}"
											  arg-thread="{$thread}"
											  arg-forum="{$forum}"
											  args="{$templateOverrides.thread_list_macro_args}" />
								</xf:foreach>
							</div>

							<xf:ad position="forum_view_below_stickies" arg-forum="{$forum}" />
						</xf:if>

						<div class="structItemContainer-group js-threadList">
							<xf:if is="$threads is not empty">
								<xf:foreach loop="$threads" value="$thread">
									<xf:macro name="{{ $templateOverrides.thread_list_macro ?: 'thread_list_macros::item' }}"
											  arg-thread="{$thread}"
											  arg-forum="{$forum}"
											  args="{$templateOverrides.thread_list_macro_args}"  />
								</xf:foreach>
								<xf:if is="$showDateLimitDisabler">
									<xf:macro name="date_limit_disabler" arg-forum="{$forum}" arg-page="{$page}" arg-filters="{$filters}" />
								</xf:if>
							</xf:if>
						</div>
						<xf:elseif is="$filters" />
						<div class="structItemContainer-group js-threadList">
							<div class="structItem js-emptyThreadList">
								<div class="structItem-cell">{{ phrase('there_no_threads_matching_your_filters') }}</div>
							</div>
							<xf:if is="$showDateLimitDisabler">
								<xf:macro name="date_limit_disabler" arg-forum="{$forum}" arg-page="{$page}" arg-filters="{$filters}" />
							</xf:if>
						</div>
						<xf:else />
						<div class="structItemContainer-group js-threadList">
							<xf:if is="$showDateLimitDisabler">
								<div class="structItem js-emptyThreadList">
									<div class="structItem-cell">{{ phrase('there_no_threads_to_display') }}</div>
								</div>
								<xf:macro name="date_limit_disabler" arg-forum="{$forum}" arg-page="{$page}" arg-filters="{$filters}" />
								<xf:else />
								<div class="structItem js-emptyThreadList">
									<div class="structItem-cell">{{ phrase('there_no_threads_in_this_forum') }}</div>
								</div>
							</xf:if>
						</div>
					</xf:if>
				</div>
			</xf:extension>
		</div>
	</div>

	<div class="block-outer block-outer--after">
		<xf:pagenav
					page="{$page}" perpage="{$perPage}" total="{$total}"
					link="forums" data="{$forum}" params="{$filters}"
					wrapperclass="block-outer-main" />
		<xf:showignored wrapperclass="block-outer-opposite" />
		<xf:if is="!$forum.canCreateThread() AND !$forum.canCreateThreadPreReg()">
			<div class="block-outer-opposite">
				<xf:if is="$xf.visitor.user_id">
					<span class="button button--wrap is-disabled">
						{{ phrase('no_permission_to_post') }}
						<!-- this is not interactive so shouldn't be a button element -->
					</span>
					<xf:else />
					<xf:button href="{{ link('login') }}" class="button--link button--wrap" overlay="true">
						{{ phrase('log_in_or_register_to_post') }}
					</xf:button>
				</xf:if>
			</div>
		</xf:if>
	</div>
</div>

<xf:ad position="forum_view_below_thread_list" arg-forum="{$forum}" />
<xf:extension name="below_thread_list"></xf:extension>

<xf:widgetpos id="forum_view_sidebar" context-forum="{$forum}" position="sidebar" />

<xf:macro name="filters" arg-forum="!" arg-filters="!" arg-starterFilter="{{ null }}" arg-threadTypeFilter="{{ null }}">
	<xf:set var="$dateLimits" value="{{ {
									 '-1': phrase('any_time'),
									 '7': phrase('x_days', {'days': '7'}),
									 '14': phrase('x_days', {'days': '14'}),
									 '30': phrase('x_days', {'days': '30'}),
									 '60': phrase('x_months', {'months': '2'}),
									 '90': phrase('x_months', {'months': '3'}),
									 '182': phrase('x_months', {'months': '6'}),
									 '365': phrase('1_year')
									 } }}" />

	<xf:extension name="start"></xf:extension>

	<xf:extension name="prefix_id">
		<xf:if is="$filters.prefix_id">
			<li><a href="{{ link('forums', $forum, $filters|replace('prefix_id', null)) }}"
				   class="filterBar-filterToggle" data-xf-init="tooltip" title="{{ phrase('remove_this_filter')|for_attr }}">
				<span class="filterBar-filterToggle-label">{{ phrase('prefix:') }}</span>
				{{ prefix_title('thread', $filters.prefix_id) }}</a></li>
		</xf:if>
	</xf:extension>

	<xf:extension name="starter_id">
		<xf:if is="$filters.starter_id AND $starterFilter">
			<li><a href="{{ link('forums', $forum, $filters|replace('starter_id', null)) }}"
				   class="filterBar-filterToggle" data-xf-init="tooltip" title="{{ phrase('remove_this_filter')|for_attr }}">
				<span class="filterBar-filterToggle-label">{{ phrase('started_by:') }}</span>
				{$starterFilter.username}</a></li>
		</xf:if>
	</xf:extension>

	<xf:extension name="thread_type">
		<xf:if is="$filters.thread_type && $threadTypeFilter">
			<li><a href="{{ link('forums', $forum, $filters|replace('thread_type', null)) }}"
				   class="filterBar-filterToggle" data-xf-init="tooltip" title="{{ phrase('remove_this_filter')|for_attr }}">
				<span class="filterBar-filterToggle-label">{{ phrase('thread_type_filter:') }}</span>
				{{ $threadTypeFilter.getTypeTitle() }}</a></li>
		</xf:if>
	</xf:extension>

	<xf:extension name="last_days">
		<xf:if is="$filters.last_days AND {$dateLimits.{$filters.last_days}}">
			<li><a href="{{ link('forums', $forum, $filters|replace('last_days', null)) }}"
				   class="filterBar-filterToggle" data-xf-init="tooltip" title="{{ phrase('remove_this_filter')|for_attr }}">
				<span class="filterBar-filterToggle-label">{{ phrase('last_updated:') }}</span>
				{$dateLimits.{$filters.last_days}}</a></li>
		</xf:if>
	</xf:extension>

	<xf:extension name="order">
		<xf:if is="$filters.order">
			<li><a href="{{ link('forums', $forum, $filters|replace({'order': null, 'direction': null})) }}"
				   class="filterBar-filterToggle" data-xf-init="tooltip" title="{{ phrase('return_to_default_order')|for_attr }}">
				<span class="filterBar-filterToggle-label">{{ phrase('sort_by:') }}</span>
				{{ phrase_dynamic('forum_sort.' . $filters.order) }}
				<xf:fa icon="{{ $filters.direction == 'asc' ? 'fa-angle-up' : 'fa-angle-down' }}" />
				<span class="u-srOnly"><xf:if is="$filters.direction == 'asc'">{{ phrase('ascending') }}<xf:else />{{ phrase('descending') }}</xf:if></span>
				</a></li>
		</xf:if>
	</xf:extension>

	<xf:extension name="end"></xf:extension>
</xf:macro>

<xf:macro name="date_limit_disabler" arg-forum="!" arg-page="!" arg-filters="!">
	<div class="structItem structItem--note">
		<div class="structItem-cell">
			<a href="{{ link('forums', $forum, {'page': $page, 'no_date_limit': 1} + $filters) }}">
				{{ phrase('show_older_items') }}
			</a>
		</div>
	</div>
</xf:macro>]]></template>
  <template type="public" title="fs_tbn_forum_view_type_article" version_id="1000010" version_string="1.0.0 Alpha"><![CDATA[<xf:extends template="fs_tbn_forum_view" />



<xf:extension name="thread_list_block_classes" value="block--articles
	{{ ($forum.type_config.display_style != 'full' AND $forum.canViewThreadContent()) ? 'block--messages' : '' }}
	{{ ($forum.type_config.display_style == 'preview' AND $forum.canViewThreadContent()) ? 'block--previews' : '' }}
	{{ ($forum.type_config.display_style == 'expanded' AND $forum.canViewThreadContent()) ? 'block--expanded' : '' }}" />

<xf:extension name="thread_list">

	<xf:if is="$forum.type_config.display_style != 'full' AND $forum.canViewThreadContent()">
		<xf:css src="message.less" />

		<xf:if is="$stickyThreads is not empty OR $threads is not empty">
			<xf:if is="$stickyThreads is not empty">
				<xf:foreach loop="$stickyThreads" value="$thread">
					<xf:macro name="article_helper"
						arg-thread="{$thread}"
						arg-post="{$thread.FirstPost}"
						arg-forum="{$forum}"
						args="{$templateOverrides.thread_list_macro_args}"  />
				</xf:foreach>
			</xf:if>

			<xf:if is="$threads is not empty">
				<xf:foreach loop="$threads" value="$thread">
					<xf:macro name="article_helper"
						arg-thread="{$thread}"
						arg-post="{$thread.FirstPost}"
						arg-forum="{$forum}"
						args="{$templateOverrides.thread_list_macro_args}"  />
				</xf:foreach>

				<xf:if is="$showDateLimitDisabler">
					<div class="structItem structItem--note">
						<div class="structItem-cell">
							<a href="{{ link('forums', $forum, {'page': $page, 'no_date_limit': 1} + $filters) }}">
								{{ phrase('show_older_items') }}
							</a>
						</div>
					</div>
				</xf:if>
			</xf:if>
		<xf:elseif is="$filters" />
			<div class="message js-emptyThreadList">
				<div class="message-inner">
					<div class="message-cell message-cell--main">
						{{ phrase('there_no_threads_matching_your_filters') }}
					</div>
				</div>
			</div>
		<xf:elseif is="$showDateLimitDisabler" />
			<div class="message js-emptyThreadList">
				<div class="message-inner">
					<div class="message-cell message-cell--main">
						{{ phrase('there_no_threads_to_display') }}

						<div style="margin-top: 1em">
							<a href="{{ link('forums', $forum, {'page': $page, 'no_date_limit': 1} + $filters) }}">
								{{ phrase('show_older_items') }}
							</a>
						</div>
					</div>
				</div>
			</div>
		<xf:else />
			<div class="message js-emptyThreadList">
				<div class="message-inner">
					<div class="message-cell message-cell--main">
						{{ phrase('there_no_threads_in_this_forum') }}
					</div>
				</div>
			</div>
		</xf:if>
	<xf:else />
		<xf:extensionparent />
	</xf:if>
</xf:extension>

<xf:macro name="article_helper"
	arg-thread="!"
	arg-post="!"
	arg-forum="!"
	arg-allowInlineMod="{{ true }}">

	<xf:if is="$forum.type_config.display_style == 'expanded'">
		<xf:macro name="post_article_macros::article"
			arg-thread="{$thread}"
			arg-post="{$thread.FirstPost}"
			arg-forum="{$forum}"
			arg-isListItem="{{ true }}"
			args="{$templateOverrides.thread_list_macro_args}"  />
	<xf:else />
		<xf:macro name="post_article_macros::article_preview"
			arg-thread="{$thread}"
			arg-post="{$thread.FirstPost}"
			arg-forum="{$forum}"
			args="{$templateOverrides.thread_list_macro_args}"  />
	</xf:if>
</xf:macro>]]></template>
</templates>
