<?xml version="1.0" encoding="utf-8"?>
<options>
  <option option_id="d_monetizeAmazonCategory" edit_format="textbox" data_type="string">
    <default_value></default_value>
    <relation group_id="d_monetize" display_order="4"/>
  </option>
  <option option_id="d_monetizeAmazonTagString" edit_format="textbox" data_type="string">
    <default_value></default_value>
    <relation group_id="d_monetize" display_order="1"/>
  </option>
  <option option_id="d_monetizeAmazonTagStringCA" edit_format="textbox" data_type="string">
    <default_value></default_value>
    <relation group_id="d_monetize" display_order="2"/>
  </option>
  <option option_id="d_monetizeDefaultSearch" edit_format="textbox" data_type="string">
    <default_value></default_value>
    <relation group_id="d_monetize" display_order="5"/>
  </option>
  <option option_id="d_monetizeExcludeForums" edit_format="callback" data_type="array">
    <default_value>[]</default_value>
    <edit_format_params>\XF\Option\Forum::renderSelectMultiple</edit_format_params>
    <sub_options>*</sub_options>
    <relation group_id="d_monetize" display_order="3"/>
  </option>
  <option option_id="d_monetizeFatalWordsString" edit_format="textbox" data_type="string">
    <default_value></default_value>
    <relation group_id="d_monetize" display_order="7"/>
  </option>
  <option option_id="d_monetizeWordsString" edit_format="textbox" data_type="string">
    <default_value></default_value>
    <relation group_id="d_monetize" display_order="6"/>
  </option>
</options>
