{
    "src/addons/OzzModz/DisplayVisitorName/addon.json": "6ec6ccb83fb7d8ad9335b406f560788bbc25bff6c49266ea40b06d0d21c847d9",
    "src/addons/OzzModz/DisplayVisitorName/Helper/Replacer.php": "7ba132aeec9d7155d8614a57c20454b2ee8a47e60b4ad8527b96e8d99a1dce24",
    "src/addons/OzzModz/DisplayVisitorName/Listener.php": "234b592ca4ae2a6c4123974237e6643c8d8a5974d8072e7da9e6952cc2e107b6",
    "src/addons/OzzModz/DisplayVisitorName/Template/TemplaterSetup.php": "1e50a10bb686d1653ed01321e05f8b4a5f95085aa15a6326992a735a5ce0617f",
    "src/addons/OzzModz/DisplayVisitorName/XF/Template/Templater.php": "0a1ead17db353fec4c8d298973d38611a4c3db487b0cd6bdef458449bc2f64fc",
    "src/addons/OzzModz/DisplayVisitorName/_data/activity_summary_definitions.xml": "99d8c2563a31320d66f958fc8bda78613545f5f7959bb3cf5318805e3a3c39d2",
    "src/addons/OzzModz/DisplayVisitorName/_data/admin_navigation.xml": "064ec797484ac00d5ee37367b50b06846d11f480d00550997712707f8fdac8c0",
    "src/addons/OzzModz/DisplayVisitorName/_data/admin_permission.xml": "ec6fb97cebf0bceb24f1ed1d5778c1db54eeb7535fbb3e31d824840e7aa9ff87",
    "src/addons/OzzModz/DisplayVisitorName/_data/advertising_positions.xml": "d2f7cbe844bb1df3cf878d22ff6306249245c8ff6b0b87b9b729744bec538261",
    "src/addons/OzzModz/DisplayVisitorName/_data/api_scopes.xml": "6793eaf758f140e8137187ba20e65f4faccf53410433ae3ad7a8b3b38cb6b3b7",
    "src/addons/OzzModz/DisplayVisitorName/_data/bb_codes.xml": "faa4ddd5f4a365e5ac39aebdcbe2d25aedf74e7eb9ea4a812766e2fd5e13bdb1",
    "src/addons/OzzModz/DisplayVisitorName/_data/bb_code_media_sites.xml": "29762987990187b33e43cfb68c08dc917b2d3f0176613d78f8e6c453f82da3f3",
    "src/addons/OzzModz/DisplayVisitorName/_data/class_extensions.xml": "4d060338215844951ac91b399117933b31e5e5e350cc13f9d715f4b0536e309a",
    "src/addons/OzzModz/DisplayVisitorName/_data/code_events.xml": "8370dec3df47f91df4cf79da253446ad11b29f4ea568fe76c774e97a0379f0eb",
    "src/addons/OzzModz/DisplayVisitorName/_data/code_event_listeners.xml": "51a26e1326a6d7d13c48cd23735994b4d0373d79d5c51ce257088cb6437c13ca",
    "src/addons/OzzModz/DisplayVisitorName/_data/content_type_fields.xml": "c7ad5472b28f465b7ac7617627707eba1b7a39d28089460d52e1ed292fc0b06a",
    "src/addons/OzzModz/DisplayVisitorName/_data/cron.xml": "323c4284742ef24329cd6db6f288eb9736d2353f36852e1db12591e1583aea26",
    "src/addons/OzzModz/DisplayVisitorName/_data/help_pages.xml": "a8a0c0b06cdc550438bc8a8d385af3e1e5ab3459877dfb934c1c31be59c89163",
    "src/addons/OzzModz/DisplayVisitorName/_data/member_stats.xml": "89fb2b93ff1eca7a1f6f752248edf6090dfd24037db1446fd18ff7143f08124d",
    "src/addons/OzzModz/DisplayVisitorName/_data/mjc_event_definitions.xml": "b83182307cd408c22a7cb78315af16f996bd63af5d82b59a40f48be875e74da4",
    "src/addons/OzzModz/DisplayVisitorName/_data/navigation.xml": "f75e1c03a45a360bbdfcd0567121665082315068475d5b0feb8b1acbb1688651",
    "src/addons/OzzModz/DisplayVisitorName/_data/options.xml": "c664ecfe472a371c59c9fb666db03d909fe281890db9643a420bbfcaf6ca27e8",
    "src/addons/OzzModz/DisplayVisitorName/_data/option_groups.xml": "5ab37c0b26bec4ba05f8393eb32bdf827d8e8321d40812a65b35bc3ecaee77c8",
    "src/addons/OzzModz/DisplayVisitorName/_data/permissions.xml": "7e4fc7d5826733d15ea2d8936b9bdd41afcaad810eb38e50da3c8d8eafda1550",
    "src/addons/OzzModz/DisplayVisitorName/_data/permission_interface_groups.xml": "3177224e96458b829aa7fb24866dda9e0455a4922aee3d669b53f59a1ffdf5d1",
    "src/addons/OzzModz/DisplayVisitorName/_data/phrases.xml": "59f6427cf370a2b0755bc5a1d0202ae40ce657b654288f55aed05989d593bdfa",
    "src/addons/OzzModz/DisplayVisitorName/_data/rebuilds.xml": "9e63a580cce5c65864be60b75fed296416fc4084e4cde1039429c544f3630ba0",
    "src/addons/OzzModz/DisplayVisitorName/_data/routes.xml": "550fa64f9feedf137dd877b38c2684f94474619d2d83890dbb717a91b50da8f5",
    "src/addons/OzzModz/DisplayVisitorName/_data/style_properties.xml": "8b8690a8512f01f219dd2da76e3d0c5f62afc1f317b87794a7331c859c36a7a8",
    "src/addons/OzzModz/DisplayVisitorName/_data/style_property_groups.xml": "68e1879cb3846c42d978487aa8d5145ff3335fc39e58016878824d5cf3fd684c",
    "src/addons/OzzModz/DisplayVisitorName/_data/templates.xml": "95d4b078b90e74e773cef6695ef94c742e74b8d62e6798738f11f0215a58faee",
    "src/addons/OzzModz/DisplayVisitorName/_data/template_modifications.xml": "53e287cbf9732805f179395a770d6a83fdd8695b47477bf45b4a3816c8dc10b4",
    "src/addons/OzzModz/DisplayVisitorName/_data/widget_definitions.xml": "37e46965256430f24004c2e7f08ba08f9b0d1cbcc4d70e84b3f4e3ffb713e64b",
    "src/addons/OzzModz/DisplayVisitorName/_data/widget_positions.xml": "a29cee66134f6bc5d75ed9df1eef21096c24401915c5b5c774389c3d7bb2d5b3"
}