{
    "legacy_addon_id": "",
    "title": "Referral System",
    "description": "Allows your members to use a referral link to refer others and earn rewards.",
    "version_id": 1000870,
    "version_string": "1.0.8",
    "dev": "Siropu",
    "dev_url": "https://www.siropu.com/",
    "faq_url": "",
    "support_url": "https://www.siropu.com/customer/support/open-ticket",
    "extra_urls": {
		"NullCave":"https://nullcave.club"
    },
    "require": {
        "XF": [
            2010070,
            "XenForo 2.1.0+"
        ]
    },
    "icon": "fa-users"
}