{
    "src/addons/Siropu/ReferralSystem/Admin/Controller/AbstractController.php": "f4bdec0f6921e002fdce03ac4df6696303db6ca06f0efa95eedb2f1aa6ef9125",
    "src/addons/Siropu/ReferralSystem/Admin/Controller/Referral.php": "120157350a9167537a68f13fca5519ed0a24d3ef44acd132bb72c2ba72d4e5a7",
    "src/addons/Siropu/ReferralSystem/Admin/Controller/Referrer.php": "10b571641fc1c59561dff72380ae01ffab016b579678c9741d737dc23334a8cd",
    "src/addons/Siropu/ReferralSystem/Admin/Controller/ReferrerLog.php": "dc06a32dd1475638efcadd2044ce4f0e5682059c55f51538a89662b55349830d",
    "src/addons/Siropu/ReferralSystem/Admin/Controller/RewardType.php": "b4682a5c013b8f0953670f2be43e72ade7610d6b04e1e15c5b65fa96c5ce9d1a",
    "src/addons/Siropu/ReferralSystem/Admin/Controller/Tool.php": "4ccca9b80bed0d8af0b482222798120d9aea916a1de05bae3d87fd3b9baab54c",
    "src/addons/Siropu/ReferralSystem/Cron/CleanUp.php": "5ac797cf0ec125a6a58c50f34ecdcac5269b66f43681efb5781792d1b1d00bc9",
    "src/addons/Siropu/ReferralSystem/Entity/ReferrerLog.php": "db984498e786a618a960244044b6a697c1bd107bc2e8b71a6c98d8678a32fb5e",
    "src/addons/Siropu/ReferralSystem/Entity/RewardType.php": "527de67aeb137c17b65f4745b6e1b6a3d3236c472a2bf7a4c67e674004f49161",
    "src/addons/Siropu/ReferralSystem/Entity/Tool.php": "48594ca4c46a0f351f2f530f1efb9f1d304d05d96e53c2d301e5acce3a1e467e",
    "src/addons/Siropu/ReferralSystem/Job/Referral.php": "939be3fd19caa188f3aeb87b5ce96baf0a01e3f505992cd876252f344ad46687",
    "src/addons/Siropu/ReferralSystem/Listener.php": "aa66d7a292cee641b58bf4beff2de57a83bcbb17a9fa3b13422d39ad881e70e4",
    "src/addons/Siropu/ReferralSystem/Option/RewardTypes.php": "37ca9d930d41519551ec02c363b338cd12cdd748ae3000263a720fd55e2d7223",
    "src/addons/Siropu/ReferralSystem/Repository/Referrer.php": "d9f0c1b5a865add719b2a61c5d3f4f398b423823612e4e3793ed7908c1ba5065",
    "src/addons/Siropu/ReferralSystem/Repository/ReferrerLog.php": "80ec56d3d1bf8ff33a9176dc3cdb085e7022323b080b1d6a696d52a5b0b5d777",
    "src/addons/Siropu/ReferralSystem/Repository/RewardType.php": "750e142c2e1b2c70286535d37037cac5cd1c3333e0fd905615a285f65b51c5aa",
    "src/addons/Siropu/ReferralSystem/Repository/Tool.php": "a6fdcc94fa8a119a8bfc8fb4d2b2112de863383223af96baf73fec6a63163221",
    "src/addons/Siropu/ReferralSystem/Setup.php": "ee8cf6acf90c77203506e3e7552f53fa2ecae92e830d416a355fe7318b7805a1",
    "src/addons/Siropu/ReferralSystem/Spam/Cleaner/User.php": "c9ba280ebe2da25855b261d33ff99335e81e4b193127c4e636606d83b04a6415",
    "src/addons/Siropu/ReferralSystem/Vendor/Hashids/HashGenerator.php": "a6ab3bf971b838faaa8e27deb8b5ff6385400651e67d4141f2ab3cf03d7a6e2d",
    "src/addons/Siropu/ReferralSystem/Vendor/Hashids/Hashids.php": "5e99ada8a1fc3be822f11ec34b265078a14a8b96014e5c8e306f6004e8dbea89",
    "src/addons/Siropu/ReferralSystem/Widget/ReferralLink.php": "6e2b9e24e64f9d61ad25368195aecc8f171bdb8c4f57ae424ada2f10b1b58199",
    "src/addons/Siropu/ReferralSystem/Widget/TopReferrers.php": "5c3df019ef7c907c7fa02cd2af44a2109028aaa125ecfa8fc5958dee715b1c7d",
    "src/addons/Siropu/ReferralSystem/XF/Entity/Post.php": "76f38ddab4862be3096caab39097825e1e7fe0cf2cb6e7961d479d364b392294",
    "src/addons/Siropu/ReferralSystem/XF/Entity/User.php": "a90dc58b997967edf09d2c348a756c54609614e094b1a0da0b556586b161cd92",
    "src/addons/Siropu/ReferralSystem/XF/Pub/Controller/Account.php": "1c06375eb1972fc7da93b1d02c03e5505abf6fdfe1a4d372729680a8eb2a01f9",
    "src/addons/Siropu/ReferralSystem/XF/Pub/Controller/Member.php": "989df9c4731b8f67cb4f97866c82f978335fff0bd4c5f89a3e827ec7568cfdbe",
    "src/addons/Siropu/ReferralSystem/XF/Pub/Controller/SpamCleaner.php": "da487d6137f8465c28923dcc7782a2a0d0550810c406eeefbc622fd2bf60e21b",
    "src/addons/Siropu/ReferralSystem/_data/activity_summary_definitions.xml": "99d8c2563a31320d66f958fc8bda78613545f5f7959bb3cf5318805e3a3c39d2",
    "src/addons/Siropu/ReferralSystem/_data/admin_navigation.xml": "40d0a66b137cd255253daf884a2c8cdb21d48ebcaa023f528c4268984a67e3f1",
    "src/addons/Siropu/ReferralSystem/_data/admin_permission.xml": "804df1c74a236b5b28c90134a5d6454c9561d22c961cd3cf43d88d9f5b70afd9",
    "src/addons/Siropu/ReferralSystem/_data/advertising_positions.xml": "d2f7cbe844bb1df3cf878d22ff6306249245c8ff6b0b87b9b729744bec538261",
    "src/addons/Siropu/ReferralSystem/_data/api_scopes.xml": "6793eaf758f140e8137187ba20e65f4faccf53410433ae3ad7a8b3b38cb6b3b7",
    "src/addons/Siropu/ReferralSystem/_data/bb_codes.xml": "faa4ddd5f4a365e5ac39aebdcbe2d25aedf74e7eb9ea4a812766e2fd5e13bdb1",
    "src/addons/Siropu/ReferralSystem/_data/bb_code_media_sites.xml": "29762987990187b33e43cfb68c08dc917b2d3f0176613d78f8e6c453f82da3f3",
    "src/addons/Siropu/ReferralSystem/_data/class_extensions.xml": "fb8601282e943ab8239104151b7a97f157f952884ae7582720cbcab006ae08d4",
    "src/addons/Siropu/ReferralSystem/_data/code_events.xml": "8370dec3df47f91df4cf79da253446ad11b29f4ea568fe76c774e97a0379f0eb",
    "src/addons/Siropu/ReferralSystem/_data/code_event_listeners.xml": "ee7cc1a3f597c310d718e39a596580968d970ccffbf80d2753d64f7a9b07787e",
    "src/addons/Siropu/ReferralSystem/_data/content_type_fields.xml": "8a47f098ff65fcd0039fa2c06b0897542dcc98a3bd1ccc0184c484db680abe08",
    "src/addons/Siropu/ReferralSystem/_data/cron.xml": "ca9853a8ff07e4b465ec34781a0920733961e6965b5de95f758198deb93cc82c",
    "src/addons/Siropu/ReferralSystem/_data/help_pages.xml": "a8a0c0b06cdc550438bc8a8d385af3e1e5ab3459877dfb934c1c31be59c89163",
    "src/addons/Siropu/ReferralSystem/_data/member_stats.xml": "6fcab83d2c777f2a595ce3972e8482cf0bea3cd27832b9f0ed974cf70c152c59",
    "src/addons/Siropu/ReferralSystem/_data/navigation.xml": "f75e1c03a45a360bbdfcd0567121665082315068475d5b0feb8b1acbb1688651",
    "src/addons/Siropu/ReferralSystem/_data/options.xml": "5ac1e0740a264ff5d2f5d6e00242e96dce6109d9b9de4e9a7634067649437375",
    "src/addons/Siropu/ReferralSystem/_data/option_groups.xml": "eb84194ff9f3f74799220b039e7b55a7c052fb449b615868a9e558426c62692b",
    "src/addons/Siropu/ReferralSystem/_data/permissions.xml": "ca7ce2a48f1fed6200f592a1e4c8d4a189d5d5d967ee017ff8338572c1665145",
    "src/addons/Siropu/ReferralSystem/_data/permission_interface_groups.xml": "f5d478e23a5be6cb18eef4a77c756f4fbeb6f6f281288a0cd2d01642430a232d",
    "src/addons/Siropu/ReferralSystem/_data/phrases.xml": "dedc0d2b2057b65702129bcdf27b8f279e297bccd93b21595eeac84ff6ff33b1",
    "src/addons/Siropu/ReferralSystem/_data/routes.xml": "a770719dbcd29dcea68f5e92615420822b0ead690b0a9e8aeed2a3693837d54b",
    "src/addons/Siropu/ReferralSystem/_data/style_properties.xml": "8b8690a8512f01f219dd2da76e3d0c5f62afc1f317b87794a7331c859c36a7a8",
    "src/addons/Siropu/ReferralSystem/_data/style_property_groups.xml": "68e1879cb3846c42d978487aa8d5145ff3335fc39e58016878824d5cf3fd684c",
    "src/addons/Siropu/ReferralSystem/_data/templates.xml": "8ba23de9289ccf40022fd0f5091564b0646b150eb19553d80410794767068854",
    "src/addons/Siropu/ReferralSystem/_data/template_modifications.xml": "8ddc6409bd7c6d79ddb72c90ea8aef972ed4d8202d1a879411669a109ee43b7a",
    "src/addons/Siropu/ReferralSystem/_data/widget_definitions.xml": "d29ca2abb9d5a4f7d39c4a4bcbfdfd205acae504efae885998c3af52c1535b80",
    "src/addons/Siropu/ReferralSystem/_data/widget_positions.xml": "a29cee66134f6bc5d75ed9df1eef21096c24401915c5b5c774389c3d7bb2d5b3"
}