{
    "js/RMChagneView/editor.js": "55df37ecb281776fa0256c983fd932e7572b81582d2a77b1cf8c298a268bc610",
    "js/RMChagneView/editor.min.js": "91ccd8c4fce0e8e653bfe7a61441e7dd15f62ffb0313a4acdab06cc47ea8ba5d",
    "js/RMChagneView/film_strip.js": "e2a604f65128398c631be061469a621edf531b41bb5db8a7430bbd7aa6de3181",
    "js/RMChagneView/film_strip.min.js": "be45debdc3a2aff4059e7f5759047fcbd5684657cf6890d8d56cdc62d6709a28",
    "js/RMChagneView/image_editor-compiled.js": "afff85508fcc8b433d07e3363286577287dc62786964836d9456fa89fe277fa5",
    "js/RMChagneView/image_editor.js": "a43e3605f84d920d99ff54df47cdb8e876f0aca74cadd9233c1260a19ebaf7d9",
    "js/RMChagneView/image_editor.min.js": "0d9cda32c6e14727f5db9f4a7cd6165921f79a41a4b34c0153906ce748c54c6f",
    "js/RMChagneView/image_noter-compiled.js": "96c050419f0dfb932882b1ec796888772a3ec5e9a0c500babd47a6ea3ffb37b6",
    "js/RMChagneView/image_noter.js": "99787960b886d85dbbc24fe12f5443b17aed65a2aba77b18edc719c4abe4709b",
    "js/RMChagneView/image_noter.min.js": "131d81a70f88bf944a8c8bfb1e90c20a6d4793bb3d053da9f1beb82173a2e23f",
    "js/RMChagneView/media_add.js": "aa38919b7e419bc07c7c10b9dbbd2719fd3c61e4b9fd11bac577fc9d40497e7d",
    "js/RMChagneView/media_add.min.js": "ffc68e08602553ee2c89baf61f290aaf3a15dcaf788f314c425f650befc646a3",
    "js/RMChagneView/slider.js": "e469886884ee8108ab2487798aa9d783e93fdd7733b5f9ef09b5202a8164f7b0",
    "js/RMChagneView/slider.min.js": "5a04e57353c8649dc6a682182cbf45224aa10444e9017639257cd4adfb254ea1",
    "js/RMChagneView/vendor/cropper/cropper.js": "cff32eca4bda1350850e64f322fb66f9c446cc74598e23c810da2c58537987e0",
    "js/RMChagneView/vendor/cropper/cropper.min.js": "b5fcf332f9fc834362c12b87f857414a328f7a6a823d36f83b9df97e3555e26f",
    "js/RMChagneView/vendor/cropper/LICENSE": "7ab0e8da12be6414831b278e0815808dd250188cd0c97b5e34eade0854213cc2",
    "src/addons/FS/RMChagneView/addon.json": "233b8e0a6d5b8197549606cc89d8b97a3cde1cde3b6eae933b6a7d005ea46d39",
    "src/addons/FS/RMChagneView/Setup.php": "afc54f55454abe33ac063969761a449fcb2e100110e77f08430f21cdf785178c",
    "src/addons/FS/RMChagneView/XFRM/Admin/Controller/Category.php": "3a6a0d0df5fd05d9901e87404ac0be29bc403d10578f91aad243a4e4a28a64f7",
    "src/addons/FS/RMChagneView/XFRM/Entity/Category.php": "fe2ac13e38b3eea586331c8fcdf6218a1add3fe320636426918a853f5fc82b42",
    "src/addons/FS/RMChagneView/XFRM/Repository/Category.php": "6cedf2e8ad42cd122605968bf235332e5ab49a835daa966ca1674de715264ae3",
    "src/addons/FS/RMChagneView/_data/activity_summary_definitions.xml": "99d8c2563a31320d66f958fc8bda78613545f5f7959bb3cf5318805e3a3c39d2",
    "src/addons/FS/RMChagneView/_data/admin_navigation.xml": "064ec797484ac00d5ee37367b50b06846d11f480d00550997712707f8fdac8c0",
    "src/addons/FS/RMChagneView/_data/admin_permission.xml": "ec6fb97cebf0bceb24f1ed1d5778c1db54eeb7535fbb3e31d824840e7aa9ff87",
    "src/addons/FS/RMChagneView/_data/advertising_positions.xml": "d2f7cbe844bb1df3cf878d22ff6306249245c8ff6b0b87b9b729744bec538261",
    "src/addons/FS/RMChagneView/_data/api_scopes.xml": "6793eaf758f140e8137187ba20e65f4faccf53410433ae3ad7a8b3b38cb6b3b7",
    "src/addons/FS/RMChagneView/_data/bb_codes.xml": "faa4ddd5f4a365e5ac39aebdcbe2d25aedf74e7eb9ea4a812766e2fd5e13bdb1",
    "src/addons/FS/RMChagneView/_data/bb_code_media_sites.xml": "29762987990187b33e43cfb68c08dc917b2d3f0176613d78f8e6c453f82da3f3",
    "src/addons/FS/RMChagneView/_data/class_extensions.xml": "186ae3d051edbddcf7860895d2ce12cfc88614aff786a6f2a288c66a24520667",
    "src/addons/FS/RMChagneView/_data/code_events.xml": "8370dec3df47f91df4cf79da253446ad11b29f4ea568fe76c774e97a0379f0eb",
    "src/addons/FS/RMChagneView/_data/code_event_listeners.xml": "d6b5072f4909dee7a20ee9e44b163f95c8aa52e6ac7f573e292000cd9238c331",
    "src/addons/FS/RMChagneView/_data/content_type_fields.xml": "c7ad5472b28f465b7ac7617627707eba1b7a39d28089460d52e1ed292fc0b06a",
    "src/addons/FS/RMChagneView/_data/cron.xml": "323c4284742ef24329cd6db6f288eb9736d2353f36852e1db12591e1583aea26",
    "src/addons/FS/RMChagneView/_data/help_pages.xml": "a8a0c0b06cdc550438bc8a8d385af3e1e5ab3459877dfb934c1c31be59c89163",
    "src/addons/FS/RMChagneView/_data/member_stats.xml": "89fb2b93ff1eca7a1f6f752248edf6090dfd24037db1446fd18ff7143f08124d",
    "src/addons/FS/RMChagneView/_data/navigation.xml": "f75e1c03a45a360bbdfcd0567121665082315068475d5b0feb8b1acbb1688651",
    "src/addons/FS/RMChagneView/_data/options.xml": "d9769100a440ffe11ad26ebabcfd21fdbda898c62352e4f0c54da7775d8928f3",
    "src/addons/FS/RMChagneView/_data/option_groups.xml": "d2a0becdd060fdd222565c67923af7c73021923a5525066dfeb236fed1ffd57a",
    "src/addons/FS/RMChagneView/_data/permissions.xml": "7e4fc7d5826733d15ea2d8936b9bdd41afcaad810eb38e50da3c8d8eafda1550",
    "src/addons/FS/RMChagneView/_data/permission_interface_groups.xml": "3177224e96458b829aa7fb24866dda9e0455a4922aee3d669b53f59a1ffdf5d1",
    "src/addons/FS/RMChagneView/_data/phrases.xml": "fa52a9b7df66ecf441f0195514f7e4665233fc74ff661e8ebf4a26c1561abf68",
    "src/addons/FS/RMChagneView/_data/routes.xml": "550fa64f9feedf137dd877b38c2684f94474619d2d83890dbb717a91b50da8f5",
    "src/addons/FS/RMChagneView/_data/style_properties.xml": "8b8690a8512f01f219dd2da76e3d0c5f62afc1f317b87794a7331c859c36a7a8",
    "src/addons/FS/RMChagneView/_data/style_property_groups.xml": "68e1879cb3846c42d978487aa8d5145ff3335fc39e58016878824d5cf3fd684c",
    "src/addons/FS/RMChagneView/_data/templates.xml": "e37266e4793fb241e7cf7008cd0ba6e5117290d855024a0eab652b6c5ae67192",
    "src/addons/FS/RMChagneView/_data/template_modifications.xml": "d99ccb0b0caf329fe674b6a91c013f5f09b9c432079c8a094650115b7f706b22",
    "src/addons/FS/RMChagneView/_data/widget_definitions.xml": "37e46965256430f24004c2e7f08ba08f9b0d1cbcc4d70e84b3f4e3ffb713e64b",
    "src/addons/FS/RMChagneView/_data/widget_positions.xml": "a29cee66134f6bc5d75ed9df1eef21096c24401915c5b5c774389c3d7bb2d5b3"
}