{
    "src/addons/ThemeHouse/ThreadCredits/addon.json": "2f17b7ce24ed63f9659eb02bfb6fa755800ca12cc6caf4afb4ca4bb20b3956a2",
    "src/addons/ThemeHouse/ThreadCredits/Admin/Controller/CreditPackage.php": "e1042cd402b201ee364b22d99e9ef5c87a2277242de73b65ff91e3d6999cdf68",
    "src/addons/ThemeHouse/ThreadCredits/Cron/ExpireCredits.php": "d7500e3ca0193dfb5e01385d09d69b723d930a676bfbfdce62e64dbb27325fd4",
    "src/addons/ThemeHouse/ThreadCredits/Entity/CreditPackage.php": "8f5c4594f2fee4b7e1e8e16dd829fc0dadfc808168997f22dab71a20f04b0de0",
    "src/addons/ThemeHouse/ThreadCredits/Entity/ThreadPayment.php": "9dd7e5bca87450bb6f7be066dec90937ff93ef64e96283e8e8bbf201f03b9278",
    "src/addons/ThemeHouse/ThreadCredits/Entity/UserCreditPackage.php": "9e844d92974604bdec5e4e40ed65d34ff8812679fdb929b54df6893264a72b37",
    "src/addons/ThemeHouse/ThreadCredits/Finder/CreditPackage.php": "048140f1592ee731cad9465170317946b7ce53393cd7159a37e0858ed9e309a3",
    "src/addons/ThemeHouse/ThreadCredits/Finder/UserCreditPackage.php": "3987ad36451d5b617a86667ae352f55ae7e274fb294ec9b51111273a28a23e55",
    "src/addons/ThemeHouse/ThreadCredits/icon.jpg": "2657c505744880c7445dd87562d7590a260da83f70affdc5554ac7218262b085",
    "src/addons/ThemeHouse/ThreadCredits/Job/ExpireCredits.php": "abf676a19d11d45db7cfabf67167c6537ba210cbb9b1a2e28091d9de722c216c",
    "src/addons/ThemeHouse/ThreadCredits/Option/CreditPackage.php": "703f6a671a86791c53e7d4c7e5f35037004d5bd399034fbb0b4ce5ea00c75c4c",
    "src/addons/ThemeHouse/ThreadCredits/Purchasable/CreditPackage.php": "4e2fc139877004c8e1bdf7421fb8007aed536521eb8457afb221f5e97d8aa0b1",
    "src/addons/ThemeHouse/ThreadCredits/Repository/CreditPackage.php": "54dbac17ac4675d1039d1820045cb40dc74ccdea75debade66d449b725fa3be9",
    "src/addons/ThemeHouse/ThreadCredits/Service/CreditPackage/Purchase.php": "6db47f9ce44541a1c70fd54847baf503118e89291f56fb4745161225ad4fe2ca",
    "src/addons/ThemeHouse/ThreadCredits/Setup.php": "9fcf7293c0cb1fb0ffc7595fcc5894ee75e3715bfcb4844aaebdde166b17fc6d",
    "src/addons/ThemeHouse/ThreadCredits/XF/Admin/Controller/User.php": "b7896819e049e1d171150230d81ebb7828bd4b28de92befd43cea9327113feba",
    "src/addons/ThemeHouse/ThreadCredits/XF/Entity/Thread.php": "ac94738ea0c5d19989cd55353b05e3de029c42932d046f5cba9eec269cf7b0cd",
    "src/addons/ThemeHouse/ThreadCredits/XF/Entity/User.php": "dd2df898f2143eb7f03272c13dc05a7e997667401f825459a4b8d7f3b62abba6",
    "src/addons/ThemeHouse/ThreadCredits/XF/Pub/Controller/Account.php": "9cebef75f218903ff471deb8e7f60e69ea0c5381cecd592688325417bfe02b85",
    "src/addons/ThemeHouse/ThreadCredits/XF/Pub/Controller/Thread.php": "d73a4b15f724d62597b691e66629fc0c3a3cd067a8fc31ecac86d4e7d23e35fd",
    "src/addons/ThemeHouse/ThreadCredits/XF/Service/Thread/Merger.php": "d15f606a89bffe841f15dacf9af554c8e6f83bc5d5ed6399edf731f515031c84",
    "src/addons/ThemeHouse/ThreadCredits/_data/activity_summary_definitions.xml": "99d8c2563a31320d66f958fc8bda78613545f5f7959bb3cf5318805e3a3c39d2",
    "src/addons/ThemeHouse/ThreadCredits/_data/admin_navigation.xml": "7958c80611663f2399911b807cb3dc91c0ddd9ce8555a14e0c75e9841ba055b5",
    "src/addons/ThemeHouse/ThreadCredits/_data/admin_permission.xml": "ec6fb97cebf0bceb24f1ed1d5778c1db54eeb7535fbb3e31d824840e7aa9ff87",
    "src/addons/ThemeHouse/ThreadCredits/_data/advertising_positions.xml": "d2f7cbe844bb1df3cf878d22ff6306249245c8ff6b0b87b9b729744bec538261",
    "src/addons/ThemeHouse/ThreadCredits/_data/api_scopes.xml": "6793eaf758f140e8137187ba20e65f4faccf53410433ae3ad7a8b3b38cb6b3b7",
    "src/addons/ThemeHouse/ThreadCredits/_data/bb_codes.xml": "faa4ddd5f4a365e5ac39aebdcbe2d25aedf74e7eb9ea4a812766e2fd5e13bdb1",
    "src/addons/ThemeHouse/ThreadCredits/_data/bb_code_media_sites.xml": "29762987990187b33e43cfb68c08dc917b2d3f0176613d78f8e6c453f82da3f3",
    "src/addons/ThemeHouse/ThreadCredits/_data/class_extensions.xml": "0c11b60c3601c460a63dae3c6170b04b16fc2724d5c921db53b54f8b9079b854",
    "src/addons/ThemeHouse/ThreadCredits/_data/code_events.xml": "8370dec3df47f91df4cf79da253446ad11b29f4ea568fe76c774e97a0379f0eb",
    "src/addons/ThemeHouse/ThreadCredits/_data/code_event_listeners.xml": "d6b5072f4909dee7a20ee9e44b163f95c8aa52e6ac7f573e292000cd9238c331",
    "src/addons/ThemeHouse/ThreadCredits/_data/content_type_fields.xml": "b9c1a19ca01cdbb8d12ea4d2c2ccf1b45646c30b671dff4373e496ef42832307",
    "src/addons/ThemeHouse/ThreadCredits/_data/cron.xml": "8fda30b8dfac3e2eaad27fbc68842c06219f5eb0a1223e846e80b03559f4236b",
    "src/addons/ThemeHouse/ThreadCredits/_data/help_pages.xml": "a8a0c0b06cdc550438bc8a8d385af3e1e5ab3459877dfb934c1c31be59c89163",
    "src/addons/ThemeHouse/ThreadCredits/_data/member_stats.xml": "89fb2b93ff1eca7a1f6f752248edf6090dfd24037db1446fd18ff7143f08124d",
    "src/addons/ThemeHouse/ThreadCredits/_data/navigation.xml": "f75e1c03a45a360bbdfcd0567121665082315068475d5b0feb8b1acbb1688651",
    "src/addons/ThemeHouse/ThreadCredits/_data/options.xml": "f84bb9004d435f829759cd348bb263f215b788b2ef2b1410ab7a3e59394407b4",
    "src/addons/ThemeHouse/ThreadCredits/_data/option_groups.xml": "bf7e2861a4c8444b5d01682f03e31741b81b9b1edf1083260bb04ee914bf7b1e",
    "src/addons/ThemeHouse/ThreadCredits/_data/permissions.xml": "e916f3fa4fc853af75befa952239f92139fd5a13d3c007be09b30e4a6e9f48ef",
    "src/addons/ThemeHouse/ThreadCredits/_data/permission_interface_groups.xml": "adc4af52284f7a358919eccc6e26859ddaf783e0b41dad2cd5e912c4ee453c40",
    "src/addons/ThemeHouse/ThreadCredits/_data/phrases.xml": "4d1bec49bf7bab7cea70a0354e3912e5b8f2346c8471b79fb4aac323a68ac36d",
    "src/addons/ThemeHouse/ThreadCredits/_data/routes.xml": "cb92342548cc05b86238332c3e098b4104bc7ce166d035c39ccac2c71f0bc81a",
    "src/addons/ThemeHouse/ThreadCredits/_data/style_properties.xml": "8b8690a8512f01f219dd2da76e3d0c5f62afc1f317b87794a7331c859c36a7a8",
    "src/addons/ThemeHouse/ThreadCredits/_data/style_property_groups.xml": "68e1879cb3846c42d978487aa8d5145ff3335fc39e58016878824d5cf3fd684c",
    "src/addons/ThemeHouse/ThreadCredits/_data/templates.xml": "63ed31249dfb915bc853a98b3e43170f6382adecded46a83c82f891745757216",
    "src/addons/ThemeHouse/ThreadCredits/_data/template_modifications.xml": "eee41563aa5b2b2ce9a4062b4f5f9ee6dcbab701bd9d63c5ba8b1b830bdc7e7b",
    "src/addons/ThemeHouse/ThreadCredits/_data/widget_definitions.xml": "37e46965256430f24004c2e7f08ba08f9b0d1cbcc4d70e84b3f4e3ffb713e64b",
    "src/addons/ThemeHouse/ThreadCredits/_data/widget_positions.xml": "a29cee66134f6bc5d75ed9df1eef21096c24401915c5b5c774389c3d7bb2d5b3"
}