{
    "src/addons/FS/DownloadThreadAttachments/addon.json": "ddf71941263eaab469aa61ec0946f91847692e109a2544251b934f0e6c06ca3c",
    "src/addons/FS/DownloadThreadAttachments/Setup.php": "bf779696734c603b19e8ee3a667a17addc6f9bf2fafd038bd22659393d373593",
    "src/addons/FS/DownloadThreadAttachments/XF/Entity/Thread.php": "49cc70a1ddd4509d0b948ac459aafa902cd271c785f31879a882deff16e33ee0",
    "src/addons/FS/DownloadThreadAttachments/XF/Pub/Controller/Thread.php": "2d31378ad21571e4c47ffbdf9c98531d50921ffae9179cc40a78c36f5ebe1487",
    "src/addons/FS/DownloadThreadAttachments/XF/Pub/Views/DownloadZip.php": "c174386e2d47b38635f0b6ea0a42efd8684f42c27f8117772808356733f31efd",
    "src/addons/FS/DownloadThreadAttachments/_data/activity_summary_definitions.xml": "99d8c2563a31320d66f958fc8bda78613545f5f7959bb3cf5318805e3a3c39d2",
    "src/addons/FS/DownloadThreadAttachments/_data/admin_navigation.xml": "064ec797484ac00d5ee37367b50b06846d11f480d00550997712707f8fdac8c0",
    "src/addons/FS/DownloadThreadAttachments/_data/admin_permission.xml": "ec6fb97cebf0bceb24f1ed1d5778c1db54eeb7535fbb3e31d824840e7aa9ff87",
    "src/addons/FS/DownloadThreadAttachments/_data/advertising_positions.xml": "d2f7cbe844bb1df3cf878d22ff6306249245c8ff6b0b87b9b729744bec538261",
    "src/addons/FS/DownloadThreadAttachments/_data/api_scopes.xml": "6793eaf758f140e8137187ba20e65f4faccf53410433ae3ad7a8b3b38cb6b3b7",
    "src/addons/FS/DownloadThreadAttachments/_data/bb_codes.xml": "faa4ddd5f4a365e5ac39aebdcbe2d25aedf74e7eb9ea4a812766e2fd5e13bdb1",
    "src/addons/FS/DownloadThreadAttachments/_data/bb_code_media_sites.xml": "29762987990187b33e43cfb68c08dc917b2d3f0176613d78f8e6c453f82da3f3",
    "src/addons/FS/DownloadThreadAttachments/_data/class_extensions.xml": "33f7a29f8609c02854be0266d3868c678878034ed0549bd8e2e09dc16d9f25b0",
    "src/addons/FS/DownloadThreadAttachments/_data/code_events.xml": "8370dec3df47f91df4cf79da253446ad11b29f4ea568fe76c774e97a0379f0eb",
    "src/addons/FS/DownloadThreadAttachments/_data/code_event_listeners.xml": "d6b5072f4909dee7a20ee9e44b163f95c8aa52e6ac7f573e292000cd9238c331",
    "src/addons/FS/DownloadThreadAttachments/_data/content_type_fields.xml": "c7ad5472b28f465b7ac7617627707eba1b7a39d28089460d52e1ed292fc0b06a",
    "src/addons/FS/DownloadThreadAttachments/_data/cron.xml": "323c4284742ef24329cd6db6f288eb9736d2353f36852e1db12591e1583aea26",
    "src/addons/FS/DownloadThreadAttachments/_data/help_pages.xml": "a8a0c0b06cdc550438bc8a8d385af3e1e5ab3459877dfb934c1c31be59c89163",
    "src/addons/FS/DownloadThreadAttachments/_data/member_stats.xml": "89fb2b93ff1eca7a1f6f752248edf6090dfd24037db1446fd18ff7143f08124d",
    "src/addons/FS/DownloadThreadAttachments/_data/navigation.xml": "f75e1c03a45a360bbdfcd0567121665082315068475d5b0feb8b1acbb1688651",
    "src/addons/FS/DownloadThreadAttachments/_data/options.xml": "1cea29aa5671733d85c8fc6f7c66128eacbca5643cbb38585eb82002879b51a4",
    "src/addons/FS/DownloadThreadAttachments/_data/option_groups.xml": "154d7a89664b243d0bd8227c22e241f934bf7e196c83230ee23d3c0c4fba1333",
    "src/addons/FS/DownloadThreadAttachments/_data/permissions.xml": "7e4fc7d5826733d15ea2d8936b9bdd41afcaad810eb38e50da3c8d8eafda1550",
    "src/addons/FS/DownloadThreadAttachments/_data/permission_interface_groups.xml": "3177224e96458b829aa7fb24866dda9e0455a4922aee3d669b53f59a1ffdf5d1",
    "src/addons/FS/DownloadThreadAttachments/_data/phrases.xml": "596de8cb9fd6aced4999dbc2abf13b263d6513995e666fa553ed3e3662363f5b",
    "src/addons/FS/DownloadThreadAttachments/_data/routes.xml": "550fa64f9feedf137dd877b38c2684f94474619d2d83890dbb717a91b50da8f5",
    "src/addons/FS/DownloadThreadAttachments/_data/style_properties.xml": "8b8690a8512f01f219dd2da76e3d0c5f62afc1f317b87794a7331c859c36a7a8",
    "src/addons/FS/DownloadThreadAttachments/_data/style_property_groups.xml": "68e1879cb3846c42d978487aa8d5145ff3335fc39e58016878824d5cf3fd684c",
    "src/addons/FS/DownloadThreadAttachments/_data/templates.xml": "5777bfe8759621684b3baa96b361fddbaf69e268b2f2c17287e0773bf6895697",
    "src/addons/FS/DownloadThreadAttachments/_data/template_modifications.xml": "efcec0fffed0e74e2e444df675eecd0e539434f49631a64edb95cad1a5fe08a5",
    "src/addons/FS/DownloadThreadAttachments/_data/widget_definitions.xml": "37e46965256430f24004c2e7f08ba08f9b0d1cbcc4d70e84b3f4e3ffb713e64b",
    "src/addons/FS/DownloadThreadAttachments/_data/widget_positions.xml": "a29cee66134f6bc5d75ed9df1eef21096c24401915c5b5c774389c3d7bb2d5b3"
}