{
    "src/addons/FS/ThreadRelaceLinks/addon.json": "d17298aa5588781f6a233c8a8fff3a7e28d8b346ff271f3b7b1e5ef80cf042c2",
    "src/addons/FS/ThreadRelaceLinks/Setup.php": "4e1467f8a7a975612d93856d582aa012a8e739fa934667194722654102b9856d",
    "src/addons/FS/ThreadRelaceLinks/XF/Pub/Controller/Thread.php": "005ca9f53b5cfb0ed59b47f77eee60653984df4ebd0c6283d56b5ba7f83ccde1",
    "src/addons/FS/ThreadRelaceLinks/_data/activity_summary_definitions.xml": "99d8c2563a31320d66f958fc8bda78613545f5f7959bb3cf5318805e3a3c39d2",
    "src/addons/FS/ThreadRelaceLinks/_data/admin_navigation.xml": "064ec797484ac00d5ee37367b50b06846d11f480d00550997712707f8fdac8c0",
    "src/addons/FS/ThreadRelaceLinks/_data/admin_permission.xml": "ec6fb97cebf0bceb24f1ed1d5778c1db54eeb7535fbb3e31d824840e7aa9ff87",
    "src/addons/FS/ThreadRelaceLinks/_data/advertising_positions.xml": "d2f7cbe844bb1df3cf878d22ff6306249245c8ff6b0b87b9b729744bec538261",
    "src/addons/FS/ThreadRelaceLinks/_data/api_scopes.xml": "6793eaf758f140e8137187ba20e65f4faccf53410433ae3ad7a8b3b38cb6b3b7",
    "src/addons/FS/ThreadRelaceLinks/_data/bb_codes.xml": "faa4ddd5f4a365e5ac39aebdcbe2d25aedf74e7eb9ea4a812766e2fd5e13bdb1",
    "src/addons/FS/ThreadRelaceLinks/_data/bb_code_media_sites.xml": "29762987990187b33e43cfb68c08dc917b2d3f0176613d78f8e6c453f82da3f3",
    "src/addons/FS/ThreadRelaceLinks/_data/class_extensions.xml": "176c9533937b680d93f69567ab85565f33d6a87a16310b7c0953f4a9a76d87dc",
    "src/addons/FS/ThreadRelaceLinks/_data/code_events.xml": "8370dec3df47f91df4cf79da253446ad11b29f4ea568fe76c774e97a0379f0eb",
    "src/addons/FS/ThreadRelaceLinks/_data/code_event_listeners.xml": "d6b5072f4909dee7a20ee9e44b163f95c8aa52e6ac7f573e292000cd9238c331",
    "src/addons/FS/ThreadRelaceLinks/_data/content_type_fields.xml": "c7ad5472b28f465b7ac7617627707eba1b7a39d28089460d52e1ed292fc0b06a",
    "src/addons/FS/ThreadRelaceLinks/_data/cron.xml": "323c4284742ef24329cd6db6f288eb9736d2353f36852e1db12591e1583aea26",
    "src/addons/FS/ThreadRelaceLinks/_data/help_pages.xml": "a8a0c0b06cdc550438bc8a8d385af3e1e5ab3459877dfb934c1c31be59c89163",
    "src/addons/FS/ThreadRelaceLinks/_data/member_stats.xml": "89fb2b93ff1eca7a1f6f752248edf6090dfd24037db1446fd18ff7143f08124d",
    "src/addons/FS/ThreadRelaceLinks/_data/navigation.xml": "f75e1c03a45a360bbdfcd0567121665082315068475d5b0feb8b1acbb1688651",
    "src/addons/FS/ThreadRelaceLinks/_data/options.xml": "1cea29aa5671733d85c8fc6f7c66128eacbca5643cbb38585eb82002879b51a4",
    "src/addons/FS/ThreadRelaceLinks/_data/option_groups.xml": "154d7a89664b243d0bd8227c22e241f934bf7e196c83230ee23d3c0c4fba1333",
    "src/addons/FS/ThreadRelaceLinks/_data/permissions.xml": "f6db44603830add185fd62909e52cce41ad6bae1e5b9c0dee129491f17018137",
    "src/addons/FS/ThreadRelaceLinks/_data/permission_interface_groups.xml": "a5509597efa1bb71942310dc65348dc90d00ea0b5ec1511174ed9049b08e8905",
    "src/addons/FS/ThreadRelaceLinks/_data/phrases.xml": "be5320799750d69c63693e39211805277275323375fefbebf2d9935f229d043a",
    "src/addons/FS/ThreadRelaceLinks/_data/routes.xml": "550fa64f9feedf137dd877b38c2684f94474619d2d83890dbb717a91b50da8f5",
    "src/addons/FS/ThreadRelaceLinks/_data/style_properties.xml": "8b8690a8512f01f219dd2da76e3d0c5f62afc1f317b87794a7331c859c36a7a8",
    "src/addons/FS/ThreadRelaceLinks/_data/style_property_groups.xml": "68e1879cb3846c42d978487aa8d5145ff3335fc39e58016878824d5cf3fd684c",
    "src/addons/FS/ThreadRelaceLinks/_data/templates.xml": "65969283eb7778a90195bd181f88d773bbda1de1ef04e67ebb13b75874947b4e",
    "src/addons/FS/ThreadRelaceLinks/_data/template_modifications.xml": "78cb820d82fd69bc3421e443ae326e03c5089c2361215c91809029e3ba5ca51a",
    "src/addons/FS/ThreadRelaceLinks/_data/widget_definitions.xml": "37e46965256430f24004c2e7f08ba08f9b0d1cbcc4d70e84b3f4e3ffb713e64b",
    "src/addons/FS/ThreadRelaceLinks/_data/widget_positions.xml": "a29cee66134f6bc5d75ed9df1eef21096c24401915c5b5c774389c3d7bb2d5b3"
}