<?xml version="1.0" encoding="utf-8"?>
<template_modifications>
  <modification type="public" template="forum_post_thread" modification_key="fsRegisterFfieldsAddOnPostThread" description="fs_register_fields_add_on _post_thread" execution_order="10" enabled="1" action="preg_replace">
    <find><![CDATA[/<xf:textboxrow name="_xfUsername" data-xf-init="guest-username".*?label="{{ phrase\('name'\) }}" \/>/is]]></find>
    <replace><![CDATA[<xf:include template="fs_add_register_form_fields" />]]></replace>
  </modification>
</template_modifications>
