{
    "src/addons/FS/ClaimEmails/addon.json": "40bb043de18118050e5ce81c30f8e067b50c3e91c873da7c9bee65b9b1e812eb",
    "src/addons/FS/ClaimEmails/Setup.php": "7682b164a20e6c7bf98099488af98fc093fe93899b9fb5efffb4291a0844d2e8",
    "src/addons/FS/ClaimEmails/XF/Admin/Controller/User.php": "df0fc0c6c3b902dc91cc863900f1837423558809b6387cbb2af4217e8dde44bc",
    "src/addons/FS/ClaimEmails/XF/Entity/User.php": "ea46cd05b7420f1e437f00ebfef97f98253673c466b5f789e143e6c5632abe32",
    "src/addons/FS/ClaimEmails/XF/Pub/Controller/Register.php": "b0db0845f7270584ec861d6f7bdcd6f8cb19160999d74e1d31cbdd80564459c8",
    "src/addons/FS/ClaimEmails/_data/activity_summary_definitions.xml": "99d8c2563a31320d66f958fc8bda78613545f5f7959bb3cf5318805e3a3c39d2",
    "src/addons/FS/ClaimEmails/_data/admin_navigation.xml": "064ec797484ac00d5ee37367b50b06846d11f480d00550997712707f8fdac8c0",
    "src/addons/FS/ClaimEmails/_data/admin_permission.xml": "ec6fb97cebf0bceb24f1ed1d5778c1db54eeb7535fbb3e31d824840e7aa9ff87",
    "src/addons/FS/ClaimEmails/_data/advertising_positions.xml": "d2f7cbe844bb1df3cf878d22ff6306249245c8ff6b0b87b9b729744bec538261",
    "src/addons/FS/ClaimEmails/_data/api_scopes.xml": "6793eaf758f140e8137187ba20e65f4faccf53410433ae3ad7a8b3b38cb6b3b7",
    "src/addons/FS/ClaimEmails/_data/bb_codes.xml": "faa4ddd5f4a365e5ac39aebdcbe2d25aedf74e7eb9ea4a812766e2fd5e13bdb1",
    "src/addons/FS/ClaimEmails/_data/bb_code_media_sites.xml": "29762987990187b33e43cfb68c08dc917b2d3f0176613d78f8e6c453f82da3f3",
    "src/addons/FS/ClaimEmails/_data/class_extensions.xml": "42cbce86d22c18e66fc1217f3940275cdd5e0b0920c2960665a7504a38d7d7aa",
    "src/addons/FS/ClaimEmails/_data/code_events.xml": "8370dec3df47f91df4cf79da253446ad11b29f4ea568fe76c774e97a0379f0eb",
    "src/addons/FS/ClaimEmails/_data/code_event_listeners.xml": "d6b5072f4909dee7a20ee9e44b163f95c8aa52e6ac7f573e292000cd9238c331",
    "src/addons/FS/ClaimEmails/_data/content_type_fields.xml": "c7ad5472b28f465b7ac7617627707eba1b7a39d28089460d52e1ed292fc0b06a",
    "src/addons/FS/ClaimEmails/_data/cron.xml": "323c4284742ef24329cd6db6f288eb9736d2353f36852e1db12591e1583aea26",
    "src/addons/FS/ClaimEmails/_data/help_pages.xml": "a8a0c0b06cdc550438bc8a8d385af3e1e5ab3459877dfb934c1c31be59c89163",
    "src/addons/FS/ClaimEmails/_data/member_stats.xml": "89fb2b93ff1eca7a1f6f752248edf6090dfd24037db1446fd18ff7143f08124d",
    "src/addons/FS/ClaimEmails/_data/navigation.xml": "f75e1c03a45a360bbdfcd0567121665082315068475d5b0feb8b1acbb1688651",
    "src/addons/FS/ClaimEmails/_data/options.xml": "6f9d38738ec9e3187032847cb5be61c54e537455c6affbb487c66377b2cfc70f",
    "src/addons/FS/ClaimEmails/_data/option_groups.xml": "1be1b658995a4a8757eb512941f03d21942abbcb16114133a3cf71be66274378",
    "src/addons/FS/ClaimEmails/_data/permissions.xml": "7e4fc7d5826733d15ea2d8936b9bdd41afcaad810eb38e50da3c8d8eafda1550",
    "src/addons/FS/ClaimEmails/_data/permission_interface_groups.xml": "3177224e96458b829aa7fb24866dda9e0455a4922aee3d669b53f59a1ffdf5d1",
    "src/addons/FS/ClaimEmails/_data/phrases.xml": "414a65e96d06c44f52cc30822c33dbca7db6f1a8ba57c6399c3307492bd36040",
    "src/addons/FS/ClaimEmails/_data/routes.xml": "550fa64f9feedf137dd877b38c2684f94474619d2d83890dbb717a91b50da8f5",
    "src/addons/FS/ClaimEmails/_data/style_properties.xml": "8b8690a8512f01f219dd2da76e3d0c5f62afc1f317b87794a7331c859c36a7a8",
    "src/addons/FS/ClaimEmails/_data/style_property_groups.xml": "68e1879cb3846c42d978487aa8d5145ff3335fc39e58016878824d5cf3fd684c",
    "src/addons/FS/ClaimEmails/_data/templates.xml": "95d4b078b90e74e773cef6695ef94c742e74b8d62e6798738f11f0215a58faee",
    "src/addons/FS/ClaimEmails/_data/template_modifications.xml": "3b54b7df00a6a4a18c5e012b6e2588e35c23aaa13a5fc227f08646a97590d778",
    "src/addons/FS/ClaimEmails/_data/widget_definitions.xml": "37e46965256430f24004c2e7f08ba08f9b0d1cbcc4d70e84b3f4e3ffb713e64b",
    "src/addons/FS/ClaimEmails/_data/widget_positions.xml": "a29cee66134f6bc5d75ed9df1eef21096c24401915c5b5c774389c3d7bb2d5b3"
}