<?xml version="1.0" encoding="utf-8"?>
<templates>
  <template type="admin" title="fs_user_car_details_add_edit_pane" version_id="1000010" version_string="1.0.0 Alpha"><![CDATA[<xf:set var="$models" value="{$xf.app.em.getRepository('FS\UserCarDetails:Models').getModels()}" />
<xf:set var="$locations" value="{$xf.app.em.getRepository('FS\UserCarDetails:Models').getLocations()}" />

<li role="tabpanel" id="car-details">
	<div class="block-body">
		<xf:formrow rowtype="input" 
					label="{{ phrase('fs_car_details_select_models') }}" explain="{{ phrase('fs_car_details_select_model') }}">

			<ul class="inputList">
				<li><xf:select name="model_id" value="{$user.model_id|default([0])}" >
					<xf:option value="0">{{ phrase('none') }}</xf:option>
					<xf:foreach loop="$models" value="$val">
						<xf:option value="{$val.model_id}">{$val.model}</xf:option>
					</xf:foreach>
					</xf:select></li>
			</ul>
		</xf:formrow>

		<xf:formrow
					rowtype="input"
					label="{{ phrase('fs_car_details_colour') }}"
					>
			<xf:textboxrow
						   name="car_colour"
						   value="{$user.car_colour}"
						   rowtype="fullWidth"
						   explain="{{ phrase('fs_car_details_add_colour') }}"
						   />
		</xf:formrow>

		<xf:formrow
					rowtype="input"
					label="{{ phrase('fs_car_details_trim') }}"
					>
			<xf:textboxrow
						   name="car_trim"
						   value="{$user.car_trim}"
						   rowtype="fullWidth"
						   explain="{{ phrase('fs_car_details_add_trim') }}"
						   />
		</xf:formrow>

		<xf:formrow rowtype="input" 
					label="{{ phrase('fs_car_details_location') }}" explain="{{ phrase('fs_car_details_select_location') }}">

			<ul class="inputList">
				<li><xf:select name="location_id" value="{$user.location_id|default([0])}" >
					<xf:option value="0">{{ phrase('none') }}</xf:option>
					<xf:foreach loop="$locations" value="$val">
						<xf:option value="{$val.location_id}">{$val.location}</xf:option>
					</xf:foreach>
					</xf:select></li>
			</ul>
		</xf:formrow>

		<xf:formrow
					rowtype="input"
					label="{{ phrase('fs_car_details_plaque_number') }}"
					>
			<xf:textboxrow
						   name="car_plaque_number"
						   value="{$user.car_plaque_number}"
						   rowtype="fullWidth"
						   explain="{{ phrase('fs_car_details_add_plaque_number') }}"
						   />
		</xf:formrow>

		<xf:formrow
					rowtype="input"
					label="{{ phrase('fs_car_details_reg_number') }}"
					>
			<xf:textboxrow
						   name="car_reg_number"
						   value="{$user.car_reg_number}"
						   rowtype="fullWidth"
						   explain="{{ phrase('fs_car_details_add_reg_number') }}"
						   />
		</xf:formrow>

		<xf:formrow
					rowtype="input"
					label="{{ phrase('fs_car_details_reg_date') }}"
					>
			<xf:dateinput name="car_reg_date" value="{{ $user.car_reg_date ? date($user.car_reg_date, 'picker') : '' }}" explain="{{ phrase('fs_car_details_select_reg_date') }}" />

		</xf:formrow>

		<xf:formrow
					rowtype="input"
					label="{{ phrase('fs_car_details_forum_name') }}"
					>
			<xf:textboxrow
						   name="car_forum_name"
						   value="{$user.car_forum_name}"
						   rowtype="fullWidth"
						   explain="{{ phrase('fs_car_details_add_forum_name') }}"
						   />
		</xf:formrow>

		<xf:formrow
					rowtype="input"
					label="{{ phrase('fs_car_details_unique_information') }}"
					>
			<xf:textboxrow
						   name="car_unique_information"
						   value="{$user.car_unique_information}"
						   rowtype="fullWidth"
						   explain="{{ phrase('fs_car_details_add_unique_information') }}"
						   />
		</xf:formrow>
	</div>
	<xf:submitrow icon="save" sticky="true" />
</li>]]></template>
  <template type="admin" title="fs_user_car_location_add" version_id="1000010" version_string="1.0.0 Alpha"><![CDATA[<xf:title>
	<xf:if is="$location.location_id"> {{ phrase('fs_car_location_edit') }}
		<xf:breadcrumb href="#">{{ phrase('fs_car_location_edit') }}</xf:breadcrumb> <xf:else
																							  /> {{ phrase('fs_car_location_add') }} <xf:breadcrumb href="#">{{
		phrase('fs_car_location_add') }}</xf:breadcrumb> </xf:if>
</xf:title>

<xf:form
		 action="{{ link('car-location/save', $location) }}"
		 class="block"
		 ajax="1"
		 >
	<div class="block-container">
		<div class="block-body">
			<xf:textboxrow
						   name="location"
						   value="{$location.location}"
						   label="{{ phrase('fs_car_location_name') }}"
						   autosize="true"
						   row="5"
						   />
		</div>

		<xf:submitrow submit="{{ phrase('save') }}" fa="fa-save" />
	</div>
</xf:form>]]></template>
  <template type="admin" title="fs_user_car_location_index" version_id="1000010" version_string="1.0.0 Alpha"><![CDATA[<xf:title>{{ phrase('fs_car_location') }}</xf:title>

<xf:pageaction>
	<xf:button href="{{ link('car-location/add') }}" icon="add">{{ phrase('fs_car_location_add_btn') }}</xf:button>
</xf:pageaction>
<xf:form action="{{ link($prefix . '/toggle') }}" class="block" ajax="true">
	<div class="block-outer">
		<xf:macro
				  template="filter_macros"
				  name="quick_filter"
				  arg-key="car-location"
				  arg-class="block-outer-opposite"
				  />
	</div>

	<div class="block-container">

		<xf:if is="$locations is not empty">
			<div class="block-body">
				<xf:datalist data-xf-init="responsive-data-list">

					<xf:macro
							  name="table_list"
							  arg-data="{$locations}"
							  />


				</xf:datalist>
				<div class="block-footer">
					<span class="block-footer-counter"
						  >{{ display_totals($locations, $total) }}</span
						>
				</div>

			</div>
			<xf:else />
			<div class="block-body block-row">{{ phrase('no_items_have_been_created_yet') }}</div>

		</xf:if>

	</div>


	<xf:pagenav
				page="{$page}"
				perpage="{$perPage}"
				total="{$total}"
				link="car-location"
				wrapperclass="block"
				/>
</xf:form>
<xf:macro
		  name="table_list"
		  arg-data="!"
		  >
	<xf:datarow rowtype="header">
		<xf:cell> {{ phrase('fs_car_location_name') }} </xf:cell>
		<xf:cell class="dataList-cell--min"></xf:cell>
		<xf:cell class="dataList-cell--min"></xf:cell>
	</xf:datarow>
	<xf:foreach loop="{$data}" value="$value">
		<xf:datarow>

			<xf:cell> {$value.location} </xf:cell>

			<xf:action href="{{ link('car-location/edit', $value) }}" overlay="true" >{{ phrase('edit') }}</xf:action>
			<xf:delete
					   href="{{ link('car-location/delete', $value) }}"
					   overlay="true"
					   />
		</xf:datarow>
	</xf:foreach>
</xf:macro>]]></template>
  <template type="admin" title="fs_user_car_model_add" version_id="1000010" version_string="1.0.0 Alpha"><![CDATA[<xf:title>
	<xf:if is="$model.model_id"> {{ phrase('fs_car_model_edit') }}
		<xf:breadcrumb href="#">{{ phrase('fs_car_model_edit') }}</xf:breadcrumb> <xf:else
																						   /> {{ phrase('fs_car_model_add') }} <xf:breadcrumb href="#">{{
		phrase('fs_car_model_add') }}</xf:breadcrumb> </xf:if>
</xf:title>

<xf:form
		 action="{{ link('car-model/save', $model) }}"
		 class="block"
		 ajax="1"
		 >
	<div class="block-container">
		<div class="block-body">
			<xf:textboxrow
						   name="model"
						   value="{$model.model}"
						   label="{{ phrase('fs_car_model_name') }}"
						   autosize="true"
						   row="5"
						   />
		</div>

		<xf:submitrow submit="{{ phrase('save') }}" fa="fa-save" />
	</div>
</xf:form>]]></template>
  <template type="admin" title="fs_user_car_model_index" version_id="1000010" version_string="1.0.0 Alpha"><![CDATA[<xf:title>{{ phrase('fs_car_model') }}</xf:title>

<xf:pageaction>
	<xf:button href="{{ link('car-model/add') }}" icon="add">{{ phrase('fs_car_model_add_btn') }}</xf:button>
</xf:pageaction>
<xf:form action="{{ link($prefix . '/toggle') }}" class="block" ajax="true">
	<div class="block-outer">
		<xf:macro
				  template="filter_macros"
				  name="quick_filter"
				  arg-key="car-model"
				  arg-class="block-outer-opposite"
				  />
	</div>

	<div class="block-container">

		<xf:if is="$models is not empty">
			<div class="block-body">
				<xf:datalist data-xf-init="responsive-data-list">

					<xf:macro
							  name="table_list"
							  arg-data="{$models}"
							  />


				</xf:datalist>
				<div class="block-footer">
					<span class="block-footer-counter"
						  >{{ display_totals($models, $total) }}</span
						>
				</div>

			</div>
			<xf:else />
			<div class="block-body block-row">{{ phrase('no_items_have_been_created_yet') }}</div>

		</xf:if>

	</div>


	<xf:pagenav
				page="{$page}"
				perpage="{$perPage}"
				total="{$total}"
				link="car-model"
				wrapperclass="block"
				/>
</xf:form>
<xf:macro
		  name="table_list"
		  arg-data="!"
		  >
	<xf:datarow rowtype="header">
		<xf:cell> {{ phrase('fs_car_model_name') }} </xf:cell>
		<xf:cell class="dataList-cell--min"></xf:cell>
		<xf:cell class="dataList-cell--min"></xf:cell>
	</xf:datarow>
	<xf:foreach loop="{$data}" value="$value">
		<xf:datarow>

			<xf:cell> {$value.model} </xf:cell>

			<xf:action href="{{ link('car-model/edit', $value) }}" overlay="true" >{{ phrase('edit') }}</xf:action>
			<xf:delete
					   href="{{ link('car-model/delete', $value) }}"
					   overlay="true"
					   />
		</xf:datarow>
	</xf:foreach>
</xf:macro>]]></template>
  <template type="public" title="fs_car_details_list_filter" version_id="1000010" version_string="1.0.0 Alpha"><![CDATA[<xf:form action="{{ link('cars-list/') }}">

	<div class="menu-row">
		{{ phrase('fs_car_detail_username') }}
		<div class="u-inputSpacer">
			<xf:textbox name="fs_car_details_username" value="{$conditions.fs_car_details_username}" ac="single" />
		</div>
	</div>

	<div class="menu-row">
		{{ phrase('fs_car_select_model_filter') }}
		<div class="u-inputSpacer"><xf:select name="model_id" value="{$conditions.model_id|default([0])}" required="required">
			<xf:option value="0">{{ phrase('none') }}</xf:option>
			<xf:foreach loop="$models" value="$val">
				<xf:option value="{$val.model_id}">{$val.model}</xf:option>
			</xf:foreach>
			</xf:select>
		</div>
	</div>

	<div class="menu-row">
		{{ phrase('fs_car_location_filter') }}
		<div class="u-inputSpacer"><xf:select name="location_id" value="{$conditions.location_id|default([0])}" required="required">
			<xf:option value="0">{{ phrase('none') }}</xf:option>
			<xf:foreach loop="$locations" value="$val">
				<xf:option value="{$val.location_id}">{$val.location}</xf:option>
			</xf:foreach>
			</xf:select>
		</div>
	</div>

	<div class="menu-footer">
		<span class="menu-footer-controls">
			<xf:button type="submit" class="button--primary"
					   >{{ phrase('filter') }}</xf:button
				>
		</span>
	</div>
	<xf:hiddenval name="apply">1</xf:hiddenval>
</xf:form>]]></template>
  <template type="public" title="fs_car_details_list_index" version_id="1000010" version_string="1.0.0 Alpha"><![CDATA[<xf:title> {{ phrase('fs_car_details_list_all') }} </xf:title>

<div class="block">

	<div class="block-container">

		<xf:macro name="car_details_filter" arg-conditions="{$conditions}" />

		<div class="block-body">

			<xf:datalist data-xf-init="responsive-data-list">
				<xf:if is="$data is not empty">

					<xf:macro name="record_table_list" arg-data="{$data}" />
					<xf:else />
					<div class="blockMessage">
						{{ phrase('no_items_have_been_created_yet') }}
					</div>
				</xf:if>
			</xf:datalist>
		</div>

		<div class="block-footer">
			<span class="block-footer-counter"
				  >{{ display_totals($data, $total) }}</span
				>
		</div>

	</div>
	<div class="block-outer block-outer--after">
		<xf:pagenav
					page="{$page}"
					perpage="{$perPage}"
					total="{$total}"
					link="cars-list"
					data="{$data}"
					params="{$conditions}"
					wrapperclass="block-outer-main"
					/>
		<xf:showignored wrapperclass="block-outer-opposite" />
	</div>
</div>

<xf:macro name="car_details_filter" arg-conditions="!">
	<div class="block-filterBar">
		<div class="filterBar">
			<a
			   class="filterBar-menuTrigger"
			   data-xf-click="menu"
			   role="button"
			   tabindex="0"
			   aria-expanded="false"
			   aria-haspopup="true"
			   >{{ phrase('filters') }}</a
				>
			<div
				 class="menu menu--wide"
				 data-menu="menu"
				 aria-hidden="true"
				 data-href="{{ link('cars-list/refine-search', null, $conditions)}}"
				 data-load-target=".js-filterMenuBody"
				 >
				<div class="menu-content">
					<h4 class="menu-header">{{ phrase('fs_car_details_filter') }}</h4>
					<div class="js-filterMenuBody">
						<div class="menu-row">{{ phrase('loading...') }}</div>
					</div>
				</div>
			</div>
		</div>
	</div>
</xf:macro>

<xf:macro name="record_table_list" arg-data="{$data}">
	<xf:datarow rowtype="header">
		<xf:cell> {{ phrase('fs_car_details_username') }} </xf:cell>
		<xf:cell> {{ phrase('fs_car_details_list_model') }} </xf:cell>
		<xf:cell> {{ phrase('fs_car_details_list_car_colour') }} </xf:cell>
		<xf:cell> {{ phrase('fs_car_details_list_car_trim') }} </xf:cell>
		<xf:cell> {{ phrase('fs_car_details_list_car_location') }} </xf:cell>
		<xf:cell> {{ phrase('fs_car_details_list_car_plaque_number') }} </xf:cell>
		<xf:cell> {{ phrase('fs_car_details_list_car_reg_number') }} </xf:cell>
		<xf:cell> {{ phrase('fs_car_details_list_car_reg_date') }} </xf:cell>
		<xf:cell> {{ phrase('fs_car_details_list_car_forum_name') }} </xf:cell>
		<xf:cell> {{ phrase('fs_car_details_list_car_unique_information') }} </xf:cell>
	</xf:datarow>
	<xf:foreach loop="{$data}" value="$val">
		<xf:datarow>
			<xf:cell> <xf:username user="$val" rich="true" class="{{ !$val ? 'username--invisible' : '' }}" /> </xf:cell>
			<xf:cell> {{ $val.CarModel.model }} </xf:cell>
			<xf:cell> {{ $val.car_colour }} </xf:cell>
			<xf:cell> {{ $val.car_trim }} </xf:cell>
			<xf:cell> {{ $val.CarLocation.location }} </xf:cell>
			<xf:cell> {{ $val.car_plaque_number }} </xf:cell>
			<xf:cell> {{ $val.car_reg_number }} </xf:cell>
			<xf:cell><xf:if is="$val.car_reg_date"> <xf:date time="{$val.car_reg_date}" /> <xf:else /> - </xf:if></xf:cell>
			<xf:cell> {{ $val.car_forum_name }} </xf:cell>
			<xf:cell href="{{ link('cars-list/unique-info', $val, {'car_unique_information': $val.car_unique_information}) }}" title="{{ $val.car_unique_information }}" overlay="true"> {{ snippet($val.car_unique_information, 30, {'stripBbCode': true}) }} </xf:cell>

		</xf:datarow>
	</xf:foreach>
</xf:macro>]]></template>
  <template type="public" title="fs_car_unique_information" version_id="1000010" version_string="1.0.0 Alpha"><![CDATA[<xf:title>{{ phrase('fs_car_details_unique_info') }}</xf:title>

<div class="blockMessage">
	<ul>
		<li style="list-style: none; text-align: justify;">{$car_unique_information|raw}</li>
	</ul>
</div>]]></template>
  <template type="public" title="fs_vis_car_details_index" version_id="1000100" version_string="1.0.1 Alpha"><![CDATA[<xf:title> {{ phrase('fs_user_car_details_vis') }} </xf:title>

<xf:wrap template="account_wrapper" />

<xf:form
		 action="{{ link('car-details/save') }}"
		 ajax="true"
		 class="block"
		 data-force-flash-message="true"
		 >
	<div class="block-container">
		<div class="block-body">
			<xf:formrow rowtype="input" label="{{ phrase('fs_car_details_select_models') }}" explain="{{ phrase('fs_car_details_select_model') }}">

				<ul class="inputList">
					<li><xf:select name="model_id" value="{$user.model_id|default([0])}" >
						<xf:option value="0">{{ phrase('none') }}</xf:option>
						<xf:foreach loop="$models" value="$val">
							<xf:option value="{$val.model_id}">{$val.model}</xf:option>
						</xf:foreach>
						</xf:select></li>
				</ul>
			</xf:formrow>

			<xf:formrow
						rowtype="input"
						label="{{ phrase('fs_car_details_colour') }}"
						hint="{{ phrase('required') }}"
						>
				<xf:textboxrow
							   name="car_colour"
							   value="{$user.car_colour}"
							   rowtype="fullWidth"
							   required="true"
							   explain="{{ phrase('fs_car_details_add_colour') }}"
							   />
			</xf:formrow>

			<xf:formrow
						rowtype="input"
						label="{{ phrase('fs_car_details_trim') }}"
						hint="{{ phrase('required') }}"
						>
				<xf:textboxrow
							   name="car_trim"
							   value="{$user.car_trim}"
							   rowtype="fullWidth"
							   required="true"
							   explain="{{ phrase('fs_car_details_add_trim') }}"
							   />
			</xf:formrow>

			<xf:formrow rowtype="input" 
						label="{{ phrase('fs_car_details_location') }}" explain="{{ phrase('fs_car_details_select_location') }}">

				<ul class="inputList">
					<li><xf:select name="location_id" value="{$user.location_id|default([0])}" >
						<xf:option value="0">{{ phrase('none') }}</xf:option>
						<xf:foreach loop="$locations" value="$val">
							<xf:option value="{$val.location_id}">{$val.location}</xf:option>
						</xf:foreach>
						</xf:select></li>
				</ul>
			</xf:formrow>

			<xf:formrow
						rowtype="input"
						label="{{ phrase('fs_car_details_plaque_number') }}"
						hint="{{ phrase('required') }}"
						>
				<xf:textboxrow
							   name="car_plaque_number"
							   value="{$user.car_plaque_number}"
							   rowtype="fullWidth"
							   required="true"
							   explain="{{ phrase('fs_car_details_add_plaque_number') }}"
							   />
			</xf:formrow>

			<xf:formrow
						rowtype="input"
						label="{{ phrase('fs_car_details_reg_number') }}"
						hint="{{ phrase('required') }}"
						>
				<xf:textboxrow
							   name="car_reg_number"
							   value="{$user.car_reg_number}"
							   rowtype="fullWidth"
							   required="true"
							   explain="{{ phrase('fs_car_details_add_reg_number') }}"
							   />
			</xf:formrow>

			<xf:formrow
						rowtype="input"
						label="{{ phrase('fs_car_details_reg_date') }}"
						>
				<xf:dateinput name="car_reg_date" value="{{ $user.car_reg_date ? date($user.car_reg_date, 'picker') : '' }}" explain="{{ phrase('fs_car_details_select_reg_date') }}" />

			</xf:formrow>

			<xf:formrow
						rowtype="input"
						label="{{ phrase('fs_car_details_forum_name') }}"
						>
				<xf:textboxrow
							   name="car_forum_name"
							   value="{$user.car_forum_name}"
							   rowtype="fullWidth"
							   explain="{{ phrase('fs_car_details_add_forum_name') }}"
							   />
			</xf:formrow>

			<xf:formrow
						rowtype="input"
						label="{{ phrase('fs_car_details_unique_information') }}"
						>
				<xf:textboxrow
							   name="car_unique_information"
							   value="{$user.car_unique_information}"
							   rowtype="fullWidth"
							   explain="{{ phrase('fs_car_details_add_unique_information') }}"
							   />
			</xf:formrow>
		</div>
		<xf:submitrow submit="" icon="save" />
	</div>
</xf:form>]]></template>
</templates>
