<?xml version="1.0" encoding="utf-8"?>
<options>
  <option option_id="ai_avatar_api_key" edit_format="textbox" data_type="string" advanced="0">
    <default_value></default_value>
    <relation group_id="fs_avatar_gallery" display_order="3"/>
  </option>
  <option option_id="ai_avatar_limit" edit_format="spinbox" data_type="integer" advanced="0">
    <default_value>2</default_value>
    <relation group_id="fs_avatar_gallery" display_order="5"/>
  </option>
  <option option_id="fs_change_the_path_to_the_tmp_file" edit_format="textbox" data_type="string" advanced="0">
    <default_value>/tmp</default_value>
    <relation group_id="fs_avatar_gallery" display_order="2"/>
  </option>
  <option option_id="fs_enable" edit_format="onoff" data_type="boolean" advanced="0">
    <default_value>0</default_value>
    <relation group_id="fs_avatar_gallery" display_order="1"/>
  </option>
</options>
