<?xml version="1.0" encoding="utf-8"?>
<class_extensions>
  <extension from_class="AVForums\PrefixEssentials\Pub\Controller\PrefixEss" to_class="SV\MultiPrefix\AVForums\PrefixEssentials\Pub\Controller\PrefixEss" execute_order="6281" active="1"/>
  <extension from_class="AVForums\PrefixEssentials\Repository\PrefixEssentials" to_class="SV\MultiPrefix\AVForums\PrefixEssentials\Repository\PrefixEssentials" execute_order="6281" active="1"/>
  <extension from_class="DBTech\eCommerce\Admin\Controller\Category" to_class="SV\MultiPrefix\DBTech\eCommerce\Admin\Controller\Category" execute_order="6281" active="1"/>
  <extension from_class="DBTech\eCommerce\Admin\Controller\Product" to_class="SV\MultiPrefix\DBTech\eCommerce\Admin\Controller\Product" execute_order="6281" active="1"/>
  <extension from_class="DBTech\eCommerce\Api\Controller\Product" to_class="SV\MultiPrefix\DBTech\eCommerce\Api\Controller\Product" execute_order="6281" active="1"/>
  <extension from_class="DBTech\eCommerce\ControllerPlugin\Overview" to_class="SV\MultiPrefix\DBTech\eCommerce\ControllerPlugin\Overview" execute_order="6281000" active="1"/>
  <extension from_class="DBTech\eCommerce\Entity\Category" to_class="SV\MultiPrefix\DBTech\eCommerce\Entity\Category" execute_order="6281" active="1"/>
  <extension from_class="DBTech\eCommerce\Entity\Product" to_class="SV\MultiPrefix\DBTech\eCommerce\Entity\Product" execute_order="6281" active="1"/>
  <extension from_class="DBTech\eCommerce\Entity\ProductPrefix" to_class="SV\MultiPrefix\DBTech\eCommerce\Entity\ProductPrefix" execute_order="6281" active="1"/>
  <extension from_class="DBTech\eCommerce\Finder\Product" to_class="SV\MultiPrefix\DBTech\eCommerce\Finder\Product" execute_order="6281" active="1"/>
  <extension from_class="DBTech\eCommerce\InlineMod\Product\ApplyPrefix" to_class="SV\MultiPrefix\DBTech\eCommerce\InlineMod\Product\ApplyPrefix" execute_order="6281" active="1"/>
  <extension from_class="DBTech\eCommerce\InlineMod\Product\Move" to_class="SV\MultiPrefix\DBTech\eCommerce\InlineMod\Product\Move" execute_order="6281" active="1"/>
  <extension from_class="DBTech\eCommerce\Pub\Controller\Product" to_class="SV\MultiPrefix\DBTech\eCommerce\Pub\Controller\Product" execute_order="6281" active="1"/>
  <extension from_class="DBTech\eCommerce\Repository\CategoryPrefix" to_class="SV\MultiPrefix\DBTech\eCommerce\Repository\CategoryPrefix" execute_order="6281" active="1"/>
  <extension from_class="DBTech\eCommerce\Search\Data\Product" to_class="SV\MultiPrefix\DBTech\eCommerce\Search\Data\Product" execute_order="6281" active="1"/>
  <extension from_class="DBTech\eCommerce\Service\Product\Create" to_class="SV\MultiPrefix\DBTech\eCommerce\Service\Product\Create" execute_order="6281" active="1"/>
  <extension from_class="DBTech\eCommerce\Service\Product\Edit" to_class="SV\MultiPrefix\DBTech\eCommerce\Service\Product\Edit" execute_order="6281" active="1"/>
  <extension from_class="DBTech\eCommerce\Service\Product\Move" to_class="SV\MultiPrefix\DBTech\eCommerce\Service\Product\Move" execute_order="6281" active="1"/>
  <extension from_class="DBTech\Shop\Admin\Controller\Category" to_class="SV\MultiPrefix\DBTech\Shop\Admin\Controller\Category" execute_order="6281" active="1"/>
  <extension from_class="DBTech\Shop\Admin\Controller\Item" to_class="SV\MultiPrefix\DBTech\Shop\Admin\Controller\Item" execute_order="6281" active="1"/>
  <extension from_class="DBTech\Shop\ControllerPlugin\Overview" to_class="SV\MultiPrefix\DBTech\Shop\ControllerPlugin\Overview" execute_order="6281000" active="1"/>
  <extension from_class="DBTech\Shop\Entity\Category" to_class="SV\MultiPrefix\DBTech\Shop\Entity\Category" execute_order="6281" active="1"/>
  <extension from_class="DBTech\Shop\Entity\Item" to_class="SV\MultiPrefix\DBTech\Shop\Entity\Item" execute_order="6281" active="1"/>
  <extension from_class="DBTech\Shop\Entity\ItemPrefix" to_class="SV\MultiPrefix\DBTech\Shop\Entity\ItemPrefix" execute_order="6281" active="1"/>
  <extension from_class="DBTech\Shop\Finder\Item" to_class="SV\MultiPrefix\DBTech\Shop\Finder\Item" execute_order="6281" active="1"/>
  <extension from_class="DBTech\Shop\InlineMod\Item\ApplyPrefix" to_class="SV\MultiPrefix\DBTech\Shop\InlineMod\Item\ApplyPrefix" execute_order="6281" active="1"/>
  <extension from_class="DBTech\Shop\InlineMod\Item\Move" to_class="SV\MultiPrefix\DBTech\Shop\InlineMod\Item\Move" execute_order="6281" active="1"/>
  <extension from_class="DBTech\Shop\Pub\Controller\Item" to_class="SV\MultiPrefix\DBTech\Shop\Pub\Controller\Item" execute_order="6281" active="1"/>
  <extension from_class="DBTech\Shop\Repository\CategoryPrefix" to_class="SV\MultiPrefix\DBTech\Shop\Repository\CategoryPrefix" execute_order="6281" active="1"/>
  <extension from_class="DBTech\Shop\Search\Data\Item" to_class="SV\MultiPrefix\DBTech\Shop\Search\Data\Item" execute_order="6281" active="1"/>
  <extension from_class="DBTech\Shop\Service\Item\Create" to_class="SV\MultiPrefix\DBTech\Shop\Service\Item\Create" execute_order="6281" active="1"/>
  <extension from_class="DBTech\Shop\Service\Item\Edit" to_class="SV\MultiPrefix\DBTech\Shop\Service\Item\Edit" execute_order="6281" active="1"/>
  <extension from_class="DBTech\Shop\Service\Item\Move" to_class="SV\MultiPrefix\DBTech\Shop\Service\Item\Move" execute_order="6281" active="1"/>
  <extension from_class="SV\ConversationEssentials\XF\InlineMod\Conversation\CopyToThread" to_class="SV\MultiPrefix\SV\ConversationEssentials\XF\InlineMod\Conversation\CopyToThread" execute_order="6281" active="1"/>
  <extension from_class="XenConcept\ProjectManager\Admin\Controller\Category" to_class="SV\MultiPrefix\XenConcept\ProjectManager\Admin\Controller\Category" execute_order="8281" active="1"/>
  <extension from_class="XenConcept\ProjectManager\Api\Controller\ProjectItem" to_class="SV\MultiPrefix\XenConcept\ProjectManager\Api\Controller\ProjectItem" execute_order="8281" active="1"/>
  <extension from_class="XenConcept\ProjectManager\Api\Controller\ProjectItem" to_class="SV\MultiPrefix\XenConcept\ProjectManager\Api\Controller\ProjectItems" execute_order="10" active="1"/>
  <extension from_class="XenConcept\ProjectManager\Api\Controller\ProjectItems" to_class="SV\MultiPrefix\XenConcept\ProjectManager\Api\Controller\ProjectItems" execute_order="8281" active="1"/>
  <extension from_class="XenConcept\ProjectManager\Api\Controller\ProjectTask" to_class="SV\MultiPrefix\XenConcept\ProjectManager\Api\Controller\ProjectTask" execute_order="8281" active="1"/>
  <extension from_class="XenConcept\ProjectManager\Api\Controller\ProjectTasks" to_class="SV\MultiPrefix\XenConcept\ProjectManager\Api\Controller\ProjectTasks" execute_order="8281" active="1"/>
  <extension from_class="XenConcept\ProjectManager\ControllerPlugin\Overview" to_class="SV\MultiPrefix\XenConcept\ProjectManager\ControllerPlugin\Overview" execute_order="8281" active="1"/>
  <extension from_class="XenConcept\ProjectManager\Entity\Category" to_class="SV\MultiPrefix\XenConcept\ProjectManager\Entity\Category" execute_order="8281" active="1"/>
  <extension from_class="XenConcept\ProjectManager\Entity\ProjectItem" to_class="SV\MultiPrefix\XenConcept\ProjectManager\Entity\ProjectItem" execute_order="8281" active="1"/>
  <extension from_class="XenConcept\ProjectManager\Entity\ProjectTask" to_class="SV\MultiPrefix\XenConcept\ProjectManager\Entity\ProjectTask" execute_order="8281" active="1"/>
  <extension from_class="XenConcept\ProjectManager\Finder\ProjectItem" to_class="SV\MultiPrefix\XenConcept\ProjectManager\Finder\ProjectItem" execute_order="8281" active="1"/>
  <extension from_class="XenConcept\ProjectManager\Finder\ProjectTask" to_class="SV\MultiPrefix\XenConcept\ProjectManager\Finder\ProjectTask" execute_order="8281" active="1"/>
  <extension from_class="XenConcept\ProjectManager\InlineMod\ProjectItem\ApplyPrefix" to_class="SV\MultiPrefix\XenConcept\ProjectManager\InlineMod\ProjectItem\ApplyPrefix" execute_order="8281" active="1"/>
  <extension from_class="XenConcept\ProjectManager\InlineMod\ProjectItem\Move" to_class="SV\MultiPrefix\XenConcept\ProjectManager\InlineMod\ProjectItem\Move" execute_order="8281" active="1"/>
  <extension from_class="XenConcept\ProjectManager\Pub\Controller\Category" to_class="SV\MultiPrefix\XenConcept\ProjectManager\Pub\Controller\Category" execute_order="8281" active="1"/>
  <extension from_class="XenConcept\ProjectManager\Pub\Controller\ProjectItem" to_class="SV\MultiPrefix\XenConcept\ProjectManager\Pub\Controller\ProjectItem" execute_order="8281" active="1"/>
  <extension from_class="XenConcept\ProjectManager\Pub\Controller\ProjectTask" to_class="SV\MultiPrefix\XenConcept\ProjectManager\Pub\Controller\ProjectTask" execute_order="8281" active="1"/>
  <extension from_class="XenConcept\ProjectManager\Repository\CategoryPrefix" to_class="SV\MultiPrefix\XenConcept\ProjectManager\Repository\CategoryPrefix" execute_order="8281" active="1"/>
  <extension from_class="XenConcept\ProjectManager\Search\Data\ProjectItem" to_class="SV\MultiPrefix\XenConcept\ProjectManager\Search\Data\ProjectItem" execute_order="8281" active="1"/>
  <extension from_class="XenConcept\ProjectManager\Service\ProjectItem\Create" to_class="SV\MultiPrefix\XenConcept\ProjectManager\Service\ProjectItem\Create" execute_order="8281" active="1"/>
  <extension from_class="XenConcept\ProjectManager\Service\ProjectItem\Edit" to_class="SV\MultiPrefix\XenConcept\ProjectManager\Service\ProjectItem\Edit" execute_order="8281" active="1"/>
  <extension from_class="XenConcept\ProjectManager\Service\ProjectItem\Move" to_class="SV\MultiPrefix\XenConcept\ProjectManager\Service\ProjectItem\Move" execute_order="8281" active="1"/>
  <extension from_class="XenConcept\ProjectManager\Service\ProjectTask\Create" to_class="SV\MultiPrefix\XenConcept\ProjectManager\Service\ProjectTask\Create" execute_order="8281" active="1"/>
  <extension from_class="XenConcept\ProjectManager\Service\ProjectTask\Edit" to_class="SV\MultiPrefix\XenConcept\ProjectManager\Service\ProjectTask\Edit" execute_order="8281" active="1"/>
  <extension from_class="XFRM\Admin\Controller\Category" to_class="SV\MultiPrefix\XFRM\Admin\Controller\Category" execute_order="6281" active="1"/>
  <extension from_class="XFRM\Api\Controller\ResourceItem" to_class="SV\MultiPrefix\XFRM\Api\Controller\ResourceItem" execute_order="6281" active="1"/>
  <extension from_class="XFRM\Api\Controller\ResourceItems" to_class="SV\MultiPrefix\XFRM\Api\Controller\ResourceItems" execute_order="6281" active="1"/>
  <extension from_class="XFRM\ControllerPlugin\Overview" to_class="SV\MultiPrefix\XFRM\ControllerPlugin\Overview" execute_order="6281000" active="1"/>
  <extension from_class="XFRM\Entity\Category" to_class="SV\MultiPrefix\XFRM\Entity\Category" execute_order="6281" active="1"/>
  <extension from_class="XFRM\Entity\ResourceItem" to_class="SV\MultiPrefix\XFRM\Entity\ResourceItem" execute_order="6281" active="1"/>
  <extension from_class="XFRM\Entity\ResourcePrefix" to_class="SV\MultiPrefix\XFRM\Entity\ResourcePrefix" execute_order="6281" active="1"/>
  <extension from_class="XFRM\Finder\ResourceItem" to_class="SV\MultiPrefix\XFRM\Finder\ResourceItem" execute_order="6281" active="1"/>
  <extension from_class="XFRM\InlineMod\ResourceItem\ApplyPrefix" to_class="SV\MultiPrefix\XFRM\InlineMod\ResourceItem\ApplyPrefix" execute_order="6281" active="1"/>
  <extension from_class="XFRM\InlineMod\ResourceItem\Move" to_class="SV\MultiPrefix\XFRM\InlineMod\ResourceItem\Move" execute_order="6281" active="1"/>
  <extension from_class="XFRM\Pub\Controller\Category" to_class="SV\MultiPrefix\XFRM\Pub\Controller\Category" execute_order="6281" active="1"/>
  <extension from_class="XFRM\Pub\Controller\ResourceItem" to_class="SV\MultiPrefix\XFRM\Pub\Controller\ResourceItem" execute_order="9" active="1"/>
  <extension from_class="XFRM\Repository\CategoryPrefix" to_class="SV\MultiPrefix\XFRM\Repository\CategoryPrefix" execute_order="6281" active="1"/>
  <extension from_class="XFRM\Search\Data\ResourceItem" to_class="SV\MultiPrefix\XFRM\Search\Data\ResourceItem" execute_order="6281" active="1"/>
  <extension from_class="XFRM\Service\ResourceItem\Create" to_class="SV\MultiPrefix\XFRM\Service\ResourceItem\Create" execute_order="6281" active="1"/>
  <extension from_class="XFRM\Service\ResourceItem\Edit" to_class="SV\MultiPrefix\XFRM\Service\ResourceItem\Edit" execute_order="6281" active="1"/>
  <extension from_class="XFRM\Service\ResourceItem\Move" to_class="SV\MultiPrefix\XFRM\Service\ResourceItem\Move" execute_order="6281" active="1"/>
  <extension from_class="XF\Admin\Controller\Feed" to_class="SV\MultiPrefix\XF\Admin\Controller\Feed" execute_order="6281" active="1"/>
  <extension from_class="XF\Admin\Controller\Forum" to_class="SV\MultiPrefix\XF\Admin\Controller\Forum" execute_order="6281" active="1"/>
  <extension from_class="XF\Alert\User" to_class="SV\MultiPrefix\XF\Alert\User" execute_order="6281" active="1"/>
  <extension from_class="XF\Api\Controller\Thread" to_class="SV\MultiPrefix\XF\Api\Controller\Thread" execute_order="6281" active="1"/>
  <extension from_class="XF\Api\Controller\Threads" to_class="SV\MultiPrefix\XF\Api\Controller\Threads" execute_order="6281" active="1"/>
  <extension from_class="XF\ControllerPlugin\Draft" to_class="SV\MultiPrefix\XF\ControllerPlugin\Draft" execute_order="6281" active="1"/>
  <extension from_class="XF\Entity\Feed" to_class="SV\MultiPrefix\XF\Entity\Feed" execute_order="6281" active="1"/>
  <extension from_class="XF\Entity\Forum" to_class="SV\MultiPrefix\XF\Entity\Forum" execute_order="6281" active="1"/>
  <extension from_class="XF\Entity\Thread" to_class="SV\MultiPrefix\XF\Entity\Thread" execute_order="6281" active="1"/>
  <extension from_class="XF\Entity\ThreadPrefix" to_class="SV\MultiPrefix\XF\Entity\ThreadPrefix" execute_order="6281" active="1"/>
  <extension from_class="XF\Finder\Thread" to_class="SV\MultiPrefix\XF\Finder\Thread" execute_order="6281" active="1"/>
  <extension from_class="XF\ForumType\Suggestion" to_class="SV\MultiPrefix\XF\ForumType\Suggestion" execute_order="6281" active="1"/>
  <extension from_class="XF\InlineMod\Post\Copy" to_class="SV\MultiPrefix\XF\InlineMod\Post\Copy" execute_order="6281" active="1"/>
  <extension from_class="XF\InlineMod\Post\Move" to_class="SV\MultiPrefix\XF\InlineMod\Post\Move" execute_order="6281" active="1"/>
  <extension from_class="XF\InlineMod\Thread\ApplyPrefix" to_class="SV\MultiPrefix\XF\InlineMod\Thread\ApplyPrefix" execute_order="6281" active="1"/>
  <extension from_class="XF\InlineMod\Thread\Move" to_class="SV\MultiPrefix\XF\InlineMod\Thread\Move" execute_order="6281" active="1"/>
  <extension from_class="XF\Job\ThreadAction" to_class="SV\MultiPrefix\XF\Job\ThreadAction" execute_order="6281" active="1"/>
  <extension from_class="XF\Mail\Templater" to_class="SV\MultiPrefix\XF\Mail\Templater" execute_order="6281" active="1"/>
  <extension from_class="XF\Pub\Controller\Conversation" to_class="SV\MultiPrefix\XF\Pub\Controller\Conversation" execute_order="62810" active="1"/>
  <extension from_class="XF\Pub\Controller\Forum" to_class="SV\MultiPrefix\XF\Pub\Controller\Forum" execute_order="6281000" active="1"/>
  <extension from_class="XF\Pub\Controller\Post" to_class="SV\MultiPrefix\XF\Pub\Controller\Post" execute_order="6281" active="1"/>
  <extension from_class="XF\Pub\Controller\Thread" to_class="SV\MultiPrefix\XF\Pub\Controller\Thread" execute_order="6281" active="1"/>
  <extension from_class="XF\Repository\ForumPrefix" to_class="SV\MultiPrefix\XF\Repository\ForumPrefix" execute_order="6281" active="1"/>
  <extension from_class="XF\Repository\Post" to_class="SV\MultiPrefix\XF\Repository\Post" execute_order="6281" active="1"/>
  <extension from_class="XF\Repository\Thread" to_class="SV\MultiPrefix\XF\Repository\Thread" execute_order="6281" active="1"/>
  <extension from_class="XF\Searcher\Thread" to_class="SV\MultiPrefix\XF\Searcher\Thread" execute_order="6281" active="1"/>
  <extension from_class="XF\Search\Data\Thread" to_class="SV\MultiPrefix\XF\Search\Data\Thread" execute_order="6281" active="1"/>
  <extension from_class="XF\Service\Feed\Feeder" to_class="SV\MultiPrefix\XF\Service\Feed\Feeder" execute_order="6281" active="1"/>
  <extension from_class="XF\Service\Post\Copier" to_class="SV\MultiPrefix\XF\Service\Post\Copier" execute_order="6281" active="1"/>
  <extension from_class="XF\Service\Post\Mover" to_class="SV\MultiPrefix\XF\Service\Post\Mover" execute_order="6281" active="1"/>
  <extension from_class="XF\Service\Report\Creator" to_class="SV\MultiPrefix\XF\Service\Report\Creator" execute_order="6281" active="1"/>
  <extension from_class="XF\Service\Thread\Creator" to_class="SV\MultiPrefix\XF\Service\Thread\Creator" execute_order="6281" active="1"/>
  <extension from_class="XF\Service\Thread\Editor" to_class="SV\MultiPrefix\XF\Service\Thread\Editor" execute_order="6281" active="1"/>
  <extension from_class="XF\Service\Thread\Mover" to_class="SV\MultiPrefix\XF\Service\Thread\Mover" execute_order="6281" active="1"/>
  <extension from_class="XF\Template\Templater" to_class="SV\MultiPrefix\XF\Template\Templater" execute_order="1" active="1"/>
  <extension from_class="XF\ThreadType\Suggestion" to_class="SV\MultiPrefix\XF\ThreadType\Suggestion" execute_order="6281" active="1"/>
</class_extensions>
