{
    "src/addons/FS/SelectTeam/addon.json": "e29e2c259f58c5963df794eb2e93e1cce20b880a981d660ae81e46bb9a0eabe7",
    "src/addons/FS/SelectTeam/Admin/Controller/Team.php": "9e0db8743967aecd86edde52e093fe64396e3995af81564d42e82fd2547580f2",
    "src/addons/FS/SelectTeam/Entity/Team.php": "bd884a8c460566ad30364366c3c7426271dee90b0590cc2c0ff0327453a1105a",
    "src/addons/FS/SelectTeam/Install/Data/MySql.php": "694e3dbdca9272802c09877328cbaeb88fcaf507557b11bf89a30e015013a309",
    "src/addons/FS/SelectTeam/Pub/Controller/Team.php": "b50580fc97509ae769bb21fba56e70e80fa527a27bd7ff3f6f3c84d1e77bf6e8",
    "src/addons/FS/SelectTeam/Service/Upload.php": "c0d29976c6605ba09775494faab4eaf8cf2ef7c91ca16a51994e8119cbc6902c",
    "src/addons/FS/SelectTeam/Setup.php": "773bd770326b5d00454d491fe9f0757c1cd9cbdb821166f648124cd5ec8d5b10",
    "src/addons/FS/SelectTeam/XF/Entity/User.php": "94d155053ee2620243e86c50599fb97dd4c16aefe15b0954b51ea9405a7b397b",
    "src/addons/FS/SelectTeam/_data/activity_summary_definitions.xml": "99d8c2563a31320d66f958fc8bda78613545f5f7959bb3cf5318805e3a3c39d2",
    "src/addons/FS/SelectTeam/_data/admin_navigation.xml": "7e9a1ab6f311bb2cab915fb3a7985ec80b8fac69ed9b127cee105c5d86131534",
    "src/addons/FS/SelectTeam/_data/admin_permission.xml": "ec6fb97cebf0bceb24f1ed1d5778c1db54eeb7535fbb3e31d824840e7aa9ff87",
    "src/addons/FS/SelectTeam/_data/advertising_positions.xml": "d2f7cbe844bb1df3cf878d22ff6306249245c8ff6b0b87b9b729744bec538261",
    "src/addons/FS/SelectTeam/_data/api_scopes.xml": "6793eaf758f140e8137187ba20e65f4faccf53410433ae3ad7a8b3b38cb6b3b7",
    "src/addons/FS/SelectTeam/_data/bb_codes.xml": "faa4ddd5f4a365e5ac39aebdcbe2d25aedf74e7eb9ea4a812766e2fd5e13bdb1",
    "src/addons/FS/SelectTeam/_data/bb_code_media_sites.xml": "29762987990187b33e43cfb68c08dc917b2d3f0176613d78f8e6c453f82da3f3",
    "src/addons/FS/SelectTeam/_data/class_extensions.xml": "35b62844e4d599f9f3f95b62e8ef230a178b3bc5c181344d5348d9f45e50d62e",
    "src/addons/FS/SelectTeam/_data/code_events.xml": "8370dec3df47f91df4cf79da253446ad11b29f4ea568fe76c774e97a0379f0eb",
    "src/addons/FS/SelectTeam/_data/code_event_listeners.xml": "d6b5072f4909dee7a20ee9e44b163f95c8aa52e6ac7f573e292000cd9238c331",
    "src/addons/FS/SelectTeam/_data/content_type_fields.xml": "c7ad5472b28f465b7ac7617627707eba1b7a39d28089460d52e1ed292fc0b06a",
    "src/addons/FS/SelectTeam/_data/cron.xml": "323c4284742ef24329cd6db6f288eb9736d2353f36852e1db12591e1583aea26",
    "src/addons/FS/SelectTeam/_data/help_pages.xml": "a8a0c0b06cdc550438bc8a8d385af3e1e5ab3459877dfb934c1c31be59c89163",
    "src/addons/FS/SelectTeam/_data/member_stats.xml": "89fb2b93ff1eca7a1f6f752248edf6090dfd24037db1446fd18ff7143f08124d",
    "src/addons/FS/SelectTeam/_data/navigation.xml": "f75e1c03a45a360bbdfcd0567121665082315068475d5b0feb8b1acbb1688651",
    "src/addons/FS/SelectTeam/_data/options.xml": "c6185c5a2dab478644f3b51f23d9c00249bc65f491b461709d3e16eaafa471fb",
    "src/addons/FS/SelectTeam/_data/option_groups.xml": "bdb65cde423c2d4c8b8faac33f88bfd349ae5dba0d4872c39867bb9d4dbd7665",
    "src/addons/FS/SelectTeam/_data/permissions.xml": "7e4fc7d5826733d15ea2d8936b9bdd41afcaad810eb38e50da3c8d8eafda1550",
    "src/addons/FS/SelectTeam/_data/permission_interface_groups.xml": "3177224e96458b829aa7fb24866dda9e0455a4922aee3d669b53f59a1ffdf5d1",
    "src/addons/FS/SelectTeam/_data/phrases.xml": "64ca883ab249ead7689223528fb51090076224db66d5b550d09cb99e661b6523",
    "src/addons/FS/SelectTeam/_data/routes.xml": "d0d71c1faf97ef99f2f58a84ad820e18d2de8370ba64d982abb81bd8aeac94d4",
    "src/addons/FS/SelectTeam/_data/style_properties.xml": "8b8690a8512f01f219dd2da76e3d0c5f62afc1f317b87794a7331c859c36a7a8",
    "src/addons/FS/SelectTeam/_data/style_property_groups.xml": "68e1879cb3846c42d978487aa8d5145ff3335fc39e58016878824d5cf3fd684c",
    "src/addons/FS/SelectTeam/_data/templates.xml": "ecbba6a6fa02122043bf6c8064a37313ee1b056abfedbb9a9ae8255d19fbf8ed",
    "src/addons/FS/SelectTeam/_data/template_modifications.xml": "1b4cbc5a51084ec1e8a0b6f329cd38d18dce812d41c15364eaf20593ea10d78c",
    "src/addons/FS/SelectTeam/_data/widget_definitions.xml": "37e46965256430f24004c2e7f08ba08f9b0d1cbcc4d70e84b3f4e3ffb713e64b",
    "src/addons/FS/SelectTeam/_data/widget_positions.xml": "a29cee66134f6bc5d75ed9df1eef21096c24401915c5b5c774389c3d7bb2d5b3"
}