{
    "src/addons/FS/CheckAttachment/addon.json": "ff7a9ebe8448649c5b60508a8a9c72ff98b3e66671a013017f90720ce610beb4",
    "src/addons/FS/CheckAttachment/Service/ValidateAttachments.php": "fe435d43cbc6657684c5a855419c22efadb1994690d7f1dfcd2c80c79d47234d",
    "src/addons/FS/CheckAttachment/Setup.php": "0154365b4d8a1ad037cf66149bd7617fe6bc74d414fffddf946f7b4d036dfd1e",
    "src/addons/FS/CheckAttachment/XF/Pub/Controller/Forum.php": "607a511c2fdcdf1db1c586fdb64d37e0113c9a48c56dcc13b1aafae8368ae826",
    "src/addons/FS/CheckAttachment/XF/Pub/Controller/Post.php": "4a126151a8f2621560537e78b31e1f1db4a052fc2ac8f0a136a5e4660942da5a",
    "src/addons/FS/CheckAttachment/XF/Pub/Controller/Thread.php": "142914d75850628b8bda41722ddf58db446bf338dfe20f9c702dabf971869973",
    "src/addons/FS/CheckAttachment/_data/activity_summary_definitions.xml": "99d8c2563a31320d66f958fc8bda78613545f5f7959bb3cf5318805e3a3c39d2",
    "src/addons/FS/CheckAttachment/_data/admin_navigation.xml": "064ec797484ac00d5ee37367b50b06846d11f480d00550997712707f8fdac8c0",
    "src/addons/FS/CheckAttachment/_data/admin_permission.xml": "ec6fb97cebf0bceb24f1ed1d5778c1db54eeb7535fbb3e31d824840e7aa9ff87",
    "src/addons/FS/CheckAttachment/_data/advertising_positions.xml": "d2f7cbe844bb1df3cf878d22ff6306249245c8ff6b0b87b9b729744bec538261",
    "src/addons/FS/CheckAttachment/_data/api_scopes.xml": "6793eaf758f140e8137187ba20e65f4faccf53410433ae3ad7a8b3b38cb6b3b7",
    "src/addons/FS/CheckAttachment/_data/bb_codes.xml": "faa4ddd5f4a365e5ac39aebdcbe2d25aedf74e7eb9ea4a812766e2fd5e13bdb1",
    "src/addons/FS/CheckAttachment/_data/bb_code_media_sites.xml": "29762987990187b33e43cfb68c08dc917b2d3f0176613d78f8e6c453f82da3f3",
    "src/addons/FS/CheckAttachment/_data/class_extensions.xml": "af95de1045008fdae7f94d287f9d32ba8cdb1cff8ffac3793cd302de84b598be",
    "src/addons/FS/CheckAttachment/_data/code_events.xml": "8370dec3df47f91df4cf79da253446ad11b29f4ea568fe76c774e97a0379f0eb",
    "src/addons/FS/CheckAttachment/_data/code_event_listeners.xml": "d6b5072f4909dee7a20ee9e44b163f95c8aa52e6ac7f573e292000cd9238c331",
    "src/addons/FS/CheckAttachment/_data/content_type_fields.xml": "c7ad5472b28f465b7ac7617627707eba1b7a39d28089460d52e1ed292fc0b06a",
    "src/addons/FS/CheckAttachment/_data/cron.xml": "323c4284742ef24329cd6db6f288eb9736d2353f36852e1db12591e1583aea26",
    "src/addons/FS/CheckAttachment/_data/help_pages.xml": "a8a0c0b06cdc550438bc8a8d385af3e1e5ab3459877dfb934c1c31be59c89163",
    "src/addons/FS/CheckAttachment/_data/member_stats.xml": "89fb2b93ff1eca7a1f6f752248edf6090dfd24037db1446fd18ff7143f08124d",
    "src/addons/FS/CheckAttachment/_data/navigation.xml": "f75e1c03a45a360bbdfcd0567121665082315068475d5b0feb8b1acbb1688651",
    "src/addons/FS/CheckAttachment/_data/options.xml": "d2523bcaea18c01c64ea2650359a11cbec901dff9acf0ebfdc86d282564d2219",
    "src/addons/FS/CheckAttachment/_data/option_groups.xml": "aacd82081f3bee2161872b4c92cca7d65cbe37582f23848cb62b88d4ee62da52",
    "src/addons/FS/CheckAttachment/_data/permissions.xml": "7e4fc7d5826733d15ea2d8936b9bdd41afcaad810eb38e50da3c8d8eafda1550",
    "src/addons/FS/CheckAttachment/_data/permission_interface_groups.xml": "3177224e96458b829aa7fb24866dda9e0455a4922aee3d669b53f59a1ffdf5d1",
    "src/addons/FS/CheckAttachment/_data/phrases.xml": "8608b7033c7038fd04e8ebd9b636b3a61ddcf14a6bd40d3ac9ef045f2da422b3",
    "src/addons/FS/CheckAttachment/_data/routes.xml": "550fa64f9feedf137dd877b38c2684f94474619d2d83890dbb717a91b50da8f5",
    "src/addons/FS/CheckAttachment/_data/style_properties.xml": "8b8690a8512f01f219dd2da76e3d0c5f62afc1f317b87794a7331c859c36a7a8",
    "src/addons/FS/CheckAttachment/_data/style_property_groups.xml": "68e1879cb3846c42d978487aa8d5145ff3335fc39e58016878824d5cf3fd684c",
    "src/addons/FS/CheckAttachment/_data/templates.xml": "95d4b078b90e74e773cef6695ef94c742e74b8d62e6798738f11f0215a58faee",
    "src/addons/FS/CheckAttachment/_data/template_modifications.xml": "3b54b7df00a6a4a18c5e012b6e2588e35c23aaa13a5fc227f08646a97590d778",
    "src/addons/FS/CheckAttachment/_data/widget_definitions.xml": "37e46965256430f24004c2e7f08ba08f9b0d1cbcc4d70e84b3f4e3ffb713e64b",
    "src/addons/FS/CheckAttachment/_data/widget_positions.xml": "a29cee66134f6bc5d75ed9df1eef21096c24401915c5b5c774389c3d7bb2d5b3"
}