{
    "js/pf/editorsymbols/editor.js": "008622e7a1d2a3044a81e762f6df4e0299bde4979af3f55a19c5befd5b2e9f55",
    "js/pf/editorsymbols/editor.min.js": "6b3acbe11b538231dc3d95751f998902c68b6a6396ce56a472325f1a9b036cae",
    "js/pf/editorsymbols/editor copy.js": "ce23923323e1c0e169deff9bd9be8eef5d076eaf862d6dd83ec1799e927bef75",
    "js/pf/editorsymbols/editor copy 2.js": "098015ccdc0e5f9aedfbae9c3315b1d0cc16703a677469917f36858da7459313",
    "js/pf/editorsymbols/editorsymbols.js": "9804fdc3a12b002794daa6b0cc2fefd74fb0cf7aab266cad1a13ff7100ec7389",
    "js/pf/editorsymbols/editor_old.js": "8dc953c58c6e10d94a4af26d9a10bed5609965593a3c08a1b818a60fd2c7e194",
    "js/pf/editorsymbols/index.html": "e3b0c44298fc1c149afbf4c8996fb92427ae41e4649b934ca495991b7852b855",
    "js/pf/index.html": "e3b0c44298fc1c149afbf4c8996fb92427ae41e4649b934ca495991b7852b855",
    "src/addons/PF/EditorSymbols/addon.json": "ea010418a7f236d8752ac7daf6f5c98ef5c9ab3de9121338304a4d6bb13ae123",
    "src/addons/PF/EditorSymbols/BbCode/Symbols.php": "3b59537b3a31a0bd7408d439cc63fb5be79b79af97e81628a731b817bcc2722a",
    "src/addons/PF/EditorSymbols/desktop.ini": "101594c24d67435c37cbe58d0ec6f789260f7c88b9bbaa90767746d02b3be28c",
    "src/addons/PF/EditorSymbols/Listener.php": "b19da81b3b89cb28614b4db6b0358679f814aa5e6ab479266b52b206e35f9c8c",
    "src/addons/PF/EditorSymbols/XF/Pub/Controller/Editor.php": "6508205ee1c4fa1730dda6b5e9e139a51a6b3956a061dd1a8a670c77b21b265d",
    "src/addons/PF/EditorSymbols/_data/activity_summary_definitions.xml": "99d8c2563a31320d66f958fc8bda78613545f5f7959bb3cf5318805e3a3c39d2",
    "src/addons/PF/EditorSymbols/_data/admin_navigation.xml": "064ec797484ac00d5ee37367b50b06846d11f480d00550997712707f8fdac8c0",
    "src/addons/PF/EditorSymbols/_data/admin_permission.xml": "ec6fb97cebf0bceb24f1ed1d5778c1db54eeb7535fbb3e31d824840e7aa9ff87",
    "src/addons/PF/EditorSymbols/_data/advertising_positions.xml": "d2f7cbe844bb1df3cf878d22ff6306249245c8ff6b0b87b9b729744bec538261",
    "src/addons/PF/EditorSymbols/_data/api_scopes.xml": "6793eaf758f140e8137187ba20e65f4faccf53410433ae3ad7a8b3b38cb6b3b7",
    "src/addons/PF/EditorSymbols/_data/bb_codes.xml": "faa4ddd5f4a365e5ac39aebdcbe2d25aedf74e7eb9ea4a812766e2fd5e13bdb1",
    "src/addons/PF/EditorSymbols/_data/bb_code_media_sites.xml": "29762987990187b33e43cfb68c08dc917b2d3f0176613d78f8e6c453f82da3f3",
    "src/addons/PF/EditorSymbols/_data/class_extensions.xml": "0203a009366d51bad8bd7d4132a0f5ceb361ad54df40cd091c6c5129b0190a16",
    "src/addons/PF/EditorSymbols/_data/code_events.xml": "8370dec3df47f91df4cf79da253446ad11b29f4ea568fe76c774e97a0379f0eb",
    "src/addons/PF/EditorSymbols/_data/code_event_listeners.xml": "5b846f507b24440f377614431855e5f3d3dbc2d520cb0f45ca595b1f560139bb",
    "src/addons/PF/EditorSymbols/_data/content_type_fields.xml": "c7ad5472b28f465b7ac7617627707eba1b7a39d28089460d52e1ed292fc0b06a",
    "src/addons/PF/EditorSymbols/_data/cron.xml": "323c4284742ef24329cd6db6f288eb9736d2353f36852e1db12591e1583aea26",
    "src/addons/PF/EditorSymbols/_data/help_pages.xml": "a8a0c0b06cdc550438bc8a8d385af3e1e5ab3459877dfb934c1c31be59c89163",
    "src/addons/PF/EditorSymbols/_data/member_stats.xml": "89fb2b93ff1eca7a1f6f752248edf6090dfd24037db1446fd18ff7143f08124d",
    "src/addons/PF/EditorSymbols/_data/navigation.xml": "f75e1c03a45a360bbdfcd0567121665082315068475d5b0feb8b1acbb1688651",
    "src/addons/PF/EditorSymbols/_data/options.xml": "4b9ac20c979f57ed94f35d3d4d95a24ee4d77f4072b1fd632f39e852196ffa00",
    "src/addons/PF/EditorSymbols/_data/option_groups.xml": "154d7a89664b243d0bd8227c22e241f934bf7e196c83230ee23d3c0c4fba1333",
    "src/addons/PF/EditorSymbols/_data/permissions.xml": "7e4fc7d5826733d15ea2d8936b9bdd41afcaad810eb38e50da3c8d8eafda1550",
    "src/addons/PF/EditorSymbols/_data/permission_interface_groups.xml": "3177224e96458b829aa7fb24866dda9e0455a4922aee3d669b53f59a1ffdf5d1",
    "src/addons/PF/EditorSymbols/_data/phrases.xml": "6661fbc3fea0f51a743b3267c29d974f4631f1d09b191b724812a24f8656f614",
    "src/addons/PF/EditorSymbols/_data/routes.xml": "550fa64f9feedf137dd877b38c2684f94474619d2d83890dbb717a91b50da8f5",
    "src/addons/PF/EditorSymbols/_data/style_properties.xml": "8b8690a8512f01f219dd2da76e3d0c5f62afc1f317b87794a7331c859c36a7a8",
    "src/addons/PF/EditorSymbols/_data/style_property_groups.xml": "68e1879cb3846c42d978487aa8d5145ff3335fc39e58016878824d5cf3fd684c",
    "src/addons/PF/EditorSymbols/_data/templates.xml": "c9dcd20d7475fd9cbfa7d8a0ef8cf8a4d404ecfa8bd0337a88c8e4785f60279e",
    "src/addons/PF/EditorSymbols/_data/template_modifications.xml": "0f7d1d33df0fd3daf9152bac2b063379b044e47fc67ef9290fce45327a32b34b",
    "src/addons/PF/EditorSymbols/_data/widget_definitions.xml": "37e46965256430f24004c2e7f08ba08f9b0d1cbcc4d70e84b3f4e3ffb713e64b",
    "src/addons/PF/EditorSymbols/_data/widget_positions.xml": "a29cee66134f6bc5d75ed9df1eef21096c24401915c5b5c774389c3d7bb2d5b3"
}