<?xml version="1.0" encoding="utf-8"?>
<template_modifications>
  <modification type="admin" template="bb_code_list" modification_key="fs_disable_bb_code_list_add_permmission_btn" description="fs_disable_bb_code_list_add_permmission_btn" execution_order="10" enabled="1" action="str_replace">
    <find><![CDATA[<xf:if is="!$exportView">]]></find>
    <replace><![CDATA[<xf:action
		   href="{{ link('bb-codes/permissions', $bbCode) }}">
	{{ phrase('permissions') }}
</xf:action>

$0]]></replace>
  </modification>
</template_modifications>
