{
    "js/bs/ai_bots/bot_edit.js": "6469873bf3318b0f9e0922f6a67af945b1a6ebdc85c91cf476bfc20ab72f6c09",
    "js/bs/ai_bots/bot_edit.min.js": "c7b31909fe98d83c04cf3f77e96a815c73f92c62b9279ba72a559175215da27e",
    "src/addons/BS/AIBots/addon.json": "bf3da23e2aab3d2e6e27b4afd9658fea0509e63b67d62bcbdbe91d780ba5e063",
    "src/addons/BS/AIBots/Admin/Controller/Bot.php": "af39c482fddb550d6ab5f9b4717139daf86dc779079d6fb02523d2204ccbe709",
    "src/addons/BS/AIBots/Admin/Controller/ChatGPTNodePrompt.php": "35cf8dec14b4bf4b4d61cf626b935b259bddc46847380018207fb483ed6817fa",
    "src/addons/BS/AIBots/Bot/AbstractBot.php": "cce805c80805d442ae77d696c7602b2b3db4d0743970097c631a57d8e5704c67",
    "src/addons/BS/AIBots/Bot/ChatGPT.php": "7864bcd07cd95fc44cc129147cc812f5e704716a599ad6e189d02d755fd89056",
    "src/addons/BS/AIBots/Bot/Concerns/ChatGPT/ReplyOnConversationMessage.php": "f6799ccdb5beca678b7762528da50a648a2f197ef9bf39cbb584edbc53cf9f8d",
    "src/addons/BS/AIBots/Bot/Concerns/ChatGPT/ReplyOnPost.php": "cd910f9a39245fad16ac6b6294f231c2843d37f18e2239923449d1a0a291bf41",
    "src/addons/BS/AIBots/Bot/Concerns/ChatGPT/ReplyOnProfilePost.php": "dfe35ca80a020b000e6463ced4df7d46e94e10036870f50663449991da5c78e0",
    "src/addons/BS/AIBots/Bot/Concerns/ChatGPT/ReplyOnProfilePostComment.php": "590e4ef04184a1f9e3b39ea2c3a962b97c911186726faa7de6d6a32172f846b1",
    "src/addons/BS/AIBots/Bot/Concerns/ChatGPT/Restrictions.php": "8fcd0dfe4a49db00afdadc3362a3f2c2d02773429e20de540dd26786737d8491",
    "src/addons/BS/AIBots/Bot/Concerns/ChatGPT/SessionActivity.php": "bfdbce223791e2fcb2fc68ebbe4bac3cac1b530575ab2ea4e920523c4e3b6ebb",
    "src/addons/BS/AIBots/Bot/Concerns/ChatGPT/Triggers.php": "033ab537afaaed3f807112e48d5ba1a3abfecc01cd0779c17eef66de203a8ee3",
    "src/addons/BS/AIBots/Bot/Concerns/ChatGPT/Verifiers.php": "41c424f349343ced19b0da5f54720db408494bae919751df911f4f8f2af79647",
    "src/addons/BS/AIBots/Bot/GPTDallE.php": "0689d0b107b05f8969613ac5fd865649ffab3ec7aa6baffc9053f30b6f8e999b",
    "src/addons/BS/AIBots/Bot/IBot.php": "60473b71e54cb514abc94e9210a49ae8845fc63412e24276ffc509e8a4c5865d",
    "src/addons/BS/AIBots/Entity/Bot.php": "decefc11a896c2ae45b8fc56dc11fda8e4f5ca3108bf8852c4d84239fa7b1f83",
    "src/addons/BS/AIBots/Entity/ChatGPTNodePrompt.php": "d5c5f3b73a936890ef6dfbe8256bca04350e62c4dfe656d8e5543ac3124afdf9",
    "src/addons/BS/AIBots/Entity/ReplyLog.php": "27caf03d88daff86b7def4d7b3b9f382a2662bc53b4c8d5f5b476400a489dc0b",
    "src/addons/BS/AIBots/Exception/ShouldRehandleException.php": "1e8929572c8b2809a106fd6f4154542287552a6201489aa5831c11e74ba2dd4a",
    "src/addons/BS/AIBots/Finder/ReplyLog.php": "fb51d46f8f8651ffa2e0ace81119afe843e3e01ddbafe87d8bdfab41e6e10fa6",
    "src/addons/BS/AIBots/icon.png": "536c4242ddcee2b04d060429a3ee4d12a452cc11a5ef71a5cdcec4369a2d9386",
    "src/addons/BS/AIBots/Job/ContextHandle.php": "da71996068b43a102abcbc9cbb6ca6c6d75f21aa7b08289c2aab2f9a727a67d0",
    "src/addons/BS/AIBots/Listener.php": "20acefdf52b95639a08172d8a85796f95a34334ab22423cd432c79cb599097fb",
    "src/addons/BS/AIBots/Repository/Bot.php": "af4a0b17ed24572721fd7b94d67844bbea7d34a3a4f79ddac6c93a49832771e3",
    "src/addons/BS/AIBots/Repository/ChatGPTNodePrompt.php": "2e6ec8fdafe283bab4fa5f4ca07da8f660b2a08bf567e29c8a9aec849a1e3057",
    "src/addons/BS/AIBots/Service/Bot/ContextHandleJobRunner.php": "c435b7a0203d49ef300196fa1867a436929063641c50b2808cc565103e3b19fa",
    "src/addons/BS/AIBots/Service/Bot/Creator.php": "7279cc62cdd5591119b21c014ff47532375293a3c3b6f5249bf8c9a4cbf4b91e",
    "src/addons/BS/AIBots/Service/Bot/Editor.php": "4798868f1272ddc765ea68cd19ef96c6331f07ef1e724e67a7099e9cb07fb65d",
    "src/addons/BS/AIBots/Service/ChatGPT/AbstractReplier.php": "c83e479e41fc5f1294bd3697fa052afa6572157b31c8fc49ecdd8c557236aa3a",
    "src/addons/BS/AIBots/Service/ChatGPT/AbstractStreamer.php": "92d6a938c5c6a9acf86582eaf9512b3e3560e0145a0e18cb953aab564211b81d",
    "src/addons/BS/AIBots/Service/ChatGPT/ConversationMessageReplier.php": "fabab99d49b316c9ef5a0593d917c06bb5f0da9446567ad6385d7a0e4c1e6378",
    "src/addons/BS/AIBots/Service/ChatGPT/PostReplier.php": "156c37e177c1c1da34e4e1700e677441e7a4fa3b11064a9ed5ef4e1d05425c34",
    "src/addons/BS/AIBots/Service/ChatGPT/ProfilePostCommentReplier.php": "33cb7336283f9d0282e837712311c3472c8accf17d6ed151d2dd2a7bc0dba91c",
    "src/addons/BS/AIBots/Service/ChatGPT/ProfilePostReplier.php": "64881bedcb630b2657d9856390a9257b5ea41416e138ddf7142886f796ace583",
    "src/addons/BS/AIBots/Service/ChatGPT/Requirements.php": "6a6d70f85424ba232f0864bdf93b11ab1de59fccc4e3c097dfa884847981e42d",
    "src/addons/BS/AIBots/Service/Concerns/ProfilePostComment.php": "424e6e15978d4e52e1cd2195cbd63203c77ce8ed4ae127b2695ffa1cd230874a",
    "src/addons/BS/AIBots/Service/GPTDallE/AbstractReplier.php": "01f83efcaf8c42b846e0b057597279725fefdd3a3547d8fa8b5b660f064acb23",
    "src/addons/BS/AIBots/Service/GPTDallE/ConversationMessageReplier.php": "641c45ed4ea86ec88ad86113ff4a2c22c2505e94235c81752ea3e3c738807258",
    "src/addons/BS/AIBots/Service/GPTDallE/PostReplier.php": "87e09cd3a4768c4db8cc934a25473900cb8349edd3461112299e34e59f6ffcc8",
    "src/addons/BS/AIBots/Service/GPTDallE/ProfilePostCommentReplier.php": "c6a160d7e74dc4aacf896e0a5eb0fa964216505b7b6ee7bdd9d96b9839daf9a4",
    "src/addons/BS/AIBots/Service/GPTDallE/ProfilePostReplier.php": "130d44d1d12f6107d5a38e0c6633cc29db1230c729ffbd1f4e61c34784e7ad24",
    "src/addons/BS/AIBots/Service/LicenseChecker.php": "84bfa7f12464cf796bfbb22d50d3a0b93d3d6fd69cf4131996fa09f529e62262",
    "src/addons/BS/AIBots/Setup.php": "469ec4b00b20eb915400f90375bc77bc0d846b088f5d4bbf16f6bfb2606f3791",
    "src/addons/BS/AIBots/XF/Entity/Thread.php": "41ee675e5b933f0de4e814ed5606f1a3d7738cd3c26a30c010ec2b7638c4a789",
    "src/addons/BS/AIBots/XF/Pub/Controller/Forum.php": "173b9f17a6ccad314dbc7275c568c50c1b2ed12a5e79e90f77f053e1445d5f77",
    "src/addons/BS/AIBots/XF/Pub/Controller/Thread.php": "5a005dd1fb827e19b8a2f549693145a49f15d83001e87222daed604e0feb9dc1",
    "src/addons/BS/AIBots/_data/activity_summary_definitions.xml": "99d8c2563a31320d66f958fc8bda78613545f5f7959bb3cf5318805e3a3c39d2",
    "src/addons/BS/AIBots/_data/admin_navigation.xml": "e5b3886e03af377b081bed91d55b575abe45dbcfd4849228617310e2f64048d5",
    "src/addons/BS/AIBots/_data/admin_permission.xml": "ec6fb97cebf0bceb24f1ed1d5778c1db54eeb7535fbb3e31d824840e7aa9ff87",
    "src/addons/BS/AIBots/_data/advertising_positions.xml": "d2f7cbe844bb1df3cf878d22ff6306249245c8ff6b0b87b9b729744bec538261",
    "src/addons/BS/AIBots/_data/api_scopes.xml": "6793eaf758f140e8137187ba20e65f4faccf53410433ae3ad7a8b3b38cb6b3b7",
    "src/addons/BS/AIBots/_data/bank_transaction_renderers.xml": "de553f8c9b920538a595da3d91e6bf254b07be843c6b08d1256085613dde77d5",
    "src/addons/BS/AIBots/_data/bb_codes.xml": "faa4ddd5f4a365e5ac39aebdcbe2d25aedf74e7eb9ea4a812766e2fd5e13bdb1",
    "src/addons/BS/AIBots/_data/bb_code_media_sites.xml": "29762987990187b33e43cfb68c08dc917b2d3f0176613d78f8e6c453f82da3f3",
    "src/addons/BS/AIBots/_data/bs_rtc_commands.xml": "5d910cde360351e74ada899137306eeca05e71049c66dc1d4f24a6efc383fbce",
    "src/addons/BS/AIBots/_data/class_extensions.xml": "97242cff85f40488cc549f3ef39011797286ae52698d5d4118a9db4faa4ee762",
    "src/addons/BS/AIBots/_data/code_events.xml": "ab9f998bb7edcf333859fb3c13c1ae8e5c3e1eaee1105e0c3a6042497b33c3eb",
    "src/addons/BS/AIBots/_data/code_event_listeners.xml": "3b382c25c09b6d0d738683bb71800e22ee142c602ef065c959437971ff1b47b8",
    "src/addons/BS/AIBots/_data/content_type_fields.xml": "c7ad5472b28f465b7ac7617627707eba1b7a39d28089460d52e1ed292fc0b06a",
    "src/addons/BS/AIBots/_data/cron.xml": "323c4284742ef24329cd6db6f288eb9736d2353f36852e1db12591e1583aea26",
    "src/addons/BS/AIBots/_data/help_pages.xml": "a8a0c0b06cdc550438bc8a8d385af3e1e5ab3459877dfb934c1c31be59c89163",
    "src/addons/BS/AIBots/_data/member_stats.xml": "89fb2b93ff1eca7a1f6f752248edf6090dfd24037db1446fd18ff7143f08124d",
    "src/addons/BS/AIBots/_data/navigation.xml": "f75e1c03a45a360bbdfcd0567121665082315068475d5b0feb8b1acbb1688651",
    "src/addons/BS/AIBots/_data/options.xml": "1cea29aa5671733d85c8fc6f7c66128eacbca5643cbb38585eb82002879b51a4",
    "src/addons/BS/AIBots/_data/option_groups.xml": "154d7a89664b243d0bd8227c22e241f934bf7e196c83230ee23d3c0c4fba1333",
    "src/addons/BS/AIBots/_data/permissions.xml": "962d73a26ec7c53e3b1000f1bd7603fa36b391b1734323ca7a0d8282aa158c48",
    "src/addons/BS/AIBots/_data/permission_interface_groups.xml": "bb0f8e3067c286af2745baff345a922c5875d9a555f6d2b3b0b36ecd3f4f7181",
    "src/addons/BS/AIBots/_data/phrases.xml": "9d064db4cec66dedfe637f8cd10d4684601c077b72cc2e5765865aaf0e75ce4e",
    "src/addons/BS/AIBots/_data/routes.xml": "20e7f6d6f2c82edbca9d3b4c2c97c9356e2d8c035582176ced2df114c23e8b9b",
    "src/addons/BS/AIBots/_data/style_properties.xml": "8b8690a8512f01f219dd2da76e3d0c5f62afc1f317b87794a7331c859c36a7a8",
    "src/addons/BS/AIBots/_data/style_property_groups.xml": "68e1879cb3846c42d978487aa8d5145ff3335fc39e58016878824d5cf3fd684c",
    "src/addons/BS/AIBots/_data/templates.xml": "e2e5372a636426e1f6805839811fafa33819749713dfe82e83ad96bb99a17a65",
    "src/addons/BS/AIBots/_data/template_modifications.xml": "ed393457f99c256de4c21f51133d8ab4ee9dff5ee6c957c618ce59c9525eb45d",
    "src/addons/BS/AIBots/_data/widget_definitions.xml": "37e46965256430f24004c2e7f08ba08f9b0d1cbcc4d70e84b3f4e3ffb713e64b",
    "src/addons/BS/AIBots/_data/widget_positions.xml": "a29cee66134f6bc5d75ed9df1eef21096c24401915c5b5c774389c3d7bb2d5b3"
}