<?xml version="1.0" encoding="utf-8"?>
<templates>
  <template type="public" title="pf_es_editor_symbols" version_id="901000290" version_string="1.0.2"><![CDATA[<xf:css src="pf_es_editor_symbols.less" />

<div class="menu-scroller">
	<div class="menu-row">
		<ul class="pfEsSymbolList js-pfEsSymbolsList">		
			<xf:foreach loop="$symbols" value="$symbol">
				<li>
					<a class="js-psEsSymbol" data-value="{$symbol}">{$symbol|raw}</a>
				</li>
			</xf:foreach>
		</ul>
	</div>
</div>]]></template>
  <template type="public" title="pf_es_editor_symbols.less" version_id="901000090" version_string="1.0.0"><![CDATA[.pfEsSymbolList
{
	.m-listPlain();

	display: flex;
	flex-wrap: wrap;
	justify-content: flex-start;

	margin-right: -3px;
	margin-bottom: -3px;

	> li
	{
		min-width: 20px;
		margin-right: 3px;
		margin-bottom: 3px;
		
		border-radius: @xf-borderRadiusMedium;
		cursor: pointer;

		&:hover,
		&:focus
		{
			background-color: @xf-paletteColor2;
		}

		a
		{
			min-width: 20px;
			height: 20px;
			font-size: 18px;

			display: flex;
			justify-content: center;
			align-items: center;
			cursor: pointer;
			overflow: hidden;

			&:hover,
			&:focus
			{
				text-decoration: none;
			}
		}
	}
}]]></template>
</templates>
