<?xml version="1.0" encoding="utf-8"?>
<options>
  <option option_id="fs_who_replied_forums_allowed" edit_format="callback" data_type="array">
    <default_value>[]</default_value>
    <edit_format_params>XF\Option\Forum::renderSelectMultiple</edit_format_params>
    <sub_options>*</sub_options>
    <relation group_id="fs_who_replied_integ" display_order="1"/>
  </option>
  <option option_id="fs_who_replied_thread_starter_color" edit_format="textbox" data_type="string">
    <default_value>red</default_value>
    <relation group_id="fs_who_replied_integ" display_order="2"/>
  </option>
</options>
