{
    "src/addons/FS/Limitations/addon.json": "b661d8b39f027f64bcb10bb905e74e8dce25ee08597153f5544cd1193bcc8074",
    "src/addons/FS/Limitations/Cron/Limits.php": "d581a83ba87728bbff230761c83c3852fcfa9c6b45cd1077aee8de8c006c95cf",
    "src/addons/FS/Limitations/Setup.php": "ca5b0c28d01a1684b5441a2ba23eae6c914a3af9d3b36cfd1547e68c77376391",
    "src/addons/FS/Limitations/XF/Entity/ConversationMessage.php": "abf4dbf80d1c5e64239abebb8c2844e2dba994deb3955a42e5d61676e088cd9c",
    "src/addons/FS/Limitations/XF/Entity/Thread.php": "ab2ed1205b3d9590fb67fc8f73c1892d79b9462238755ff4b4aa93e53811f00d",
    "src/addons/FS/Limitations/XF/Entity/User.php": "0ea743a8403e0cb34e03a2a067cccfcab396b5e1f9c532d750bcfec340fe1fe6",
    "src/addons/FS/Limitations/XF/Pub/Controller/Conversation.php": "34ccecb53c89a20bf1f1376cb22de3033b7ed708e658db15b80f5e7c8fe4b4a0",
    "src/addons/FS/Limitations/XF/Pub/Controller/Forum.php": "26a65be31d515e4bd6dd9866ad34242fb92a86e09b4baaee3e47e3a423f620d0",
    "src/addons/FS/Limitations/XFMG/Pub/Controller/Media.php": "5157a51c4ab30ccfcda3cec8c4b253bddceb75465a392c31140c0c5587df58d7",
    "src/addons/FS/Limitations/_data/activity_summary_definitions.xml": "99d8c2563a31320d66f958fc8bda78613545f5f7959bb3cf5318805e3a3c39d2",
    "src/addons/FS/Limitations/_data/admin_navigation.xml": "064ec797484ac00d5ee37367b50b06846d11f480d00550997712707f8fdac8c0",
    "src/addons/FS/Limitations/_data/admin_permission.xml": "ec6fb97cebf0bceb24f1ed1d5778c1db54eeb7535fbb3e31d824840e7aa9ff87",
    "src/addons/FS/Limitations/_data/advertising_positions.xml": "d2f7cbe844bb1df3cf878d22ff6306249245c8ff6b0b87b9b729744bec538261",
    "src/addons/FS/Limitations/_data/api_scopes.xml": "6793eaf758f140e8137187ba20e65f4faccf53410433ae3ad7a8b3b38cb6b3b7",
    "src/addons/FS/Limitations/_data/bb_codes.xml": "faa4ddd5f4a365e5ac39aebdcbe2d25aedf74e7eb9ea4a812766e2fd5e13bdb1",
    "src/addons/FS/Limitations/_data/bb_code_media_sites.xml": "29762987990187b33e43cfb68c08dc917b2d3f0176613d78f8e6c453f82da3f3",
    "src/addons/FS/Limitations/_data/class_extensions.xml": "b73ccae31cb8c1a34ad03be4268c3a3a39c048a2f9875bdf769a5efd90807ce5",
    "src/addons/FS/Limitations/_data/code_events.xml": "8370dec3df47f91df4cf79da253446ad11b29f4ea568fe76c774e97a0379f0eb",
    "src/addons/FS/Limitations/_data/code_event_listeners.xml": "d6b5072f4909dee7a20ee9e44b163f95c8aa52e6ac7f573e292000cd9238c331",
    "src/addons/FS/Limitations/_data/content_type_fields.xml": "c7ad5472b28f465b7ac7617627707eba1b7a39d28089460d52e1ed292fc0b06a",
    "src/addons/FS/Limitations/_data/cron.xml": "80e0cbbb4d516f6e5e64f6ff1857a4793417a19aa7fc38ef358e948bf6eb2b25",
    "src/addons/FS/Limitations/_data/help_pages.xml": "a8a0c0b06cdc550438bc8a8d385af3e1e5ab3459877dfb934c1c31be59c89163",
    "src/addons/FS/Limitations/_data/member_stats.xml": "89fb2b93ff1eca7a1f6f752248edf6090dfd24037db1446fd18ff7143f08124d",
    "src/addons/FS/Limitations/_data/navigation.xml": "f75e1c03a45a360bbdfcd0567121665082315068475d5b0feb8b1acbb1688651",
    "src/addons/FS/Limitations/_data/options.xml": "1cea29aa5671733d85c8fc6f7c66128eacbca5643cbb38585eb82002879b51a4",
    "src/addons/FS/Limitations/_data/option_groups.xml": "154d7a89664b243d0bd8227c22e241f934bf7e196c83230ee23d3c0c4fba1333",
    "src/addons/FS/Limitations/_data/permissions.xml": "f2bcc09f85657c770a2ae98d879e0040536596b803670c0240aad6f45ae9d619",
    "src/addons/FS/Limitations/_data/permission_interface_groups.xml": "90a56bd5caa0e1b8b562c32416f2eed2ed9ef32ddbae31e302d843f2ad85b68c",
    "src/addons/FS/Limitations/_data/phrases.xml": "a535549561d1af0b5bb4eb65853133f98d5d67ed607d65799471785823fc91d1",
    "src/addons/FS/Limitations/_data/routes.xml": "550fa64f9feedf137dd877b38c2684f94474619d2d83890dbb717a91b50da8f5",
    "src/addons/FS/Limitations/_data/style_properties.xml": "8b8690a8512f01f219dd2da76e3d0c5f62afc1f317b87794a7331c859c36a7a8",
    "src/addons/FS/Limitations/_data/style_property_groups.xml": "68e1879cb3846c42d978487aa8d5145ff3335fc39e58016878824d5cf3fd684c",
    "src/addons/FS/Limitations/_data/templates.xml": "447b791ee4494406cfc7ee681b2fc25624b39f9f59f6b370d1381aa94e15070e",
    "src/addons/FS/Limitations/_data/template_modifications.xml": "e277231276f152ad1045801d5d82423916847950827946c548d742cdffbf718f",
    "src/addons/FS/Limitations/_data/widget_definitions.xml": "37e46965256430f24004c2e7f08ba08f9b0d1cbcc4d70e84b3f4e3ffb713e64b",
    "src/addons/FS/Limitations/_data/widget_positions.xml": "a29cee66134f6bc5d75ed9df1eef21096c24401915c5b5c774389c3d7bb2d5b3"
}