{
    "src/addons/FS/SendMailFromTable/addon.json": "8b2fef58878e9114c9d59013569477a4ef8cfa9a717c84b866db31325d9fa91b",
    "src/addons/FS/SendMailFromTable/Admin/Controller/EmailLogDetails.php": "d6c1d9ff0f826d108d3058f26d51fd923b83366f56c0c7045426de5a840b0c1e",
    "src/addons/FS/SendMailFromTable/Admin/Controller/EmailLogs.php": "6c42e6abadf80f0949d4e446d4074f49881a7dc5e687650c136c687bb03e0698",
    "src/addons/FS/SendMailFromTable/Admin/Controller/EmailTemplate.php": "5c73a49b748c7c45b816c85c72a55f3495c3b6f820b96826afcb37e313f65b18",
    "src/addons/FS/SendMailFromTable/Api/Controller/InsertEmails.php": "94cdad30ad772f6e039faecb94de3c0e3ab6b73fe6a92d06314c0d98623b55f8",
    "src/addons/FS/SendMailFromTable/Cron/MidNightEmails.php": "14fb922baa98f8814dfda4231959cf09adc39a7508b493eb35917adaadaa22c4",
    "src/addons/FS/SendMailFromTable/Entity/CronEmailLogs.php": "1835f576e83078a590cda7e6c1c54facc26035ef30a0a01adb07f25334a9b0de",
    "src/addons/FS/SendMailFromTable/Entity/EmailTemplates.php": "97f73aabef79007ac8838f7c15e7e7ebafd73b80b7072c7a1f83f3c7c5a69a14",
    "src/addons/FS/SendMailFromTable/Entity/MidNightEmails.php": "9f1fee3803ad3217fa5712992c824e73f96059dcf9115c91c490ce81b65c1ab1",
    "src/addons/FS/SendMailFromTable/Install/Data/MySql.php": "6bcdb8e1a6a9d44111c41ed46cd314afdb71d3f73452ee384af392daebcfa217",
    "src/addons/FS/SendMailFromTable/Job/SendEmails.php": "cd37e2863fdaa1db8f1b5629ff60c585addfcd603df346674493d290d6425481",
    "src/addons/FS/SendMailFromTable/Pub/Controller/EmailLogDetails.php": "422b9980fbdc907193128759ccaf0b83d175332cf8ebfe5272f4318ba8545980",
    "src/addons/FS/SendMailFromTable/Pub/Controller/EmailLogs.php": "d96acc4cb52e13dec50053552c74378f69892bff482cb518f8bce27c2d77323a",
    "src/addons/FS/SendMailFromTable/Setup.php": "b94eba7be9f5317391d8289c61e1fdb29587a3388a6b4efde3249a8691140197",
    "src/addons/FS/SendMailFromTable/XF/Entity/Option.php": "991de7a36adbb1f4d1fedf232f06201c0acbc3b78e9ea12e3e2651dbbf6b5350",
    "src/addons/FS/SendMailFromTable/_data/activity_summary_definitions.xml": "99d8c2563a31320d66f958fc8bda78613545f5f7959bb3cf5318805e3a3c39d2",
    "src/addons/FS/SendMailFromTable/_data/admin_navigation.xml": "a92f571791533cf49940f1bceba4cb2382be04ea0814a2f0e3aca70e1015d93a",
    "src/addons/FS/SendMailFromTable/_data/admin_permission.xml": "ec6fb97cebf0bceb24f1ed1d5778c1db54eeb7535fbb3e31d824840e7aa9ff87",
    "src/addons/FS/SendMailFromTable/_data/advertising_positions.xml": "d2f7cbe844bb1df3cf878d22ff6306249245c8ff6b0b87b9b729744bec538261",
    "src/addons/FS/SendMailFromTable/_data/api_scopes.xml": "6793eaf758f140e8137187ba20e65f4faccf53410433ae3ad7a8b3b38cb6b3b7",
    "src/addons/FS/SendMailFromTable/_data/bb_codes.xml": "faa4ddd5f4a365e5ac39aebdcbe2d25aedf74e7eb9ea4a812766e2fd5e13bdb1",
    "src/addons/FS/SendMailFromTable/_data/bb_code_media_sites.xml": "29762987990187b33e43cfb68c08dc917b2d3f0176613d78f8e6c453f82da3f3",
    "src/addons/FS/SendMailFromTable/_data/class_extensions.xml": "48bc2304c040f935fd52c8e55c1aa9c0b27c8db31f91e6a3e920d6620d42792e",
    "src/addons/FS/SendMailFromTable/_data/code_events.xml": "8370dec3df47f91df4cf79da253446ad11b29f4ea568fe76c774e97a0379f0eb",
    "src/addons/FS/SendMailFromTable/_data/code_event_listeners.xml": "d6b5072f4909dee7a20ee9e44b163f95c8aa52e6ac7f573e292000cd9238c331",
    "src/addons/FS/SendMailFromTable/_data/content_type_fields.xml": "c7ad5472b28f465b7ac7617627707eba1b7a39d28089460d52e1ed292fc0b06a",
    "src/addons/FS/SendMailFromTable/_data/cron.xml": "ebba400a783a1c52cef32aae01c29f286d08d989a15689f2f03a28b730efca00",
    "src/addons/FS/SendMailFromTable/_data/help_pages.xml": "a8a0c0b06cdc550438bc8a8d385af3e1e5ab3459877dfb934c1c31be59c89163",
    "src/addons/FS/SendMailFromTable/_data/member_stats.xml": "89fb2b93ff1eca7a1f6f752248edf6090dfd24037db1446fd18ff7143f08124d",
    "src/addons/FS/SendMailFromTable/_data/navigation.xml": "f75e1c03a45a360bbdfcd0567121665082315068475d5b0feb8b1acbb1688651",
    "src/addons/FS/SendMailFromTable/_data/options.xml": "92c8737fc893da05fe82a7c99530b2f7c2bc2e2d879cdfc96d4bfdf751d13f03",
    "src/addons/FS/SendMailFromTable/_data/option_groups.xml": "367c0fe545f1b0308afdc2cb5c683590b7a748d1addac348db0f6add14e9f2ef",
    "src/addons/FS/SendMailFromTable/_data/permissions.xml": "7e4fc7d5826733d15ea2d8936b9bdd41afcaad810eb38e50da3c8d8eafda1550",
    "src/addons/FS/SendMailFromTable/_data/permission_interface_groups.xml": "3177224e96458b829aa7fb24866dda9e0455a4922aee3d669b53f59a1ffdf5d1",
    "src/addons/FS/SendMailFromTable/_data/phrases.xml": "dc4e4e73d9c0b3687dafe63bd8fd31c5035147d404d1dfa5b8189c1add116fe5",
    "src/addons/FS/SendMailFromTable/_data/routes.xml": "8d0bf60460b2b622a8537c9d6dcd689d5b3071374772654ea53b2068a361f861",
    "src/addons/FS/SendMailFromTable/_data/style_properties.xml": "8b8690a8512f01f219dd2da76e3d0c5f62afc1f317b87794a7331c859c36a7a8",
    "src/addons/FS/SendMailFromTable/_data/style_property_groups.xml": "68e1879cb3846c42d978487aa8d5145ff3335fc39e58016878824d5cf3fd684c",
    "src/addons/FS/SendMailFromTable/_data/templates.xml": "5896eb7b38242db0bb78d11d8df11491de50b1db99676aebb3b7ddf33d306c9f",
    "src/addons/FS/SendMailFromTable/_data/template_modifications.xml": "06331a71cf25690f3017f10987af28b9175fee0c1c7fb1f58f254b7b43e917cf",
    "src/addons/FS/SendMailFromTable/_data/widget_definitions.xml": "37e46965256430f24004c2e7f08ba08f9b0d1cbcc4d70e84b3f4e3ffb713e64b",
    "src/addons/FS/SendMailFromTable/_data/widget_positions.xml": "a29cee66134f6bc5d75ed9df1eef21096c24401915c5b5c774389c3d7bb2d5b3"
}