{
    "src/addons/FS/ChangeIcons/addon.json": "6a69b688839532612d7e9b53feb528522605ae0562c9b2b17f568c3623f1d961",
    "src/addons/FS/ChangeIcons/Setup.php": "5598a6b13cebea6d7285e8c6a97b1faeb6c9e437f2b66bc9feed1e0da9c6fa62",
    "src/addons/FS/ChangeIcons/_data/activity_summary_definitions.xml": "99d8c2563a31320d66f958fc8bda78613545f5f7959bb3cf5318805e3a3c39d2",
    "src/addons/FS/ChangeIcons/_data/admin_navigation.xml": "064ec797484ac00d5ee37367b50b06846d11f480d00550997712707f8fdac8c0",
    "src/addons/FS/ChangeIcons/_data/admin_permission.xml": "ec6fb97cebf0bceb24f1ed1d5778c1db54eeb7535fbb3e31d824840e7aa9ff87",
    "src/addons/FS/ChangeIcons/_data/advertising_positions.xml": "d2f7cbe844bb1df3cf878d22ff6306249245c8ff6b0b87b9b729744bec538261",
    "src/addons/FS/ChangeIcons/_data/api_scopes.xml": "6793eaf758f140e8137187ba20e65f4faccf53410433ae3ad7a8b3b38cb6b3b7",
    "src/addons/FS/ChangeIcons/_data/bb_codes.xml": "faa4ddd5f4a365e5ac39aebdcbe2d25aedf74e7eb9ea4a812766e2fd5e13bdb1",
    "src/addons/FS/ChangeIcons/_data/bb_code_media_sites.xml": "29762987990187b33e43cfb68c08dc917b2d3f0176613d78f8e6c453f82da3f3",
    "src/addons/FS/ChangeIcons/_data/class_extensions.xml": "1f548b8006e9952a3f5889f71e09fdfa6726ac1a47c1af7b2626d1a88920d5a4",
    "src/addons/FS/ChangeIcons/_data/code_events.xml": "8370dec3df47f91df4cf79da253446ad11b29f4ea568fe76c774e97a0379f0eb",
    "src/addons/FS/ChangeIcons/_data/code_event_listeners.xml": "d6b5072f4909dee7a20ee9e44b163f95c8aa52e6ac7f573e292000cd9238c331",
    "src/addons/FS/ChangeIcons/_data/content_type_fields.xml": "c7ad5472b28f465b7ac7617627707eba1b7a39d28089460d52e1ed292fc0b06a",
    "src/addons/FS/ChangeIcons/_data/cron.xml": "323c4284742ef24329cd6db6f288eb9736d2353f36852e1db12591e1583aea26",
    "src/addons/FS/ChangeIcons/_data/help_pages.xml": "a8a0c0b06cdc550438bc8a8d385af3e1e5ab3459877dfb934c1c31be59c89163",
    "src/addons/FS/ChangeIcons/_data/member_stats.xml": "89fb2b93ff1eca7a1f6f752248edf6090dfd24037db1446fd18ff7143f08124d",
    "src/addons/FS/ChangeIcons/_data/navigation.xml": "f75e1c03a45a360bbdfcd0567121665082315068475d5b0feb8b1acbb1688651",
    "src/addons/FS/ChangeIcons/_data/options.xml": "1cea29aa5671733d85c8fc6f7c66128eacbca5643cbb38585eb82002879b51a4",
    "src/addons/FS/ChangeIcons/_data/option_groups.xml": "154d7a89664b243d0bd8227c22e241f934bf7e196c83230ee23d3c0c4fba1333",
    "src/addons/FS/ChangeIcons/_data/permissions.xml": "7e4fc7d5826733d15ea2d8936b9bdd41afcaad810eb38e50da3c8d8eafda1550",
    "src/addons/FS/ChangeIcons/_data/permission_interface_groups.xml": "3177224e96458b829aa7fb24866dda9e0455a4922aee3d669b53f59a1ffdf5d1",
    "src/addons/FS/ChangeIcons/_data/phrases.xml": "ff61483fbaee661f147395ebaad79fbfb5d8bf820c1b1285efbcf8844191cc32",
    "src/addons/FS/ChangeIcons/_data/routes.xml": "550fa64f9feedf137dd877b38c2684f94474619d2d83890dbb717a91b50da8f5",
    "src/addons/FS/ChangeIcons/_data/style_properties.xml": "8b8690a8512f01f219dd2da76e3d0c5f62afc1f317b87794a7331c859c36a7a8",
    "src/addons/FS/ChangeIcons/_data/style_property_groups.xml": "68e1879cb3846c42d978487aa8d5145ff3335fc39e58016878824d5cf3fd684c",
    "src/addons/FS/ChangeIcons/_data/templates.xml": "95d4b078b90e74e773cef6695ef94c742e74b8d62e6798738f11f0215a58faee",
    "src/addons/FS/ChangeIcons/_data/template_modifications.xml": "3b54b7df00a6a4a18c5e012b6e2588e35c23aaa13a5fc227f08646a97590d778",
    "src/addons/FS/ChangeIcons/_data/widget_definitions.xml": "37e46965256430f24004c2e7f08ba08f9b0d1cbcc4d70e84b3f4e3ffb713e64b",
    "src/addons/FS/ChangeIcons/_data/widget_positions.xml": "a29cee66134f6bc5d75ed9df1eef21096c24401915c5b5c774389c3d7bb2d5b3",
    "styles/FS/Trancefix/Icons/bookmark_FILL0_wght400_GRAD0_opsz24.svg": "3b3ab857ed2eb13b2443cb302046b58674e549ce17475fefd4248e9f19b17b03",
    "styles/FS/Trancefix/Icons/bookmark_Like_wght400_GRAD0_opsz24.svg": "3324a1f10899a25dbc8b472f91b0c8eef15c3dcaf038c099fe44bca569873e3d",
    "styles/FS/Trancefix/Icons/delete_FILL0_wght400_GRAD0_opsz24.svg": "b84bdecd33bc3544fcf13ee786f57a15ef1517ac8b70c9a59527c9b652f8a333",
    "styles/FS/Trancefix/Icons/edit_FILL0_wght400_GRAD0_opsz24.svg": "2a8c050010cc294b830e68dcbe7dabe2d8b6776216355b9fef60cbe0956c5a83",
    "styles/FS/Trancefix/Icons/flag_FILL0_wght400_GRAD0_opsz24.svg": "4e8267bf27f4173e98e35a31905d9a187f2731dcd6c789c5ab2719e3a60c3b9a",
    "styles/FS/Trancefix/Icons/history_FILL0_wght400_GRAD0_opsz24.svg": "b85fb71966e1c0ace3c92b0c0a2a0d638a76ce8bcb0fd0f1b4c8542faaf675fc",
    "styles/FS/Trancefix/Icons/lock_FILL0_wght400_GRAD0_opsz24.svg": "d277b2378d6460370782713c47511d5a9ad84de5a02daab0db7802f5e1b1c2f7",
    "styles/FS/Trancefix/Icons/mail_FILL0_wght400_GRAD0_opsz24.svg": "fead9bc5c72633e2ef3f119a1647fd42b78452508749b0a4f161860ac383c008",
    "styles/FS/Trancefix/Icons/notifications_FILL0_wght400_GRAD0_opsz24.svg": "02dd1ac0df7c45d89dff330813544860b62c3b9cf91efaf8b887e60e72e1a80e",
    "styles/FS/Trancefix/Icons/person_FILL0_wght400_GRAD0_opsz24.svg": "a62d43d1d7644ffab888f7b4a5a22578f5bb4037e5eac1d1f6f90eba45c48439",
    "styles/FS/Trancefix/Icons/public_FILL0_wght400_GRAD0_opsz24.svg": "a1e5cc026899dee1fdbb504cc689abc59998916393296a1a0736521d59d07b9c",
    "styles/FS/Trancefix/Icons/push_pin_FILL0_wght400_GRAD0_opsz24.svg": "f9cf3c5ee178782c98dd041cd6c515b75017485adb309ab38d09849d2684e496",
    "styles/FS/Trancefix/Icons/reply_FILL0_wght400_GRAD0_opsz24.svg": "27aed801a885e1baa9694533b991c599cf5c681da7c75884d27ff56c66b5a872",
    "styles/FS/Trancefix/Icons/schedule_FILL0_wght400_GRAD0_opsz24.svg": "5ae00735cdbaa7b239aca9a9ca3d624ed4e7350ddcd9cbae746f745a69ad696c",
    "styles/FS/Trancefix/Icons/search_FILL0_wght400_GRAD0_opsz24.svg": "362a1436b122da54ef84174897b75e00be26eda9b8fc984a9943891e48ea77fb",
    "styles/FS/Trancefix/Icons/sell_FILL0_wght400_GRAD0_opsz24.svg": "5c8604f333196fd47f2ddf542f0676169a13cc93033b4c5bccbaf6c3af5d4775",
    "styles/FS/Trancefix/Icons/share_FILL0_wght400_GRAD0_opsz24.svg": "331d5f1404a220bf06b033396b97fdc3cadf60fedd40303acdb402ad20de1357",
    "styles/FS/Trancefix/Icons/visibility_FILL0_wght400_GRAD0_opsz24.svg": "edf86402b3f46948a3b087cd41097eb0464cddba70b58cb25402f10118775dda",
    "styles/FS/Trancefix/Icons/vpn_key_FILL0_wght400_GRAD0_opsz24.svg": "eb138edf89dd4f27416f6c3b839e66b537cec95ccc73231b4fbe2a08caa7fcec",
    "styles/FS/Trancefix/Icons/warning_FILL0_wght400_GRAD0_opsz24.svg": "3b69ff89ac09bbaa23e7f3dd6ca0b1461db6ba577f86a1d0ca038dbf8caed5fd"
}