{
    "src/addons/FS/ReviewsAlertBtn/addon.json": "c477d2fa83dcb0c8e3b2d2bd76ac9a2a6e4fe441bcbde041322d06e13661145a",
    "src/addons/FS/ReviewsAlertBtn/Setup.php": "4d63e5f7c5cd30c9cf8135764308be3ff846faa0d574a7609c0c0b2cc47c138d",
    "src/addons/FS/ReviewsAlertBtn/XF/Pub/Controller/Forum.php": "0e4ea689fa03f9d2049c03270cf052e49603669d0e97461707842ca92d8bb44a",
    "src/addons/FS/ReviewsAlertBtn/XF/Pub/Controller/Index.php": "1efe6eb28d6ad90532146fb45057347961cd1592712d3a45e57caf345abeadf9",
    "src/addons/FS/ReviewsAlertBtn/XF/Pub/Controller/Member.php": "77076ac5b759c586dc50644ca4e966c719c523f6869d5e1437547494e060c35f",
    "src/addons/FS/ReviewsAlertBtn/XF/Pub/Controller/Thread.php": "67cc62ed4846a3f56772648b991a57d0281bb98d0e757e607df99d324f3a4e62",
    "src/addons/FS/ReviewsAlertBtn/XF/Repository/Node.php": "8512231c3573f58e0972c0f1db79c6a19208e9682cebf7a589f26cecd6c5cfb3",
    "src/addons/FS/ReviewsAlertBtn/_data/activity_summary_definitions.xml": "99d8c2563a31320d66f958fc8bda78613545f5f7959bb3cf5318805e3a3c39d2",
    "src/addons/FS/ReviewsAlertBtn/_data/admin_navigation.xml": "064ec797484ac00d5ee37367b50b06846d11f480d00550997712707f8fdac8c0",
    "src/addons/FS/ReviewsAlertBtn/_data/admin_permission.xml": "ec6fb97cebf0bceb24f1ed1d5778c1db54eeb7535fbb3e31d824840e7aa9ff87",
    "src/addons/FS/ReviewsAlertBtn/_data/advertising_positions.xml": "d2f7cbe844bb1df3cf878d22ff6306249245c8ff6b0b87b9b729744bec538261",
    "src/addons/FS/ReviewsAlertBtn/_data/api_scopes.xml": "6793eaf758f140e8137187ba20e65f4faccf53410433ae3ad7a8b3b38cb6b3b7",
    "src/addons/FS/ReviewsAlertBtn/_data/bb_codes.xml": "faa4ddd5f4a365e5ac39aebdcbe2d25aedf74e7eb9ea4a812766e2fd5e13bdb1",
    "src/addons/FS/ReviewsAlertBtn/_data/bb_code_media_sites.xml": "29762987990187b33e43cfb68c08dc917b2d3f0176613d78f8e6c453f82da3f3",
    "src/addons/FS/ReviewsAlertBtn/_data/class_extensions.xml": "6406328f4d34d87e0fd2a0731bc9863b02e9487700991e54edc9d7877c4ec909",
    "src/addons/FS/ReviewsAlertBtn/_data/code_events.xml": "8370dec3df47f91df4cf79da253446ad11b29f4ea568fe76c774e97a0379f0eb",
    "src/addons/FS/ReviewsAlertBtn/_data/code_event_listeners.xml": "d6b5072f4909dee7a20ee9e44b163f95c8aa52e6ac7f573e292000cd9238c331",
    "src/addons/FS/ReviewsAlertBtn/_data/content_type_fields.xml": "c7ad5472b28f465b7ac7617627707eba1b7a39d28089460d52e1ed292fc0b06a",
    "src/addons/FS/ReviewsAlertBtn/_data/cron.xml": "323c4284742ef24329cd6db6f288eb9736d2353f36852e1db12591e1583aea26",
    "src/addons/FS/ReviewsAlertBtn/_data/help_pages.xml": "a8a0c0b06cdc550438bc8a8d385af3e1e5ab3459877dfb934c1c31be59c89163",
    "src/addons/FS/ReviewsAlertBtn/_data/member_stats.xml": "89fb2b93ff1eca7a1f6f752248edf6090dfd24037db1446fd18ff7143f08124d",
    "src/addons/FS/ReviewsAlertBtn/_data/navigation.xml": "f75e1c03a45a360bbdfcd0567121665082315068475d5b0feb8b1acbb1688651",
    "src/addons/FS/ReviewsAlertBtn/_data/options.xml": "1cea29aa5671733d85c8fc6f7c66128eacbca5643cbb38585eb82002879b51a4",
    "src/addons/FS/ReviewsAlertBtn/_data/option_groups.xml": "154d7a89664b243d0bd8227c22e241f934bf7e196c83230ee23d3c0c4fba1333",
    "src/addons/FS/ReviewsAlertBtn/_data/permissions.xml": "ab256186bb81ff7dd801cc5bc7fa1361cd401c2075230d592aa05a9ff4c0d33a",
    "src/addons/FS/ReviewsAlertBtn/_data/permission_interface_groups.xml": "7649da7398eea353b037444d8c937ed8b70276a7a1e8e54bd527ccdd152c2ac3",
    "src/addons/FS/ReviewsAlertBtn/_data/phrases.xml": "efe9b5589ef9329114fcd9fc09fbc10d11dd443d24f410343b988c4cf7b6483c",
    "src/addons/FS/ReviewsAlertBtn/_data/routes.xml": "550fa64f9feedf137dd877b38c2684f94474619d2d83890dbb717a91b50da8f5",
    "src/addons/FS/ReviewsAlertBtn/_data/style_properties.xml": "8b8690a8512f01f219dd2da76e3d0c5f62afc1f317b87794a7331c859c36a7a8",
    "src/addons/FS/ReviewsAlertBtn/_data/style_property_groups.xml": "68e1879cb3846c42d978487aa8d5145ff3335fc39e58016878824d5cf3fd684c",
    "src/addons/FS/ReviewsAlertBtn/_data/templates.xml": "9a02001ce87ccab106e04702b64ad2bc847290dd82eedc458ffc8ae95db44a5a",
    "src/addons/FS/ReviewsAlertBtn/_data/template_modifications.xml": "d5a1d8c8260dd94cf8a49e0db3cda2373754c003b37baa43a8bb0369a481845a",
    "src/addons/FS/ReviewsAlertBtn/_data/widget_definitions.xml": "37e46965256430f24004c2e7f08ba08f9b0d1cbcc4d70e84b3f4e3ffb713e64b",
    "src/addons/FS/ReviewsAlertBtn/_data/widget_positions.xml": "a29cee66134f6bc5d75ed9df1eef21096c24401915c5b5c774389c3d7bb2d5b3"
}