{
    "legacy_addon_id": "",
    "title": "[OzzModz] Badges",
    "description": "Create fancy-looking badges and award users for valuable and unique actions!",
    "version_id": 2030670,
    "version_string": "2.3.6",
    "dev": "Painbaker",
    "dev_url": "https://xenforo.com/community/members/painbaker.184537/",
    "faq_url": "",
    "support_url": "https://snogssite.com/",
    "extra_urls": {
        "Original author": "https://github.com/CMTV/XF-Badges",
        "Fork author": "https://github.com/VersoBit/XF-Badges"
    },
    "require": {
        "XF": [
            2020070,
            "XenForo 2.2"
        ],
        "php": [
            "7.0.0",
            "PHP 7+"
        ]
    },
    "icon": "fas fa-award"
}