{
    "src/addons/OzzModz/Badges/addon.json": "4ee60783493f3c69e348a693f9992eee59d97d7a45a1d68b667da81df9eb56d3",
    "src/addons/OzzModz/Badges/Addon.php": "879350ef9d2c0905c643d5724aa4f3b7f0e658967a3152c9f353cc541ed82841",
    "src/addons/OzzModz/Badges/Admin/Controller/Badge.php": "0866bace84e9d49bea7bda3720a931b198bf7852f3942f97522cb787a8aa2b94",
    "src/addons/OzzModz/Badges/Admin/Controller/BadgeCategory.php": "3a0bf363ee6bc73f7806a9c7388ee23c269466ce187d46af1549600f94ccb189",
    "src/addons/OzzModz/Badges/Admin/Controller/BadgeTiers.php": "6c89bad56987f8ab6c717eab9a15b6de98414e742dac952ffda2c51240c0b144",
    "src/addons/OzzModz/Badges/Admin/Controller/UserBadge.php": "c77f5ff29222f89c17883683b0541bae721655346bb4b94396f168fab124be07",
    "src/addons/OzzModz/Badges/Admin/View/Badge/Export.php": "a77a910e980a3d41ce33825d64e528472642ce9a1c8af6e1495cb4983c95b57e",
    "src/addons/OzzModz/Badges/Alert/Badge.php": "6a3e3d6fea746ed225739728056e9afe896b12aa0ab29a71d1734f522abde7a0",
    "src/addons/OzzModz/Badges/Api/Controller/Badge.php": "7af9bcd8db91ce2aa3ff7190d91d6aa8e7e466d14a97e7e0fa4c6b3a3e54b70d",
    "src/addons/OzzModz/Badges/Api/Controller/BadgeCategories.php": "84f63183c35a2351bfcba32923c3da433680fd98e001da34882af147d2a4c0a5",
    "src/addons/OzzModz/Badges/Api/Controller/BadgeCategory.php": "e8606dc89d3b1985ea1133c8ea9c4837a92de7d13ad6ef91ef6313126552cced",
    "src/addons/OzzModz/Badges/Api/Controller/Badges.php": "386d9d44abce65a581372e373a917ae787d07bb0ffbf150af01c678d27869778",
    "src/addons/OzzModz/Badges/Api/Controller/BadgeTier.php": "7205adaea820c85ba4e9c39093aeed58fcca76e2a99ea74d8ab204171364be33",
    "src/addons/OzzModz/Badges/Api/Controller/BadgeTiers.php": "ee5f422cd65b5e9caed4d1863e13d0783779fa92dfd5deed3c199dcbfa693aa3",
    "src/addons/OzzModz/Badges/Api/Controller/UserBadge.php": "7974a64475878dbcd32989fbc26199fcf65e1e0455aba5f0035874bb2d0b7229",
    "src/addons/OzzModz/Badges/Api/Controller/UserBadges.php": "a6d535617470ef3c5534ead3ab651afab9d0d25524c0b54ccfcfe88345bd1279",
    "src/addons/OzzModz/Badges/Api/ControllerPlugin/Badge.php": "8f210a0deb74bb75af93eae076bae68fb9e820a12d17f2d81dc50287e98e74d6",
    "src/addons/OzzModz/Badges/CHANGELOG.md": "d4c92391ef47c832045d9db344aaf2c0294e4f519e30a1309005580297f30a34",
    "src/addons/OzzModz/Badges/Cli/Command/Rebuild/BadgeAwardedNumber.php": "b88d494cacd4bbe766ff39873ccad2e2a708598c05f6ac6ac0434b2e791b176a",
    "src/addons/OzzModz/Badges/Cli/Command/Rebuild/BadgeCount.php": "0a2c63db9548a448cfcfae1774f115c63f6001acf20964b23953d8149d1fd02b",
    "src/addons/OzzModz/Badges/Cli/Command/Rebuild/MasterPhrasesMerge.php": "13e97d5c38c6cb51baffebe1f1b3776c26c9152392c8d2979f22ac5377dcacaf",
    "src/addons/OzzModz/Badges/Cli/Command/Rebuild/UserBadge.php": "a57ad89e164975f3bbb8e87d8d21f774423518603c584d1384325ac80d7b27d2",
    "src/addons/OzzModz/Badges/Cli/Command/Rebuild/UserBadgeCache.php": "dbe2969005921a724248af54763dbc521257363a4cd01a8563e911f08dceb880",
    "src/addons/OzzModz/Badges/ControllerPlugin/BadgeList.php": "b7e4b1296f4251fbca54f5bc7e16fc42d06a6233beb553eea19d8ad204e44ad8",
    "src/addons/OzzModz/Badges/ControllerPlugin/TitleDescription.php": "3086f790c89ea08e66b877ed125033031fa65001abd97c2b923cb6a86eb9406e",
    "src/addons/OzzModz/Badges/Cron/Badge.php": "538b1ba8773841d9593b0b72438981d7944bb01541fe87935ed3d5cf5d0d60ba",
    "src/addons/OzzModz/Badges/Entity/Badge.php": "d945bd2647100122cd98777b5f617609656ac59601c9b0644e44af5f51b49b4f",
    "src/addons/OzzModz/Badges/Entity/BadgeCategory.php": "a97586fca3b0fafef23c42d4ae5b0d9ff61c8a9190cd0beb226d9d7eed39121c",
    "src/addons/OzzModz/Badges/Entity/BadgeTier.php": "c8bc0285889680ad140b529c004d9650801f6e1439636f740efca340fb1c7c71",
    "src/addons/OzzModz/Badges/Entity/TitleDescEntity.php": "fe3b01455ecda4050e316be8b6c29fc4ca9caade886b5a83d3d29f9d04ed3925",
    "src/addons/OzzModz/Badges/Entity/TitleEntity.php": "94939ed5926c159314a7f828e160278f8ca9a1950d05ff8f2ee79d4467382d19",
    "src/addons/OzzModz/Badges/Entity/UserBadge.php": "9b688115ec81238abba8486768524777baaaf8865b1c6e737f99699721acabc5",
    "src/addons/OzzModz/Badges/Entity/UserBadgeUpdate.php": "63c1b2799feee4ca81ef295c51a506d7920d345872b23629d7526c754376903a",
    "src/addons/OzzModz/Badges/EventTrigger/Awarded.php": "5bc07a2639af235f10a2e0a2bd9a8216918aa23ebcfd753d39da157a0532af90",
    "src/addons/OzzModz/Badges/Finder/Badge.php": "296425ed2559f5188a0935a83bc9346e4137d067947b89acfb4f38c99ecd022d",
    "src/addons/OzzModz/Badges/Finder/UserBadge.php": "3e2d406673d6cf802cb87c9bf2cc4d1add689857933d29a33eff29625b749032",
    "src/addons/OzzModz/Badges/Help/Badges.php": "d0c2b2598e4914752a37d6a4bfd6f86e6693f9a0d678786668c274e2bb1ec56d",
    "src/addons/OzzModz/Badges/Import/Data/BdMedal.php": "3e61dabe1491103236893d4e102a2ad5de54cb43353fe5bdd334c562c79a0ae0",
    "src/addons/OzzModz/Badges/Import/Data/BdMedalAwarded.php": "229d9aa7971cf9767b4453e112934be42b651861151513ba380f7a0eda610146",
    "src/addons/OzzModz/Badges/Import/Data/BdMedalCategory.php": "8e0d49447815c774a3919163a3d243742d7174af341e7e426f18c3f4617e1ce4",
    "src/addons/OzzModz/Badges/Import/Data/VersoBitBadge.php": "4bbd09c646b29f935adb47263a245f7a956fd4a4b41535881232adc076409f4d",
    "src/addons/OzzModz/Badges/Import/Data/VersoBitBadgeCategory.php": "28339856dcea3d53d163fb0bced412cdf5830e8c5a64b5a6c317f892ad2a058c",
    "src/addons/OzzModz/Badges/Import/Importer/BdMedals.php": "a52c7dff2dc686c2d047ac341cd63dd415416a5e83183cf2063d5188b8f36cdc",
    "src/addons/OzzModz/Badges/Import/Importer/VersoBitBadges.php": "4b36897ce8572daf357363256ec0f9efa2cdff22ba46342102d5633bd0fe5b07",
    "src/addons/OzzModz/Badges/Job/BadgeAction.php": "43588447a151db07d7424cca3eb65af1bcd37dafa5e3d756bd441dd03e1dccac",
    "src/addons/OzzModz/Badges/Job/BadgeAwardedNumberRebuild.php": "bb22d0d95b3e6d41787efd9f5eb2d6dbc86fb1031bf62e8c7b2da31cce53ce2e",
    "src/addons/OzzModz/Badges/Job/BadgeCacheRebuild.php": "13021e916f1da21111c92c011eb9c878b80012a5f6685fc33c1b52c0ffbbf2e8",
    "src/addons/OzzModz/Badges/Job/DeleteBadges.php": "8690403eb1d21f7250cd8aa53e1ffd65d7932e5d1267ba3351ee8ab171ac9871",
    "src/addons/OzzModz/Badges/Job/DeleteUserBadges.php": "9a5d39adbd3d803802feb569df9ef8dc8081e3ddc483620bf99b2c0dc5771a4b",
    "src/addons/OzzModz/Badges/Job/MasterPhrasesMerge.php": "4686f9890b3700e71e3ec337f050860b97e571a5f8104201f69f0baa64bbf891",
    "src/addons/OzzModz/Badges/Job/UserBadgeAction.php": "53e7b5ec6d56ca09d267a2e33bdc2b8c01889c3ce1c01302891f2659c094d868",
    "src/addons/OzzModz/Badges/Job/UserBadgeAward.php": "1d2d93c7518503fa17d367b39b0db9a53a943e27b090331b930dc39291f04c43",
    "src/addons/OzzModz/Badges/Job/UserBadgeCacheRebuild.php": "61d73ff97caca329dcb87e5147eb9e065ec3aecd0ac24cc0c85094388dec9bcb",
    "src/addons/OzzModz/Badges/Job/UserBadgeCountRebuild.php": "392f0912ab6bd19c4a6d80dbe0ca5aa9c2d281f0a52cccff033509883352d934",
    "src/addons/OzzModz/Badges/Job/UserBadgeIdsRebuild.php": "888029bbcac7f5af3f896280b827e2178356bf56974e5cef3c5742240246f539",
    "src/addons/OzzModz/Badges/Job/UserBadgeRebuild.php": "47ad3cf602486fd05ec12a5b2496979ae71eb98f7bd25c67190c426482855491",
    "src/addons/OzzModz/Badges/Job/UserBadgeUnaward.php": "11541022040662fb49ca3662507ab78e46cecf29a834ce6c965daad48500557a",
    "src/addons/OzzModz/Badges/Job/UserBadgeUpdate.php": "3c141fc58ed0e600585881fde713a28f3c925fc3f22939bda69f4f873fae97aa",
    "src/addons/OzzModz/Badges/Job/UserBadgeUpdateQueue.php": "b1aa08bf2730619a8d4712b4dc4da677ccaba34ccd171527b6c840ee177a5eff",
    "src/addons/OzzModz/Badges/LICENSE": "da5d53386d1e618ca0072f46c96e75dafd49beef17c6be744c65e2fbe969c139",
    "src/addons/OzzModz/Badges/Listener.php": "946dc5e05ef0e5d16f36f52777c0ab177b36fd9c34724627ff34473031ea54e4",
    "src/addons/OzzModz/Badges/MemberStat/MostBadges.php": "75cc0e1c6851f61328a82cfd669c2dc75c98f4a644fe9476cd92a12add7135ff",
    "src/addons/OzzModz/Badges/Pub/Controller/Badge.php": "e226e4fae7c6f9e40fb4412d66b77b5452bd0810fb3be5053ac2cca23b515be4",
    "src/addons/OzzModz/Badges/Pub/Controller/UserBadge.php": "75223a1d6912cb65ebcef8113acfa25e37cbd1c701d6968680205639bab027d7",
    "src/addons/OzzModz/Badges/Repository/Badge.php": "35522b678fe0ad50face09adca925335de65e2e4fcf386af15d9cf3c7beecdbb",
    "src/addons/OzzModz/Badges/Repository/BadgeCategory.php": "c79513b1ae74e3143fe8a23a2709a97dd1b08785c4c27e3d038346112432d498",
    "src/addons/OzzModz/Badges/Repository/BadgeTier.php": "f5a34eb02500291db8e257d9cad1645da7d3c8ca5c4b1fd69e8ccd150c0ae6b3",
    "src/addons/OzzModz/Badges/Repository/UserBadge.php": "e4e62ef26f3c0f14e8566254ccf2754d53558a5aec28c42b432f9cfed9853131",
    "src/addons/OzzModz/Badges/Service/Award.php": "c187bb6b97ca9f862054faf9433622659a3eb9a5b966b055aee016c0557e117a",
    "src/addons/OzzModz/Badges/Service/Export.php": "37007f99366ed08c9a6e9076844929febccac19fb9427172340bb71033f1593f",
    "src/addons/OzzModz/Badges/Service/Import.php": "d29e16e9b4792866b8ea38b8122cfda08e07b897a3852c18be290eaa65133b53",
    "src/addons/OzzModz/Badges/Setup.php": "18b9dc78c75a85aac512a244b0768e45b4ac747f913cc592f4cc325aee66bb47",
    "src/addons/OzzModz/Badges/XF/Admin/Controller/Banning.php": "51f77396e3d7ed97fcdf4b0291b15209f0de27fcd1d274b45ecc9b30a33c2263",
    "src/addons/OzzModz/Badges/XF/CssRenderer.php": "c92a401a43d73e9f6eea0d35b637141aaa88598ec71d97e03e31201f3381440f",
    "src/addons/OzzModz/Badges/XF/Entity/User.php": "15f493277f0d9a625d01dca9957aa076a70eeb4c6a321c393a5555b7c6e9cfce",
    "src/addons/OzzModz/Badges/XF/Entity/UserOption.php": "f6cddf77601cf8842c61dd5e2cc16d150ca6fac12aaf7d9ffe1d6490c3065066",
    "src/addons/OzzModz/Badges/XF/Pub/Controller/Account.php": "745bae5120bb157ef3e86ae920133290f9a9d711ada8a459157dd06ef474b7b8",
    "src/addons/OzzModz/Badges/XF/Pub/Controller/Member.php": "46564f10de33f55bfc6e5f0ad3c32f674c315fb577b564beed6a6e8e3e3c8b16",
    "src/addons/OzzModz/Badges/XF/Searcher/User.php": "c32bc09e1a7a24bb707bbd94ac8cf0c972ec20a4b7d25de1d216cb0aa247b785",
    "src/addons/OzzModz/Badges/_data/activity_summary_definitions.xml": "99d8c2563a31320d66f958fc8bda78613545f5f7959bb3cf5318805e3a3c39d2",
    "src/addons/OzzModz/Badges/_data/admin_navigation.xml": "d57f6aafa5c7959063840f9e0ef4c1ba0c464bde1b96be75bb01c246b9674464",
    "src/addons/OzzModz/Badges/_data/admin_permission.xml": "1dc9cd3b7475867cb39cab8092f63edd6aeab45c979daee230d70dc2571e82a6",
    "src/addons/OzzModz/Badges/_data/advertising_positions.xml": "d2f7cbe844bb1df3cf878d22ff6306249245c8ff6b0b87b9b729744bec538261",
    "src/addons/OzzModz/Badges/_data/api_scopes.xml": "b491acd634e60285489b37dd430b13a056157d87941e192084e0b100fc72ea40",
    "src/addons/OzzModz/Badges/_data/bb_codes.xml": "faa4ddd5f4a365e5ac39aebdcbe2d25aedf74e7eb9ea4a812766e2fd5e13bdb1",
    "src/addons/OzzModz/Badges/_data/bb_code_media_sites.xml": "29762987990187b33e43cfb68c08dc917b2d3f0176613d78f8e6c453f82da3f3",
    "src/addons/OzzModz/Badges/_data/class_extensions.xml": "512e65063810baab29d0b7a92491a3afa594439281fc6294d0553fca677c6266",
    "src/addons/OzzModz/Badges/_data/code_events.xml": "8370dec3df47f91df4cf79da253446ad11b29f4ea568fe76c774e97a0379f0eb",
    "src/addons/OzzModz/Badges/_data/code_event_listeners.xml": "eedbd2c90d7caf8f8e58526902021e76e80cfc41e26b5c3be006a71f40d17156",
    "src/addons/OzzModz/Badges/_data/content_type_fields.xml": "adae5a2937d6feb3cfe1ca2b5b4581de2af2ac6a2558d0c9ecfbf8e719550004",
    "src/addons/OzzModz/Badges/_data/cron.xml": "f29b49fbd53bf3705d206f47debf0a34d0c9c607d22c7098f18577d7fd9a6f3d",
    "src/addons/OzzModz/Badges/_data/fsp_tab_definitions.xml": "abb2b7aa27c03482a4959a03f94c42a9c89f043e12621f3cde7543c44f65dced",
    "src/addons/OzzModz/Badges/_data/help_pages.xml": "c32cb2a9dc415fdd169d7736551d153b5a2f60766d7f2710803f718bd3e22930",
    "src/addons/OzzModz/Badges/_data/member_stats.xml": "41c1d6f19b2d182f5cb0dcf6f40152fc03df8ea51a6fe200e38173a2a56b7286",
    "src/addons/OzzModz/Badges/_data/mjc_event_definitions.xml": "b83182307cd408c22a7cb78315af16f996bd63af5d82b59a40f48be875e74da4",
    "src/addons/OzzModz/Badges/_data/navigation.xml": "f75e1c03a45a360bbdfcd0567121665082315068475d5b0feb8b1acbb1688651",
    "src/addons/OzzModz/Badges/_data/options.xml": "48255ff357b7779079cb7b13998f2c9a71321038b59c07cd8b59b7a33b555a81",
    "src/addons/OzzModz/Badges/_data/option_groups.xml": "f627bc18cbf679e3959b1ea7dd97de1ed2b117b04da936e868031b4267f2250c",
    "src/addons/OzzModz/Badges/_data/pb_simplestats_stat_definitions.xml": "fe84b4a520cc3ed0ff243e05b6793566d948b801979906eb029810ee40e53d59",
    "src/addons/OzzModz/Badges/_data/permissions.xml": "d912f6bbcff3ade7e58a71b85324b805e6af9465aed6636ba55997b47cc82836",
    "src/addons/OzzModz/Badges/_data/permission_interface_groups.xml": "c09c3eb872502de0137914d881997fbca7f9479ace600aec6dfe548120d0a348",
    "src/addons/OzzModz/Badges/_data/phrases.xml": "91c18e519e6623641950c7ba76539de667eb3c8eadfe2e0da2bb043d0f46d65c",
    "src/addons/OzzModz/Badges/_data/rebuilds.xml": "9e63a580cce5c65864be60b75fed296416fc4084e4cde1039429c544f3630ba0",
    "src/addons/OzzModz/Badges/_data/routes.xml": "6e45d555240d3d506d9a620dec52e8f96487b1af93e2bb8d7720e1e9297b6033",
    "src/addons/OzzModz/Badges/_data/style_properties.xml": "b501d1fc021b6f706d659c0ae440fde2ce6bb67d3dde5532446627a0e2e635de",
    "src/addons/OzzModz/Badges/_data/style_property_groups.xml": "073e026e13076788cfd62844668d7f3b6d5c27c97c23c1b12e3f1a40f81831cb",
    "src/addons/OzzModz/Badges/_data/templates.xml": "462125055a8fe83f27344a469526e94f0054b1eb9674ec8d78d20685c309efed",
    "src/addons/OzzModz/Badges/_data/template_modifications.xml": "849530210a2522d2eec5ff646f50e8163f2436603b902617ebfcd03dc1d4a107",
    "src/addons/OzzModz/Badges/_data/widget_definitions.xml": "37e46965256430f24004c2e7f08ba08f9b0d1cbcc4d70e84b3f4e3ffb713e64b",
    "src/addons/OzzModz/Badges/_data/widget_positions.xml": "a29cee66134f6bc5d75ed9df1eef21096c24401915c5b5c774389c3d7bb2d5b3",
    "styles/fonts/mdi/materialdesignicons-webfont.eot": "dab76df37557e5758249b3886a8d1d3960ac8d3324c135305d37cb4604108a62",
    "styles/fonts/mdi/materialdesignicons-webfont.ttf": "0241ef914f10fc4b672ebf864e1c521a13fdd1d8154cd558b5c2bfa2b86e9bde",
    "styles/fonts/mdi/materialdesignicons-webfont.woff": "dfe7b8e56613a3ab3ad97572ef413c6db90aecccec6870144284e8d0c93061c3",
    "styles/fonts/mdi/materialdesignicons-webfont.woff2": "36d0d4221876c2c04532fe3f95132f737db8862e0d37b8b0a010f88ff6145acb"
}