<?xml version="1.0" encoding="utf-8"?>
<template_modifications>
  <modification type="public" template="account_avatar" modification_key="fs_account_avatar" description="Add the gallery to the avatar selection modal" execution_order="10" enabled="1" action="preg_replace">
    <find><![CDATA[/(<label>(.*?)<\/label>(.*?)<\/dfn>)/is]]></find>
    <replace><![CDATA[<xf:if is="$xf.visitor.hasPermission('avatar', 'allowed')">
	<span class="main-avatar">
		$0
	</span>	
</xf:if >
<xf:if is="$xf.options.fs_use_random">
	<xf:button href="{{ link('account/random') }}" overlay="{{$xf.visitor.canUseRandomAvatar() ? '' : 'true'}}">{{ phrase('fs_random_avatar') }}</xf:button>
	<xf:else />
	<xf:include template="fs_avatarGallery" />
</xf:if>
]]></replace>
  </modification>
  <modification type="public" template="account_avatar" modification_key="fs_gallery_avatar_delete_avatar" execution_order="10" enabled="0" action="preg_replace">
    <find><![CDATA[/(<xf:submitrow submit="{{ phrase\('okay'\) }}" rowtype="simple" class="js-overlayClose">)(.*?)(<xf:html>)(.*?)(<xf:button type="submit" name="delete_avatar" value="1" class="js-deleteAvatar" icon="delete" \/>)(.*?)(<\/xf:html>)(.*?)(<\/xf:submitrow>)/s]]></find>
    <replace><![CDATA[<xf:if is="$xf.visitor.hasPermission('general', 'fs_can_delete_avatar')">
	$0
	<xf:else/>
	<xf:submitrow submit="{{ phrase('okay') }}" rowtype="simple" class="js-overlayClose" />
</xf:if>]]></replace>
  </modification>
  <modification type="public" template="account_details" modification_key="fs_avatar_gallery_profile" description="Add random and custom button into account details section" execution_order="10" enabled="1" action="preg_replace">
    <find><![CDATA[/<xf:if is="\$xf\.visitor\.canUploadAvatar\(\)">.*?<\/xf:if>/is]]></find>
    <replace><![CDATA[<xf:formrow label="{{ phrase('avatar') }}" id="fs_account_details_avatar">

	<xf:avatar user="{$xf.visitor}" size="m" href=""  />
</xf:formrow>

<xf:include template="fs_random_avatar_account_details" />]]></replace>
  </modification>
  <modification type="public" template="register_form" modification_key="register_form_gallery_avatar" description="Gallery Avatars Register Form" execution_order="10" enabled="1" action="preg_replace">
    <find><![CDATA[/<xf:textboxrow name="username" value="" autocomplete="off" rowclass="formRow--limited".*?explain="{{ phrase\('please_leave_this_field_blank'\) }}" \/>/is]]></find>
    <replace><![CDATA[<xf:include template="fs_random_avatar_register" />

<xf:if is="$xf.options.fs_enable && !$xf.options.fs_use_random">
	<xf:include template="gallery_avatar_register" />
</xf:if>

$0]]></replace>
  </modification>
  <modification type="admin" template="tools_rebuild" modification_key="avatar_gallery" description="Avatar Gallery" execution_order="10" enabled="1" action="str_replace">
    <find><![CDATA[<!--[XF:rebuild_top]-->]]></find>
    <replace><![CDATA[$0
<xf:include template="avatar_gallery_tools_rebuild" />]]></replace>
  </modification>
</template_modifications>
