{
    "js/PunterForum/RelatedReviews/phone-search.js": "e870fa4198240590c28ab895063a4db2ee6c2b645736bb1ea16d0f9902492add",
    "src/addons/PunterForum/RelatedReviews/addon.json": "7d89c7dae96bd1d878594c428d4e4693bb000cd15da56d9086fd5c8c60a6bc45",
    "src/addons/PunterForum/RelatedReviews/composer.json": "c592283bdb398abe2ec763b713a9c8c2308ce45d12aa1e6ef4a85822d36ced64",
    "src/addons/PunterForum/RelatedReviews/composer.lock": "aab4a580d8d55535375631f933539cd2fe0dafec2a967b812feae38beb1e273a",
    "src/addons/PunterForum/RelatedReviews/Pub/Controller/Search.php": "dfa864945b94ba5fd48edb3cfbd8b800029bec242c4240e44241e7d20a746afb",
    "src/addons/PunterForum/RelatedReviews/Pub/View/Search.php": "44d53b671c111015964002fc08c5eb8439faa6eb2998b4929e056eb88870d95e",
    "src/addons/PunterForum/RelatedReviews/RelatedReviews.png": "760a2a4951dc1740793fa217262806a97de6df45fb54fbd22ca004933cfe86a2",
    "src/addons/PunterForum/RelatedReviews/Service/Reviews/Phones.php": "868c0382f080d1e4a2ecfdcdd2397309f8ff2bd06dbc7d66bf53edd20046ac05",
    "src/addons/PunterForum/RelatedReviews/Setup.php": "a575d835e63428b78270a84c19779cb791f7d45f73dd4400c05e6d59a344f47f",
    "src/addons/PunterForum/RelatedReviews/vendor/autoload.php": "49e39d4da43ab00a8d43a27b6aded8059415f1289729c79be69d266f59314389",
    "src/addons/PunterForum/RelatedReviews/vendor/bin/jp.php": "259aad72f48c750f21237cd97ecec990316cdf0b76b3ccbbdd3b8e5dc41fe3d3",
    "src/addons/PunterForum/RelatedReviews/vendor/composer/autoload_classmap.php": "0d0a413e44ca49ba7d9dc421835b7cc58d0bf9e2fc1696902489ce98f5cb4079",
    "src/addons/PunterForum/RelatedReviews/vendor/composer/autoload_files.php": "3e82ed64a9802c36cb38931670e6a75da5d01d812b5e619cef977305551e7898",
    "src/addons/PunterForum/RelatedReviews/vendor/composer/autoload_namespaces.php": "ede505407590638a435137f4e060136f1008de79fc169b3de9793423b0cea38c",
    "src/addons/PunterForum/RelatedReviews/vendor/composer/autoload_psr4.php": "1bf26292f2f8b4fa229d6f6e9747fcf6cc8d0f7b2347df3c04ce8ca371c09ae0",
    "src/addons/PunterForum/RelatedReviews/vendor/composer/autoload_real.php": "fc034f95900c79e01bb048365c7f9f120eb2deb4b981c2d41b5ff9004acecba9",
    "src/addons/PunterForum/RelatedReviews/vendor/composer/autoload_static.php": "3fe371e0b0e149b05e8387c1fdad1c1c83ac06da105203f9aa5eb24b7c373bf0",
    "src/addons/PunterForum/RelatedReviews/vendor/composer/ClassLoader.php": "d4b2313e562edf942838ec316d983c1a3459ca67da3e5658e861200b0b3693c2",
    "src/addons/PunterForum/RelatedReviews/vendor/composer/installed.json": "2b6c6db4931fb7a9a4932ebbd7d5b652f295bb5051cf7a0ce90e4091dc7ea1e1",
    "src/addons/PunterForum/RelatedReviews/vendor/composer/installed.php": "01d91bf56d98e10cab0ef03160daffe911f27619c44dc52d8684412d839adfb2",
    "src/addons/PunterForum/RelatedReviews/vendor/composer/InstalledVersions.php": "21f4ba19e7859cb3f85b8b1680c970ee25d972546c1606dcae0e7e5f43f626f0",
    "src/addons/PunterForum/RelatedReviews/vendor/composer/LICENSE": "c8cce4b6b9729f264ffdf9296d505d63432497feeed1f586d1902b942197e024",
    "src/addons/PunterForum/RelatedReviews/vendor/composer/platform_check.php": "818a5ae174e8ee3a95878379a3a345d02fd9a17e7a7a27bd5b604eebe7c64cb2",
    "src/addons/PunterForum/RelatedReviews/vendor/mtdowling/jmespath.php/bin/jp.php": "5dcb12018b2712d52c9f1b327617f11206089f3835029013bccd95a8a8eb75eb",
    "src/addons/PunterForum/RelatedReviews/vendor/mtdowling/jmespath.php/bin/perf.php": "4fe79f18dee726648839d6a5543362cc5b709f49c36a8833778384f6e7db808a",
    "src/addons/PunterForum/RelatedReviews/vendor/mtdowling/jmespath.php/CHANGELOG.md": "76e7719c28e4db15793cdd9a7e9ccc6d4fdb13f42f9068ff03d4165ccfc20320",
    "src/addons/PunterForum/RelatedReviews/vendor/mtdowling/jmespath.php/composer.json": "bef7970c628c713f4ae5f204e2055563fb8cbb8a1d5fd46855b6cdf5d7316706",
    "src/addons/PunterForum/RelatedReviews/vendor/mtdowling/jmespath.php/LICENSE": "0aa598fe040b1d94435f48b6ac2df81e1f9af444921ff5a62a29b9e26c0bc020",
    "src/addons/PunterForum/RelatedReviews/vendor/mtdowling/jmespath.php/README.rst": "2570e4cee2ec820919b1271ef0cdee8f5dc3d884b5be214458dda652245be571",
    "src/addons/PunterForum/RelatedReviews/vendor/mtdowling/jmespath.php/src/AstRuntime.php": "63f93d904c250b31942f2c6986f926f0e3ddb90fabdd5139ac20befe112f6afd",
    "src/addons/PunterForum/RelatedReviews/vendor/mtdowling/jmespath.php/src/CompilerRuntime.php": "7b4773ee6e78deb3e5f2db3221ada3156ef312554166a3ced84e5b28d4bf730a",
    "src/addons/PunterForum/RelatedReviews/vendor/mtdowling/jmespath.php/src/DebugRuntime.php": "e375b85970875b7fe434e5801fa94294b188191c1373575e8b6baa82e80961b4",
    "src/addons/PunterForum/RelatedReviews/vendor/mtdowling/jmespath.php/src/Env.php": "95dfd592acbd95cb75d3db3d1d36b4b71abbdbe6fd57efd97c368bbf2e03dbb0",
    "src/addons/PunterForum/RelatedReviews/vendor/mtdowling/jmespath.php/src/FnDispatcher.php": "781bbd4f88a01a35818ead511894a3e6a8835defc90879b41b83d2f46f80a626",
    "src/addons/PunterForum/RelatedReviews/vendor/mtdowling/jmespath.php/src/JmesPath.php": "20677c3a93cd539917968af7ba1c0f2ff0ae4f213f8730642a16e5200ddfe446",
    "src/addons/PunterForum/RelatedReviews/vendor/mtdowling/jmespath.php/src/Lexer.php": "2c77d89fdd6082f0795bf4a4453216a8cff15f5216dced1491b32da37e5d6204",
    "src/addons/PunterForum/RelatedReviews/vendor/mtdowling/jmespath.php/src/Parser.php": "0c13f2c9f4462b1f5ce3ca29e89b3b3a7b157f05123985ae7019e68c0e833055",
    "src/addons/PunterForum/RelatedReviews/vendor/mtdowling/jmespath.php/src/SyntaxErrorException.php": "83a7a3a1916e13f234ff8c4aa1d8295bc90fab4776a9aad240bae9b2b8e3151f",
    "src/addons/PunterForum/RelatedReviews/vendor/mtdowling/jmespath.php/src/TreeCompiler.php": "7bf531a98d319584cbfd3da663232faba347f73f92bad303840cb3be8ef2e291",
    "src/addons/PunterForum/RelatedReviews/vendor/mtdowling/jmespath.php/src/TreeInterpreter.php": "4f8cf3da9106419400197658a57e0f69242a7c6da4e5a83edc7edf3a965badf4",
    "src/addons/PunterForum/RelatedReviews/vendor/mtdowling/jmespath.php/src/Utils.php": "01abf239234093bca7a12f47d589755eff1cd7a209fa74f7de726e7ef23a1a4e",
    "src/addons/PunterForum/RelatedReviews/vendor/symfony/polyfill-mbstring/bootstrap.php": "baa95805e7748b695b0b065d9856be9ea97e75218b3f2dac987d3412bda0c3d5",
    "src/addons/PunterForum/RelatedReviews/vendor/symfony/polyfill-mbstring/bootstrap80.php": "24a2de8a5f80d08aaa72246e4b18cd15cbe055a02aa9b98d317095b4e6152f28",
    "src/addons/PunterForum/RelatedReviews/vendor/symfony/polyfill-mbstring/composer.json": "952f8d4ed1e0fe53ab0a2e1e6c4c5d5145297a067b7f1d96d34c29fc59792095",
    "src/addons/PunterForum/RelatedReviews/vendor/symfony/polyfill-mbstring/LICENSE": "a718d662afdccd5db0c47543119dfa62b2d8b0dfd2d6d44a5e14397cb574e52b",
    "src/addons/PunterForum/RelatedReviews/vendor/symfony/polyfill-mbstring/Mbstring.php": "7f374c70442cc56eb8ab71a89f5313332c321f29fab06a1e7b65d72ad80c4996",
    "src/addons/PunterForum/RelatedReviews/vendor/symfony/polyfill-mbstring/README.md": "7686ab9250b91f0b706d6a5aac4e6bbf4b8865ec323bbb420343f19e98d91d14",
    "src/addons/PunterForum/RelatedReviews/vendor/symfony/polyfill-mbstring/Resources/unidata/lowerCase.php": "df2b1879ae0f74d86996a4790de37b534c1b406002930550bc087885ae54f0ea",
    "src/addons/PunterForum/RelatedReviews/vendor/symfony/polyfill-mbstring/Resources/unidata/titleCaseRegexp.php": "4eef657adbee39f7badd695b1d60b152b047385966a98b6d8d411554573ec596",
    "src/addons/PunterForum/RelatedReviews/vendor/symfony/polyfill-mbstring/Resources/unidata/upperCase.php": "4ae4778ee941291582b801bcddeaac401068e0e5dde7357ef06f9e882131b026",
    "src/addons/PunterForum/RelatedReviews/Widget/EscortHubSearchForm.php": "0024c62c25b33237186056199120a952b46f2e875f449425b25618795325525d",
    "src/addons/PunterForum/RelatedReviews/Widget/RelatedReviews.php": "73baf795fb250919a1588f4f58b482e1724e1f8b3bd70de72b962fe935527307",
    "src/addons/PunterForum/RelatedReviews/_data/activity_summary_definitions.xml": "99d8c2563a31320d66f958fc8bda78613545f5f7959bb3cf5318805e3a3c39d2",
    "src/addons/PunterForum/RelatedReviews/_data/admin_navigation.xml": "064ec797484ac00d5ee37367b50b06846d11f480d00550997712707f8fdac8c0",
    "src/addons/PunterForum/RelatedReviews/_data/admin_permission.xml": "ec6fb97cebf0bceb24f1ed1d5778c1db54eeb7535fbb3e31d824840e7aa9ff87",
    "src/addons/PunterForum/RelatedReviews/_data/advertising_positions.xml": "d2f7cbe844bb1df3cf878d22ff6306249245c8ff6b0b87b9b729744bec538261",
    "src/addons/PunterForum/RelatedReviews/_data/api_scopes.xml": "6793eaf758f140e8137187ba20e65f4faccf53410433ae3ad7a8b3b38cb6b3b7",
    "src/addons/PunterForum/RelatedReviews/_data/bb_codes.xml": "faa4ddd5f4a365e5ac39aebdcbe2d25aedf74e7eb9ea4a812766e2fd5e13bdb1",
    "src/addons/PunterForum/RelatedReviews/_data/bb_code_media_sites.xml": "29762987990187b33e43cfb68c08dc917b2d3f0176613d78f8e6c453f82da3f3",
    "src/addons/PunterForum/RelatedReviews/_data/class_extensions.xml": "1f548b8006e9952a3f5889f71e09fdfa6726ac1a47c1af7b2626d1a88920d5a4",
    "src/addons/PunterForum/RelatedReviews/_data/code_events.xml": "8370dec3df47f91df4cf79da253446ad11b29f4ea568fe76c774e97a0379f0eb",
    "src/addons/PunterForum/RelatedReviews/_data/code_event_listeners.xml": "d6b5072f4909dee7a20ee9e44b163f95c8aa52e6ac7f573e292000cd9238c331",
    "src/addons/PunterForum/RelatedReviews/_data/content_type_fields.xml": "c7ad5472b28f465b7ac7617627707eba1b7a39d28089460d52e1ed292fc0b06a",
    "src/addons/PunterForum/RelatedReviews/_data/cron.xml": "323c4284742ef24329cd6db6f288eb9736d2353f36852e1db12591e1583aea26",
    "src/addons/PunterForum/RelatedReviews/_data/help_pages.xml": "a8a0c0b06cdc550438bc8a8d385af3e1e5ab3459877dfb934c1c31be59c89163",
    "src/addons/PunterForum/RelatedReviews/_data/member_stats.xml": "89fb2b93ff1eca7a1f6f752248edf6090dfd24037db1446fd18ff7143f08124d",
    "src/addons/PunterForum/RelatedReviews/_data/navigation.xml": "f75e1c03a45a360bbdfcd0567121665082315068475d5b0feb8b1acbb1688651",
    "src/addons/PunterForum/RelatedReviews/_data/options.xml": "1cea29aa5671733d85c8fc6f7c66128eacbca5643cbb38585eb82002879b51a4",
    "src/addons/PunterForum/RelatedReviews/_data/option_groups.xml": "154d7a89664b243d0bd8227c22e241f934bf7e196c83230ee23d3c0c4fba1333",
    "src/addons/PunterForum/RelatedReviews/_data/permissions.xml": "7e4fc7d5826733d15ea2d8936b9bdd41afcaad810eb38e50da3c8d8eafda1550",
    "src/addons/PunterForum/RelatedReviews/_data/permission_interface_groups.xml": "3177224e96458b829aa7fb24866dda9e0455a4922aee3d669b53f59a1ffdf5d1",
    "src/addons/PunterForum/RelatedReviews/_data/phrases.xml": "0986bfd65af6c697aefeba9b35d4f5b7a69cdc199ace0684b2e518b27bb8903d",
    "src/addons/PunterForum/RelatedReviews/_data/routes.xml": "cf2cf91867c746a1ee38e24b1cab6e0a8df12fa9ff05fe6084d518fe5fd33cb3",
    "src/addons/PunterForum/RelatedReviews/_data/style_properties.xml": "8b8690a8512f01f219dd2da76e3d0c5f62afc1f317b87794a7331c859c36a7a8",
    "src/addons/PunterForum/RelatedReviews/_data/style_property_groups.xml": "68e1879cb3846c42d978487aa8d5145ff3335fc39e58016878824d5cf3fd684c",
    "src/addons/PunterForum/RelatedReviews/_data/templates.xml": "fa5113225967fce04fe4a8aa267d0f0420be8f5dc66e55f3d5e5380860e1fadd",
    "src/addons/PunterForum/RelatedReviews/_data/template_modifications.xml": "3b54b7df00a6a4a18c5e012b6e2588e35c23aaa13a5fc227f08646a97590d778",
    "src/addons/PunterForum/RelatedReviews/_data/widget_definitions.xml": "a3389e61148690dcbc0972fea67d8c86e87b4dcbbc41d6233ef99c29a866ac50",
    "src/addons/PunterForum/RelatedReviews/_data/widget_positions.xml": "a29cee66134f6bc5d75ed9df1eef21096c24401915c5b5c774389c3d7bb2d5b3"
}