{
    "js/AL/Core/dist/disable-button.min.js": "b48ed9ae8e7dbbca639040b1956035e31b43cc2f6cf83b5e5eaad3b0b36ea297",
    "js/AL/Core/dist/disable-button.min.js.map": "60cc101b98f4f9f8a0017049137db543a1f930d1a2058c8294fd5ec84adb2ddd",
    "js/AL/Core/dist/field-counter.min.js": "f95b31976776406d587d52a43e8cd6ba1fff56cdc051df134b216a48b0badf75",
    "js/AL/Core/dist/field-counter.min.js.map": "95cd5c9d110828d7ce885436aed4c721b215d4912b03e74670396fb986ca49b8",
    "js/AL/Core/dist/kel.min.js": "80c77941ed9afe12eebe21d535d95461f5a4849818f0eb2cfef7bd1d4b02b4da",
    "js/AL/Core/dist/kel.min.js.map": "68bc5df3ebd0bd26309bbfaf696afa79649fc9288249112d10f558af0e10a98c",
    "js/AL/Core/dist/overlay-fix.min.js": "9026351cc300f393cd5858da40fbf5e95d69467b0ec6af3645cf9f35ead35eb6",
    "js/AL/Core/dist/overlay-fix.min.js.map": "e43ada3425f7d0a6a9614670d67c8a603b602c22e185b90c2d5adb5db1f8b558",
    "js/AL/Core/dist/slider-breakpoints.min.js": "47f34735057504e940fbc7cc7bf37a652deb97b3d6127f18a386aba5a182d4fb",
    "js/AL/Core/dist/slider-breakpoints.min.js.map": "31999939ab6c2ec7da89aff66b3c6e8d6e20aa709e4a96f98d29664c97927081",
    "js/AL/Core/dist/toggle-fix.min.js": "a1f22925f9f9f53cb337d58859556120eb583ae3b2eed04a86799e7628d1074e",
    "js/AL/Core/dist/toggle-fix.min.js.map": "799b903e308beb8d7482e52b1eca963e59b3af31657e292ee149d0b4e53d8823",
    "js/AL/Core/src/disable-button.js": "278f40399b46f3ce0eb60e571258a81feecae7d58c1d5675e2dcb77ac8c00b57",
    "js/AL/Core/src/field-counter.js": "afb768b7104d16b4db8f0cfce4f73247192081e5d62d8bf13a39c482a94ad3f0",
    "js/AL/Core/src/kel.d.ts": "19ea2b75f8f454fd1e308b1827a3b36269f089e3c28cfd7408138a8684c6dcda",
    "js/AL/Core/src/kel.js": "2605e41747f75fc98b9f2471b42ff37e6be129bf3187fb559182dc2093a651a6",
    "js/AL/Core/src/overlay-fix.js": "daa063bc69a21d0ec7d97e81a2f1f3a10ed2ad9fd8940b6d6c63233734999634",
    "js/AL/Core/src/slider-breakpoints.js": "434085f8cf50c74b5ef05ab20b5fd283ec8e0ba87018e8250dbcc7bf9a51ffc6",
    "js/AL/Core/src/toggle-fix.js": "ac287714d7f16eb17911af31f7356177dc7920a578d77131100cb520fe5b60a8",
    "src/addons/AddonsLab/ContentHandler/AbstractContentHandler.php": "c47a51f08ca6c80cd0b89660e0126225060e9d1b65fec488b5fd0018f87ff9ca",
    "src/addons/AddonsLab/ContentHandler/AbstractFactory.php": "e61b62c1d51866408374afc6b1d231c0f10699697da1027e1868264a1223c19a",
    "src/addons/AddonsLab/ContentHandler/ContentHandlerInterface.php": "7dbdeeb2029818529653d8145d5f97367dfe61996fca815e890d14e1a17cd6be",
    "src/addons/AddonsLab/ContentHandler/Traits/Context/ForumContextTrait.php": "204b26f98b74166822c02a997c22b7076b475d19593018e20132ad6445effa43",
    "src/addons/AddonsLab/ContentHandler/Traits/Context/PostContextTrait.php": "f3859e0169041a99883195ef9fa08c06d331c2945b45bf94db9759946ffd5a80",
    "src/addons/AddonsLab/ContentHandler/Traits/Context/ThreadContextTrait.php": "9b28961be2628d4153575405c33318e8543c7e3e46dab106a6e46d14734e96ba",
    "src/addons/AddonsLab/ContentHandler/Traits/Helper/ModerationTrait.php": "c857762f7780f700bee5d77521ab453ca4269cf92e34de08b895aec9010d444f",
    "src/addons/AddonsLab/ContentHandler/Traits/PostTrait.php": "9bee2992487883f16e2c0543e669579e67b97f9b3fc817101e45c459ffe10ae9",
    "src/addons/AddonsLab/ContentHandler/Traits/ThreadTrait.php": "5352e50ffd409d2ca7e189e810c32dc80aee34b72f83ea48abbf810b9ab5955d",
    "src/addons/AddonsLab/Core/AbstractBatchDataLoader.php": "0e35de7a69492ee46a6fcd80f1839f0b53bd73f401b813a9a96552132ffd95f9",
    "src/addons/AddonsLab/Core/App.php": "4e8c18b18e8baead3a54ee13796fe4dbc61a79d39c5c122d2a38e9eeb2f4eceb",
    "src/addons/AddonsLab/Core/composer.json": "b29725bfc512ca6df1b86100c545a81727da173047796bece2c2fc5c5859bed3",
    "src/addons/AddonsLab/Core/composer.lock": "ce648fe1404656b1fbd1225def381e3541bd301d4d4747bdd82c43763317f1cd",
    "src/addons/AddonsLab/Core/Container.php": "7244baabf595733aad0686e95cadb7da338a9662d495873bad7e6b404b3e3911",
    "src/addons/AddonsLab/Core/CookieProviderInterface.php": "8730ea507edcd36edf17ca4cd80e784930d0d594a43010d49f88a8a23004089f",
    "src/addons/AddonsLab/Core/DbMiddleware.php": "1b09fefc0bbdffd16334d8e7ac94c4bec34b9d4f00d26a17f10d0c5b389bed10",
    "src/addons/AddonsLab/Core/DbProviderInterface.php": "f1fab93325d71f757986052034100dbdb6fb2aebd341f32d1f033dbef4264db1",
    "src/addons/AddonsLab/Core/LazyLoadList.php": "cc4e076a509e0a58314493fbcda751e949e212efe8f2ba6e278db51d379bcddd",
    "src/addons/AddonsLab/Core/Mapping/AbstractMapping.php": "9764906bbcce24b21bad5f5e2ee4bea976b0a8459c7fc60a2a12f46cc451dd66",
    "src/addons/AddonsLab/Core/Mapping/Readme.txt": "2aac01210fa8e07b000c3a5cd02d891fa4768fa23e7a91d6091448c66655d9f6",
    "src/addons/AddonsLab/Core/OptionProviderInterface.php": "c1c5767165814e1d94f6a26c4feba5737c4ceb716f3c5e7d21c81fb73a28bb92",
    "src/addons/AddonsLab/Core/PhraseProviderInterface.php": "52b7ecceff410b71b6fb6ad580634eff61a22e523e7b6e0bcdea0499afa6ae27",
    "src/addons/AddonsLab/Core/RegistryProviderInterface.php": "48eb4925b5f462a2bb2400bc9b8836211413bd9a9da6092433143e9d37ddf078",
    "src/addons/AddonsLab/Core/RoutePrefixFetcherInterface.php": "39f61a1fc7f5c39603f534a020715aa0cdd71335e4b833a39be794872e91b1d4",
    "src/addons/AddonsLab/Core/Service/AccountDeleterInterface.php": "112070ca982abe3af4bb7eeadccd2e9667a278e4a1d509e484ea13800a5f671e",
    "src/addons/AddonsLab/Core/Service/ArrayHelper.php": "93aba69dc102bf3c1521646bec592d3f428e28b1cca3026116bca5e6e6351de1",
    "src/addons/AddonsLab/Core/Service/DirectorySynchronizer.php": "32dfb471e8791d60310c643cc0af06d3f82561189ecd41b0f7c0b5bfe9e46dfd",
    "src/addons/AddonsLab/Core/Service/FlashMessageProvider.php": "1d7c9f4919ddce2769dc56dcda5343e942b62717990719427efad95c2c8cd96c",
    "src/addons/AddonsLab/Core/Service/Logger.php": "f5ca394b7fdaba8b4d4b5d55b9a20fe6cdfeb19fe6e87e6dce0ebdf28e9e2509",
    "src/addons/AddonsLab/Core/Service/OptionBuilder.php": "4dde2545036616b2b1c5ebdde135430fb0c914e021b1fbb65af60ea3b63d043e",
    "src/addons/AddonsLab/Core/Service/PaypalHelper.php": "ba636e0ab1e2d2e8e3b69a980cacd3481af61c147df774ae58554fb7c9ec293e",
    "src/addons/AddonsLab/Core/Service/PhraseMapper.php": "922c808d3efe6e474d371741f9372acdb12d3606dde92b1fb21745239821c270",
    "src/addons/AddonsLab/Core/Service/ServiceInterface.php": "877a6f251f7f8c21ab8c37982749a924fd7891a562715308dec58ba315f04c41",
    "src/addons/AddonsLab/Core/Service/ServiceTrait.php": "12526a3415aab7c8595e81d227eaf7551a56500086df8b711d4536b2de09f0f1",
    "src/addons/AddonsLab/Core/Service/ThreadCopyProviderInterface.php": "9b10b185a8e842a48be2cc2fc99044aeed6ac272a1e60f236c054e5e28d9cc72",
    "src/addons/AddonsLab/Core/Service/UrlBuilder.php": "9af119f668363b3433c9abeb266f3c7b0a5c6be55adf2ea55ccb820381c27ffc",
    "src/addons/AddonsLab/Core/Service/UrlModifier.php": "189177ef1ba604c3bb9cd74554eea5de5fb1b2a5b49d14ed0debe5e26205c748",
    "src/addons/AddonsLab/Core/Service/Utf8Converter.php": "2d9e305c7c246015bfcd68121e5890e4ee1899dc9cda798430b10905179f9e3e",
    "src/addons/AddonsLab/Core/Service/Xf1HttpClient.php": "17f66c464ed146714e0e517b6512c328bfebdd53e0762e3cdb36505a5d63a9f3",
    "src/addons/AddonsLab/Core/SessionProviderInterface.php": "85a6c902e6e07e279515e47da4dd74bc86073278e5f02609fa8d518a7f5fd55c",
    "src/addons/AddonsLab/Core/StepRunner/RunState.php": "b7e93839ff093e48cff2f4713cb90bbf2881564228a4d6e1537d8f3ee03b5868",
    "src/addons/AddonsLab/Core/StepRunner/StepInterface.php": "bdbdb457c2d187f33f88ee04ddcb4c6ae8f9eeb964d3836cec5def1e07836012",
    "src/addons/AddonsLab/Core/StepRunner/StepRunner.php": "143796f109271270a96279e7eb568548b44cf9f898995b892d71edc74f412d76",
    "src/addons/AddonsLab/Core/tests/phpunit.xml": "121823b53d39fb32fa777ce177816772086126b7e0bcece5187813b01fcceebc",
    "src/addons/AddonsLab/Core/vB3/AccountDeleter.php": "61af0f23c19084946229f997478788155bc6c1ed93adc603dcc3b65d9416d59e",
    "src/addons/AddonsLab/Core/vB3/AppTrait.php": "80235e28e4829f1ab10e4d5f94a637e32bc81360a971bd4a6c5501e72fa1575e",
    "src/addons/AddonsLab/Core/vB3/CookieProvider.php": "11806e302fb16b90b720f954ccb77e2e289b8e579ce02637260ea3a50f61d44c",
    "src/addons/AddonsLab/Core/vB3/DbProvider.php": "9d5bbea94c0c715b420f8d06ca7096c1e199d882ada51c777e4824af1268e92e",
    "src/addons/AddonsLab/Core/vB3/OptionProvider.php": "0a5cfb95d1a9d29de626b48b5025f61b0ecd0c2562db92a45d745c4e0d1ba35d",
    "src/addons/AddonsLab/Core/vB3/PhraseProvider.php": "d930b16959032f3d9da7eb08f772d49cec8e0ee2aa90101b4eed1a9b041ddc02",
    "src/addons/AddonsLab/Core/vB3/RegistryProvider.php": "09b66ac31f577b2c4ba8663a8cda207e14c5382c91820cf5d7ef7e8c22e96c75",
    "src/addons/AddonsLab/Core/vB3/RoutePrefixFetcher.php": "cc15a0b0d4211f75f4abcca027c1820f75ba824dea1df358b5397447ae7251f2",
    "src/addons/AddonsLab/Core/vB3/SessionProvider.php": "6f30ef96a58fa6d5a51d42bf15010c40d0b109629c4350589584bde0c51c0f04",
    "src/addons/AddonsLab/Core/vendor/autoload.php": "d351fca1c4906ae8342366473ba8b5a119a4b0125e39b4705a871a78fc5657d2",
    "src/addons/AddonsLab/Core/vendor/composer/autoload_classmap.php": "c068c6cd1fbd4f67e6bcacac19e479ce6e85f32618d42bf7744fb0616037f982",
    "src/addons/AddonsLab/Core/vendor/composer/autoload_files.php": "a8711e97f466342a903fff64086f9be857d39895b031153291555d5a7858f657",
    "src/addons/AddonsLab/Core/vendor/composer/autoload_namespaces.php": "8c5969e79c8e8ef67a572ac8b31db1e62a8398e13d2dfa4b526be7478083d639",
    "src/addons/AddonsLab/Core/vendor/composer/autoload_psr4.php": "e6907486c8952f35197dbea543358d92e5e3949c963fd7c106c4e7ffb0404355",
    "src/addons/AddonsLab/Core/vendor/composer/autoload_real.php": "71b28a61a5e13393499ce32a5bea301e5acc928e59cb4a1b06a2d2681cb8f193",
    "src/addons/AddonsLab/Core/vendor/composer/autoload_static.php": "e7778dce3fdcbc1563755d5cc535c099e44e1699900a030196736846f16773de",
    "src/addons/AddonsLab/Core/vendor/composer/ClassLoader.php": "6df8dd8658f8f0c82e7065a7c71e88f608199a546ad23795211f8a3ccae3164e",
    "src/addons/AddonsLab/Core/vendor/composer/installed.json": "40b2c711c1ef0cf19a006ce212bb69a5b7dbde3942d09946f23e03dd265ebe2b",
    "src/addons/AddonsLab/Core/vendor/composer/installed.php": "85f49f3e01ece5a65de97400da27db42b185999e034f204fdd86762e98c7edbe",
    "src/addons/AddonsLab/Core/vendor/composer/InstalledVersions.php": "9cdb51d6f3b0a5ff393fc5d1672ef9865b54e2b28d5d9244ab8b77a29e8d51e4",
    "src/addons/AddonsLab/Core/vendor/composer/LICENSE": "c8cce4b6b9729f264ffdf9296d505d63432497feeed1f586d1902b942197e024",
    "src/addons/AddonsLab/Core/vendor/composer/platform_check.php": "cc72e43702c1c9c371d6d5f25978a5306b8792a1c7575740bc80f18d1213cf09",
    "src/addons/AddonsLab/Core/vendor/league/csv/.github/CONTRIBUTING.md": "6c6921aca6caa29bc001c90e77fb02994c36cc53d6d623798642596a1bcf229b",
    "src/addons/AddonsLab/Core/vendor/league/csv/.github/ISSUE_TEMPLATE/Bug_Report.md": "67b123d692329e0f2118fd1783788d3da8b3ca0982a70c7b97d0c97a3afbe60a",
    "src/addons/AddonsLab/Core/vendor/league/csv/.github/ISSUE_TEMPLATE/Feature_Request.md": "248a2963b30120680380298f3b8e636c1f2f94aa6401a2cc9b58daf40a855c05",
    "src/addons/AddonsLab/Core/vendor/league/csv/.github/ISSUE_TEMPLATE/Question.md": "9890b4df2bcf375f6a17466d6939946e45a234a0a6c9d8374c012c0e2b1fec6c",
    "src/addons/AddonsLab/Core/vendor/league/csv/.github/PULL_REQUEST_TEMPLATE/Bug_Fix.md": "ca973cbc6da6db75622d0e1c442f47a845e18e1637559ed9d447ae83bac55fd6",
    "src/addons/AddonsLab/Core/vendor/league/csv/.github/PULL_REQUEST_TEMPLATE/New_Feature.md": "02c99da367aa1ef5cd5a6f140fd4439e7a7e383a3e5bf99f76ab3da31bf34ade",
    "src/addons/AddonsLab/Core/vendor/league/csv/autoload.php": "e2f65770434cfe8eedeaf4ade05b36ffecc7a652bccfecde3e615b283a098272",
    "src/addons/AddonsLab/Core/vendor/league/csv/CHANGELOG.md": "9dd34691e8a3aae8123c2e133057e8a9a49cfbdcd8f4cc2b0f4239a65fa49adb",
    "src/addons/AddonsLab/Core/vendor/league/csv/composer.json": "a61bcf5a92f95c0856fddedff80d3fb1769989376bc99722f24c6828dea57647",
    "src/addons/AddonsLab/Core/vendor/league/csv/CONDUCT.md": "f351fe86672abb44f892bbf34b65f623fef6b3c3a9914a291e2b7a84f8e58aa5",
    "src/addons/AddonsLab/Core/vendor/league/csv/docs/7.0/basic-usage.md": "1427e934cef9932bfb16ee054c1225987c9074f8a76176eaf4ecee85dbe8d76d",
    "src/addons/AddonsLab/Core/vendor/league/csv/docs/7.0/bom.md": "ba1eba35b4b6697a0a177d4dff96594d5d5a526e1ac24b8d6900c0b33b9273c3",
    "src/addons/AddonsLab/Core/vendor/league/csv/docs/7.0/converting.md": "83fe54bee4dbfa1f74b48344791fdb82c63648c8faeff47ddaaa2fa009e49f31",
    "src/addons/AddonsLab/Core/vendor/league/csv/docs/7.0/examples.md": "ad8af98bd8626abe84b105fa7f0789d2e7ae1c0e39f3aa733d6c6284c043628e",
    "src/addons/AddonsLab/Core/vendor/league/csv/docs/7.0/filtering.md": "dcaffc5b731e5d23b1b186d285bd090de1e50b5ba4a8021aeb69c2ab41fef6e2",
    "src/addons/AddonsLab/Core/vendor/league/csv/docs/7.0/index.md": "44b20966cb4590317c6c3a94ac005eb97c413594ae8a92c25d1dc9a6eb3eb6d3",
    "src/addons/AddonsLab/Core/vendor/league/csv/docs/7.0/inserting.md": "84a38a812e2edf0410667178e549dd0136265d8d1a17e7f43b8098bb1b24b41f",
    "src/addons/AddonsLab/Core/vendor/league/csv/docs/7.0/installation.md": "cf463a13471140ca97fa9217bd36fe13e20d8ce49197ed1b7c2b719fa46c6a9f",
    "src/addons/AddonsLab/Core/vendor/league/csv/docs/7.0/instantiation.md": "80f278c844c6aef0f9b812ad6d7d668f23652056b0153c238b3d2b23e6f730f0",
    "src/addons/AddonsLab/Core/vendor/league/csv/docs/7.0/properties.md": "683e7dbc2315dfb792532221d5fd1bcad49a59fa6a6bf24985699156da48642e",
    "src/addons/AddonsLab/Core/vendor/league/csv/docs/7.0/query-filtering.md": "0b5b7311b1ec18fa611bcea9339ee261ba0f35435ac03a9d07ddf8c8bd8074fc",
    "src/addons/AddonsLab/Core/vendor/league/csv/docs/7.0/reading.md": "8e3f7c54490e24cd68528e634e114c85847e04eb0cceabb5526b1537b796c210",
    "src/addons/AddonsLab/Core/vendor/league/csv/docs/7.0/upgrading.md": "5256f927acc12b3d98d481b508cee680226cc1c32646e641a569cae045200bb1",
    "src/addons/AddonsLab/Core/vendor/league/csv/docs/8.0/basic-usage.md": "4344642e06b697b431f5eb2db5d350c65d3e79090c35d9d1af73aa16aa1c3d4f",
    "src/addons/AddonsLab/Core/vendor/league/csv/docs/8.0/bom.md": "36365bfe9c714e70e451953cfed6ca650e614da4709b4572ac69177874c2f40f",
    "src/addons/AddonsLab/Core/vendor/league/csv/docs/8.0/converting.md": "aaa939e615029d49081b0e83d0b8d531c5909d46ae2ab37efbe6f11b6f776065",
    "src/addons/AddonsLab/Core/vendor/league/csv/docs/8.0/examples.md": "6e0b58fcac9dc974572cd18755fed1509c351662cf045f20fc8a0f255631a10e",
    "src/addons/AddonsLab/Core/vendor/league/csv/docs/8.0/filtering.md": "730e186790933f1190eddfb831753b40e8c0ca80ef98923fdebac7a57d8c47de",
    "src/addons/AddonsLab/Core/vendor/league/csv/docs/8.0/index.md": "a83e02288481eb156c1ccb0dadca63593c8878974cac2a7810a5f1444c702531",
    "src/addons/AddonsLab/Core/vendor/league/csv/docs/8.0/inserting.md": "39a872b6cd286904d4e18759a79984e56fb64a3410ab14e239bdc8a92fe2e46b",
    "src/addons/AddonsLab/Core/vendor/league/csv/docs/8.0/installation.md": "9742a5aa8a80b8ee70c0082ce84e7a691162b6e7e0010923b0d078c408a793c8",
    "src/addons/AddonsLab/Core/vendor/league/csv/docs/8.0/instantiation.md": "5bf4bbbe401305f66b9407db1cd5f05a6daabab7579f40e00ac070d6cead05c4",
    "src/addons/AddonsLab/Core/vendor/league/csv/docs/8.0/properties.md": "b5f8ca267bb0128b46b5b9c1d3528d70e71c4dea559b253141921debaed6b1d1",
    "src/addons/AddonsLab/Core/vendor/league/csv/docs/8.0/query-filtering.md": "931c6217b985cfbca891f38a1a3a7c6d2a8471f1424e2e85c4b6203eb61b3ddc",
    "src/addons/AddonsLab/Core/vendor/league/csv/docs/8.0/reading.md": "1788c9ced94c777f167706db53c84efcc3067b1893a59157c251a5908b68587e",
    "src/addons/AddonsLab/Core/vendor/league/csv/docs/8.0/upgrading.md": "1ef122dc96b857305b496a6e44c34135bf6d8ffe514fb3ea414f9ffae4eb639b",
    "src/addons/AddonsLab/Core/vendor/league/csv/docs/9.0/connections/bom.md": "db44146a71ef0d24124b6421d1a843f62eb610cadd9cb808f4dcc20f9e275326",
    "src/addons/AddonsLab/Core/vendor/league/csv/docs/9.0/connections/controls.md": "5571fb471de1e295180952e7a2add87009abf20203ade502fc0bc626352ad212",
    "src/addons/AddonsLab/Core/vendor/league/csv/docs/9.0/connections/filters.md": "3c78ba0a47b1dcd8d0b04463439fdb24ff716a35260b775d3a1f7132cf018504",
    "src/addons/AddonsLab/Core/vendor/league/csv/docs/9.0/connections/index.md": "a1c817c1324655b4ed0899e6db7fedae66c0d70cb3431d9ce71274cbd2d64e1c",
    "src/addons/AddonsLab/Core/vendor/league/csv/docs/9.0/connections/instantiation.md": "59382297e20754da64df1eea5b26942f385ec37ac7ac40e456d058aa1003c47d",
    "src/addons/AddonsLab/Core/vendor/league/csv/docs/9.0/connections/output.md": "d7b5084fbd834c0a1bfdef4408f36ed12b7d8a034f73b4ca82916053b319881e",
    "src/addons/AddonsLab/Core/vendor/league/csv/docs/9.0/converter/charset.md": "7514e8eeb0ada119127c9e327eb6b982d5826b37bafbf2f8c22616dc06e63115",
    "src/addons/AddonsLab/Core/vendor/league/csv/docs/9.0/converter/html.md": "f09df30650bf1919892b1cd6d188cc877d42761ff23a2469912b8f88d7d32e36",
    "src/addons/AddonsLab/Core/vendor/league/csv/docs/9.0/converter/index.md": "3be032f21d2feb6cf3d6f0b9a3cebd690b1c5caa1316d2d486099da818087990",
    "src/addons/AddonsLab/Core/vendor/league/csv/docs/9.0/converter/xml.md": "172bb545d510b89cb1361844535dc7063da0e77ef3687f85f4f4f4ff82ab01fa",
    "src/addons/AddonsLab/Core/vendor/league/csv/docs/9.0/index.md": "084cd87f34fe0c718306b60774b4c66590c522f8ae5dd32fc35de25704900ea0",
    "src/addons/AddonsLab/Core/vendor/league/csv/docs/9.0/installation.md": "a669a01bfa9281053ccf6690a26e8815613daddb69000d316d617a78b58dcee7",
    "src/addons/AddonsLab/Core/vendor/league/csv/docs/9.0/interoperability/enclose-field.md": "2efc725fbda85677e4652d6018ca326362645b366bf38843514fbcde9c893744",
    "src/addons/AddonsLab/Core/vendor/league/csv/docs/9.0/interoperability/encoding.md": "1c83d9d327d8f6609c7faf1d2390c18af34d836b9fc4f90c4f8e22bdf5d528aa",
    "src/addons/AddonsLab/Core/vendor/league/csv/docs/9.0/interoperability/escape-formula-injection.md": "1fd62dc6a2225abad62006231c894eb9e092231e2b03667711729f12069719cf",
    "src/addons/AddonsLab/Core/vendor/league/csv/docs/9.0/interoperability/index.md": "44b54c8e93e91838c39d12ea30206e03958177e16e0d9632b9bdb35302e1c3ea",
    "src/addons/AddonsLab/Core/vendor/league/csv/docs/9.0/interoperability/rfc4180-field.md": "64f807fd3da980b76d705d3b3bd3fce260f518482f30a33502957a5fd827216e",
    "src/addons/AddonsLab/Core/vendor/league/csv/docs/9.0/reader/index.md": "3c060b5e33b5378aa115f2871e153af996c5b22d30bb5b1e4b667e5057b93739",
    "src/addons/AddonsLab/Core/vendor/league/csv/docs/9.0/reader/resultset.md": "f7fe3502c6fbf8808a2d874067cfd03de746b3f027a0fbbce54a09587ad170c3",
    "src/addons/AddonsLab/Core/vendor/league/csv/docs/9.0/reader/statement.md": "7093ad94c89eb6f6759c5deeafdb731846f34d1c5decaf5aeaaf0c9d3032be68",
    "src/addons/AddonsLab/Core/vendor/league/csv/docs/9.0/upgrading.md": "fc86a2eeead1ba460100e0fcb7eda9c59b536176cb7b2b929945ee445f5804e2",
    "src/addons/AddonsLab/Core/vendor/league/csv/docs/9.0/writer/helpers.md": "b5533fa9b711bed745b02ad6e1a608b5db57122000c775dc3cdb2794c6876292",
    "src/addons/AddonsLab/Core/vendor/league/csv/docs/9.0/writer/index.md": "91deb4d4bcfeb146c8fa4dd45193c68f390ea4d96d42a4c6610bfd061901aa3f",
    "src/addons/AddonsLab/Core/vendor/league/csv/docs/CNAME": "d4b553d3d685e577bf3d9ef240abcf15c147b86fd68a0f48e0e4c3a85646529a",
    "src/addons/AddonsLab/Core/vendor/league/csv/docs/custom.css": "e3ca73cf06e94ad87bbe92b82aec05375cade2232d79db6a175e93bcb2313729",
    "src/addons/AddonsLab/Core/vendor/league/csv/docs/custom.js": "029ee6d8bbbf612774062f93a3e13ecb725a67601db876fbb410750c04f6629c",
    "src/addons/AddonsLab/Core/vendor/league/csv/docs/homepage.css": "2f406ebb5304cefb1deaa876cc92b67928e069050ab65be8f8335625744232f2",
    "src/addons/AddonsLab/Core/vendor/league/csv/docs/index.md": "acecf07f5aa2f2712a931d317e672afaa1b463678d91605a9a36b1cba5b844d6",
    "src/addons/AddonsLab/Core/vendor/league/csv/docs/releases.md": "4ec47e37475f51bd25e78a7b7acef4667a0907ac5f0abcaf7008eb0dda9227dc",
    "src/addons/AddonsLab/Core/vendor/league/csv/docs/upgrading/6.0.md": "7e3c5614ed13c2b6162d8d890f2525a3d803ccd074e3b16857338765d23161f5",
    "src/addons/AddonsLab/Core/vendor/league/csv/docs/_config.yml": "d697a08455620c201e0f3cf9e26e7ada89b4edc6b50c9a1151b742102b61108f",
    "src/addons/AddonsLab/Core/vendor/league/csv/docs/_data/images.yml": "f3130f8e8e6522bd30519e951e453c91616d20b3bd48489a5187f33146f7c929",
    "src/addons/AddonsLab/Core/vendor/league/csv/docs/_data/menu.yml": "2d6a1ef4ab1c7f54624d27ca4be5f16c35f6deb78d85aedb4f32a7947d86d02f",
    "src/addons/AddonsLab/Core/vendor/league/csv/docs/_data/project.yml": "a009444016431a71ef26a302f0ce6e7ef506d4ec24d54fb8fe5401d955f73f33",
    "src/addons/AddonsLab/Core/vendor/league/csv/docs/_layouts/default.html": "6323164ef2766d06512f7e3546771b4a8b97f9239199917f3f9315b454e038ca",
    "src/addons/AddonsLab/Core/vendor/league/csv/docs/_layouts/homepage.html": "55d80c3f3645ae9c91a84a773cfbd3ffdbf00861f96a9bb64f799b8c00bae38b",
    "src/addons/AddonsLab/Core/vendor/league/csv/docs/_layouts/redirect.html": "94280fd4117b548be58cf0cbcb258324a2cefc441bcdcc54fc68b4031f6d0be0",
    "src/addons/AddonsLab/Core/vendor/league/csv/LICENSE": "2df5116166856ca7c1190ca09e7ff1369ffccca69e8afbbd9cc1d7fa279fc0ff",
    "src/addons/AddonsLab/Core/vendor/league/csv/phpstan.src.neon": "617979d6d5e2d4fde58fc40fe0dbf210e544c8d755ccb32738c3092063b29dca",
    "src/addons/AddonsLab/Core/vendor/league/csv/phpstan.tests.neon": "5e63780e3b99aab782f4f48e6b0c07f3baf4bdc9e791940f2dbb8eda2dd65f69",
    "src/addons/AddonsLab/Core/vendor/league/csv/phpunit.xml": "9f2d23866581a1449574d776c016c57aed6400b4512a24ad7a33d01b63789eb6",
    "src/addons/AddonsLab/Core/vendor/league/csv/README.md": "9f892766bc30a0e11fa311b9e37c13c4cebefb0c069c6edf7928eb66ead67980",
    "src/addons/AddonsLab/Core/vendor/league/csv/src/AbstractCsv.php": "c8ad1f02212146ae6d251e4280c0b49de22b270dc955a1b85502c0fe9fb29218",
    "src/addons/AddonsLab/Core/vendor/league/csv/src/ByteSequence.php": "dc0732e03d91925bef1edbc0b10b504d341ba8f9ba8332de25a9a44ef6f4658c",
    "src/addons/AddonsLab/Core/vendor/league/csv/src/CannotInsertRecord.php": "b538c4601c9e8bb4256937ff723c8440b040b43003b0508dd6e20513dc13edb1",
    "src/addons/AddonsLab/Core/vendor/league/csv/src/CharsetConverter.php": "f94445d44d96a9a7201bb5a26e276b4ee5fb1f01bc3eb9179615f77592898256",
    "src/addons/AddonsLab/Core/vendor/league/csv/src/ColumnConsistency.php": "ad61797287b12096d62b2b1989d91982b3e7e21ea8701c7dcacc0a51dd0582bc",
    "src/addons/AddonsLab/Core/vendor/league/csv/src/EncloseField.php": "eb5562bac23a2ce857a4cc08c4ed72e211fa45f781a0de112b0227af551bd301",
    "src/addons/AddonsLab/Core/vendor/league/csv/src/EscapeFormula.php": "c66c561389ee2b963d2ddb38d01aa8c5f937900044a0c0e59ee86714f933213e",
    "src/addons/AddonsLab/Core/vendor/league/csv/src/Exception.php": "1d18ab2d2657b02b16ceedbd82ce8ab7057ef39cd5d996aba94cfbe3d0179147",
    "src/addons/AddonsLab/Core/vendor/league/csv/src/functions.php": "6189b31e133f4ba6bfd3943eaf14cc86902fb05d53aec13c989da3e46921f2ea",
    "src/addons/AddonsLab/Core/vendor/league/csv/src/functions_include.php": "18e107a4c38b70179865d781ab772a374ff15ae3f4e8aee182eb4a622b88fbf1",
    "src/addons/AddonsLab/Core/vendor/league/csv/src/HTMLConverter.php": "2d9dc396d062fca4bc45cab6d6971f4ed1311f0821627669d40e71e05e70dc63",
    "src/addons/AddonsLab/Core/vendor/league/csv/src/InvalidArgument.php": "d492b99bc9b98dbb5a98f382b583f957c7030d86da6833d69ce4f7365f2efb91",
    "src/addons/AddonsLab/Core/vendor/league/csv/src/MapIterator.php": "66747bd1c37a13c76e390f0400666b55d05550a7c7de1b2b794577cc630f80fb",
    "src/addons/AddonsLab/Core/vendor/league/csv/src/Polyfill/EmptyEscapeParser.php": "621c24f718952acd709c655262fac236b3306c36d8071ca42bd02e22eea54254",
    "src/addons/AddonsLab/Core/vendor/league/csv/src/Reader.php": "467be306dd5792a01526cff3d5ae76263a9291b68b2454dad9825c6fed00afb1",
    "src/addons/AddonsLab/Core/vendor/league/csv/src/ResultSet.php": "a58157408f54a3e418575bfb298e899ab1450240085062cd451e3bb353b8d5c9",
    "src/addons/AddonsLab/Core/vendor/league/csv/src/RFC4180Field.php": "30dfe93a03c00ffb955888475380eb753f05325c57e155c38cb5745ee4b591ad",
    "src/addons/AddonsLab/Core/vendor/league/csv/src/Statement.php": "87ba7b9458a17ecfa5fdc384d2ab0f0ff5a04f47d086f9eefa4aee851cdf2b8a",
    "src/addons/AddonsLab/Core/vendor/league/csv/src/Stream.php": "ad3f181091868382bb89d021874222c938a921798d9bc90bcdd0cc16e000dd10",
    "src/addons/AddonsLab/Core/vendor/league/csv/src/SyntaxError.php": "80b578765adb3578b41cea2845b9679fc69aa96bb15fe0d4e4f99963459bb961",
    "src/addons/AddonsLab/Core/vendor/league/csv/src/UnavailableFeature.php": "2e2dc1bca96d68af4deddbb3261d82b1ef3ddeb9aab01261dfdac7d3e4b5fc38",
    "src/addons/AddonsLab/Core/vendor/league/csv/src/Writer.php": "e45f8123960f65b156662c0f12c44cf18cbd7e41a15be1d595af5a6f04fb859c",
    "src/addons/AddonsLab/Core/vendor/league/csv/src/XMLConverter.php": "642752e23f40bded66f32210cfff20209fa10f46c49f5777e55ffb2cb48a7ee1",
    "src/addons/AddonsLab/Core/vendor/league/csv/tests/ByteSequenceTest.php": "d1a2c67befa02d4d873ef0110f8bba5cafc0a3ce8c5299721327d35639becf91",
    "src/addons/AddonsLab/Core/vendor/league/csv/tests/CannotInsertRecordTest.php": "9e4d38b01af3f55af98171d4d5d2b4d87337e84f05b4ab4ece0fe5fb8858c097",
    "src/addons/AddonsLab/Core/vendor/league/csv/tests/CharsetConverterTest.php": "10d82b1539d034129c96a7c70d8d78c5293597daf746647d1710117eb811b855",
    "src/addons/AddonsLab/Core/vendor/league/csv/tests/ColumnConsistencyTest.php": "63805c9e2145872ad00815c9983cde0bdbe8fae89e602d4139aca420ca397112",
    "src/addons/AddonsLab/Core/vendor/league/csv/tests/CsvTest.php": "61d860f0a4e897314ec663257b653b6164b11b200880bdefc00555d08675ba8b",
    "src/addons/AddonsLab/Core/vendor/league/csv/tests/data/foo.csv": "900ab2cf11ad26742901a7b932d98e8a662e5e3cb17c9d923639c1e94c148d06",
    "src/addons/AddonsLab/Core/vendor/league/csv/tests/data/foo_readonly.csv": "900ab2cf11ad26742901a7b932d98e8a662e5e3cb17c9d923639c1e94c148d06",
    "src/addons/AddonsLab/Core/vendor/league/csv/tests/data/prenoms.csv": "f1191a8d4ffecfc9b048d84173dc5aa7525b1ea039129c0b6729ceb54b0248eb",
    "src/addons/AddonsLab/Core/vendor/league/csv/tests/DetectDelimiterTest.php": "7f3d813d147e26ed8720185c4f7e7a05a5376ea7b2df153e111f5bf8b365b5fe",
    "src/addons/AddonsLab/Core/vendor/league/csv/tests/EncloseFieldTest.php": "c4e9c4197d9026a245780ec4f1dc2d631f859f1c20c19aa420b6a0cb273acbca",
    "src/addons/AddonsLab/Core/vendor/league/csv/tests/EscapeFormulaTest.php": "6fa045c7c427e4e8ef1b113bf2cc6e75d36a7e05fcef3e49a39cb0938ace7eec",
    "src/addons/AddonsLab/Core/vendor/league/csv/tests/ExceptionsTest.php": "cf0af4f04f4f705fd5cf7b0fd7f16af0688b4cd98236a0766a56ff4b60c3facc",
    "src/addons/AddonsLab/Core/vendor/league/csv/tests/HTMLConverterTest.php": "d9f67341b31bf33c5e6457d91dc9a730e2092cc86c4f92d6a154be7e06adf307",
    "src/addons/AddonsLab/Core/vendor/league/csv/tests/Polyfill/EmptyEscapeParserTest.php": "1bb5e3aa678c6882a24b1369697f2cda4a35517e2e892af9eb4c3317f65b1bd0",
    "src/addons/AddonsLab/Core/vendor/league/csv/tests/ReaderTest.php": "9885667201f58d904f0b7fa85438aca239334886c4d98ba2276e71540653f71c",
    "src/addons/AddonsLab/Core/vendor/league/csv/tests/ResultSetTest.php": "3ecf88c422a5230a2359dfc2c91f4544fe85ca2a5af20d650d73d770819fc4fd",
    "src/addons/AddonsLab/Core/vendor/league/csv/tests/RFC4180FieldTest.php": "db31c0d0243bf69e646e9f04cfb88b5d1e8d55c2442e14a86d7f4e7ddd851a2e",
    "src/addons/AddonsLab/Core/vendor/league/csv/tests/StreamTest.php": "85575d3c132e0f6621b44739f6a59086500afe4fd0501d9f5bb6855fce7cf3c5",
    "src/addons/AddonsLab/Core/vendor/league/csv/tests/StreamWrapper.php": "56aab240aa6cc2f729f57ffa7d08dbff2c655535a845fd5873acec1baaf33d0c",
    "src/addons/AddonsLab/Core/vendor/league/csv/tests/WriterTest.php": "1059d60810ecbe614d0b607909cd702c633bdc8fc543924b44fa7310d61a19cb",
    "src/addons/AddonsLab/Core/vendor/league/csv/tests/XMLConverterTest.php": "07a4572434d29c382b31993bc2b041c7dfd16a97ebc84dc7157d2e1f5947b71d",
    "src/addons/AddonsLab/Core/vendor/mobiledetect/mobiledetectlib/composer.json": "c35c54a88a5ef75f80a9bfe47295083206c0d140f000f0dafc09af74baaf4d41",
    "src/addons/AddonsLab/Core/vendor/mobiledetect/mobiledetectlib/docker-compose.yml": "1903f58ee48252dc51bb828167fc55f1261b86232ee6b2760b76aad66f5c0f85",
    "src/addons/AddonsLab/Core/vendor/mobiledetect/mobiledetectlib/docs/CONTRIBUTING.md": "ec1ba4069c69365f7a5f1b7310b13ade36003de7268c0be7aafcb84bfd2faf1f",
    "src/addons/AddonsLab/Core/vendor/mobiledetect/mobiledetectlib/docs/HISTORY.md": "6657a821b9e7a0a612550f699da8be5bd4f0cd417074502200bb78f6b8aeca9f",
    "src/addons/AddonsLab/Core/vendor/mobiledetect/mobiledetectlib/docs/ISSUE_TEMPLATE.md": "defce71aaa34228320f5b05e563bb262e4ca8d4baa46b1a11a3e560774465321",
    "src/addons/AddonsLab/Core/vendor/mobiledetect/mobiledetectlib/docs/KNOWN_LIMITATIONS.md": "6475605255ef0bf6412a3ba5e7aea554894d86c19cf8a721ad3ee0019f975882",
    "src/addons/AddonsLab/Core/vendor/mobiledetect/mobiledetectlib/export/exportToJSON.php": "0f002d608de2a569ed775b32f92249a900f2dd36d65ed83baafab449936d4965",
    "src/addons/AddonsLab/Core/vendor/mobiledetect/mobiledetectlib/LICENSE": "a9a9ed092f403b1769f93ee43c913b4e77d0df40bf05ddb86ebd2555cd6b8624",
    "src/addons/AddonsLab/Core/vendor/mobiledetect/mobiledetectlib/Mobile_Detect.json": "6822e6c61c983e427b5af04dc3c4643104d8eb62cd3f6a7fffcc80af04a783fa",
    "src/addons/AddonsLab/Core/vendor/mobiledetect/mobiledetectlib/Mobile_Detect.php": "4cd5aadd1d255d159f66041943b1c098e7f33d9770d8ec2d4bc02cc953210d5d",
    "src/addons/AddonsLab/Core/vendor/mobiledetect/mobiledetectlib/namespaced/Detection/MobileDetect.php": "7f729b797e6de3e6894b1127d60927e6ea25bda4c54c07c01f473e17f4742411",
    "src/addons/AddonsLab/Core/vendor/mobiledetect/mobiledetectlib/phpcs.xml": "e27b4f8bb103dfed4d3202acad9b43f8d9e9af82f216958befc36c3ed0c16213",
    "src/addons/AddonsLab/Core/vendor/mobiledetect/mobiledetectlib/README.md": "a8f55fc96a4ca734262e39a0156967d3ffc60ea314693fbc991e8bd3742db65a",
    "src/addons/AddonsLab/Core/vendor/monolog/monolog/.github/ISSUE_TEMPLATE.md": "1ded06ba06137479fb795c90f569c321e116d3b48c6bf8d92c5fa01882108abb",
    "src/addons/AddonsLab/Core/vendor/monolog/monolog/CHANGELOG.md": "51ee26d781cea6a1d50d62026cf43811fc5492b7c20e26e9fa7542c5165891ea",
    "src/addons/AddonsLab/Core/vendor/monolog/monolog/composer.json": "074a1e0035e923a40561c94f1e5fc7849494e71bc66cb1226c864d8d28cc161b",
    "src/addons/AddonsLab/Core/vendor/monolog/monolog/doc/01-usage.md": "8c835b24d135055b948b0b6264e8663025747dfb0d2a80eefa97dfad543d7369",
    "src/addons/AddonsLab/Core/vendor/monolog/monolog/doc/02-handlers-formatters-processors.md": "df00b627aed8dc3084e90c8b7f10b31e4d725f424f8794e3b865e2a21efff398",
    "src/addons/AddonsLab/Core/vendor/monolog/monolog/doc/03-utilities.md": "a605784f21fe71fbf6136fb27c99be4649880a3bf06a39d7ba9248727a821cfc",
    "src/addons/AddonsLab/Core/vendor/monolog/monolog/doc/04-extending.md": "555ad230516535778ba381f5b54828fe5f993d2e0c3f401e5d5fa5608055227a",
    "src/addons/AddonsLab/Core/vendor/monolog/monolog/doc/sockets.md": "8cab601998c3c8bbdf116bed2daf4dddbb46453937e4a8c63b4168ed0ff73545",
    "src/addons/AddonsLab/Core/vendor/monolog/monolog/LICENSE": "dd678c7de632ca2119083c763400237fabd45510dec4680b1eb5d6c0e7700379",
    "src/addons/AddonsLab/Core/vendor/monolog/monolog/phpunit.xml.dist": "efd6e710d9c9025154a6bd3150c99defc0d1a89857c56ed3ee0232b44cce6008",
    "src/addons/AddonsLab/Core/vendor/monolog/monolog/README.md": "75245e4e3b96ca0c7e5825397ab1a1bfc1588290687e6f842903e0c67b23103b",
    "src/addons/AddonsLab/Core/vendor/monolog/monolog/src/Monolog/ErrorHandler.php": "6e80ccc550b6c64df9209d759d69cfa35795a716802d749122c37df12b679072",
    "src/addons/AddonsLab/Core/vendor/monolog/monolog/src/Monolog/Formatter/ChromePHPFormatter.php": "ef8a9b6cb471e8c6a4499f31955f181940a93bc465342b52d1b6980f0e3519ef",
    "src/addons/AddonsLab/Core/vendor/monolog/monolog/src/Monolog/Formatter/ElasticaFormatter.php": "8bb2ad8b759598854cbda9a059c58ac877af5a959fcf94d9e482210923364bdb",
    "src/addons/AddonsLab/Core/vendor/monolog/monolog/src/Monolog/Formatter/FlowdockFormatter.php": "ff986f02a7f70ce2bfe6c8f37e442b80f3bd4fc28697bb0f920bf39c6a974878",
    "src/addons/AddonsLab/Core/vendor/monolog/monolog/src/Monolog/Formatter/FluentdFormatter.php": "a423749d0f19d352910a39c2bb7b04840ad195c0b679fbb34a22776003222fd3",
    "src/addons/AddonsLab/Core/vendor/monolog/monolog/src/Monolog/Formatter/FormatterInterface.php": "a08f82dad743e989c65e62e85a694d40fd2d1ac98c1c5165d69ed6d7a89e0826",
    "src/addons/AddonsLab/Core/vendor/monolog/monolog/src/Monolog/Formatter/GelfMessageFormatter.php": "4225f19ac300796422f0f09161e6fd8eec3b3704c12392a9f0159cf3d55d0c4a",
    "src/addons/AddonsLab/Core/vendor/monolog/monolog/src/Monolog/Formatter/HtmlFormatter.php": "77583c1dcc1f5ea25450a028d17b1126337f494c82ba93e29d464ff6bdab7cf2",
    "src/addons/AddonsLab/Core/vendor/monolog/monolog/src/Monolog/Formatter/JsonFormatter.php": "80050c351ddfdf52c4ab6666c0dc95ada7eca5f8d6de1f71528dbcd698a228c8",
    "src/addons/AddonsLab/Core/vendor/monolog/monolog/src/Monolog/Formatter/LineFormatter.php": "8083fd6dddf26a500bd9a7af34a3093dc3c820cbd0e91cea4828b94556ede512",
    "src/addons/AddonsLab/Core/vendor/monolog/monolog/src/Monolog/Formatter/LogglyFormatter.php": "5196e7c617e7b527e3d260b25878f06a9b586cc6058a235014ed17f64d9607d5",
    "src/addons/AddonsLab/Core/vendor/monolog/monolog/src/Monolog/Formatter/LogstashFormatter.php": "716dc0f596bd4db63c39fa0f3a41b9db3a96ac395bde787ecd88618942e1490b",
    "src/addons/AddonsLab/Core/vendor/monolog/monolog/src/Monolog/Formatter/MongoDBFormatter.php": "d4fbe5acdbeb8f41316e6d618f405540bc24d023d0478aba857fde23ba47a069",
    "src/addons/AddonsLab/Core/vendor/monolog/monolog/src/Monolog/Formatter/NormalizerFormatter.php": "edac80a888017dea569dbb1494afadc1752442194324bcd65344e0b8181f95f3",
    "src/addons/AddonsLab/Core/vendor/monolog/monolog/src/Monolog/Formatter/ScalarFormatter.php": "2d728387705636e6c3619b7cba77ca3599e684098ddde5784b1c654eaa3e577d",
    "src/addons/AddonsLab/Core/vendor/monolog/monolog/src/Monolog/Formatter/WildfireFormatter.php": "ac66532a1a59e269172c57feee4aed1fedb82df8a77b4001350d9476ff20e908",
    "src/addons/AddonsLab/Core/vendor/monolog/monolog/src/Monolog/Handler/AbstractHandler.php": "91b881673b4f3fcbd44d53ccaaa9eb403568bfb684538e26d3d89221f9a2fe7e",
    "src/addons/AddonsLab/Core/vendor/monolog/monolog/src/Monolog/Handler/AbstractProcessingHandler.php": "3a2ea2f589de6bd4dc6062885ff124bae0dc02005471ebc4e8a2211ad5f2269c",
    "src/addons/AddonsLab/Core/vendor/monolog/monolog/src/Monolog/Handler/AbstractSyslogHandler.php": "d9de277fe03385216ab3c4d07c21166154bc0f927520201d7a91ec6f38b0123c",
    "src/addons/AddonsLab/Core/vendor/monolog/monolog/src/Monolog/Handler/AmqpHandler.php": "02b45d21651c0485c03e4b6e589e9be6658922aaf2d1e2f7887e65b27e49b758",
    "src/addons/AddonsLab/Core/vendor/monolog/monolog/src/Monolog/Handler/BrowserConsoleHandler.php": "ae553034969defebc64bca931e120ba977526b563707ce0a25fad34b27b58612",
    "src/addons/AddonsLab/Core/vendor/monolog/monolog/src/Monolog/Handler/BufferHandler.php": "af23be9019f122469101f7b390c9bd482142399a19060c9ccbb2dc700a2a10b0",
    "src/addons/AddonsLab/Core/vendor/monolog/monolog/src/Monolog/Handler/ChromePHPHandler.php": "cae07d3c344f93e67186a44d05c4630cd35050b53d52674184441cf5e118cbfc",
    "src/addons/AddonsLab/Core/vendor/monolog/monolog/src/Monolog/Handler/CouchDBHandler.php": "6210863fe2dee9064124d49747e67b156cb022914df086a38a74913b70e0ce05",
    "src/addons/AddonsLab/Core/vendor/monolog/monolog/src/Monolog/Handler/CubeHandler.php": "f9e60874367584c10d43e820f7f007c7f4b04f9d73670fc7294dad68f54db1de",
    "src/addons/AddonsLab/Core/vendor/monolog/monolog/src/Monolog/Handler/Curl/Util.php": "fbfc5b6d0e888e7d4ea4477c22c08ff926947c4b3b7cdbe71258cb6b4185576c",
    "src/addons/AddonsLab/Core/vendor/monolog/monolog/src/Monolog/Handler/DeduplicationHandler.php": "d0507554ce883a7352ba153606b0fd2c21f0e15124b9735bf607ec0b0f4bf268",
    "src/addons/AddonsLab/Core/vendor/monolog/monolog/src/Monolog/Handler/DoctrineCouchDBHandler.php": "b8697c2d2427809ca3c36a9dd666758278996beb0c8ada95e0221b663369b1cc",
    "src/addons/AddonsLab/Core/vendor/monolog/monolog/src/Monolog/Handler/DynamoDbHandler.php": "33759a0e5e20add115eae75a4de5ab04508e2ddc47a7c931ce712c7200cbefea",
    "src/addons/AddonsLab/Core/vendor/monolog/monolog/src/Monolog/Handler/ElasticSearchHandler.php": "d83e3882b253ea99b01dd3cc8a2666d13f386d45105eebe1ab584925591ac2d5",
    "src/addons/AddonsLab/Core/vendor/monolog/monolog/src/Monolog/Handler/ErrorLogHandler.php": "9335743cb2966b45e4c0d15bc126c7db37719403056295f769a82afb18f4b4d5",
    "src/addons/AddonsLab/Core/vendor/monolog/monolog/src/Monolog/Handler/FilterHandler.php": "40ba67d0ffc32dec4483cdbbfd8292d9fe08ba1a3a004f48badce7d179974001",
    "src/addons/AddonsLab/Core/vendor/monolog/monolog/src/Monolog/Handler/FingersCrossed/ActivationStrategyInterface.php": "d09350b37c63d5deb80bc562b7844beed06ee99aa25fb8db30fba8684f797118",
    "src/addons/AddonsLab/Core/vendor/monolog/monolog/src/Monolog/Handler/FingersCrossed/ChannelLevelActivationStrategy.php": "daade04197744ab0bedef3dff898d984b9f162051bdf2036e6a5bc79fc2bd064",
    "src/addons/AddonsLab/Core/vendor/monolog/monolog/src/Monolog/Handler/FingersCrossed/ErrorLevelActivationStrategy.php": "6feb90b549d7a60eb6e674590f65de3fef637b4d0a4c92e296926e0a502c230e",
    "src/addons/AddonsLab/Core/vendor/monolog/monolog/src/Monolog/Handler/FingersCrossedHandler.php": "b10364210f3d60a3985e527d4bcec808025e7bfc7e1bcad5377d822a060bfa84",
    "src/addons/AddonsLab/Core/vendor/monolog/monolog/src/Monolog/Handler/FirePHPHandler.php": "9478808009e5ba43d381fc469143c5ec7d3cd82423d20c105c9c523369468766",
    "src/addons/AddonsLab/Core/vendor/monolog/monolog/src/Monolog/Handler/FleepHookHandler.php": "9517a135bfe468ab5c444bb15bb823eec83b7e83cb58f05a5c64e0ea72212056",
    "src/addons/AddonsLab/Core/vendor/monolog/monolog/src/Monolog/Handler/FlowdockHandler.php": "b60f82aa649e05f804ae0e672637cf6e6bff9cdec0df9097b094467cf72ae6c7",
    "src/addons/AddonsLab/Core/vendor/monolog/monolog/src/Monolog/Handler/FormattableHandlerInterface.php": "b21d3fd2fe1f9b18fdb6de23ac6715d65a9b462acf969875b51936d28bb916cd",
    "src/addons/AddonsLab/Core/vendor/monolog/monolog/src/Monolog/Handler/FormattableHandlerTrait.php": "662e46a7570fe3970509be86b54d9ab6eadc6a55b3ee39fb13822c73de87938e",
    "src/addons/AddonsLab/Core/vendor/monolog/monolog/src/Monolog/Handler/GelfHandler.php": "eee75796d1845257bcb8294c287e9940940db4db906d72371669f6ff257a5c71",
    "src/addons/AddonsLab/Core/vendor/monolog/monolog/src/Monolog/Handler/GroupHandler.php": "854324ad3830c6abeecf67bad4e740bdb2c05ffaf511bd9440c08df6d0cded27",
    "src/addons/AddonsLab/Core/vendor/monolog/monolog/src/Monolog/Handler/HandlerInterface.php": "6107417499bbe78017e25a5590553f96442fc7278dfaa48e69450bbca596e676",
    "src/addons/AddonsLab/Core/vendor/monolog/monolog/src/Monolog/Handler/HandlerWrapper.php": "bf6b8543506b25baab36c294397cee458fa3e51f453466d3eb319c594703a7a3",
    "src/addons/AddonsLab/Core/vendor/monolog/monolog/src/Monolog/Handler/HipChatHandler.php": "6246da52cd8a0b4f9e976986bcf34e19de043a0c32665a1c925017717a2e45cf",
    "src/addons/AddonsLab/Core/vendor/monolog/monolog/src/Monolog/Handler/IFTTTHandler.php": "75deb37df6945697065294cd9d8824cf63fdb6f27d6ce69ec771a0da26c0ede0",
    "src/addons/AddonsLab/Core/vendor/monolog/monolog/src/Monolog/Handler/InsightOpsHandler.php": "9c7b4f209109f7f000ef7810e5f8ec87490d165e6b240d921267af6b356a4667",
    "src/addons/AddonsLab/Core/vendor/monolog/monolog/src/Monolog/Handler/LogEntriesHandler.php": "fe482206041f1a8b3671fdd4f86f3e8e4320c024e8e8b7796e1f1d58b0179336",
    "src/addons/AddonsLab/Core/vendor/monolog/monolog/src/Monolog/Handler/LogglyHandler.php": "01ff4bd5d1bb106df5f54a29968e0c3b8e147f207f3b4ded3d35240e9d16f54d",
    "src/addons/AddonsLab/Core/vendor/monolog/monolog/src/Monolog/Handler/MailHandler.php": "0c3d3e4ae40e7d1239a4493c738825e5a7dd18530ba304c7f428fbfabdb22796",
    "src/addons/AddonsLab/Core/vendor/monolog/monolog/src/Monolog/Handler/MandrillHandler.php": "d7a84a15bb36cbce5110b34568fe1a948639ff25444c5d745b9834514ec4f7bc",
    "src/addons/AddonsLab/Core/vendor/monolog/monolog/src/Monolog/Handler/MissingExtensionException.php": "4cb4dd1ecb944005d7912a58a5118bcee9f1e5b8d7eecf6447f357d543f9e31b",
    "src/addons/AddonsLab/Core/vendor/monolog/monolog/src/Monolog/Handler/MongoDBHandler.php": "f7626295e38e10650162f0bacc644e32c61951430e4fe1b9ac89a2e38110dc92",
    "src/addons/AddonsLab/Core/vendor/monolog/monolog/src/Monolog/Handler/NativeMailerHandler.php": "acd588d5d8ce692e95bae05e85ec83f5883f9db2bb601e12fb6b04cc72ff9647",
    "src/addons/AddonsLab/Core/vendor/monolog/monolog/src/Monolog/Handler/NewRelicHandler.php": "92139f8b72262f9bc6715d300ecbb9f0005e04821aad965b33167d9526ba0e8e",
    "src/addons/AddonsLab/Core/vendor/monolog/monolog/src/Monolog/Handler/NullHandler.php": "f4225bb41ae863bd9d48e995907733b50e7f91f7ab4d5213fccefded68896759",
    "src/addons/AddonsLab/Core/vendor/monolog/monolog/src/Monolog/Handler/PHPConsoleHandler.php": "0793b302866b2391d9be77e7d67101d2163b8f0284124b11b1a37c7a3078ab6d",
    "src/addons/AddonsLab/Core/vendor/monolog/monolog/src/Monolog/Handler/ProcessableHandlerInterface.php": "188932b48ad944b7db57d24a9efed8c53afd75c1b77f2e95f86c084aaac7a300",
    "src/addons/AddonsLab/Core/vendor/monolog/monolog/src/Monolog/Handler/ProcessableHandlerTrait.php": "99ca5477324bf41f5a850bce66e2789ff248fa39387b8460ec3943475839df19",
    "src/addons/AddonsLab/Core/vendor/monolog/monolog/src/Monolog/Handler/PsrHandler.php": "067068bc1023625f0825288b9d1acafc7876081c6ccef43b08d21efea9577b7c",
    "src/addons/AddonsLab/Core/vendor/monolog/monolog/src/Monolog/Handler/PushoverHandler.php": "7262364c39f65e99aacd57791e4db1a4ea1b4e8e9327eac9b718b7ab5c774f81",
    "src/addons/AddonsLab/Core/vendor/monolog/monolog/src/Monolog/Handler/RavenHandler.php": "2b20ea8a5bc4421673fa83dec1d78af8f97b43a100e03b023e752268de072ee5",
    "src/addons/AddonsLab/Core/vendor/monolog/monolog/src/Monolog/Handler/RedisHandler.php": "a14a4fc968dafe000b2b0e0c52a9daea91a474962fbadd4620a9b46e535088b1",
    "src/addons/AddonsLab/Core/vendor/monolog/monolog/src/Monolog/Handler/RollbarHandler.php": "f7740e3bfc90fdf7665d462e2822859e10d15263817e1659b217b6890dca1273",
    "src/addons/AddonsLab/Core/vendor/monolog/monolog/src/Monolog/Handler/RotatingFileHandler.php": "dc0b587dce40590a71c387eaf46e1c86b2a7b20235e9d118e286c0ae05a4f558",
    "src/addons/AddonsLab/Core/vendor/monolog/monolog/src/Monolog/Handler/SamplingHandler.php": "5968f1ab9080db42fe98aab414d809640516efdf2a0ef4e2ee84f4410e771abf",
    "src/addons/AddonsLab/Core/vendor/monolog/monolog/src/Monolog/Handler/Slack/SlackRecord.php": "7f2c2768b38fb945fb267a5cc02f31ba91758854b57acd993c5af0e84f5c4f54",
    "src/addons/AddonsLab/Core/vendor/monolog/monolog/src/Monolog/Handler/SlackbotHandler.php": "c3481749b8655c75eb2cd3c673b55ae02707e172eae558e4dacfba320b7feee4",
    "src/addons/AddonsLab/Core/vendor/monolog/monolog/src/Monolog/Handler/SlackHandler.php": "f2950f80b3612bbcea02ddc765015e7e14c04aa4698113344312da2a6606496d",
    "src/addons/AddonsLab/Core/vendor/monolog/monolog/src/Monolog/Handler/SlackWebhookHandler.php": "0ac8dca9dad263b2b16a6f52a6b7490c341cb4883ca8120f0525f5e5e27b152b",
    "src/addons/AddonsLab/Core/vendor/monolog/monolog/src/Monolog/Handler/SocketHandler.php": "f7f2037732ded98bec2b8577851c70e7e62b5b82fedc248c038da645d08c2c9e",
    "src/addons/AddonsLab/Core/vendor/monolog/monolog/src/Monolog/Handler/StreamHandler.php": "d26078acd23ab037332a64692aa1276e19b059caa5ba69780716b831623dc3ed",
    "src/addons/AddonsLab/Core/vendor/monolog/monolog/src/Monolog/Handler/SwiftMailerHandler.php": "a7ca751b34871ae3c1b0dd2f88178e6af9e1f3424586d32a85e9f02f18d79744",
    "src/addons/AddonsLab/Core/vendor/monolog/monolog/src/Monolog/Handler/SyslogHandler.php": "b70cb61f7ea6b7085571375931b86c2f45dab02c36644c4d13e313ad5e013685",
    "src/addons/AddonsLab/Core/vendor/monolog/monolog/src/Monolog/Handler/SyslogUdp/UdpSocket.php": "d50186d6fcebfcdbeb2ed7ec35fe6766a067a54166eef4f05f3795c681e11c3d",
    "src/addons/AddonsLab/Core/vendor/monolog/monolog/src/Monolog/Handler/SyslogUdpHandler.php": "67dcc9db931b26a628031c9a96c26090153144dbe60abf53f7b427659a8c5ebe",
    "src/addons/AddonsLab/Core/vendor/monolog/monolog/src/Monolog/Handler/TestHandler.php": "e384cb922d43579b4527fd13082c92e9fc56ffce0822161e1d2d7f56135431e1",
    "src/addons/AddonsLab/Core/vendor/monolog/monolog/src/Monolog/Handler/WhatFailureGroupHandler.php": "cd50d7a7f8577b08f062ceb9dfa7d56cd3c6863e9d72f739a00e7c399082f862",
    "src/addons/AddonsLab/Core/vendor/monolog/monolog/src/Monolog/Handler/ZendMonitorHandler.php": "59f605679f4e0324096b05a73c4fd2048c962d71ee01ffaf43ee204b9b0417b3",
    "src/addons/AddonsLab/Core/vendor/monolog/monolog/src/Monolog/Logger.php": "3aa519245ba1e70080b3e092b32589532cd8e462f7b1b12eb9087fb1db04bd3c",
    "src/addons/AddonsLab/Core/vendor/monolog/monolog/src/Monolog/Processor/GitProcessor.php": "da91e55579f182d6d8025f071b9ea71092414760bfdf66fa2b0573d1064d75d8",
    "src/addons/AddonsLab/Core/vendor/monolog/monolog/src/Monolog/Processor/IntrospectionProcessor.php": "956faa7837fd11668dd5356ae573d6730c957aa0cb45474986835f3c92a6ea06",
    "src/addons/AddonsLab/Core/vendor/monolog/monolog/src/Monolog/Processor/MemoryPeakUsageProcessor.php": "4e4ffbc79f004470b8a51d0fdb24478196216509c86113f3756eb44b290a5b62",
    "src/addons/AddonsLab/Core/vendor/monolog/monolog/src/Monolog/Processor/MemoryProcessor.php": "0fbe68c0d24759a5823482adbc23b4ef2e7b127d686d474c5d262c16de96be68",
    "src/addons/AddonsLab/Core/vendor/monolog/monolog/src/Monolog/Processor/MemoryUsageProcessor.php": "88b896eb3d3aab16d84e24989a6b4bc63ad29208f0e32c05c2fdf8755a5d8dbb",
    "src/addons/AddonsLab/Core/vendor/monolog/monolog/src/Monolog/Processor/MercurialProcessor.php": "2296649181f59dca2d7e69f9b1c99af475a24b5ceb9b2d0634744ac401a655fb",
    "src/addons/AddonsLab/Core/vendor/monolog/monolog/src/Monolog/Processor/ProcessIdProcessor.php": "754d484e55e0f42f83ab887c49953f99da9985f17d3168e9f658c21bdf6f47db",
    "src/addons/AddonsLab/Core/vendor/monolog/monolog/src/Monolog/Processor/ProcessorInterface.php": "1b5f86bbcc3e5a6ce24dd368aea4c65351e235dff93488f2d0a9b65d0d1f81c4",
    "src/addons/AddonsLab/Core/vendor/monolog/monolog/src/Monolog/Processor/PsrLogMessageProcessor.php": "d99ec57636a5822ffd6a3f2d560b69978955abfc9ed8c07c535553f1fab7d063",
    "src/addons/AddonsLab/Core/vendor/monolog/monolog/src/Monolog/Processor/TagProcessor.php": "bf0edefd18d78aba15d04fb2e2d6e3acec5f860eeab1cd1605080aa730434a2a",
    "src/addons/AddonsLab/Core/vendor/monolog/monolog/src/Monolog/Processor/UidProcessor.php": "7f3aa667b6ebd278098c0c5268abefb772df054fa276753bcaeefcc9cc627c3c",
    "src/addons/AddonsLab/Core/vendor/monolog/monolog/src/Monolog/Processor/WebProcessor.php": "dbef7e4120f4399cc04a7de67abb81912b9ba135d583ef3b705d53e1d1d2e678",
    "src/addons/AddonsLab/Core/vendor/monolog/monolog/src/Monolog/Registry.php": "c7ddf07ec3b8a359e95b49e2ddf8cb7802bdfde434c3874f3dc1971a8d229cd2",
    "src/addons/AddonsLab/Core/vendor/monolog/monolog/src/Monolog/ResettableInterface.php": "b1b1f158788235dc526f68b50f67ba51bb4b7b4038d636947b861c391133f7cf",
    "src/addons/AddonsLab/Core/vendor/monolog/monolog/src/Monolog/SignalHandler.php": "db2f74ba31daf40625e93578c47cba7ad2facdf335758448591265d36f927434",
    "src/addons/AddonsLab/Core/vendor/monolog/monolog/src/Monolog/Utils.php": "570225693a5302a9aa74a1b549d8f6667c6a6fbed1e4e86148b6cac1de0e4498",
    "src/addons/AddonsLab/Core/vendor/monolog/monolog/tests/bootstrap.php": "10b0a49b77e1fb88e7ab3f34fb9b128eb62cb9fcf2e286febae648d5af084db0",
    "src/addons/AddonsLab/Core/vendor/monolog/monolog/tests/Monolog/ErrorHandlerTest.php": "a18df12a14bf414adfce24a9b2288674edc989a39bbddc2133cf0f304295099b",
    "src/addons/AddonsLab/Core/vendor/monolog/monolog/tests/Monolog/Formatter/ChromePHPFormatterTest.php": "19b40dac6f160d4eedaf7aab16663103ab33eab9a88cf13cb0a3c391b6228195",
    "src/addons/AddonsLab/Core/vendor/monolog/monolog/tests/Monolog/Formatter/ElasticaFormatterTest.php": "a1164b278311583a7bd2164c2ea43450706ae9f0198ced103fdb846dbb90091b",
    "src/addons/AddonsLab/Core/vendor/monolog/monolog/tests/Monolog/Formatter/FlowdockFormatterTest.php": "63890ce7a4a81037f3b7be06345686e452d856fbd223c707000a32aab68fb075",
    "src/addons/AddonsLab/Core/vendor/monolog/monolog/tests/Monolog/Formatter/FluentdFormatterTest.php": "d8ac4f008de0e35e5c53ae76617c8139c528109b875917684895a13b71127a71",
    "src/addons/AddonsLab/Core/vendor/monolog/monolog/tests/Monolog/Formatter/GelfMessageFormatterTest.php": "6c714dd90e1d84ac8edf9e685d09516be20710c121560941aa4b1f225d6040ce",
    "src/addons/AddonsLab/Core/vendor/monolog/monolog/tests/Monolog/Formatter/JsonFormatterTest.php": "01e52b3a0a5c6cae7b39257d1c96e66b200045421219f6b9cd8d6d60a2a2bbcb",
    "src/addons/AddonsLab/Core/vendor/monolog/monolog/tests/Monolog/Formatter/LineFormatterTest.php": "cbc36617601aca5042d8aa5c51f4da9e2b6c1c3259ed9320055b2f170eaaffcf",
    "src/addons/AddonsLab/Core/vendor/monolog/monolog/tests/Monolog/Formatter/LogglyFormatterTest.php": "0579bc4175831da9ee37d8f203232369f7667482d57c4c1d69003f8ed3af140f",
    "src/addons/AddonsLab/Core/vendor/monolog/monolog/tests/Monolog/Formatter/LogstashFormatterTest.php": "cc4bfdc6f5f858f8fc38454286e43a9b1c14f0f75cfa6976c648a4ac57c74744",
    "src/addons/AddonsLab/Core/vendor/monolog/monolog/tests/Monolog/Formatter/MongoDBFormatterTest.php": "26640368a3c0c3d9eaf94944a2ff284b505df286f640a84efcccae88738bdbb9",
    "src/addons/AddonsLab/Core/vendor/monolog/monolog/tests/Monolog/Formatter/NormalizerFormatterTest.php": "138a9a009fcf43c1e3b564eaf1d0a5a16dcaff1cddd6b49303053ca66aeb09cd",
    "src/addons/AddonsLab/Core/vendor/monolog/monolog/tests/Monolog/Formatter/ScalarFormatterTest.php": "b8256e01d31e4431cb2461d5fd3ca264998d5e3b6fe7dab1d4d615f911ad07ed",
    "src/addons/AddonsLab/Core/vendor/monolog/monolog/tests/Monolog/Formatter/WildfireFormatterTest.php": "1efb4cb7a7eb39c21f32a0517fba49246269e55dfa4f927ee68b6352a345ceca",
    "src/addons/AddonsLab/Core/vendor/monolog/monolog/tests/Monolog/Handler/AbstractHandlerTest.php": "abd71eb659ab6fc960fd81144ed6cee2a2e8eb4e43d306fa9a8eaa1b53260da7",
    "src/addons/AddonsLab/Core/vendor/monolog/monolog/tests/Monolog/Handler/AbstractProcessingHandlerTest.php": "be5726d2503c309d6b81897686b87b70d161fe44c5d0a107f052a2a80f8a494e",
    "src/addons/AddonsLab/Core/vendor/monolog/monolog/tests/Monolog/Handler/AmqpHandlerTest.php": "454b07b580febe98b047d2f8475a8216e1cd4234d6caa86c61783e0287a999b5",
    "src/addons/AddonsLab/Core/vendor/monolog/monolog/tests/Monolog/Handler/BrowserConsoleHandlerTest.php": "4012723304b15e328b53b5c2ad4491708d3a5e2094eabb5709ee7642ccc875e4",
    "src/addons/AddonsLab/Core/vendor/monolog/monolog/tests/Monolog/Handler/BufferHandlerTest.php": "45810d1087d16391e965b3cf183e8193aabda94dc0d65b3998cd50360c46672f",
    "src/addons/AddonsLab/Core/vendor/monolog/monolog/tests/Monolog/Handler/ChromePHPHandlerTest.php": "db89404f387d2edf7efc2478bcb252e2ae80ac4b4dbd9f2a8e3263f543813d70",
    "src/addons/AddonsLab/Core/vendor/monolog/monolog/tests/Monolog/Handler/CouchDBHandlerTest.php": "43e81e44eae68a7f20c791d3fc5369421de0ed2e88f85edcab0165826d8530df",
    "src/addons/AddonsLab/Core/vendor/monolog/monolog/tests/Monolog/Handler/DeduplicationHandlerTest.php": "53d0b16a51a005b666b1e5884ea7cdb15359292338c7782d5d787e177570610a",
    "src/addons/AddonsLab/Core/vendor/monolog/monolog/tests/Monolog/Handler/DoctrineCouchDBHandlerTest.php": "9e6008f91313c210c5e56afd246232e328efa0e6f86c6fecf9b2f8eaee9de461",
    "src/addons/AddonsLab/Core/vendor/monolog/monolog/tests/Monolog/Handler/DynamoDbHandlerTest.php": "1a3ec502988ee7c12a2b0a5e0e3b033b1d15ffaa2b3ad07ce14201ddff88b4eb",
    "src/addons/AddonsLab/Core/vendor/monolog/monolog/tests/Monolog/Handler/ElasticSearchHandlerTest.php": "07f14bfae1c7cc7cd0babc597be485f24e0ed87993b8246d59e1a1ce3a095907",
    "src/addons/AddonsLab/Core/vendor/monolog/monolog/tests/Monolog/Handler/ErrorLogHandlerTest.php": "122359a2ce72dc63bc45794db13992f06e341b82bc569230e60874373db146d3",
    "src/addons/AddonsLab/Core/vendor/monolog/monolog/tests/Monolog/Handler/FilterHandlerTest.php": "c4dd1f2f3bda888aebe217376f778e5d08965bdba00ca532e22c3114cb14fbfa",
    "src/addons/AddonsLab/Core/vendor/monolog/monolog/tests/Monolog/Handler/FingersCrossedHandlerTest.php": "3e93d88c696e19856cd94e6eaf8ca70fe444179af3078affe57edd5e330e4993",
    "src/addons/AddonsLab/Core/vendor/monolog/monolog/tests/Monolog/Handler/FirePHPHandlerTest.php": "8d62accf0b82c2fe03da194f23ba90a5a39bc8263d1cca8065f75acf072169c8",
    "src/addons/AddonsLab/Core/vendor/monolog/monolog/tests/Monolog/Handler/FleepHookHandlerTest.php": "eefd5fa6fa2ae982d74038aecaef83af5c2fb8bb870e5aba426a5fef725793ac",
    "src/addons/AddonsLab/Core/vendor/monolog/monolog/tests/Monolog/Handler/FlowdockHandlerTest.php": "8cacd6e143c65f7e2c4a61d7e75390938dab7da4972148ff5e4739d65e15a1d7",
    "src/addons/AddonsLab/Core/vendor/monolog/monolog/tests/Monolog/Handler/GelfHandlerLegacyTest.php": "658669343072593d2e9965d7f74daeed6100686d8436c64fba3b31f18ad7c505",
    "src/addons/AddonsLab/Core/vendor/monolog/monolog/tests/Monolog/Handler/GelfHandlerTest.php": "d6bb92a7f985cefe49f2beb738d3fb0d9c3bed78b85fe39f48446c76cb077bca",
    "src/addons/AddonsLab/Core/vendor/monolog/monolog/tests/Monolog/Handler/GelfMockMessagePublisher.php": "a0bfe9557a59fa8453b0945c8329f62ab2398cacaae7722d3000e417e44de093",
    "src/addons/AddonsLab/Core/vendor/monolog/monolog/tests/Monolog/Handler/GroupHandlerTest.php": "ea93b8a775a77ca0cb8633bf6c4c666c2279756e84b20ac07430b12988793940",
    "src/addons/AddonsLab/Core/vendor/monolog/monolog/tests/Monolog/Handler/HandlerWrapperTest.php": "b255a93120a1995a1d4633c863c3cd725ad39d906707d341dba73d2dfea49e79",
    "src/addons/AddonsLab/Core/vendor/monolog/monolog/tests/Monolog/Handler/HipChatHandlerTest.php": "5f92b8aeb56c4872e954aeeba91db8ff4ab0414a8b0cabbe8d476b8c4c8477be",
    "src/addons/AddonsLab/Core/vendor/monolog/monolog/tests/Monolog/Handler/InsightOpsHandlerTest.php": "7b40c0d7187ac3233efa2c31cc8c9e1d2487f7f77cee81db0e12831fbdbb2a8f",
    "src/addons/AddonsLab/Core/vendor/monolog/monolog/tests/Monolog/Handler/LogEntriesHandlerTest.php": "ebe42ffb41c7ff5334cc3b5d83a8d0c920e3e4aa8f9be7d57190f0eac30be344",
    "src/addons/AddonsLab/Core/vendor/monolog/monolog/tests/Monolog/Handler/MailHandlerTest.php": "63b117aada02de601886ce7e18447dfc2e53c9f5d6a6a823a953a52b5acf42b8",
    "src/addons/AddonsLab/Core/vendor/monolog/monolog/tests/Monolog/Handler/MockRavenClient.php": "4fb3eff371d459b03ec94610b97175e57763dad895cc0ec3f7b7444730cec578",
    "src/addons/AddonsLab/Core/vendor/monolog/monolog/tests/Monolog/Handler/MongoDBHandlerTest.php": "bcbcf7e51730f3bb3f555169acbf59899ad513d18932510130bcf787e551619a",
    "src/addons/AddonsLab/Core/vendor/monolog/monolog/tests/Monolog/Handler/NativeMailerHandlerTest.php": "a1c52fca52d2978b31e420d8e3dc96b75471f060e8129ebb963dab02564eed75",
    "src/addons/AddonsLab/Core/vendor/monolog/monolog/tests/Monolog/Handler/NewRelicHandlerTest.php": "0a0892b69d6e483aa72608aecd6ccfbfa600b2c72fb2e70a9036f326a977152b",
    "src/addons/AddonsLab/Core/vendor/monolog/monolog/tests/Monolog/Handler/NullHandlerTest.php": "3c228a46ab147e5855d2acf057a7e6267b90c335584b8360884c205a0c2ff9e1",
    "src/addons/AddonsLab/Core/vendor/monolog/monolog/tests/Monolog/Handler/PHPConsoleHandlerTest.php": "65f1b1a3d1c33d9573286763e389b92f50008af3ab22845110e4245604560e86",
    "src/addons/AddonsLab/Core/vendor/monolog/monolog/tests/Monolog/Handler/PsrHandlerTest.php": "2d16634459ff7f01e49eb63e14c8617a49738cacacd336b4af62eda5872ef18f",
    "src/addons/AddonsLab/Core/vendor/monolog/monolog/tests/Monolog/Handler/PushoverHandlerTest.php": "0fd4dc5306eed855df1b07e7d4973518469b76fe5fd2faf9ed95a1cd468aabac",
    "src/addons/AddonsLab/Core/vendor/monolog/monolog/tests/Monolog/Handler/RavenHandlerTest.php": "543bde52a677ca312c6550b4428d623aacc37ae9e1590737924b645447115cd3",
    "src/addons/AddonsLab/Core/vendor/monolog/monolog/tests/Monolog/Handler/RedisHandlerTest.php": "d66e0a53db4e0d63cb06ce12be702978123c7f3ab6c74c930f70b6b10898c16f",
    "src/addons/AddonsLab/Core/vendor/monolog/monolog/tests/Monolog/Handler/RollbarHandlerTest.php": "b76844c89f2e6ba255107d89722d3d506d35ae540f1bf391eb8c2fdfa2e2906e",
    "src/addons/AddonsLab/Core/vendor/monolog/monolog/tests/Monolog/Handler/RotatingFileHandlerTest.php": "d026a1c8b6219e278d5ff454f53e0f587089668f5e882e2beca14400b1698a33",
    "src/addons/AddonsLab/Core/vendor/monolog/monolog/tests/Monolog/Handler/SamplingHandlerTest.php": "471d870e52e01a17d2cc91bbca0883226e87dfe6e3272b87606a23733458eb9d",
    "src/addons/AddonsLab/Core/vendor/monolog/monolog/tests/Monolog/Handler/Slack/SlackRecordTest.php": "5fbb1d541655ce92afb9d96e1a1b394cea907624ef004f6aef5b6257ebf51cc2",
    "src/addons/AddonsLab/Core/vendor/monolog/monolog/tests/Monolog/Handler/SlackbotHandlerTest.php": "8b8b200adbcb50e83d5197a4636b4a0b7989a61474407194991c95986554cc1e",
    "src/addons/AddonsLab/Core/vendor/monolog/monolog/tests/Monolog/Handler/SlackHandlerTest.php": "4cf666a61de6c4bc1926dfbdff63cb94199bc995687ce886b0fef19a9173283a",
    "src/addons/AddonsLab/Core/vendor/monolog/monolog/tests/Monolog/Handler/SlackWebhookHandlerTest.php": "3f2e639d597008c725702cff104a379bfba32eebb1ff480b1a5b314af74a9f46",
    "src/addons/AddonsLab/Core/vendor/monolog/monolog/tests/Monolog/Handler/SocketHandlerTest.php": "a7e93e9472e19301395e14c2a53441c041083059c1052fa6f2e0477188f8f6fe",
    "src/addons/AddonsLab/Core/vendor/monolog/monolog/tests/Monolog/Handler/StreamHandlerTest.php": "25c2a84d590dc06d2b992cb25b4a769cf49bf70ba53ddc4e3bc3a3b12a48b33f",
    "src/addons/AddonsLab/Core/vendor/monolog/monolog/tests/Monolog/Handler/SwiftMailerHandlerTest.php": "6580ca163a23a118c7abd949b1e9ef3d11fdcf5451731f9e84e61b39ba64c23d",
    "src/addons/AddonsLab/Core/vendor/monolog/monolog/tests/Monolog/Handler/SyslogHandlerTest.php": "3702df651f64247d6235df8f59741ff05e79304e1a0769aea28dd16141139b53",
    "src/addons/AddonsLab/Core/vendor/monolog/monolog/tests/Monolog/Handler/SyslogUdpHandlerTest.php": "f0e69a3519592e9d8ed166b4947527a6980fa02490376e0dd7d9fe4373bfc046",
    "src/addons/AddonsLab/Core/vendor/monolog/monolog/tests/Monolog/Handler/TestHandlerTest.php": "8dfd44004e7414fbff150d2b7a00d836f0b581dc004ca7104de353d7ae7497ec",
    "src/addons/AddonsLab/Core/vendor/monolog/monolog/tests/Monolog/Handler/UdpSocketTest.php": "ce102f958c445802c8ef7aa7ba649380a95442c604f22151dc2b9b2e83b40b2f",
    "src/addons/AddonsLab/Core/vendor/monolog/monolog/tests/Monolog/Handler/WhatFailureGroupHandlerTest.php": "77fc2d9a1c66b27f925c68e675132c8bbaef472041e3778587320871ca6b627f",
    "src/addons/AddonsLab/Core/vendor/monolog/monolog/tests/Monolog/Handler/ZendMonitorHandlerTest.php": "3f75c569771c42af08475ed107243300abdb22f0ab0b9017cd3f22b4e2d028fe",
    "src/addons/AddonsLab/Core/vendor/monolog/monolog/tests/Monolog/LoggerTest.php": "1c10ba3c0f8879f9fe81e66ea46cf8b98c00c2d2e6b89d6342b7a21ba56a8229",
    "src/addons/AddonsLab/Core/vendor/monolog/monolog/tests/Monolog/Processor/GitProcessorTest.php": "f2735c7f9cdbcf17bf7891db9c5ed5769e432e4e5228e519d062c7698b925d67",
    "src/addons/AddonsLab/Core/vendor/monolog/monolog/tests/Monolog/Processor/IntrospectionProcessorTest.php": "dbd56be2109e98d47bcf60147dad63fbd73a0b6b47a15404d31467aea2c87dd5",
    "src/addons/AddonsLab/Core/vendor/monolog/monolog/tests/Monolog/Processor/MemoryPeakUsageProcessorTest.php": "1af8a1580b17c96509a5936cfc72eb88d1e48bfc4a4012c2ddd5c7cc47202b2b",
    "src/addons/AddonsLab/Core/vendor/monolog/monolog/tests/Monolog/Processor/MemoryUsageProcessorTest.php": "f65986e3442cf432e2320567501d745756cd44634f3934fbf8f61636d041feff",
    "src/addons/AddonsLab/Core/vendor/monolog/monolog/tests/Monolog/Processor/MercurialProcessorTest.php": "210cced0a9be8f41f65b9a36a08b8649ba6197b7759ab54a26d037e3041134f0",
    "src/addons/AddonsLab/Core/vendor/monolog/monolog/tests/Monolog/Processor/ProcessIdProcessorTest.php": "9f36fae67b249b1252b56fc1e22a9beb3b5d36aa4cbaa5d4bc2cb6468d78e68a",
    "src/addons/AddonsLab/Core/vendor/monolog/monolog/tests/Monolog/Processor/PsrLogMessageProcessorTest.php": "9fe20541bf7749213896287c421dd28bb62b919336967da0beab733b6e7eb23e",
    "src/addons/AddonsLab/Core/vendor/monolog/monolog/tests/Monolog/Processor/TagProcessorTest.php": "883ce4fc1643d50b478c5e4b99b7fcc5cd747c8f872c10a69d1482e4bbc684d7",
    "src/addons/AddonsLab/Core/vendor/monolog/monolog/tests/Monolog/Processor/UidProcessorTest.php": "804215e870824836e38186d7300e4951c422a6f0b614c71812e2c9d7487b6dcc",
    "src/addons/AddonsLab/Core/vendor/monolog/monolog/tests/Monolog/Processor/WebProcessorTest.php": "82e85ea2fd167277f262984ffdd166788bab2ce36b6fd016f97a59657cd0bf6e",
    "src/addons/AddonsLab/Core/vendor/monolog/monolog/tests/Monolog/PsrLogCompatTest.php": "9c4cec7ff24025a8156a992c339d8e907fe490d6d5715637aeaf238dc2bdf58c",
    "src/addons/AddonsLab/Core/vendor/monolog/monolog/tests/Monolog/RegistryTest.php": "b70d55cb3312b8cfa89812918570c3336d627a3ccba3b5b613093ba7339613b1",
    "src/addons/AddonsLab/Core/vendor/monolog/monolog/tests/Monolog/SignalHandlerTest.php": "44018de582edf20cb1ce9ab3cd8e08ddfcb0b6ef34aa2e5ff3c8cb0085fc20d2",
    "src/addons/AddonsLab/Core/vendor/monolog/monolog/tests/Monolog/TestCase.php": "00ab68905e5a33e84b6e406d209a8a19ed5002e2a18395747e43faf16e1a0fa1",
    "src/addons/AddonsLab/Core/vendor/monolog/monolog/tests/Monolog/UtilsTest.php": "d5fb5d4775e9a9b6fee61346c7e51b37a9a563c5f62e43e795b6b52bf541f9cc",
    "src/addons/AddonsLab/Core/vendor/psr/log/composer.json": "3fb539a931307a4165711f6cde872d9183ea9131c4c7d42f4b5fb51abd468fe0",
    "src/addons/AddonsLab/Core/vendor/psr/log/LICENSE": "6e944907067bae93c00a9f2ad51032243820b22df34b77c77690d46cb2e98e24",
    "src/addons/AddonsLab/Core/vendor/psr/log/Psr/Log/AbstractLogger.php": "a3645b89e79acc15798e4e80b38f964b3b02083162fd477e2d50ee892bf0ff7e",
    "src/addons/AddonsLab/Core/vendor/psr/log/Psr/Log/InvalidArgumentException.php": "403c6def4d4199a12cb4a54e804c7d29405968871366500f72d6f3ea401bfc64",
    "src/addons/AddonsLab/Core/vendor/psr/log/Psr/Log/LoggerAwareInterface.php": "c32ef350fe969788d0de3996e33c4b6a25308c7ceee1f7e87286f491b2bbf25a",
    "src/addons/AddonsLab/Core/vendor/psr/log/Psr/Log/LoggerAwareTrait.php": "395bcaf42e14d5995b331875645e8d28be8d7242d30473aaa066fef8a80eea55",
    "src/addons/AddonsLab/Core/vendor/psr/log/Psr/Log/LoggerInterface.php": "863e63678ee771916f10f0aa8f454d34b25694a61373c0ab67bba038fd1c162d",
    "src/addons/AddonsLab/Core/vendor/psr/log/Psr/Log/LoggerTrait.php": "358842b431c3bdbab0587fd1a58185b59c41f66e735b4ef1026380a219d8a9b3",
    "src/addons/AddonsLab/Core/vendor/psr/log/Psr/Log/LogLevel.php": "9f2520b22945ce1599c4fedba0a4c75985f172ca86cdf386766ebb8b2363768c",
    "src/addons/AddonsLab/Core/vendor/psr/log/Psr/Log/NullLogger.php": "e969c5da49ac031373b4b1e0cb9013f2daa87260e1aaaae8e413edddc4d7dcf5",
    "src/addons/AddonsLab/Core/vendor/psr/log/Psr/Log/Test/DummyTest.php": "bade54d76f112de0e63fca81b9712ba19352702340f7fb9a186190aadc009274",
    "src/addons/AddonsLab/Core/vendor/psr/log/Psr/Log/Test/LoggerInterfaceTest.php": "4721a32c6397a3de0f2ff61ba29a798efdad3e2f00fb3ec401a6722705a25b5f",
    "src/addons/AddonsLab/Core/vendor/psr/log/Psr/Log/Test/TestLogger.php": "07508c479f934ca3d935391f4ebca8ad22c024678b695741cb30e45a6de315ad",
    "src/addons/AddonsLab/Core/vendor/psr/log/README.md": "4f2bc231e87cda248b1fa2aef7a930045f3e95f89ee46ff579188d2489372954",
    "src/addons/AddonsLab/Core/Xf1/AccountDeleter.php": "45df3853b9ae0505fbf208498ee2092bf7d1b9050e5986faad07a0d2720085e5",
    "src/addons/AddonsLab/Core/Xf1/AppTrait.php": "6a42a8e9904bc550549e2726feb0dd30b036ac847966845fde3b90fd967bfa8a",
    "src/addons/AddonsLab/Core/Xf1/CookieProvider.php": "932ce727918805e6bd357543078d434c11e285c2ba2e3e10be6d73db073ab83b",
    "src/addons/AddonsLab/Core/Xf1/DbProvider.php": "afe5cb274b9a439ffb9b1b94701959e57b33701b5cd9b21d54d892f02caa7b06",
    "src/addons/AddonsLab/Core/Xf1/OptionProvider.php": "7a3bc132c5969adecbdc395c1c4026a54f96720db0828d0ed009962cd5ce7825",
    "src/addons/AddonsLab/Core/Xf1/PhraseProvider.php": "87dc96fc26f586ff306dda62be8bfc127db430ba5ab81476ce5644237c5d39c1",
    "src/addons/AddonsLab/Core/Xf1/RegistryProvider.php": "6ad35d5eab28a0346a2c4d76b2733d9e59fc3f54170c6c4fdd4df857200ef37e",
    "src/addons/AddonsLab/Core/Xf1/RoutePrefixFetcher.php": "a059e2a276164b240f01b3efa198f99cc715f10139cd451b0d4a769de67a6e4a",
    "src/addons/AddonsLab/Core/Xf1/SessionProvider.php": "19ceb835f9db18785a92a7b45cb01ca12487a0ae336cd4b0403f7e8d14128721",
    "src/addons/AddonsLab/Core/Xf1/ThreadCopyProvider.php": "d9ef7fbcd56aa6352a0c0e7507c4420815bda55359b2d1087ef45d63bc3bb43e",
    "src/addons/AddonsLab/Core/XF2.php": "d9c7e3a4d5949f1677f36f00ffcb937df002ddd52be2396134f1f53c9d3fe4e2",
    "src/addons/AddonsLab/Core/Xf2/AbstractCoreSetup.php": "595eb73e5e78552ab11870bec16ed6ef26c64b86f9bf6b3f46e27535b6b787c1",
    "src/addons/AddonsLab/Core/Xf2/AccountDeleter.php": "0cb8983082d9384ac80ac1799e4abb23bcba7f84dfb2084f1023307b7d72a140",
    "src/addons/AddonsLab/Core/Xf2/Admin/AdminAccessException.php": "a7f2cc0fa3bb706c964c290227406f3d19ff86c27f59dc4a2b13e61975faedc2",
    "src/addons/AddonsLab/Core/Xf2/Admin/CrudController.php": "4e0b14a1e9b343984dcb3a47bbe2b4271e79ab51b4577aba6af8c14ffd2ae811",
    "src/addons/AddonsLab/Core/Xf2/Admin/EntityConfig.php": "1ff5bc24d83823ad2afae28605baa89c3fc3c6ed85af8b07f06e72d5de5f21f8",
    "src/addons/AddonsLab/Core/Xf2/Admin/Field/AbstractRow.php": "6471d2ad7d6d6d3a6383bef766fad755668761574c447c34899052f2ecccd094",
    "src/addons/AddonsLab/Core/Xf2/Admin/Field/CheckboxRow.php": "95b84cca7fb5145ccea463d96b5571f35dd38986f60080896ff0a1bcc88a7ef5",
    "src/addons/AddonsLab/Core/Xf2/Admin/Field/CodeEditorRow.php": "b6b540a8505925fae79be920834ac368e71544caadf0864ba5e6e3f34b477c90",
    "src/addons/AddonsLab/Core/Xf2/Admin/Field/CustomRow.php": "4bb8892dae7e59ba239efefebc1a9c811f8267b7a9eb27fd1ddd5c10db52778f",
    "src/addons/AddonsLab/Core/Xf2/Admin/Field/DateboxRow.php": "af4ab3a6fcd95a73293ccaed557e022356d3753fda7a30752758f22dca2800a4",
    "src/addons/AddonsLab/Core/Xf2/Admin/Field/EditorRow.php": "7922ffab64674b52662839d6d068c83fba5424e84b22a816876630ed4dd4deb3",
    "src/addons/AddonsLab/Core/Xf2/Admin/Field/FormSection.php": "f762bb75c181825381e8daf1679f90199f454a72de9081a166371d7b97074d03",
    "src/addons/AddonsLab/Core/Xf2/Admin/Field/InfoRow.php": "5ca0f3792e446000606b0ef45708cdc6e5bc77c5d359524b380ed4abfca92b4f",
    "src/addons/AddonsLab/Core/Xf2/Admin/Field/InputGroup.php": "ce08818f07668b2a4b3fd4cf016e3af1d65cc128843bcb58bfe187403edc1cda",
    "src/addons/AddonsLab/Core/Xf2/Admin/Field/OnOffRow.php": "d08ee742bcced172e3dabbe67531bbf4737d31e2eccb5491120b303ddaddc07c",
    "src/addons/AddonsLab/Core/Xf2/Admin/Field/OnOffTextboxRow.php": "8a8eea2eca818cf05e0fca4b63723da9e1262024c5580ffb4678f69c694b962e",
    "src/addons/AddonsLab/Core/Xf2/Admin/Field/RadioRow.php": "5b96f81b89a2d93d69a31a6d54044148da309e32bf2cced85b944a99ee559c87",
    "src/addons/AddonsLab/Core/Xf2/Admin/Field/RowContainerInterface.php": "e2a9cd9f163512b4f4ee648b7f4fb7cd02cf4d97c49c634aadcac6f994d44b88",
    "src/addons/AddonsLab/Core/Xf2/Admin/Field/SelectRow.php": "d55265d464c0655f1d809ab4e7bf2f70532edf16df7e28adafe2d9bdbd77de64",
    "src/addons/AddonsLab/Core/Xf2/Admin/Field/SpinboxRow.php": "32261743d4fc1fb6ee1d652fb98d5d401f0a52915e9b62b592dc660206534512",
    "src/addons/AddonsLab/Core/Xf2/Admin/Field/TextAreaRow.php": "caa3bf9503a7a3227e706368651d13f4ead4e1077cd2edc48302f3463b027434",
    "src/addons/AddonsLab/Core/Xf2/Admin/Field/TextboxRow.php": "821fd3d0a35d19768e3e822a57e6fbb7f12cba5f409d33790792a67057b05d56",
    "src/addons/AddonsLab/Core/Xf2/Admin/Field/UserLinkRow.php": "664430a2afc16b6ef0fcd0bb166e61cfdebd9536b8be0b0d13ac14bd7faf5d20",
    "src/addons/AddonsLab/Core/Xf2/Admin/Field/UsernameRow.php": "2aa0f0dcbcb0cd93936fddd436379faae8e73b4b67d13a091933041382e146b7",
    "src/addons/AddonsLab/Core/Xf2/Admin/FilterForm.php": "e82201e46ecb864df83d0f17c49568dbbfc7a8a71433ed7c5a7b6243235e365f",
    "src/addons/AddonsLab/Core/Xf2/Admin/FilterFormParams.php": "b204726cf16eb9e977e3779567ce9037f27dc5b8e23263d8cd0c43fe17bd7c54",
    "src/addons/AddonsLab/Core/Xf2/Admin/Form.php": "4161874ad257be3862cf911d9308b73a828cf9c835ab06555a268a9011ad14bf",
    "src/addons/AddonsLab/Core/Xf2/AdminManagerInterface.php": "a71505f873810251a834483919c8572ff354384afd874c4a4d7e2c102fce098b",
    "src/addons/AddonsLab/Core/Xf2/AppTrait.php": "5f3dd2023c6a544fa87be2a61f735c183f0f9a21394b7ecf8ed29d45ad4ff42b",
    "src/addons/AddonsLab/Core/Xf2/ControllerTrait/AdminAccessTrait.php": "b4b5c0e1a83167b3770042a645da7b578b3a43660671b8ba84c65aafb49290ff",
    "src/addons/AddonsLab/Core/Xf2/ControllerTrait/CrudControllerTrait.php": "ac090d4fe6ccc97d9131d7658d7b2e5ee2ec24ee956dd6dfe61e1913c088db67",
    "src/addons/AddonsLab/Core/Xf2/CrudControllerInterface.php": "26cac82a6ad1169991151c06487fd343220bb52da9bf1f06fd2603335c017a07",
    "src/addons/AddonsLab/Core/Xf2/CrudEntityInterface.php": "f86d5f32b41eeaf4c3883586ddadcc929984b663f3e5e35ad51a2b9066a60633",
    "src/addons/AddonsLab/Core/Xf2/DbProvider.php": "6d86e6753ae76b845eb03094ebc5d8c150861f4d54e5a3cb9dd4c14b8c26dbb8",
    "src/addons/AddonsLab/Core/Xf2/Installer.php": "b0e6f03f6a15041d4875033ae125c3149e13c33e3902166a4fe84ff456fe4cb8",
    "src/addons/AddonsLab/Core/Xf2/MinimalPurchasableEntityInterface.php": "6d6c3afb112848f54bb645d6947796a0fc3b1dce1cb1da4672b76436448f30e3",
    "src/addons/AddonsLab/Core/Xf2/Pub/CrudController.php": "230993395963bbf9682e1e4aace3ee09254f5aa031cf7f3dce7d5f36fac1a202",
    "src/addons/AddonsLab/Core/Xf2/PublicManagerInterface.php": "ae05888c8dff13509bb69005c9ba956439647b5f2de895de2bb621d56d3f7e64",
    "src/addons/AddonsLab/Core/Xf2/PurchasableEntityInterface.php": "1bd05f05490551ee8dd2c8792cbd6cd34d43ad48a727f8d0cf94c4750abb92a9",
    "src/addons/AddonsLab/Core/Xf2/RoutePrefixFetcher.php": "a8be0517e133502924679e3cce6076333210014e65178ed6cb2c51e2f6f1d916",
    "src/addons/AddonsLab/Core/Xf2/Service/ContentCreator.php": "f0c0db350f16b8ab93dd0b4951f5f9c7b571a5476b25b089679c480a305d6e5b",
    "src/addons/AddonsLab/Core/Xf2/Service/CrudEntity.php": "9d139af588d713ac3604d70f0b0ebdf9681c6de6bf7c77722eaedcfe682aff4d",
    "src/addons/AddonsLab/Core/Xf2/Service/OptionBuilder.php": "a20ca581b8b7495db106839884ce2b8f11b49c6c2f93af3ca0606caad2124622",
    "src/addons/AddonsLab/Core/Xf2/Service/TableMigrator.php": "24884a5dfd57640be1a57c46705fe242fa792b345ea700bda61c0cecf7dfdea7",
    "src/addons/AddonsLab/Core/Xf2/Service/UserFinder.php": "d956d7d5e567ec7bf669d7cf5283acb4388f7d3e6e9044b8c549d4197dd361fc",
    "src/addons/AddonsLab/Core/Xf2/SetupTrait.php": "9ecb7846309e4c73e7a8fa1a4407b276548013d084df92db5df6773fec8c8e4e",
    "src/addons/AddonsLab/Core/Xf2/Xf2CookieProvider.php": "260a010b435e4dd2a82ce46bf77e3d1136c06ba53719b541f7046f248fc914bd",
    "src/addons/AddonsLab/Core/Xf2/Xf2HttpClient.php": "e8f363b10304ee8388787a1b36bb032ef1fad107b87c41484d3dee05796c8895",
    "src/addons/AddonsLab/Core/Xf2/Xf2OptionProvider.php": "4375d5c7f8cf3067b012214caef5ebaa707d6f884476c89b0c4cca288d2e8154",
    "src/addons/AddonsLab/Core/Xf2/Xf2PhraseProvider.php": "55c25b14e665d67cf776d1d819d9640df2d4fbed564ad665b36c10959dc3b525",
    "src/addons/AddonsLab/Core/Xf2/Xf2RegistryProvider.php": "bbc5e82442df4a64597b83b2832c1673f8f1a0c0bd91813a081746c17631bc6d",
    "src/addons/AddonsLab/Core/Xf2/Xf2SessionProvider.php": "97537f44476cd12aa79ad070d01c3653963511664e8d4a3d579990fd183439cf",
    "src/addons/AddonsLab/Core/ZendDbProvider.php": "487677cb43537fae0c11d1abc0d8234db4a3bfad83c84e579d5a5acdff1633dd",
    "src/addons/AddonsLab/Licensing/Checker.php": "e11186cf748b461b74d9fb1ddeb0ef29f145b40e2a77f3b3c79acb29641ee8e0",
    "src/addons/AddonsLab/Licensing/Encoder.php": "ffd45a52b380287975f3e2fdee56f2f557ec49a37094a796b7f34775992f612b",
    "src/addons/AddonsLab/Licensing/Engine/AbstractEngine.php": "590a83db0e156fb1b1d6cfa5ed2b359ca811f7efad144b8133a793da71cd3db0",
    "src/addons/AddonsLab/Licensing/Engine/AbstractEngineInterface.php": "8d49086468198429e3724646a618cd2578bfd01a7221fcde66dfd4bd18c10a1e",
    "src/addons/AddonsLab/Licensing/Engine/Xf1.php": "52cb103f8702a122d80cf4189e0853529368d7c637d684f0e97369e41814ba33",
    "src/addons/AddonsLab/Licensing/Engine/Xf2.php": "d29757bc74ae683d995d4851e667fb8c0b22457cbb5d7172a5b434ad56e80b94",
    "src/addons/AddonsLab/Licensing/Exception/DataIntegrityException.php": "98cb5e0b3f80355699025cbb7dc1dd7e143c9298069281409c16bea0edbded86",
    "src/addons/AddonsLab/Licensing/Exception/LicenseFailedException.php": "23f9d51394cd8beb5e2244c1709b579985be3948b1a680e0189b0990a105857d",
    "src/addons/AddonsLab/Licensing/Exception/LicenseNotFoundException.php": "0081e2dc72d86bd9e792e306656136fd52a314204df090b39942f4d448edc0b7",
    "src/addons/AddonsLab/Licensing/Exception/TrialExpiredException.php": "6e1a2e9080041d74b032985b6beb1c4bde4eae88e1e5f2f269fffc37e98b4e6f",
    "src/addons/AddonsLab/Licensing/LicenseData.php": "9f6c96b3bbc6afedc1e53f16aa102079d0f9659ecc76bf1b94e00165538b72e2",
    "src/addons/AddonsLab/Licensing/LicenseValidationService.php": "b0ee0d80d1e90d7d35caca0f1f4f09a10c90cc49d28be122d94cd8db79c4288b",
    "src/addons/AddonsLab/Licensing/StorageDriver/AbstractStorageDriver.php": "2d8af3ca3af28bb90798f83f95a6f6986b535fa199138717d67a6f846676169e",
    "src/addons/AddonsLab/Licensing/StorageDriver/Database.php": "272570c1077a45999a40c412382d14c5fc16d61fbca0689d2a87bb79336b43cb",
    "src/addons/AddonsLab/Licensing/StorageDriver/File.php": "b31eb5b21b072355b7a81ad0ce0036ee4f6422a75ae5a071eb5336487c9961ff",
    "src/addons/AL/Core/addon.json": "f7f14c3ecca9a31b3551b4d774b3b6f74f1fb050a07d2fb8c3455b588184b3d0",
    "src/addons/AL/Core/ClassAlias.php": "33cccb77d8e2aae7a524c09ecf1658ceeab43255e117be2aa9b9811fdf6a11c4",
    "src/addons/AL/Core/Compat.php": "c051461d82604a0b3bb4ea0eeaecd9a2b92096751aeec4135aa0a33a4ea04b30",
    "src/addons/AL/Core/icon.png": "81748bf414bcbb297463f7e8a745f1816b15918214d4625062792c45ae21b59e",
    "src/addons/AL/Core/Listener/AppSetup.php": "7bf6371eddd16dee42e79dc38e9d405e89c81d3191a2eb81efcb5cb1054352d5",
    "src/addons/AL/Core/Listener/TemplaterGlobalData.php": "445f22e95ce2701e7c684764995588c33b7060d5879b39275005370269a5a817",
    "src/addons/AL/Core/Listener/TemplaterSetup.php": "9b62f3fe05c39eeb6dfd3003d29b6461147dd1e8196d516601c49a35da188902",
    "src/addons/AL/Core/Service/SingleAttachment.php": "6a1aa42a30f2c6e2cd5a1dff953b617357fc6e8049345de94149988ec9db9b27",
    "src/addons/AL/Core/XF/Entity/SessionActivity.php": "9b8874ec5de7215b17279b85b66f7b809ce53bb1d328905edb3bd2a2975a3761",
    "src/addons/AL/Core/_data/activity_summary_definitions.xml": "99d8c2563a31320d66f958fc8bda78613545f5f7959bb3cf5318805e3a3c39d2",
    "src/addons/AL/Core/_data/admin_navigation.xml": "064ec797484ac00d5ee37367b50b06846d11f480d00550997712707f8fdac8c0",
    "src/addons/AL/Core/_data/admin_permission.xml": "ec6fb97cebf0bceb24f1ed1d5778c1db54eeb7535fbb3e31d824840e7aa9ff87",
    "src/addons/AL/Core/_data/advertising_positions.xml": "d2f7cbe844bb1df3cf878d22ff6306249245c8ff6b0b87b9b729744bec538261",
    "src/addons/AL/Core/_data/api_scopes.xml": "6793eaf758f140e8137187ba20e65f4faccf53410433ae3ad7a8b3b38cb6b3b7",
    "src/addons/AL/Core/_data/bb_codes.xml": "faa4ddd5f4a365e5ac39aebdcbe2d25aedf74e7eb9ea4a812766e2fd5e13bdb1",
    "src/addons/AL/Core/_data/bb_code_media_sites.xml": "29762987990187b33e43cfb68c08dc917b2d3f0176613d78f8e6c453f82da3f3",
    "src/addons/AL/Core/_data/class_extensions.xml": "d829c0ff9f482a5325c656801d4a7515b3ba3e2102caf3356c0fcda0bb90b165",
    "src/addons/AL/Core/_data/code_events.xml": "8370dec3df47f91df4cf79da253446ad11b29f4ea568fe76c774e97a0379f0eb",
    "src/addons/AL/Core/_data/code_event_listeners.xml": "7f21d6898bd763b071bb24d249f568260d04864cc4abd2be03ac9791bab3c82a",
    "src/addons/AL/Core/_data/content_type_fields.xml": "c7ad5472b28f465b7ac7617627707eba1b7a39d28089460d52e1ed292fc0b06a",
    "src/addons/AL/Core/_data/cron.xml": "323c4284742ef24329cd6db6f288eb9736d2353f36852e1db12591e1583aea26",
    "src/addons/AL/Core/_data/help_pages.xml": "a8a0c0b06cdc550438bc8a8d385af3e1e5ab3459877dfb934c1c31be59c89163",
    "src/addons/AL/Core/_data/member_stats.xml": "89fb2b93ff1eca7a1f6f752248edf6090dfd24037db1446fd18ff7143f08124d",
    "src/addons/AL/Core/_data/navigation.xml": "f75e1c03a45a360bbdfcd0567121665082315068475d5b0feb8b1acbb1688651",
    "src/addons/AL/Core/_data/options.xml": "1cea29aa5671733d85c8fc6f7c66128eacbca5643cbb38585eb82002879b51a4",
    "src/addons/AL/Core/_data/option_groups.xml": "154d7a89664b243d0bd8227c22e241f934bf7e196c83230ee23d3c0c4fba1333",
    "src/addons/AL/Core/_data/permissions.xml": "7e4fc7d5826733d15ea2d8936b9bdd41afcaad810eb38e50da3c8d8eafda1550",
    "src/addons/AL/Core/_data/permission_interface_groups.xml": "3177224e96458b829aa7fb24866dda9e0455a4922aee3d669b53f59a1ffdf5d1",
    "src/addons/AL/Core/_data/phrases.xml": "ff61483fbaee661f147395ebaad79fbfb5d8bf820c1b1285efbcf8844191cc32",
    "src/addons/AL/Core/_data/routes.xml": "550fa64f9feedf137dd877b38c2684f94474619d2d83890dbb717a91b50da8f5",
    "src/addons/AL/Core/_data/style_properties.xml": "8b8690a8512f01f219dd2da76e3d0c5f62afc1f317b87794a7331c859c36a7a8",
    "src/addons/AL/Core/_data/style_property_groups.xml": "68e1879cb3846c42d978487aa8d5145ff3335fc39e58016878824d5cf3fd684c",
    "src/addons/AL/Core/_data/templates.xml": "2bece2286f298a6fd05be3376827a3b960368de7c813a697240c8f8c1d0de3a9",
    "src/addons/AL/Core/_data/template_modifications.xml": "3b54b7df00a6a4a18c5e012b6e2588e35c23aaa13a5fc227f08646a97590d778",
    "src/addons/AL/Core/_data/widget_definitions.xml": "37e46965256430f24004c2e7f08ba08f9b0d1cbcc4d70e84b3f4e3ffb713e64b",
    "src/addons/AL/Core/_data/widget_positions.xml": "a29cee66134f6bc5d75ed9df1eef21096c24401915c5b5c774389c3d7bb2d5b3"
}