{
    "src/addons/FS/CoinPaymentsIntegration/addon.json": "b0a62d4e5ebad76c39bb37b85422b99ae93b2a6fca33f933bfb6399351484a3f",
    "src/addons/FS/CoinPaymentsIntegration/cplogo.png": "9e1dd1e9b0f37b4b2fc57dedaa76e63e23188d9bf4b53db313ebcdce4ecb905d",
    "src/addons/FS/CoinPaymentsIntegration/Payment/CoinPayments.php": "e316c4a2a44fbca517dd97b4b4860a465811e16e545b1f59d5d45b93c9a7dea5",
    "src/addons/FS/CoinPaymentsIntegration/Payment/response_log.txt": "7025f99f21fec879736681bb0bbd245c9c4e7619060b8005408706efa181f0e3",
    "src/addons/FS/CoinPaymentsIntegration/Setup.php": "3d80222f86a69f5a8549899889ff3af4f674c356ee3111ad7f770c25a478ae56",
    "src/addons/FS/CoinPaymentsIntegration/_data/activity_summary_definitions.xml": "99d8c2563a31320d66f958fc8bda78613545f5f7959bb3cf5318805e3a3c39d2",
    "src/addons/FS/CoinPaymentsIntegration/_data/admin_navigation.xml": "064ec797484ac00d5ee37367b50b06846d11f480d00550997712707f8fdac8c0",
    "src/addons/FS/CoinPaymentsIntegration/_data/admin_permission.xml": "ec6fb97cebf0bceb24f1ed1d5778c1db54eeb7535fbb3e31d824840e7aa9ff87",
    "src/addons/FS/CoinPaymentsIntegration/_data/advertising_positions.xml": "d2f7cbe844bb1df3cf878d22ff6306249245c8ff6b0b87b9b729744bec538261",
    "src/addons/FS/CoinPaymentsIntegration/_data/api_scopes.xml": "6793eaf758f140e8137187ba20e65f4faccf53410433ae3ad7a8b3b38cb6b3b7",
    "src/addons/FS/CoinPaymentsIntegration/_data/bb_codes.xml": "faa4ddd5f4a365e5ac39aebdcbe2d25aedf74e7eb9ea4a812766e2fd5e13bdb1",
    "src/addons/FS/CoinPaymentsIntegration/_data/bb_code_media_sites.xml": "29762987990187b33e43cfb68c08dc917b2d3f0176613d78f8e6c453f82da3f3",
    "src/addons/FS/CoinPaymentsIntegration/_data/class_extensions.xml": "1f548b8006e9952a3f5889f71e09fdfa6726ac1a47c1af7b2626d1a88920d5a4",
    "src/addons/FS/CoinPaymentsIntegration/_data/code_events.xml": "8370dec3df47f91df4cf79da253446ad11b29f4ea568fe76c774e97a0379f0eb",
    "src/addons/FS/CoinPaymentsIntegration/_data/code_event_listeners.xml": "d6b5072f4909dee7a20ee9e44b163f95c8aa52e6ac7f573e292000cd9238c331",
    "src/addons/FS/CoinPaymentsIntegration/_data/content_type_fields.xml": "c7ad5472b28f465b7ac7617627707eba1b7a39d28089460d52e1ed292fc0b06a",
    "src/addons/FS/CoinPaymentsIntegration/_data/cron.xml": "323c4284742ef24329cd6db6f288eb9736d2353f36852e1db12591e1583aea26",
    "src/addons/FS/CoinPaymentsIntegration/_data/help_pages.xml": "a8a0c0b06cdc550438bc8a8d385af3e1e5ab3459877dfb934c1c31be59c89163",
    "src/addons/FS/CoinPaymentsIntegration/_data/member_stats.xml": "89fb2b93ff1eca7a1f6f752248edf6090dfd24037db1446fd18ff7143f08124d",
    "src/addons/FS/CoinPaymentsIntegration/_data/navigation.xml": "f75e1c03a45a360bbdfcd0567121665082315068475d5b0feb8b1acbb1688651",
    "src/addons/FS/CoinPaymentsIntegration/_data/options.xml": "d5180e68852a9131576f93f4a7addddb426c633235bb6161278637e3a83dab32",
    "src/addons/FS/CoinPaymentsIntegration/_data/option_groups.xml": "c38dce7887881797b20b02786214df4105a49c7ea21775015a5ef8566716572d",
    "src/addons/FS/CoinPaymentsIntegration/_data/permissions.xml": "7e4fc7d5826733d15ea2d8936b9bdd41afcaad810eb38e50da3c8d8eafda1550",
    "src/addons/FS/CoinPaymentsIntegration/_data/permission_interface_groups.xml": "3177224e96458b829aa7fb24866dda9e0455a4922aee3d669b53f59a1ffdf5d1",
    "src/addons/FS/CoinPaymentsIntegration/_data/phrases.xml": "94e06df7418b184ffb708624be9315a881f270a78a7952179d15e81ddcc5cae3",
    "src/addons/FS/CoinPaymentsIntegration/_data/routes.xml": "550fa64f9feedf137dd877b38c2684f94474619d2d83890dbb717a91b50da8f5",
    "src/addons/FS/CoinPaymentsIntegration/_data/style_properties.xml": "8b8690a8512f01f219dd2da76e3d0c5f62afc1f317b87794a7331c859c36a7a8",
    "src/addons/FS/CoinPaymentsIntegration/_data/style_property_groups.xml": "68e1879cb3846c42d978487aa8d5145ff3335fc39e58016878824d5cf3fd684c",
    "src/addons/FS/CoinPaymentsIntegration/_data/templates.xml": "5e8a747ca10eac2073a8eef74f20c4e4f92c2b60360504666bbd1f41f022bfe3",
    "src/addons/FS/CoinPaymentsIntegration/_data/template_modifications.xml": "3b54b7df00a6a4a18c5e012b6e2588e35c23aaa13a5fc227f08646a97590d778",
    "src/addons/FS/CoinPaymentsIntegration/_data/widget_definitions.xml": "37e46965256430f24004c2e7f08ba08f9b0d1cbcc4d70e84b3f4e3ffb713e64b",
    "src/addons/FS/CoinPaymentsIntegration/_data/widget_positions.xml": "a29cee66134f6bc5d75ed9df1eef21096c24401915c5b5c774389c3d7bb2d5b3"
}