{
    "src/addons/FS/ChangeIcons/addon.json": "27edd7bc581a34f4e5d35958f7b1d6a9a16d23c2f2dd7115745b1e60ced67631",
    "src/addons/FS/ChangeIcons/Setup.php": "5598a6b13cebea6d7285e8c6a97b1faeb6c9e437f2b66bc9feed1e0da9c6fa62",
    "src/addons/FS/ChangeIcons/_data/activity_summary_definitions.xml": "99d8c2563a31320d66f958fc8bda78613545f5f7959bb3cf5318805e3a3c39d2",
    "src/addons/FS/ChangeIcons/_data/admin_navigation.xml": "064ec797484ac00d5ee37367b50b06846d11f480d00550997712707f8fdac8c0",
    "src/addons/FS/ChangeIcons/_data/admin_permission.xml": "ec6fb97cebf0bceb24f1ed1d5778c1db54eeb7535fbb3e31d824840e7aa9ff87",
    "src/addons/FS/ChangeIcons/_data/advertising_positions.xml": "d2f7cbe844bb1df3cf878d22ff6306249245c8ff6b0b87b9b729744bec538261",
    "src/addons/FS/ChangeIcons/_data/api_scopes.xml": "6793eaf758f140e8137187ba20e65f4faccf53410433ae3ad7a8b3b38cb6b3b7",
    "src/addons/FS/ChangeIcons/_data/bb_codes.xml": "faa4ddd5f4a365e5ac39aebdcbe2d25aedf74e7eb9ea4a812766e2fd5e13bdb1",
    "src/addons/FS/ChangeIcons/_data/bb_code_media_sites.xml": "29762987990187b33e43cfb68c08dc917b2d3f0176613d78f8e6c453f82da3f3",
    "src/addons/FS/ChangeIcons/_data/class_extensions.xml": "1f548b8006e9952a3f5889f71e09fdfa6726ac1a47c1af7b2626d1a88920d5a4",
    "src/addons/FS/ChangeIcons/_data/code_events.xml": "8370dec3df47f91df4cf79da253446ad11b29f4ea568fe76c774e97a0379f0eb",
    "src/addons/FS/ChangeIcons/_data/code_event_listeners.xml": "d6b5072f4909dee7a20ee9e44b163f95c8aa52e6ac7f573e292000cd9238c331",
    "src/addons/FS/ChangeIcons/_data/content_type_fields.xml": "c7ad5472b28f465b7ac7617627707eba1b7a39d28089460d52e1ed292fc0b06a",
    "src/addons/FS/ChangeIcons/_data/cron.xml": "323c4284742ef24329cd6db6f288eb9736d2353f36852e1db12591e1583aea26",
    "src/addons/FS/ChangeIcons/_data/help_pages.xml": "a8a0c0b06cdc550438bc8a8d385af3e1e5ab3459877dfb934c1c31be59c89163",
    "src/addons/FS/ChangeIcons/_data/member_stats.xml": "89fb2b93ff1eca7a1f6f752248edf6090dfd24037db1446fd18ff7143f08124d",
    "src/addons/FS/ChangeIcons/_data/navigation.xml": "f75e1c03a45a360bbdfcd0567121665082315068475d5b0feb8b1acbb1688651",
    "src/addons/FS/ChangeIcons/_data/options.xml": "1cea29aa5671733d85c8fc6f7c66128eacbca5643cbb38585eb82002879b51a4",
    "src/addons/FS/ChangeIcons/_data/option_groups.xml": "154d7a89664b243d0bd8227c22e241f934bf7e196c83230ee23d3c0c4fba1333",
    "src/addons/FS/ChangeIcons/_data/permissions.xml": "7e4fc7d5826733d15ea2d8936b9bdd41afcaad810eb38e50da3c8d8eafda1550",
    "src/addons/FS/ChangeIcons/_data/permission_interface_groups.xml": "3177224e96458b829aa7fb24866dda9e0455a4922aee3d669b53f59a1ffdf5d1",
    "src/addons/FS/ChangeIcons/_data/phrases.xml": "ff61483fbaee661f147395ebaad79fbfb5d8bf820c1b1285efbcf8844191cc32",
    "src/addons/FS/ChangeIcons/_data/routes.xml": "550fa64f9feedf137dd877b38c2684f94474619d2d83890dbb717a91b50da8f5",
    "src/addons/FS/ChangeIcons/_data/style_properties.xml": "8b8690a8512f01f219dd2da76e3d0c5f62afc1f317b87794a7331c859c36a7a8",
    "src/addons/FS/ChangeIcons/_data/style_property_groups.xml": "68e1879cb3846c42d978487aa8d5145ff3335fc39e58016878824d5cf3fd684c",
    "src/addons/FS/ChangeIcons/_data/templates.xml": "1af50e8cfac5800aab4ae2f75524b013f325527456a8a8461b1ca7e066e6e17a",
    "src/addons/FS/ChangeIcons/_data/template_modifications.xml": "3b54b7df00a6a4a18c5e012b6e2588e35c23aaa13a5fc227f08646a97590d778",
    "src/addons/FS/ChangeIcons/_data/widget_definitions.xml": "37e46965256430f24004c2e7f08ba08f9b0d1cbcc4d70e84b3f4e3ffb713e64b",
    "src/addons/FS/ChangeIcons/_data/widget_positions.xml": "a29cee66134f6bc5d75ed9df1eef21096c24401915c5b5c774389c3d7bb2d5b3",
    "styles/FS/Trancefix/Icons/bookmark_FILL0_wght400_GRAD0_opsz24.svg": "5a3089ec31268db8da66ce9e5d7cbb8bdfb9b25c5ac53f3200b5147caf746e29",
    "styles/FS/Trancefix/Icons/bookmark_Like_wght400_GRAD0_opsz24.svg": "3324a1f10899a25dbc8b472f91b0c8eef15c3dcaf038c099fe44bca569873e3d",
    "styles/FS/Trancefix/Icons/delete_FILL0_wght400_GRAD0_opsz24.svg": "ec75e756af4e37a926a2f64ef8f59eac85276a658fc8a7aef0cc12c5e871e971",
    "styles/FS/Trancefix/Icons/edit_FILL0_wght400_GRAD0_opsz24.svg": "f3f51206ef9bf7d34db55058aa6be3e4f307c2d749fb8071785c360a84fa1622",
    "styles/FS/Trancefix/Icons/flag_FILL0_wght400_GRAD0_opsz24.svg": "cab27088e64b22b34c43238070b14defc2485989e431e5a3dfea073638cca02b",
    "styles/FS/Trancefix/Icons/history_FILL0_wght400_GRAD0_opsz24.svg": "9dbbac013fd1a1fa4677670e64164f953647e32878c2870909a3e0910f28b0d9",
    "styles/FS/Trancefix/Icons/lock_FILL0_wght400_GRAD0_opsz24.svg": "148a3da500ee74920d4f80984e8f73830b1f4e613bac095502d854b9c700315c",
    "styles/FS/Trancefix/Icons/mail_FILL0_wght400_GRAD0_opsz24.svg": "05f47e61b392b3d9a8f0d9c6d11503f276841901efc5869a2b17f9f57b912870",
    "styles/FS/Trancefix/Icons/notifications_FILL0_wght400_GRAD0_opsz24.svg": "f6e1380c76f85851dbeafde7f8eb106c799d72232cd046bf30fabae4f0a0c821",
    "styles/FS/Trancefix/Icons/person_FILL0_wght400_GRAD0_opsz24.svg": "42f1c6f70aaea6be1bce078d1bd3bdc027a343943827443fe3ea46320b9dac96",
    "styles/FS/Trancefix/Icons/public_FILL0_wght400_GRAD0_opsz24.svg": "5b8ad24e63e4a2f601728fe0e589df9ca943b813ad24a71635c803a677e1ecc0",
    "styles/FS/Trancefix/Icons/push_pin_FILL0_wght400_GRAD0_opsz24.svg": "caf56891bf0baa376b4d00d3622fd188829bd37d174c3cfc5d0776c94f7fefe7",
    "styles/FS/Trancefix/Icons/reply_FILL0_wght400_GRAD0_opsz24.svg": "6e525989892acf749809b12faaae1a0b066b864b0307fd76d0154ab0911aec32",
    "styles/FS/Trancefix/Icons/schedule_FILL0_wght400_GRAD0_opsz24.svg": "6b6606472e4d807e4b2afc8cd667a48fa634341d44487580a7b350f8dd790170",
    "styles/FS/Trancefix/Icons/search_FILL0_wght400_GRAD0_opsz24.svg": "46d4ab85eba6eb4fe7c9a9a4c4db2fdf8fa9cc74c1f398ac72e7d872d490dd4c",
    "styles/FS/Trancefix/Icons/sell_FILL0_wght400_GRAD0_opsz24.svg": "f6f178cba695aa911380d7a26a27f91f87cc20f92ae689a8b0d2b3ff84c5892c",
    "styles/FS/Trancefix/Icons/share_FILL0_wght400_GRAD0_opsz24.svg": "a117c58801f1690ef8bc642fa9ce135d44f36c5c36e158f05891e462ff204e24",
    "styles/FS/Trancefix/Icons/visibility_FILL0_wght400_GRAD0_opsz24.svg": "07f07478fc58500ce05000c3b123cb95de57aad9b106b9cfa58720528ea09bd7",
    "styles/FS/Trancefix/Icons/vpn_key_FILL0_wght400_GRAD0_opsz24.svg": "22e801476a12502fbe2debbde3446cd3808c0227debf50e112b8b6ca4172b12d",
    "styles/FS/Trancefix/Icons/warning_FILL0_wght400_GRAD0_opsz24.svg": "0212c59cfa1e2da887b0b36c7d89886de94b019feaaba5c063ec8dc7d32be436",
    "styles/FS/Trancefix/IconsV2/bookmark_FILL0_wght400_GRAD0_opsz24.svg": "4895e51e263ef919d1092784a094fd395b21691da369d1b3d12ef69ebb1048de",
    "styles/FS/Trancefix/IconsV2/bookmark_Like_wght400_GRAD0_opsz24.svg": "73fbe4454e4c88a3b64aff3dffa1a85ffcff8d6de85691b0ea553fdf1103b223",
    "styles/FS/Trancefix/IconsV2/delete_FILL0_wght400_GRAD0_opsz24.svg": "100c6255ade594441dce900b014c13a73a5cd29461c39062eb06d3c3c20957f7",
    "styles/FS/Trancefix/IconsV2/edit_FILL0_wght400_GRAD0_opsz24.svg": "16d4870edc23c885c773fd29490c7c3bddcd826fbbbdeb3f68cb071067a4d51e",
    "styles/FS/Trancefix/IconsV2/flag_FILL0_wght400_GRAD0_opsz24.svg": "2da8a1ef7ae5921937bd9c6ea854aaaf547ff06ddea7e761b816d98e64d0940a",
    "styles/FS/Trancefix/IconsV2/history_FILL0_wght400_GRAD0_opsz24.svg": "5bfb4b817bb816ddbabadb0e315801b498d73723a72cc714ef9a4a2b37af5449",
    "styles/FS/Trancefix/IconsV2/lock_FILL0_wght400_GRAD0_opsz24.svg": "bfbe4c52a09833ea700ccf05d096e42d80f3f59dd718f9feba331aa08980af60",
    "styles/FS/Trancefix/IconsV2/mail_FILL0_wght400_GRAD0_opsz24.svg": "1ebccb5ac79ecc9f9082d13ca2b89e04d3502153473e0baccd958264306e35ae",
    "styles/FS/Trancefix/IconsV2/notifications_FILL0_wght400_GRAD0_opsz24.svg": "6f4a2e335cad8774675e730680a2e8f978ac632fae43dc74d564a3202d981039",
    "styles/FS/Trancefix/IconsV2/person_FILL0_wght400_GRAD0_opsz24.svg": "f55c1a45f8bc9c91ba905aa50692c62fd7e2bf009ffb60f8b90ea2ef23d8d87a",
    "styles/FS/Trancefix/IconsV2/public_FILL0_wght400_GRAD0_opsz24.svg": "c261b4181eda82e5c8a759988cbde1c3c49deaa8cb405bd9f51038b399e0f388",
    "styles/FS/Trancefix/IconsV2/push_pin_FILL0_wght400_GRAD0_opsz24.svg": "701550a5212558919853a302a1fba526007fa91f046aebc62c16a056c003825a",
    "styles/FS/Trancefix/IconsV2/reply_FILL0_wght400_GRAD0_opsz24.svg": "2121f16208b84b27a9210855c78e13e4cfce939f009866607ce0e6125b16d3d9",
    "styles/FS/Trancefix/IconsV2/schedule_FILL0_wght400_GRAD0_opsz24.svg": "cb1d6527ffc044fd5c163f89488dc78629c4b6b347c6271f5f12eb5ddb066c49",
    "styles/FS/Trancefix/IconsV2/search_FILL0_wght400_GRAD0_opsz24.svg": "2fcc7b117f4784dfd01db227185358734ce058b31cc9b040ec18c2d3c30576cd",
    "styles/FS/Trancefix/IconsV2/sell_FILL0_wght400_GRAD0_opsz24.svg": "681f6334d9c1e56229a64e1887acbfa846e7a122972cf4c16c72e5e2b80e58c7",
    "styles/FS/Trancefix/IconsV2/share_FILL0_wght400_GRAD0_opsz24.svg": "f1fb26e26e6c6678f3c65382e655407175dbde688ef704ed05f840b7161724d0",
    "styles/FS/Trancefix/IconsV2/ThumbSelected.svg": "6e3341fee6943279121566ca268b03fd4d9e1b6c6a87a697c55e22c6516fdbed",
    "styles/FS/Trancefix/IconsV2/visibility_FILL0_wght400_GRAD0_opsz24.svg": "0c857da6091a60a8595c0fcafe4aecb88e1061183266d97b3522866a082911d5",
    "styles/FS/Trancefix/IconsV2/warning_FILL0_wght400_GRAD0_opsz24.svg": "33e0cf9ce8c2ccdf37cb38617087d3732d97ec22f3a79012f085d01d5ee10d3c",
    "styles/FS/Trancefix/Icons_White/bookmark_FILL0_wght400_GRAD0_opsz24.svg": "2c6b48c9551390ff49bfde3fffb2a02e9766279337464355312ab2ae3deb5879",
    "styles/FS/Trancefix/Icons_White/bookmark_Like_wght400_GRAD0_opsz24.svg": "44a43095145c5a8c7696b4452694817f433af00b0a351700a63781af4b7d2b5a",
    "styles/FS/Trancefix/Icons_White/delete_FILL0_wght400_GRAD0_opsz24.svg": "01263832e32ea33a5538a98ccab0073fc45b2bb6409af3104fe455db607f9c6b",
    "styles/FS/Trancefix/Icons_White/edit_FILL0_wght400_GRAD0_opsz24.svg": "8e359c18b6287aab2907f2410c4c38bf2f4443448ca272ab6cedf81fd97c9144",
    "styles/FS/Trancefix/Icons_White/flag_FILL0_wght400_GRAD0_opsz24.svg": "16dc2e603f950fc41c41fba6ce41cd614d78d4a325e099f9820963f8a1d8b1b4",
    "styles/FS/Trancefix/Icons_White/history_FILL0_wght400_GRAD0_opsz24.svg": "ca920be9efd820893ebc51ed67210a7a14fa0c82ecde17b1b9de044aed97e417",
    "styles/FS/Trancefix/Icons_White/lock_FILL0_wght400_GRAD0_opsz24.svg": "1f4b7b46fd4445c049ecf9f68543f8114d52463df38dba0fb3360cb33a817942",
    "styles/FS/Trancefix/Icons_White/mail_FILL0_wght400_GRAD0_opsz24.svg": "9f441f79295ff62e586481bac2328dd0226f085f6e2d6e74233fb21d1b5992af",
    "styles/FS/Trancefix/Icons_White/notifications_FILL0_wght400_GRAD0_opsz24.svg": "f3fb5691bf4ffccac3cbbe03175ba83548637560ea3a3eca219a6c89360e322f",
    "styles/FS/Trancefix/Icons_White/person_FILL0_wght400_GRAD0_opsz24.svg": "93b31074788482a6b4061982ef8fe4f9bec0c81040e9012e01e239cfc6289b78",
    "styles/FS/Trancefix/Icons_White/public_FILL0_wght400_GRAD0_opsz24.svg": "5a77df05d7ca4c78a070d78cb4c1569597319deaccc3e2c798af40876e651738",
    "styles/FS/Trancefix/Icons_White/push_pin_FILL0_wght400_GRAD0_opsz24.svg": "09c288012c6d55035463603b38625fb34b7a422d6a157550d85a4411280b3fc0",
    "styles/FS/Trancefix/Icons_White/reply_FILL0_wght400_GRAD0_opsz24.svg": "9121f9cec97ba7d5e9dacb361aa6db072ed27c760ec1898240a7414f8a87e3d1",
    "styles/FS/Trancefix/Icons_White/schedule_FILL0_wght400_GRAD0_opsz24.svg": "6be7a6311f6117feb905dedb5b4a11164575724cc76f201cd097b0853cebd1fa",
    "styles/FS/Trancefix/Icons_White/search_FILL0_wght400_GRAD0_opsz24.svg": "3fc7b24ef55054692fdb456e408d2d1ffacc2738412a8dc4444d46e60409b7f3",
    "styles/FS/Trancefix/Icons_White/sell_FILL0_wght400_GRAD0_opsz24.svg": "707a2f0dbe5e470b732d7f0321b798023529492d32a08846611da28d64219cde",
    "styles/FS/Trancefix/Icons_White/share_FILL0_wght400_GRAD0_opsz24.svg": "8370bcc059da9977cc93c4e7014b31fe9d64867da7b745eaeb02046d6eb9961b",
    "styles/FS/Trancefix/Icons_White/visibility_FILL0_wght400_GRAD0_opsz24.svg": "5814cb694487468b2cecf3e03ce5dd4ea12000648ee1718944a9f877c1e4d7db",
    "styles/FS/Trancefix/Icons_White/warning_FILL0_wght400_GRAD0_opsz24.svg": "f0c8e9e2f63ac170d49c4d553ede27e60af9223cec83281b3a4e797bbc874872",
    "styles/FS/Trancefix/no_width/bookmark_FILL0_wght400_GRAD0_opsz24.svg": "ad333ad8b2b2fb7ac0c9d82bc984c9f2c27722b12919daf3ef37bec9755eb917",
    "styles/FS/Trancefix/no_width/bookmark_Like_wght400_GRAD0_opsz24.svg": "90f197705f68ae42a999a32dd2a87f575bc023f6e46acb5cd0652af4a01514ff",
    "styles/FS/Trancefix/no_width/delete_FILL0_wght400_GRAD0_opsz24.svg": "4c9f33568b98555e514740203f9160a82f1efc7534ce8843e0a6f0d92b66880a",
    "styles/FS/Trancefix/no_width/edit_FILL0_wght400_GRAD0_opsz24.svg": "faa6d3af93491ad796fb6e6e2151d7430e9c1a92ae459c0c6f8d04683d55601e",
    "styles/FS/Trancefix/no_width/flag_FILL0_wght400_GRAD0_opsz24.svg": "8cf0001d5aca910579597793a3488bf81f87005bb4e69086c3967621c859bbb5",
    "styles/FS/Trancefix/no_width/history_FILL0_wght400_GRAD0_opsz24.svg": "dad73d89c55ad1b4383df1a2b9ec73379d763b2d1f2e6579643d67c158059311",
    "styles/FS/Trancefix/no_width/lock_FILL0_wght400_GRAD0_opsz24.svg": "ecd4b72c7985971de7a154054949079ae961af58af847531ae11a9e879c3965e",
    "styles/FS/Trancefix/no_width/mail_FILL0_wght400_GRAD0_opsz24.svg": "c37b62fe5623dd5ec9969a62c819f72b7d70f6c6a8c8b3885207688ae7886788",
    "styles/FS/Trancefix/no_width/notifications_FILL0_wght400_GRAD0_opsz24.svg": "ebb8964794e27d1e019a22d72f514292b524f9053c134caaaee3a5a2aa570392",
    "styles/FS/Trancefix/no_width/person_FILL0_wght400_GRAD0_opsz24.svg": "8e270b8f0588625115644d793d36728612eddb204c17746c584139a0be350427",
    "styles/FS/Trancefix/no_width/public_FILL0_wght400_GRAD0_opsz24.svg": "a4ed556d7a07412cd332011891e69c79ac89cf304ec68cb3f17170a62d54620b",
    "styles/FS/Trancefix/no_width/push_pin_FILL0_wght400_GRAD0_opsz24.svg": "5a950c10a1dd459e5e51e67671b0655cfdae1f98f3e147a624e9255724999899",
    "styles/FS/Trancefix/no_width/reply_FILL0_wght400_GRAD0_opsz24.svg": "2b0ae4e6971c22caef38cb45232e88bf720e6dbd28f89c4bfd78113885ffbb6e",
    "styles/FS/Trancefix/no_width/schedule_FILL0_wght400_GRAD0_opsz24.svg": "f444fd1b509b0c0ac206a7d2064d52b8c1ebe423e955ad67ba455df8e7dc8b60",
    "styles/FS/Trancefix/no_width/search_FILL0_wght400_GRAD0_opsz24.svg": "873f61a879c7d9596a3fb54f7b7c3f437ab1a9550ff5e698688db66545fbee0d",
    "styles/FS/Trancefix/no_width/sell_FILL0_wght400_GRAD0_opsz24.svg": "e12991c1cdd265111f533f54f69f33eb984ba795bc8833ef17bf96b8b2f227e9",
    "styles/FS/Trancefix/no_width/share_FILL0_wght400_GRAD0_opsz24.svg": "a14c7822d9f61db5fce42b11f5a12f7367435f7c35902eaadb63b6331b577128",
    "styles/FS/Trancefix/no_width/visibility_FILL0_wght400_GRAD0_opsz24.svg": "863b258e9da40cc846cdd35efc2e67caeb4d75ea96233e74f01e890dac015fa4",
    "styles/FS/Trancefix/no_width/warning_FILL0_wght400_GRAD0_opsz24.svg": "23319576ad4cb4c104694fc9c2126b895ebd5bd11644168c52a0372c6bc1037d"
}