<?xml version="1.0" encoding="utf-8"?>
<permissions>
  <permission permission_group_id="dbtechCredits" permission_id="adjust" permission_type="flag" interface_group_id="dbtechCreditsModerator" display_order="10"/>
  <permission permission_group_id="dbtechCredits" permission_id="approveUnapprove" permission_type="flag" interface_group_id="dbtechCreditsModerator" display_order="70"/>
  <permission permission_group_id="dbtechCredits" permission_id="bypassChargeTag" permission_type="flag" interface_group_id="dbtechCreditsModerator" display_order="40"/>
  <permission permission_group_id="dbtechCredits" permission_id="bypassCurrencyPrivacy" permission_type="flag" interface_group_id="dbtechCreditsModerator" display_order="40"/>
  <permission permission_group_id="dbtechCredits" permission_id="charge" permission_type="integer" interface_group_id="dbtechCredits" display_order="30"/>
  <permission permission_group_id="dbtechCredits" permission_id="triggerEvents" permission_type="flag" interface_group_id="dbtechCredits" display_order="20"/>
  <permission permission_group_id="dbtechCredits" permission_id="view" permission_type="flag" interface_group_id="dbtechCredits" display_order="10"/>
  <permission permission_group_id="dbtechCredits" permission_id="viewAnyLog" permission_type="flag" interface_group_id="dbtechCreditsModerator" display_order="20"/>
  <permission permission_group_id="dbtechCredits" permission_id="viewModerated" permission_type="flag" interface_group_id="dbtechCreditsModerator" display_order="30"/>
</permissions>
