<?xml version="1.0" encoding="utf-8"?>
<options>
  <option option_id="fs_email_from_table_template_ids" edit_format="template" data_type="integer">
    <default_value>0</default_value>
    <edit_format_params>fs_option_template_email</edit_format_params>
    <relation group_id="fs_email_from_table" display_order="1"/>
  </option>
  <option option_id="fs_send_emails_per_minute" edit_format="spinbox" data_type="positive_integer">
    <default_value>2</default_value>
    <edit_format_params>min=1
max=5</edit_format_params>
    <relation group_id="fs_email_from_table" display_order="2"/>
  </option>
  <option option_id="fs_send_message_on_whatsapp" edit_format="textbox" data_type="string">
    <default_value>*Hello!*

Are you _busy_?

Its only for ~testing~ and use `code`.

Visit: https://example.com</default_value>
    <edit_format_params>rows=3</edit_format_params>
    <relation group_id="fs_email_from_table" display_order="3"/>
  </option>
</options>
