{
    "src/addons/FS/UserCarDetails/addon.json": "7519cc4a6c294ee78aef8d241cef9f922694cc3fcc498262c01b217161135e6f",
    "src/addons/FS/UserCarDetails/Admin/Controller/Location.php": "69ec144e526d6219e9e3a8754e5215acc8e2cdf060077e67d0b0caf6c20be0a3",
    "src/addons/FS/UserCarDetails/Admin/Controller/Model.php": "9a3153297e8b5249489383848fd56257e35fba9315af323b3e8ad6049ad0ff05",
    "src/addons/FS/UserCarDetails/Entity/Location.php": "c902ddd18de15d983fb08cd1b12ce6bb06e18851883a399674d9982b86932dd2",
    "src/addons/FS/UserCarDetails/Entity/Model.php": "a544795b4d75dcca3438ed0bf478d24ed1f407a6d55a17d5a50631f0bb3cd3c6",
    "src/addons/FS/UserCarDetails/Install/Data/MySql.php": "aac3ce900f049ba5dae312805045b251b226735fdb54bd9404e6e77231623e3e",
    "src/addons/FS/UserCarDetails/Pub/Controller/CarDetails.php": "00ffd823aaf7c09387697e02a1cfc6da0669312c32d1bd89bb5c869f6876b409",
    "src/addons/FS/UserCarDetails/Pub/Controller/CarsList.php": "419f7d3e837f99d17e06525d5b21ae9c33fe9d96533d34a0fe115e9d4be58fe9",
    "src/addons/FS/UserCarDetails/Repository/Models.php": "2e996830e3b64b2b362fe547217004d1e8e236ee6bd25ac86a23430566b8c616",
    "src/addons/FS/UserCarDetails/Service/AddEditCarDetails.php": "86038f71a6b07c2d6712191309280c1b14ea640e3e5d93ee35b79d3e4f641a03",
    "src/addons/FS/UserCarDetails/Setup.php": "68ee5ff543fcf449632dda03230fa9fe34454ffffcde4f9c0d54c4010dc80251",
    "src/addons/FS/UserCarDetails/XF/Admin/Controller/User.php": "7c434cf12d40155863d9c4b5ba9384cd27516d4af2baeba57bafcafdb0cd4120",
    "src/addons/FS/UserCarDetails/XF/Entity/User.php": "193b9beaf17bd1ae1cb35932b8b639eeb9a1f23ad8e03877344c176e17339e98",
    "src/addons/FS/UserCarDetails/_data/activity_summary_definitions.xml": "99d8c2563a31320d66f958fc8bda78613545f5f7959bb3cf5318805e3a3c39d2",
    "src/addons/FS/UserCarDetails/_data/admin_navigation.xml": "329b1eddfb7384248511bde846e70218a2034b13bf96271f42227c903e5fff75",
    "src/addons/FS/UserCarDetails/_data/admin_permission.xml": "ec6fb97cebf0bceb24f1ed1d5778c1db54eeb7535fbb3e31d824840e7aa9ff87",
    "src/addons/FS/UserCarDetails/_data/advertising_positions.xml": "d2f7cbe844bb1df3cf878d22ff6306249245c8ff6b0b87b9b729744bec538261",
    "src/addons/FS/UserCarDetails/_data/api_scopes.xml": "6793eaf758f140e8137187ba20e65f4faccf53410433ae3ad7a8b3b38cb6b3b7",
    "src/addons/FS/UserCarDetails/_data/bb_codes.xml": "faa4ddd5f4a365e5ac39aebdcbe2d25aedf74e7eb9ea4a812766e2fd5e13bdb1",
    "src/addons/FS/UserCarDetails/_data/bb_code_media_sites.xml": "29762987990187b33e43cfb68c08dc917b2d3f0176613d78f8e6c453f82da3f3",
    "src/addons/FS/UserCarDetails/_data/class_extensions.xml": "4ea6a9c752e250c43aff3e05533f8c103dea35ce2b81ba09c7b6b760a59ef146",
    "src/addons/FS/UserCarDetails/_data/code_events.xml": "8370dec3df47f91df4cf79da253446ad11b29f4ea568fe76c774e97a0379f0eb",
    "src/addons/FS/UserCarDetails/_data/code_event_listeners.xml": "d6b5072f4909dee7a20ee9e44b163f95c8aa52e6ac7f573e292000cd9238c331",
    "src/addons/FS/UserCarDetails/_data/content_type_fields.xml": "c7ad5472b28f465b7ac7617627707eba1b7a39d28089460d52e1ed292fc0b06a",
    "src/addons/FS/UserCarDetails/_data/cron.xml": "323c4284742ef24329cd6db6f288eb9736d2353f36852e1db12591e1583aea26",
    "src/addons/FS/UserCarDetails/_data/help_pages.xml": "a8a0c0b06cdc550438bc8a8d385af3e1e5ab3459877dfb934c1c31be59c89163",
    "src/addons/FS/UserCarDetails/_data/member_stats.xml": "89fb2b93ff1eca7a1f6f752248edf6090dfd24037db1446fd18ff7143f08124d",
    "src/addons/FS/UserCarDetails/_data/navigation.xml": "897e73520d06f7ec6c83e25b8c6c4851cc65fc681dbc67c18005d9a90da8ffa6",
    "src/addons/FS/UserCarDetails/_data/options.xml": "1cea29aa5671733d85c8fc6f7c66128eacbca5643cbb38585eb82002879b51a4",
    "src/addons/FS/UserCarDetails/_data/option_groups.xml": "154d7a89664b243d0bd8227c22e241f934bf7e196c83230ee23d3c0c4fba1333",
    "src/addons/FS/UserCarDetails/_data/permissions.xml": "7e4fc7d5826733d15ea2d8936b9bdd41afcaad810eb38e50da3c8d8eafda1550",
    "src/addons/FS/UserCarDetails/_data/permission_interface_groups.xml": "3177224e96458b829aa7fb24866dda9e0455a4922aee3d669b53f59a1ffdf5d1",
    "src/addons/FS/UserCarDetails/_data/phrases.xml": "10e2164ec7355f4f57edd7cf36dad7c74c89916a0587041a12c65b6aba6ed264",
    "src/addons/FS/UserCarDetails/_data/routes.xml": "84f975397deae4e995b2a5494bc2867fe71478c4a2c79218ddc4a978d5a9b24b",
    "src/addons/FS/UserCarDetails/_data/style_properties.xml": "8b8690a8512f01f219dd2da76e3d0c5f62afc1f317b87794a7331c859c36a7a8",
    "src/addons/FS/UserCarDetails/_data/style_property_groups.xml": "68e1879cb3846c42d978487aa8d5145ff3335fc39e58016878824d5cf3fd684c",
    "src/addons/FS/UserCarDetails/_data/templates.xml": "0856b547c41f48749a55020b4cf262b69dd3f1a42939a65bb36ff81ceec73868",
    "src/addons/FS/UserCarDetails/_data/template_modifications.xml": "5c3a4740d0a3f0d50fc8d822cd58b1dcf24166a80734e0a782cbf4bff69dcaa1",
    "src/addons/FS/UserCarDetails/_data/widget_definitions.xml": "37e46965256430f24004c2e7f08ba08f9b0d1cbcc4d70e84b3f4e3ffb713e64b",
    "src/addons/FS/UserCarDetails/_data/widget_positions.xml": "a29cee66134f6bc5d75ed9df1eef21096c24401915c5b5c774389c3d7bb2d5b3"
}