{
    "legacy_addon_id": "",
    "title": "[AddonFlare] Paid Registrations",
    "description": "Accept user upgrade payments during registration, accept custom payment amounts, and much more.",
    "version_id": 1080270,
    "version_string": "1.8.2",
    "dev": "AddonFlare",
    "dev_url": "https://www.addonflare.com",
    "faq_url": "https://www.addonflare.com",
    "support_url": "https://www.addonflare.com",
    "extra_urls": [],
    "require": {
        "XF": [
            "2020070",
            "XenForo 2.2.0+"
        ]
    },
    "icon": "icon.png"
}