{
    "src/addons/AddonFlare/PaidRegistrations/addon.json": "d84de297a02bcb71a4b6285383ed66ff39988542f40d5acf15d71a4140c23fab",
    "src/addons/AddonFlare/PaidRegistrations/AddonFlare/StripeCheckout/Payment/StripeCheckout.php": "1300d137854ba042555284134d6664118d87c072ce3355a8370d7f5a42e4cabb",
    "src/addons/AddonFlare/PaidRegistrations/Admin/Controller/PaidRegistrations.php": "fc87a483010ed5ac492d966bac236028d09e79a0bec319812d96223ba99dd28c",
    "src/addons/AddonFlare/PaidRegistrations/Admin/Controller/PaidRegistrationsMessagesTrait.php": "28a554061c2c94165db5920871c5c8bf1f4a84985dfae0c801585ea4982c1d7d",
    "src/addons/AddonFlare/PaidRegistrations/Alert/GiftUpgrade.php": "0c7c8754cbd529f465b6268eee2ecd3239a50f50000c5bc5ef3445bd4636d7ee",
    "src/addons/AddonFlare/PaidRegistrations/Alert/UserUpgrade.php": "7d6e9eb46b3a684ba817140d03e7f7771b936148f3d50b11abdac05ba3c90bbd",
    "src/addons/AddonFlare/PaidRegistrations/Cron/ExpiryReminders.php": "34e068b35d39bcc6d4c98e7af358589e087a0ae1f310aee1123698c440194507",
    "src/addons/AddonFlare/PaidRegistrations/Cron/GuestPurchases.php": "a87fa253678bd4c8b96a4bd1f898d0cd042711a75a65efab85b0e11e5b0ebbdd",
    "src/addons/AddonFlare/PaidRegistrations/EmailStop/UserUpgrade.php": "29c35c7ff6c12c3231ff777c16c79275c22fa524a4c0b53b486094dcaece10a4",
    "src/addons/AddonFlare/PaidRegistrations/Entity/AccountType.php": "f038c940f9469d6cdaeb0734dfe3cdf80fd3ab522dc756f8f7c60be94604bf25",
    "src/addons/AddonFlare/PaidRegistrations/Entity/Coupon.php": "98417a92aac9dc6c1a0ec0a87daff7ae4be6e8b92a084065c22b27454905be6f",
    "src/addons/AddonFlare/PaidRegistrations/Entity/CouponUse.php": "c07f1b8a30b2976911686c6684aa299814c69988a9ce675e3d0aec8f39653973",
    "src/addons/AddonFlare/PaidRegistrations/icon.png": "cb5d5ec42bc5c3241d6777be3bb947b0f586834fcf3c8d5fc82a4365daf7287a",
    "src/addons/AddonFlare/PaidRegistrations/IDs.php": "c371c9c08aee11e1b7b4520a12ed587cdfaf9334cb7c6e070034131b0e4ce584",
    "src/addons/AddonFlare/PaidRegistrations/Job/GuestPurchases.php": "616bda1a4e467091962653b312d1345674d9b1b3d42c01a0ba8acbf5d48d6678",
    "src/addons/AddonFlare/PaidRegistrations/Listener.php": "9544238378028e0a6d1a205f6bbb64ae97be68aebd5ad346ef846411c934b38c",
    "src/addons/AddonFlare/PaidRegistrations/Notifier/UserUpgrade/ExpiryReminders.php": "83450c038f7fa6ae6091f8c8bcde80c558d97e5c955a1332586082cdd228ec1d",
    "src/addons/AddonFlare/PaidRegistrations/Option/ExpiryReminders.php": "e9acf6219ff1d50ea547b45d3c4882095b0fa8ef38e1fbf47d8f82a77a7fcb82",
    "src/addons/AddonFlare/PaidRegistrations/Payment/PaidRegistrationsTrait.php": "0d1ca676cf7fb4dfb0588ed8e8ca2fc0ebed44cee194d4d790ab70def9a67241",
    "src/addons/AddonFlare/PaidRegistrations/Repository/AccountType.php": "5dc78e767a82af16c2ced17c44856e4098992d9b8f5a7098eabbbd3647cc01db",
    "src/addons/AddonFlare/PaidRegistrations/Repository/Coupon.php": "ed344e5dbc203169ebced9055445aa2bb63f3371be995e24f8886b34f39bde6a",
    "src/addons/AddonFlare/PaidRegistrations/Service/UserUpgrade/Notifier.php": "b0949c931db567b337dbfea4348f1428c722408b85b753df5e43c797e9ff1c5d",
    "src/addons/AddonFlare/PaidRegistrations/Setup.php": "accf11c6a1d63e57f5ec651a0aaa2c0de0b8f33a21c0e92020aa9350702fd7c7",
    "src/addons/AddonFlare/PaidRegistrations/XF/Entity/PurchaseRequest.php": "4dbd7d7aa6b26975468fadf80753481ffcffba5d8cf8345ea7ca8138fce2aa39",
    "src/addons/AddonFlare/PaidRegistrations/XF/Entity/User.php": "86d1658bf4abaeca1a6aaa29d10fc2f0a677668bef1f39ccfce5648ab8e8ace5",
    "src/addons/AddonFlare/PaidRegistrations/XF/Entity/UserUpgrade.php": "e58389234c744bbef36a785e8b1970114eaced47d5ae972b8509b55ea8233747",
    "src/addons/AddonFlare/PaidRegistrations/XF/Payment/PayPal.php": "8b5714798c63a26618f5e6fb8740fb94e65fde46d6de9f1513d21c291d28a429",
    "src/addons/AddonFlare/PaidRegistrations/XF/Payment/Stripe.php": "13ef298da59a56988a77cc73bb5d1295b4d80d813ecf92ec95b0a846090009e2",
    "src/addons/AddonFlare/PaidRegistrations/XF/Pub/Controller/Account.php": "5f649640730aaaf5760ebc7a0585928ad59285e41a2986484e4d4a1bf3648b30",
    "src/addons/AddonFlare/PaidRegistrations/XF/Pub/Controller/Purchase.php": "aabaaf66c876036a798f3ed0e5a225e089bacb31a1b52c7c15a937b811fb06a7",
    "src/addons/AddonFlare/PaidRegistrations/XF/Pub/Controller/Register.php": "f0d9faf0c0635af1bc69ad5dada8c9fc7bd7f97d9fcf60ff0d13b2efb697b5ef",
    "src/addons/AddonFlare/PaidRegistrations/XF/Purchasable/UserUpgrade.php": "79dc2c63058a5e88773a6b67b5c5cd08158867deb792ec650fa86e7cc0bddc77",
    "src/addons/AddonFlare/PaidRegistrations/XF/Repository/UserUpgrade.php": "81e2149c07dc5170e36dc1b3a20347d501aee530ad30a6dc812144405d960a8f",
    "src/addons/AddonFlare/PaidRegistrations/XF/Template/Templater.php": "4916f66f4bed002a96ef3beaefd5c414618417f39fed0b82b7e84e6c3c0c056b",
    "src/addons/AddonFlare/PaidRegistrations/_data/activity_summary_definitions.xml": "99d8c2563a31320d66f958fc8bda78613545f5f7959bb3cf5318805e3a3c39d2",
    "src/addons/AddonFlare/PaidRegistrations/_data/admin_navigation.xml": "15620706faa012411976ae44633c6b29607486fed1dd25109d305b9ec88d079f",
    "src/addons/AddonFlare/PaidRegistrations/_data/admin_permission.xml": "ec6fb97cebf0bceb24f1ed1d5778c1db54eeb7535fbb3e31d824840e7aa9ff87",
    "src/addons/AddonFlare/PaidRegistrations/_data/advertising_positions.xml": "d2f7cbe844bb1df3cf878d22ff6306249245c8ff6b0b87b9b729744bec538261",
    "src/addons/AddonFlare/PaidRegistrations/_data/api_scopes.xml": "6793eaf758f140e8137187ba20e65f4faccf53410433ae3ad7a8b3b38cb6b3b7",
    "src/addons/AddonFlare/PaidRegistrations/_data/bb_codes.xml": "faa4ddd5f4a365e5ac39aebdcbe2d25aedf74e7eb9ea4a812766e2fd5e13bdb1",
    "src/addons/AddonFlare/PaidRegistrations/_data/bb_code_media_sites.xml": "29762987990187b33e43cfb68c08dc917b2d3f0176613d78f8e6c453f82da3f3",
    "src/addons/AddonFlare/PaidRegistrations/_data/class_extensions.xml": "7436b746869e95f1f82ed8ab813b90a71216b7dbd0450a8d30160eb5ef518534",
    "src/addons/AddonFlare/PaidRegistrations/_data/code_events.xml": "8370dec3df47f91df4cf79da253446ad11b29f4ea568fe76c774e97a0379f0eb",
    "src/addons/AddonFlare/PaidRegistrations/_data/code_event_listeners.xml": "1f762ddd97cd70b71931a5579f68eeb127261abda1b16194eb990d764a9b3036",
    "src/addons/AddonFlare/PaidRegistrations/_data/content_type_fields.xml": "3a22c339dbaabf86322c6418e0bbbf7b0c69233e74cb7f4ff9e910ba28cd66c8",
    "src/addons/AddonFlare/PaidRegistrations/_data/cron.xml": "7d63e414f1007871bf902b1111aa9705ad9f0fbd5255947f83403e49316a82bf",
    "src/addons/AddonFlare/PaidRegistrations/_data/help_pages.xml": "a8a0c0b06cdc550438bc8a8d385af3e1e5ab3459877dfb934c1c31be59c89163",
    "src/addons/AddonFlare/PaidRegistrations/_data/member_stats.xml": "89fb2b93ff1eca7a1f6f752248edf6090dfd24037db1446fd18ff7143f08124d",
    "src/addons/AddonFlare/PaidRegistrations/_data/navigation.xml": "f75e1c03a45a360bbdfcd0567121665082315068475d5b0feb8b1acbb1688651",
    "src/addons/AddonFlare/PaidRegistrations/_data/options.xml": "021b0d5d4f7d0452bfc0863c25fc5aa56a6408ac0c1c5791efac2b75b28267ce",
    "src/addons/AddonFlare/PaidRegistrations/_data/option_groups.xml": "fd62cd6511452a15b1ca70c83fdbcba972541d7ea0cd81f68d9db6c9c3b9e6c7",
    "src/addons/AddonFlare/PaidRegistrations/_data/permissions.xml": "7e4fc7d5826733d15ea2d8936b9bdd41afcaad810eb38e50da3c8d8eafda1550",
    "src/addons/AddonFlare/PaidRegistrations/_data/permission_interface_groups.xml": "3177224e96458b829aa7fb24866dda9e0455a4922aee3d669b53f59a1ffdf5d1",
    "src/addons/AddonFlare/PaidRegistrations/_data/phrases.xml": "8f423ad2c372833f6d34475ac758fa54ea909478b1bca80f4be49052acf548c3",
    "src/addons/AddonFlare/PaidRegistrations/_data/routes.xml": "ab8660221f60b390280475626ecd8d32d80978e939d5fb03f6e0eba40e19d0d0",
    "src/addons/AddonFlare/PaidRegistrations/_data/style_properties.xml": "3e4dd39a75af48d73e8db4e9a0688e514590a78b3f38672a37ef0e3dd0edc913",
    "src/addons/AddonFlare/PaidRegistrations/_data/style_property_groups.xml": "6f58692780995ca25d9e76e881b3818dc4cc5f56a1d1b81a76f868205350e5f4",
    "src/addons/AddonFlare/PaidRegistrations/_data/templates.xml": "6634428c0b8bb2375febdc6bc2f56d5a9fc7118c0737fb38ee77bb799e449340",
    "src/addons/AddonFlare/PaidRegistrations/_data/template_modifications.xml": "77ca8476db99c1b7cabbd403fc9a1687651e5b861d43ccdd91b146d4fbb07bb4",
    "src/addons/AddonFlare/PaidRegistrations/_data/widget_definitions.xml": "37e46965256430f24004c2e7f08ba08f9b0d1cbcc4d70e84b3f4e3ffb713e64b",
    "src/addons/AddonFlare/PaidRegistrations/_data/widget_positions.xml": "a29cee66134f6bc5d75ed9df1eef21096c24401915c5b5c774389c3d7bb2d5b3"
}