{
    "src/addons/XenBulletins/BrandHub/addon.json": "6a30f6583efae444d621089e2afb9e87a4dd25384d9fd417a2e7353fd471e23e",
    "src/addons/XenBulletins/BrandHub/Admin/Controller/Ads.php": "884a43fb118d91415a3303d949fe3d07bf788b0379396711037e7c25b739fff3",
    "src/addons/XenBulletins/BrandHub/Admin/Controller/Attachment.php": "7ade98a254357e7eb98c9bf276e09a41e4dff27611ee66e87bdac3a0490703ba",
    "src/addons/XenBulletins/BrandHub/Admin/Controller/Brand.php": "f3f2633e73989401849fa9993be450d11d11772ea2e22cdb18a0223e93b06df8",
    "src/addons/XenBulletins/BrandHub/Admin/Controller/Category.php": "98424aedfad3a2b234a3f72287234d2d151281c47fbf9ddb0102d1c7bab63e34",
    "src/addons/XenBulletins/BrandHub/Admin/Controller/Item.php": "60d1faf8715a5ef9514e6a901efcfe61c709c94cd24d5d32da080528d4dc7ed9",
    "src/addons/XenBulletins/BrandHub/Admin/Controller/ItemField.php": "80626bdbf67d49e3870d0631622958c1332e1a3a2e2df482f698771a80f465c3",
    "src/addons/XenBulletins/BrandHub/Admin/Controller/RebuildReviews.php": "0b2c11bb66f8975eb926152f85f5297204f3f3e785df83084265559b83cabfa8",
    "src/addons/XenBulletins/BrandHub/Admin/View/Attachment/View.php": "418bf2a1947f347dc467d9f350c58e2493d6c75853ac7f2797befe58c016ff7e",
    "src/addons/XenBulletins/BrandHub/Alert/Item.php": "7afcb9249de48a9ce9b6455b51852f183abc4f24de34edd73a50459978b6831e",
    "src/addons/XenBulletins/BrandHub/Alert/OwnerPagePost.php": "5e6e97c056853ebc889420ee71ae3b4abd9982dfb80604aed5b3dad12a6ef22b",
    "src/addons/XenBulletins/BrandHub/Alert/OwnerPagePostComment.php": "b073c7556cafb957a2fed40afcd37be41a91cb6e5aef77afb1d919f998d28569",
    "src/addons/XenBulletins/BrandHub/Alert/Page.php": "c281fbcd8d16bab467e380ddae190ab969aae685e25a557bc36d9290094656e9",
    "src/addons/XenBulletins/BrandHub/ApprovalQueue/OwnerPagePost.php": "275b76e6fbe77446ccbeef7322e7ecc5b4bd268c5b9ea23b5cd366ac85b939ee",
    "src/addons/XenBulletins/BrandHub/ApprovalQueue/OwnerPagePostComment.php": "51eda2db383fab74ed699970a1989d642a14d758e8521315a567c7c321da83ca",
    "src/addons/XenBulletins/BrandHub/Attachment/Item.php": "0465aabea5fec3f843b33247f4a494d5b93758314584966278b0189f198f777e",
    "src/addons/XenBulletins/BrandHub/Attachment/OwnerPage.php": "d274acd9bdb12220e9ad24f66725212776a9a0bcf0378b64456873799d86abd2",
    "src/addons/XenBulletins/BrandHub/Attachment/OwnerPagePost.php": "59fa7ae34fcf94549fd33d9cfa3ec48e7353fdd48a175b680a09f686a32f2d58",
    "src/addons/XenBulletins/BrandHub/Attachment/OwnerPagePostComment.php": "8d80224324d652905b21d114cae56a8bfdcb86fd3346bfc0395116c7d3dcf64a",
    "src/addons/XenBulletins/BrandHub/Attachment/Review.php": "c5b1dd8c256a84b68c54848310e99b701c8e29b2b570e0c2ac5d62c42a627948",
    "src/addons/XenBulletins/BrandHub/Bookmark/Item.php": "30b2938f50a4d3080b62827782808af81f0381b3a5cda8ba2be530c4677ffd07",
    "src/addons/XenBulletins/BrandHub/ControllerPlugin/Delete.php": "1cc5468812e9efab870304d4b6f3217aa8b899c2c7dd984dfb5c6ae4be56d4f5",
    "src/addons/XenBulletins/BrandHub/ControllerPlugin/FilmStrip.php": "186601c2aa66ffda110b7dd8c91799e668c22f9546d261c488af63c6bc81b795",
    "src/addons/XenBulletins/BrandHub/Cron/UpdateCounts.php": "3bf267d3f718bee559015962ee98487b6efcd7fea35202655b1a8fe9e3992ecc",
    "src/addons/XenBulletins/BrandHub/Cron/Views.php": "a4bd89b226bed1b56be568d550b7f91700fc2f03cba476104f39b68a6cf0376c",
    "src/addons/XenBulletins/BrandHub/Entity/Attachment.php": "1fa217f30966e21f7afc2a8eed0c88b3cfc5df60bab4da744b4d86896122be77",
    "src/addons/XenBulletins/BrandHub/Entity/Brand.php": "a8f9251745c27dbc44899d0c0b704182e35acf947d9e0f3733840bbdce4b37db",
    "src/addons/XenBulletins/BrandHub/Entity/BrandDescription.php": "7f7f35841dc5bc019ed8f14d50ece750e4e2ac459a50dc0247dd06e8aeefc522",
    "src/addons/XenBulletins/BrandHub/Entity/Category.php": "c6d218fe315371f2fe894448a034cc48d0c9a7687dd82f7543fb28bacc4e5c93",
    "src/addons/XenBulletins/BrandHub/Entity/CategoryField.php": "7d4068d8a3b93201fee995b732396bf16ccf31f3830232ffda0a0edc5ebb6816",
    "src/addons/XenBulletins/BrandHub/Entity/CategoryOptions.php": "6d6b4b3418ed6a87a20e534613015c30e12694e948809849085e5aa0515fdf39",
    "src/addons/XenBulletins/BrandHub/Entity/Forum.php": "8341271a01b26d1096e97cc14dbaffb13afbfc8b6f01f6dbe1b143d82eb6f878",
    "src/addons/XenBulletins/BrandHub/Entity/Item.php": "daa5da00b1931ea57c5ff06a1fb38ddf4180e95024e8f25edb6733313e5dd079",
    "src/addons/XenBulletins/BrandHub/Entity/ItemDescription.php": "7605f2b0193bc009271eedf5a7f560d6f8d5e40820a5643ebf77c9aa319f668e",
    "src/addons/XenBulletins/BrandHub/Entity/ItemField.php": "c4a3ed563bb9f3c12b387a074b2b08edd021859614167b305160a41d586fdba4",
    "src/addons/XenBulletins/BrandHub/Entity/ItemRating.php": "d93f6115bc9d2a22c1946a784e39079c5ed27a040562f7b2a8136fae11fb97c0",
    "src/addons/XenBulletins/BrandHub/Entity/ItemSub.php": "832e94152d546b93e191e5abe07f911f014858c7f8b67c203d468c2c614aedf1",
    "src/addons/XenBulletins/BrandHub/Entity/OwnerPage.php": "1073f51e5c989fa0c8f4c86ba6cdd503edc54bc8de4e644642c42ad41d6186d4",
    "src/addons/XenBulletins/BrandHub/Entity/OwnerPagePost.php": "c11da63f720f690a4f52a66b0b0fbd4b3a642c492bec6fbaacaa632e16b29fb2",
    "src/addons/XenBulletins/BrandHub/Entity/OwnerPagePostComment.php": "c4c397db286df65adc2298a3953880497518a6bbbf5fd638a92b6f49e708b9f4",
    "src/addons/XenBulletins/BrandHub/Entity/PageCount.php": "9ca4c90f648030adbfbf88b30b0375be9e8ccd3284e620a4951d3241dc979b99",
    "src/addons/XenBulletins/BrandHub/Entity/PageDetail.php": "3b8f27ba5d45ef8806a8522778c8676e26fa03244250f14277e85679b19fb26d",
    "src/addons/XenBulletins/BrandHub/Entity/PageSub.php": "375ee804f6aa9e8e136d442787a5c7e76345dd989479c2a8be9b04cd95016d3c",
    "src/addons/XenBulletins/BrandHub/Entity/Thread.php": "e5eaa36ccbe239953dc31a2560705939e008e8d83e6eabc32f8e0939db89c200",
    "src/addons/XenBulletins/BrandHub/Entity/User.php": "69063086c04061d3f5d096cc3a6bbea38b3d5de07d264489ad3dc476e12deb4a",
    "src/addons/XenBulletins/BrandHub/Finder/OwnerPagePost.php": "d03b5c422950203a157a4d836288dc190706cbb53fbb5675c6775d5dee7a8cf1",
    "src/addons/XenBulletins/BrandHub/Finder/OwnerPagePostComment.php": "644ce5b1f8cce1fb97fc880b97349ba94542f5c877f486726c7652b806d4317e",
    "src/addons/XenBulletins/BrandHub/Helper.php": "34441cf2daca9b11c94dd13d1fea728df88c92a8437e18fe212451ccdf1ea56c",
    "src/addons/XenBulletins/BrandHub/InlineMod/OwnerPagePost.php": "9c0d663c7d04e7f993cc460564598e6c32daa7c36be6f96cb7ba4535d80d0d59",
    "src/addons/XenBulletins/BrandHub/InlineMod/OwnerPagePost/Delete.php": "3bd1631d7912b9ab79387588b607073a4845bba8fe794e73da43bbdcb29b5f87",
    "src/addons/XenBulletins/BrandHub/InlineMod/Thread.php": "394994c2c992a02b22d7cca27eee4dcf7ce0eb9dd7aae2f7e2cd2837d262729d",
    "src/addons/XenBulletins/BrandHub/InlineMod/Thread/AssignItem.php": "989d7a3341ad7559c74e725ecd9c25c1b961cd78730b85aa8ef3057e54673ab1",
    "src/addons/XenBulletins/BrandHub/Install/Data/MySql.php": "6c5781c41f93780093ad97fe9a917093915b93f8779cd8191c04da6e0b3011c1",
    "src/addons/XenBulletins/BrandHub/Job/ItemDiscussionCount.php": "e791425692805f376ed97ce4c3525947dae8d31a051763ca27597dd0cdaf83eb",
    "src/addons/XenBulletins/BrandHub/Job/OwnerPageDiscussionCount.php": "a9a880e16227b679cb3b546cfeae2ce373542c13cebb4be9c159252784dd330c",
    "src/addons/XenBulletins/BrandHub/Listener.php": "22a45094da6259a97dac2de20d12fc193f2dc5c11e912187ad36cf977dd55d25",
    "src/addons/XenBulletins/BrandHub/ModeratorLog/OwnerPagePost.php": "1591b544a9d820e02b04e6e8222cffdf1f7ae0e70457075f875b332c2aba2ddf",
    "src/addons/XenBulletins/BrandHub/ModeratorLog/OwnerPagePostComment.php": "ba904b95fa44b44474720fae4856cf2c010bb434c16455e3d569c239f84f28b5",
    "src/addons/XenBulletins/BrandHub/Pub/Controller/Attachment.php": "0755293d1f1bb5b92ed3d4a0db7d1d62a5c98be48ae09c8befc836cc6ededdcc",
    "src/addons/XenBulletins/BrandHub/Pub/Controller/Brands.php": "bb3794b0190ea22bf271256575a705c735c86adcd5a69b516e12ff2d9b372855",
    "src/addons/XenBulletins/BrandHub/Pub/Controller/Item.php": "dcea84af7f7dfd7c75cbd4cf7c8a71cc8a0b32dffb6f8972400de47df9dfe7be",
    "src/addons/XenBulletins/BrandHub/Pub/Controller/ItemReview.php": "ca40749e044d4e78a85a18abece6e7531dc7f4c5ec2ad8e2047aab658e05b7bd",
    "src/addons/XenBulletins/BrandHub/Pub/Controller/OwnerPage.php": "9783d07ac40b0e2df244dc921e1e6e7be5e5eae386f26ff6bfb0212a6ab42692",
    "src/addons/XenBulletins/BrandHub/Pub/Controller/OwnerPagePost.php": "09046bf12261a447b205cc044481f9c3f4986e04b69740f280312e6a477bf838",
    "src/addons/XenBulletins/BrandHub/Pub/Controller/QuickOwnerPage.php": "4ff34baab00e2cffe0cabf2d5fc62093a0311dd18d147079ab8a51cee978acb7",
    "src/addons/XenBulletins/BrandHub/Pub/Controller/QuickReview.php": "3a437794606e43166fb175b493b5567fa628c94182e7e013bcf12501689b4c48",
    "src/addons/XenBulletins/BrandHub/Pub/Controller/RecentPhotos.php": "76c9d5e46cf631fdb90ec6f11bc7f0e6441682e5a0f747c555c9d660fe3e1475",
    "src/addons/XenBulletins/BrandHub/Pub/Controller/RecentReviews.php": "168abb2a6297f32a393006b11da2b47155a74067a612df657ff02bf50e002682",
    "src/addons/XenBulletins/BrandHub/Pub/View/Item/ItemPage.php": "ccbdef5e9bfbcb8ff59bffcd8eb4b542f910a28235d15a4b4f03c9dbbe67f47a",
    "src/addons/XenBulletins/BrandHub/Pub/View/Item/ItemReview.php": "8e1b8fac150e30b0142c6dbf0d21cd4597e11e7c43f9689e3cc0883956a3f75c",
    "src/addons/XenBulletins/BrandHub/Reaction/Item.php": "15fd6a3303dc8f1c159ab35df97069e1411e75a26e31d0062678e3e4e5f8009c",
    "src/addons/XenBulletins/BrandHub/Reaction/ItemReview.php": "dfa61c539b767d5af18d9cdca9ab0751f77d3406dc5aa436dd9e95de415b9cae",
    "src/addons/XenBulletins/BrandHub/Reaction/OwnerPagePost.php": "71b7943cd3671c03d0f9159b86f73836a92b9664b8a7d54a00313793a298c2bc",
    "src/addons/XenBulletins/BrandHub/Reaction/OwnerPagePostComment.php": "e189c4e077610074c9c1a1dc536b2f85769d7586b0148d5b11a55f4f04254797",
    "src/addons/XenBulletins/BrandHub/Reaction/Page.php": "56192b38be217dc8f4de96727bea74d3c75a2ba08573ade432305b1f5e86221e",
    "src/addons/XenBulletins/BrandHub/Report/OwnerPagePost.php": "23638dc1950f861b89fd8b440ac5eac684c168f216f1d780c699ebff5fe5a98d",
    "src/addons/XenBulletins/BrandHub/Report/OwnerPagePostComment.php": "fd2d1b5fe5f355ad0207211ec0a9ca6d41688dec12d0b70cbafccd21e7bc2902",
    "src/addons/XenBulletins/BrandHub/Repository/Brand.php": "e2746c8df883ce300da6d8f27f6969a458dd6ba6eeaf6265170b6080486f3b45",
    "src/addons/XenBulletins/BrandHub/Repository/CategoryField.php": "2e7d46c30b3959d2c94561ba4f43ce6f28cbb7ed9926717cb5ca565d06988d67",
    "src/addons/XenBulletins/BrandHub/Repository/Item.php": "5aaf8145880aa0dd4b5f9f686eb951240eb6ae87108b5012ed104e32f69c8ac5",
    "src/addons/XenBulletins/BrandHub/Repository/ItemField.php": "9a16faa473d10a8ee48cb3c378b194c19d3f6006fb1573ce09d0e63951b58aea",
    "src/addons/XenBulletins/BrandHub/Repository/ItemRating.php": "bf46c475802f5c573e4689d9299d39b41a988111497c623173a16927a4ed67a3",
    "src/addons/XenBulletins/BrandHub/Repository/OwnerPage.php": "01341cf2c9698cbc94295df7c9c709e547ca64f02ceb1e707d957a3b34c49568",
    "src/addons/XenBulletins/BrandHub/Repository/OwnerPagePost.php": "9a4f2a85d5fbb61d77a00039d8dcc8e715c296ffed920e6890ec9c5f787bbf6e",
    "src/addons/XenBulletins/BrandHub/Service/Item/Rate.php": "5b13b28b89ce5b1c5fa4c00a420e95812090189b93b9a29b36311431bbcac3e5",
    "src/addons/XenBulletins/BrandHub/Service/ItemRating/Delete.php": "47775d8224045e88c7a8b768f951e68cb97057acbd37a386fb4baf32ecf6dc05",
    "src/addons/XenBulletins/BrandHub/Service/OwnerPagePost/Approver.php": "5c99e1e2af20bafabb44f1bd5499b63eafabbc87bc1fce96125971a66c64217b",
    "src/addons/XenBulletins/BrandHub/Service/OwnerPagePost/Creator.php": "e7e53dc624b90581dfd4975241009416e9fea8d1f8cf02a9bad4da30eb32452f",
    "src/addons/XenBulletins/BrandHub/Service/OwnerPagePost/Deleter.php": "bebf07750d5c363ea04ae1fe71b60d2f7bda27fd9e7afe1c4240f59fee186095",
    "src/addons/XenBulletins/BrandHub/Service/OwnerPagePost/Editor.php": "a8edf2a3b810ae9aaf44168d0f93da500b15f12b991df19df0aeab87d92fd0ae",
    "src/addons/XenBulletins/BrandHub/Service/OwnerPagePost/Notifier.php": "3a790315f94d03ec270863a9740c902a9c5cf2f658f792b1381d0152aba439fa",
    "src/addons/XenBulletins/BrandHub/Service/OwnerPagePost/Preparer.php": "e48a14586638ae92b6d2a0a900f227d0ae1af2a526666bdaf7c7cab84ab0246c",
    "src/addons/XenBulletins/BrandHub/Service/OwnerPagePostComment/Approver.php": "f292108bc9afdc8f783ef7650de66601bc971ae6ff4c44a0f202fe5968876e70",
    "src/addons/XenBulletins/BrandHub/Service/OwnerPagePostComment/Creator.php": "959cfcfc65c01dd4a6f1579cfc61cf0cb0d078d92ca80a836056822c8c7f8b33",
    "src/addons/XenBulletins/BrandHub/Service/OwnerPagePostComment/Deleter.php": "4bc7714e106119f5daa261647edc7d36f9f719f319b57fba3cb6a73bbf16e834",
    "src/addons/XenBulletins/BrandHub/Service/OwnerPagePostComment/Editor.php": "439fa78eaf6a1bc6de8e6ccdbfc36b0aa0dff933d64d4a69ad1bff9fdb0a874a",
    "src/addons/XenBulletins/BrandHub/Service/OwnerPagePostComment/Notifier.php": "3d9b754aadfdeb4cdb890c1c14ce532e88c1ca044afb29e2162a61c3cdc9570d",
    "src/addons/XenBulletins/BrandHub/Service/OwnerPagePostComment/Preparer.php": "be64c1a212527a27a05bdaae4818f16317700c6fab17d4aa62e663d86d7bd376",
    "src/addons/XenBulletins/BrandHub/Setup.php": "2929066978f71094b429797aa5328295057856b55bb49d5e4af36c756dbfd39b",
    "src/addons/XenBulletins/BrandHub/Spam/Cleaner/OwnerPagePost.php": "846fe04957a21e25b15d40a760e4079a2944742c4d1c5bef05eadafb005f0fc2",
    "src/addons/XenBulletins/BrandHub/Spam/Cleaner/OwnerPagePostComment.php": "c606125cdb945a257e7caa82f5d761520ea26f7a9b01daa6d5234d0d845939fc",
    "src/addons/XenBulletins/BrandHub/Stats/OwnerPagePost.php": "85e6518efe708c3138841ff706fe877f418e6533bd87d169f84b4fff36676167",
    "src/addons/XenBulletins/BrandHub/Stats/OwnerPagePostComment.php": "c049bccbf54bb7a1a6d55ecb8150d940aa127098ee28b5934ad4465d6294ccdb",
    "src/addons/XenBulletins/BrandHub/Tag/Item.php": "155df1e8e32024d70e445154b8012f5445ab8f598af62778ef1356ac674a3ed8",
    "src/addons/XenBulletins/BrandHub/Warning/OwnerPagePost.php": "2f2bc7454d4274c52181a41e78912b853f9eef5359a1a6e60221285e7801645f",
    "src/addons/XenBulletins/BrandHub/Warning/OwnerPagePostComment.php": "b86c81287f28a3c858829221c7b27a89978921d251fa4a8b7e2959725827e9f2",
    "src/addons/XenBulletins/BrandHub/Widget/HighestRatedInCategory.php": "2378d2a9398fdabc2cf959c47ab32b5a27f27c85dba7ddd92d7c01ff0a7ab4de",
    "src/addons/XenBulletins/BrandHub/XF/Admin/Controller/Option.php": "28af5591c50b5ba3ff623a9ad9232b53d52a925ec431091f4ba8b7a00bf08d70",
    "src/addons/XenBulletins/BrandHub/XF/Entity/User.php": "7e14b68034a345aa3fc3b4e46d582f93c8d60bb1271bb325cfb3723d344f38db",
    "src/addons/XenBulletins/BrandHub/XF/Pub/Controller/Forum.php": "33f39ec282fa41480b49ca28a6841e3c31295c52fee71ecbd6c4bf2357045b03",
    "src/addons/XenBulletins/BrandHub/XF/Pub/Controller/Member.php": "9d523e8aab3098e22a080ad8d5c2777395ff759b6ec51540d1fe19ccb5db25b2",
    "src/addons/XenBulletins/BrandHub/XF/Pub/Controller/Thread.php": "95de4ea4fa086c1c06eab8b9cc23294703edf82b43973531bbd6a7461cdba13e",
    "src/addons/XenBulletins/BrandHub/XF/Repository/Attachment.php": "ab97044399925a8c412a86652ca0bcab2aa640c00f8404cea9d11190f462b5fe",
    "src/addons/XenBulletins/BrandHub/XF/Repository/Node.php": "cac3f8747312c4b2d58788b4acaa2c9118e8a94579bc16d4a6164487b4ca1ea5",
    "src/addons/XenBulletins/BrandHub/XF/Repository/Tag.php": "ddaf31544306495e36450fddab4f6c1bcffc7b69fd5016d8592c4e0e6f2e074a",
    "src/addons/XenBulletins/BrandHub/_data/activity_summary_definitions.xml": "99d8c2563a31320d66f958fc8bda78613545f5f7959bb3cf5318805e3a3c39d2",
    "src/addons/XenBulletins/BrandHub/_data/admin_navigation.xml": "1b6dfdfb0fe144600aa535085c1c7ce80717d33b3a2305df2a572f93852ed03c",
    "src/addons/XenBulletins/BrandHub/_data/admin_permission.xml": "5c20579c2efd999c56a93f18e0faf08756c60c18e5a17a4a248b62b42cc27160",
    "src/addons/XenBulletins/BrandHub/_data/advertising_positions.xml": "d2f7cbe844bb1df3cf878d22ff6306249245c8ff6b0b87b9b729744bec538261",
    "src/addons/XenBulletins/BrandHub/_data/api_scopes.xml": "6793eaf758f140e8137187ba20e65f4faccf53410433ae3ad7a8b3b38cb6b3b7",
    "src/addons/XenBulletins/BrandHub/_data/bb_codes.xml": "faa4ddd5f4a365e5ac39aebdcbe2d25aedf74e7eb9ea4a812766e2fd5e13bdb1",
    "src/addons/XenBulletins/BrandHub/_data/bb_code_media_sites.xml": "29762987990187b33e43cfb68c08dc917b2d3f0176613d78f8e6c453f82da3f3",
    "src/addons/XenBulletins/BrandHub/_data/class_extensions.xml": "41d0a1c158772bd297aa55b9b5ce4a423e46e724562eaf584d044e9f1d3d3a8a",
    "src/addons/XenBulletins/BrandHub/_data/code_events.xml": "8370dec3df47f91df4cf79da253446ad11b29f4ea568fe76c774e97a0379f0eb",
    "src/addons/XenBulletins/BrandHub/_data/code_event_listeners.xml": "9f985a68cdc3eac8460561c460aafa72029fc54ed6b976b540eeebb9529aafb2",
    "src/addons/XenBulletins/BrandHub/_data/content_type_fields.xml": "9b4f097c788957d296641f734534fa06ed957dbdb8a68901ddf4beeabf7f6e79",
    "src/addons/XenBulletins/BrandHub/_data/cron.xml": "274e21a945956c02a5e37a4208094f02665cd88a6b0edc838b5bb1da7fd1efa7",
    "src/addons/XenBulletins/BrandHub/_data/help_pages.xml": "a8a0c0b06cdc550438bc8a8d385af3e1e5ab3459877dfb934c1c31be59c89163",
    "src/addons/XenBulletins/BrandHub/_data/member_stats.xml": "89fb2b93ff1eca7a1f6f752248edf6090dfd24037db1446fd18ff7143f08124d",
    "src/addons/XenBulletins/BrandHub/_data/navigation.xml": "86755a8651e8811f5933d03ab3b862c66a9b3dd561051c6d3597cfae005a43a3",
    "src/addons/XenBulletins/BrandHub/_data/options.xml": "fa79e77a506c74c79d6a483ada815a3ee38049720dcf70dbc5413d3fb29301d0",
    "src/addons/XenBulletins/BrandHub/_data/option_groups.xml": "9e437ea8a85bd505b332dcd296277d09a2113a1ebbfa896ceb3deeea6d9c9333",
    "src/addons/XenBulletins/BrandHub/_data/permissions.xml": "68ff60b042b0f7bc036106d120d7141de4da6cfa97906224f90960502280c6ce",
    "src/addons/XenBulletins/BrandHub/_data/permission_interface_groups.xml": "7338aeaaf278f9411763cb67a39f4e01e0fd2badc6bf6e7a212d0f26d81116c9",
    "src/addons/XenBulletins/BrandHub/_data/phrases.xml": "8c89363f9ec696dcbd8a9ba8708180dfb4bbcede5fc2228de1552dcca3ee5f40",
    "src/addons/XenBulletins/BrandHub/_data/routes.xml": "7df9859889448e6019ead64cb1be4653f841b5840a18312f91aa4cce7b81a97c",
    "src/addons/XenBulletins/BrandHub/_data/style_properties.xml": "a1fdb902e4fce17ef1cd4ea5f81bd3670f1be91659e11383dd7d194acb8d0758",
    "src/addons/XenBulletins/BrandHub/_data/style_property_groups.xml": "91bb1b0bee69063759cf58807a3e08b501ec0691ef33a420cd2e7db152b66e78",
    "src/addons/XenBulletins/BrandHub/_data/templates.xml": "fb2c51ee4326c98dded51b8480d71b46c0f82ef9f4d3c255e3fed2242e2f1155",
    "src/addons/XenBulletins/BrandHub/_data/template_modifications.xml": "960f60f19681b7dc85ca92f6153518e03d2737458aa357a7333598c2492ed50e",
    "src/addons/XenBulletins/BrandHub/_data/widget_definitions.xml": "444dce3751ca7b022e7c93f40ff64a2922d4228e7d2c1da5efe6932f3436811d",
    "src/addons/XenBulletins/BrandHub/_data/widget_positions.xml": "a29cee66134f6bc5d75ed9df1eef21096c24401915c5b5c774389c3d7bb2d5b3"
}