{
    "src/addons/FS/ReviewSystem/addon.json": "2a7ad1fa71d6dfffe2ef5294f1e2cae7c369be0ac673b31babd89ea01492a523",
    "src/addons/FS/ReviewSystem/BbCode/RosTag.php": "4f601045fdb976f6d6c2566011fadecf0e61a1b156db4e1f14f835d45a5565e6",
    "src/addons/FS/ReviewSystem/Helper.php": "04f4d3ebeac20882885d674904cc1bd3966f877e718f2ba934ec876f716359db",
    "src/addons/FS/ReviewSystem/Listener.php": "d990c70ffa4cca532dd535e3c4c01235ee053ff2d923e1cdcf1689a3cd0d81e9",
    "src/addons/FS/ReviewSystem/Setup.php": "3598b3597817ad1bd380bc78fb92ce26d6b1b6e429e881f64a05a4062039baee",
    "src/addons/FS/ReviewSystem/XF/Entity/Thread.php": "871e8b9f863f42e901818bf37368d2be824c9b0f36aca0eb173b0c01097594a0",
    "src/addons/FS/ReviewSystem/XF/Entity/User.php": "33d9783a479d36451edbf839aec909fd284078c0f5a192f33e8ed899d1c30436",
    "src/addons/FS/ReviewSystem/XF/Pub/Controller/Forum.php": "6276fdeb4f6584fce439f7184d56e69805dce6c2e78dda653a2231624b1e8a62",
    "src/addons/FS/ReviewSystem/XF/Pub/Controller/Thread.php": "d61fb252e06ade5652312026356eb7557ee9bc02125f4ba236898abdf4a1320f",
    "src/addons/FS/ReviewSystem/_data/activity_summary_definitions.xml": "99d8c2563a31320d66f958fc8bda78613545f5f7959bb3cf5318805e3a3c39d2",
    "src/addons/FS/ReviewSystem/_data/admin_navigation.xml": "064ec797484ac00d5ee37367b50b06846d11f480d00550997712707f8fdac8c0",
    "src/addons/FS/ReviewSystem/_data/admin_permission.xml": "ec6fb97cebf0bceb24f1ed1d5778c1db54eeb7535fbb3e31d824840e7aa9ff87",
    "src/addons/FS/ReviewSystem/_data/advertising_positions.xml": "d2f7cbe844bb1df3cf878d22ff6306249245c8ff6b0b87b9b729744bec538261",
    "src/addons/FS/ReviewSystem/_data/api_scopes.xml": "6793eaf758f140e8137187ba20e65f4faccf53410433ae3ad7a8b3b38cb6b3b7",
    "src/addons/FS/ReviewSystem/_data/bb_codes.xml": "f6acc159f335801d4e43b0331686ef927cda02d6263e045a8bdb31935c09f65c",
    "src/addons/FS/ReviewSystem/_data/bb_code_media_sites.xml": "29762987990187b33e43cfb68c08dc917b2d3f0176613d78f8e6c453f82da3f3",
    "src/addons/FS/ReviewSystem/_data/class_extensions.xml": "4429601faccaaaad3c963bdfe2ecf4cdb7e4e0e499305a0ab1c4e0bb4f190e95",
    "src/addons/FS/ReviewSystem/_data/code_events.xml": "8370dec3df47f91df4cf79da253446ad11b29f4ea568fe76c774e97a0379f0eb",
    "src/addons/FS/ReviewSystem/_data/code_event_listeners.xml": "9f70e31e16807917de4ecd9065723bd32b6209afe833124851feb860133481bf",
    "src/addons/FS/ReviewSystem/_data/content_type_fields.xml": "c7ad5472b28f465b7ac7617627707eba1b7a39d28089460d52e1ed292fc0b06a",
    "src/addons/FS/ReviewSystem/_data/cron.xml": "323c4284742ef24329cd6db6f288eb9736d2353f36852e1db12591e1583aea26",
    "src/addons/FS/ReviewSystem/_data/help_pages.xml": "a8a0c0b06cdc550438bc8a8d385af3e1e5ab3459877dfb934c1c31be59c89163",
    "src/addons/FS/ReviewSystem/_data/member_stats.xml": "89fb2b93ff1eca7a1f6f752248edf6090dfd24037db1446fd18ff7143f08124d",
    "src/addons/FS/ReviewSystem/_data/navigation.xml": "f75e1c03a45a360bbdfcd0567121665082315068475d5b0feb8b1acbb1688651",
    "src/addons/FS/ReviewSystem/_data/options.xml": "c88641ce4d5087d831a4baa1b0fd50d7b13c51ad24e1986f07644073f4ee7cb4",
    "src/addons/FS/ReviewSystem/_data/option_groups.xml": "82cbe5dc7039aa2997025092a00f7101665caee0fd38c34e8f04684d1fab38e1",
    "src/addons/FS/ReviewSystem/_data/permissions.xml": "7e4fc7d5826733d15ea2d8936b9bdd41afcaad810eb38e50da3c8d8eafda1550",
    "src/addons/FS/ReviewSystem/_data/permission_interface_groups.xml": "3177224e96458b829aa7fb24866dda9e0455a4922aee3d669b53f59a1ffdf5d1",
    "src/addons/FS/ReviewSystem/_data/phrases.xml": "056bbad36f4486f78f88f122cc0b4a2395da7859898fd27cd4ab4fd1c2b68a68",
    "src/addons/FS/ReviewSystem/_data/routes.xml": "550fa64f9feedf137dd877b38c2684f94474619d2d83890dbb717a91b50da8f5",
    "src/addons/FS/ReviewSystem/_data/style_properties.xml": "8b8690a8512f01f219dd2da76e3d0c5f62afc1f317b87794a7331c859c36a7a8",
    "src/addons/FS/ReviewSystem/_data/style_property_groups.xml": "68e1879cb3846c42d978487aa8d5145ff3335fc39e58016878824d5cf3fd684c",
    "src/addons/FS/ReviewSystem/_data/templates.xml": "a464c74823ac223c494945efa781dd0d88a43cd799343680ec80cb607bc876ff",
    "src/addons/FS/ReviewSystem/_data/template_modifications.xml": "7a08f455aa3a5da9f7d7598cdc448615c77dc51a8abf9934df41881939693fbf",
    "src/addons/FS/ReviewSystem/_data/widget_definitions.xml": "37e46965256430f24004c2e7f08ba08f9b0d1cbcc4d70e84b3f4e3ffb713e64b",
    "src/addons/FS/ReviewSystem/_data/widget_positions.xml": "a29cee66134f6bc5d75ed9df1eef21096c24401915c5b5c774389c3d7bb2d5b3"
}