{
    "src/addons/FS/ArticleSearch/addon.json": "58806cefeb881e7b12cf4ff07f23a46ff0f5c33d83b5b3370ff6d6f7cc4c170b",
    "src/addons/FS/ArticleSearch/Setup.php": "4fa610343c5bb6bb3589125f6c50357db10cbb8e9a898da1e35bc6e37e4c4433",
    "src/addons/FS/ArticleSearch/Widget/ArticleSearchWidg.php": "66bc2d8a092e91341173d640123788f93ef2701cb7ef166c2c8c2da4fbf085af",
    "src/addons/FS/ArticleSearch/XF/Pub/Controller/Search.php": "6cd5d6ca4c6b80bdf373d4a686779310b2b57af5e695b8548193da65c389fc3e",
    "src/addons/FS/ArticleSearch/_data/activity_summary_definitions.xml": "99d8c2563a31320d66f958fc8bda78613545f5f7959bb3cf5318805e3a3c39d2",
    "src/addons/FS/ArticleSearch/_data/admin_navigation.xml": "064ec797484ac00d5ee37367b50b06846d11f480d00550997712707f8fdac8c0",
    "src/addons/FS/ArticleSearch/_data/admin_permission.xml": "ec6fb97cebf0bceb24f1ed1d5778c1db54eeb7535fbb3e31d824840e7aa9ff87",
    "src/addons/FS/ArticleSearch/_data/advertising_positions.xml": "d2f7cbe844bb1df3cf878d22ff6306249245c8ff6b0b87b9b729744bec538261",
    "src/addons/FS/ArticleSearch/_data/api_scopes.xml": "6793eaf758f140e8137187ba20e65f4faccf53410433ae3ad7a8b3b38cb6b3b7",
    "src/addons/FS/ArticleSearch/_data/bb_codes.xml": "faa4ddd5f4a365e5ac39aebdcbe2d25aedf74e7eb9ea4a812766e2fd5e13bdb1",
    "src/addons/FS/ArticleSearch/_data/bb_code_media_sites.xml": "29762987990187b33e43cfb68c08dc917b2d3f0176613d78f8e6c453f82da3f3",
    "src/addons/FS/ArticleSearch/_data/class_extensions.xml": "c79aca470d34a1f0ae998c7a5bc8bb58287de846b0b13cae3cd6ae12de18c82d",
    "src/addons/FS/ArticleSearch/_data/code_events.xml": "8370dec3df47f91df4cf79da253446ad11b29f4ea568fe76c774e97a0379f0eb",
    "src/addons/FS/ArticleSearch/_data/code_event_listeners.xml": "d6b5072f4909dee7a20ee9e44b163f95c8aa52e6ac7f573e292000cd9238c331",
    "src/addons/FS/ArticleSearch/_data/content_type_fields.xml": "c7ad5472b28f465b7ac7617627707eba1b7a39d28089460d52e1ed292fc0b06a",
    "src/addons/FS/ArticleSearch/_data/cron.xml": "323c4284742ef24329cd6db6f288eb9736d2353f36852e1db12591e1583aea26",
    "src/addons/FS/ArticleSearch/_data/help_pages.xml": "a8a0c0b06cdc550438bc8a8d385af3e1e5ab3459877dfb934c1c31be59c89163",
    "src/addons/FS/ArticleSearch/_data/member_stats.xml": "89fb2b93ff1eca7a1f6f752248edf6090dfd24037db1446fd18ff7143f08124d",
    "src/addons/FS/ArticleSearch/_data/navigation.xml": "f75e1c03a45a360bbdfcd0567121665082315068475d5b0feb8b1acbb1688651",
    "src/addons/FS/ArticleSearch/_data/options.xml": "79f31f14b11bb58182d91896b60f92c98c6232bd5664b63f8372a987e72aac05",
    "src/addons/FS/ArticleSearch/_data/option_groups.xml": "04e2e75e3081ff13bf88fc1415f023e6066809cb8dea6fae317b3d6359f14baa",
    "src/addons/FS/ArticleSearch/_data/permissions.xml": "7e4fc7d5826733d15ea2d8936b9bdd41afcaad810eb38e50da3c8d8eafda1550",
    "src/addons/FS/ArticleSearch/_data/permission_interface_groups.xml": "3177224e96458b829aa7fb24866dda9e0455a4922aee3d669b53f59a1ffdf5d1",
    "src/addons/FS/ArticleSearch/_data/phrases.xml": "1b39f356706d4d26cc5737471bb7bf421461fa12b6db623616abcd1d89db3663",
    "src/addons/FS/ArticleSearch/_data/routes.xml": "550fa64f9feedf137dd877b38c2684f94474619d2d83890dbb717a91b50da8f5",
    "src/addons/FS/ArticleSearch/_data/style_properties.xml": "8b8690a8512f01f219dd2da76e3d0c5f62afc1f317b87794a7331c859c36a7a8",
    "src/addons/FS/ArticleSearch/_data/style_property_groups.xml": "68e1879cb3846c42d978487aa8d5145ff3335fc39e58016878824d5cf3fd684c",
    "src/addons/FS/ArticleSearch/_data/templates.xml": "62cfbf6097a0d06ec7a7eafcbd9fec556eb8e8b4b6c77220c227e13482ddbd9e",
    "src/addons/FS/ArticleSearch/_data/template_modifications.xml": "fd88dff822e8828273c139f2553ed3e08eb5e2d0d626ea31e05026a276eef4bd",
    "src/addons/FS/ArticleSearch/_data/widget_definitions.xml": "be68309af24f8fc9a764e21511ba300b8b74f2c176393d5cc01189a0a87bd684",
    "src/addons/FS/ArticleSearch/_data/widget_positions.xml": "a29cee66134f6bc5d75ed9df1eef21096c24401915c5b5c774389c3d7bb2d5b3"
}