{
    "js/bs/real_time_chat/chat-canvas-gradient.js": "55852b26b569b48731bd5dbb2e0d214fba5c122bdc93e66c7e8018b05f077f1c",
    "js/bs/real_time_chat/chat-canvas-pattern.js": "34636fde598a05b351f52273e1bb8185b99d0988ed625ea691755311f41d13b1",
    "js/bs/real_time_chat/chat.js": "289d37e359054abf4d4a41c1c929b6731c53f21a719cb32a8a4a98a38e49c168",
    "js/bs/real_time_chat/page-nav-submit.js": "85c8b052d6cfb104e4699349a88ef44f6a936712f0ae0b174999dd7a87fea2f3",
    "js/bs/real_time_chat/page-nav-submit.min.js": "2c9e9336364337d2556db9ef80e4976d270b180f6415bc7e98be57fbbefda601",
    "js/bs/real_time_chat/popup.js": "2457f36522e74b15b60c6a076e736ac9ae631d41d6a16f7267b74925895a699f",
    "js/bs/real_time_chat/popup.min.js": "7c4624da8bd07bdab95e6bc424db2cabd6193100b80b81e599741e33820030ab",
    "js/bs/real_time_chat/room-form.js": "09be5d459e0194337f2d3c9440d9d8d896e7ce70e9e32d2478aa3210b23c19f3",
    "js/bs/real_time_chat/room-form.min.js": "bb886240ab235aacdd89731fef04e210ee2b8fe8b6cd1677389231148ae3bcec",
    "js/bs/real_time_chat/wallpaper-form.js": "59c4e903e2eff041ee418fc0e14d91079a33cf5e69daebfd6f5b1eae3dec7954",
    "js/bs/real_time_chat/wallpaper-form.min.js": "f0090b651bb2a83d9168813cbe3ff7cf8bea39df9828d990264aa50ce1b37aed",
    "src/addons/BS/RealTimeChat/addon.json": "e7e77e8d0804f3883395faf30943f0c80378213adecf650e4043d412d1fd6096",
    "src/addons/BS/RealTimeChat/Admin/Controller/Chat.php": "c39a5b781c25d5fe41963f125721280da087b1617aec06f911ef03facd7d1cf0",
    "src/addons/BS/RealTimeChat/Admin/Controller/Room.php": "72354bb81312b831091aa74575e8af4ffd88f1173af4dfb3a021cf2883390cec",
    "src/addons/BS/RealTimeChat/Alert/Message.php": "9c1565b2643230863a9e0c598972262a54766b91b5bca0f7f118bd7cd81c139c",
    "src/addons/BS/RealTimeChat/Attachment/Message.php": "067a4cf7516133f5d599d33916d085009132343cb609b1f7608d1fee69c887cf",
    "src/addons/BS/RealTimeChat/Broadcasting/Broadcast.php": "98c06404617dd39491233505e5fa13cf6412defb3493b6b87aadee5fbab45887",
    "src/addons/BS/RealTimeChat/Broadcasting/ChatChannel.php": "596a0cf12941897d2a01f1367b275e143a851222b53b0ac542538bc5ab0e2322",
    "src/addons/BS/RealTimeChat/Broadcasting/ChatRoomChannel.php": "8efa74e523382bcd61fc9a8a322559905cf3a770e4d396410ae60bb26eb9e3a0",
    "src/addons/BS/RealTimeChat/Broadcasting/Events/Concerns/ToRoomChannels.php": "1aa3d1fec1787c8df01f1278e1c8bf7d3f332321a646dbcf6d67c1e3aedd7eb6",
    "src/addons/BS/RealTimeChat/Broadcasting/Events/MessageContentUpdated.php": "2aa8990d43cdaedb1a9076c50fdd6dfe71a0eb3a0d29985f66f7ace368342c36",
    "src/addons/BS/RealTimeChat/Broadcasting/Events/MessageEvent.php": "748f487d8af75555a3988fadc2fb7ccb1d3e4abcf01315539f0cf3005222f179",
    "src/addons/BS/RealTimeChat/Broadcasting/Events/MessagesDeleted.php": "a63d1f73d5204c4793bc4509dff176430a04f1394639d16e5523b227468e784d",
    "src/addons/BS/RealTimeChat/Broadcasting/Events/NewMessage.php": "66d3968606dcb8d7e01c2095aacdeb78507665371c916a17e9335c95b04151a2",
    "src/addons/BS/RealTimeChat/Broadcasting/Events/NewRoom.php": "06946bc02c9c387d05f8becdb17b241b035e0d0a23b175114100505561f479d3",
    "src/addons/BS/RealTimeChat/Broadcasting/Events/RoomHasBeenRead.php": "4f5df2309b9241ba94fd5060039a5b63502754d560ae3b59f5a0c1027586ec06",
    "src/addons/BS/RealTimeChat/Broadcasting/Events/RoomsDeleted.php": "0b7ba89c5615b69f62750e681ce9b66053f909c89f38aaeb018a81931aaed591",
    "src/addons/BS/RealTimeChat/Broadcasting/Events/RoomUpdated.php": "65650d478bd6015b647eb60d0c1d0b12af38848cf19c61dff401674f788754cc",
    "src/addons/BS/RealTimeChat/Broadcasting/Events/UserTyping.php": "75413a416ff4df968f46fc8ef4ad397a0879e8bf96c63a94f412254f51ad03b5",
    "src/addons/BS/RealTimeChat/Broadcasting/Events/WasBanned.php": "e1458854f3ff9b598cd7bbe029062fb6b94ea16ce650116f292b283a79ab57ca",
    "src/addons/BS/RealTimeChat/BS/AIBots/Bot/ChatGPT.php": "98449df293176b2b7f12b6e3fe119ad1b10cbce2a264e9510d35d4d884c66188",
    "src/addons/BS/RealTimeChat/ChatCommand/AbstractCommand.php": "546cbbf1d221e0799d48da6eb7758db7b2988213cc4ec61b0042f4bc9b61bd19",
    "src/addons/BS/RealTimeChat/ChatCommand/Ban.php": "22ed0aa87b470679d38cf47b19c3bc3143c9952e2105a556b14004d59f8de66c",
    "src/addons/BS/RealTimeChat/ChatCommand/Clear.php": "c48ada460c31f85e8a8c3be2f8d91a05561ab7c38577cf82c0b89d153b0b0e5e",
    "src/addons/BS/RealTimeChat/ChatCommand/CommandBus.php": "1b9b4dd21fb8c85cd12a302ef6d00f445f6bb7874795d7acf7e540ad39861667",
    "src/addons/BS/RealTimeChat/ChatCommand/Concerns/UsernameArg.php": "02787fde3303ae413095ec90e859fce19463b67deedfe826c0a6c7907478aac7",
    "src/addons/BS/RealTimeChat/ChatCommand/Edit.php": "01c2f2c8d3d96b4f218f5e9e913e89a4ad85c1efb15e12a78d17b1877992c0ac",
    "src/addons/BS/RealTimeChat/ChatCommand/Help.php": "77c1cb5da6d5ad237d1711d4933b6acfcbc5a73caf4d410e187006b923988eca",
    "src/addons/BS/RealTimeChat/ChatCommand/ICommand.php": "d09a85a3cbd3c1afbd02aecdb896c78dfa038ff4b97f5bf9e3822a2bcb5580b1",
    "src/addons/BS/RealTimeChat/ChatCommand/Leave.php": "00fc02a11a353abf91dfa172257de130bb429e45fb2996fd936848de38a3c444",
    "src/addons/BS/RealTimeChat/ChatCommand/Link.php": "984bd7c675bd43585db57714bca8aff77f9ca3d6d2b8a9bff0d8aa4553825554",
    "src/addons/BS/RealTimeChat/ChatCommand/Messages.php": "62ff543b03a283c50b7207037c9b857604a8696da7155a03e3d8fcf7b2c4b504",
    "src/addons/BS/RealTimeChat/ChatCommand/Pm.php": "2a9705360d88c66474feb430b18637b206a4471507920913faab2f6b27d7e0b9",
    "src/addons/BS/RealTimeChat/ChatCommand/To.php": "39b3926496caa0cd80ddba7371883d61fe1c262716566a4323d9ad33f00fc57a",
    "src/addons/BS/RealTimeChat/ChatCommand/Wallpaper.php": "686756d385ab5e1eab9968d1407d5119b5653b7ff1933a1ba5b09cfca3dd5cea",
    "src/addons/BS/RealTimeChat/Concerns/Repos.php": "2d73a307133ef0d3f0f1a0c85846f5c21f3ade3ec58919f4c63a0447ed0332f8",
    "src/addons/BS/RealTimeChat/Contracts/BroadcastibleMessage.php": "06c5322c6fc84a0533ca970175687590c418b6f37ecdae03fedae41240cd5675",
    "src/addons/BS/RealTimeChat/Cron/CleanUp.php": "5acac1fa8b496f004dd747bd5c13f97eb7cc833f9b1d97581f38e26f81915584",
    "src/addons/BS/RealTimeChat/DB.php": "7b8ef60286378ecee6b992da0e615c1edf46d8076ccaf6c0353064138f052597",
    "src/addons/BS/RealTimeChat/Entity/Ban.php": "58a029e59ae7206a7061c9c402d5c883be71c56772ba5d185f0251e1a93b4ed2",
    "src/addons/BS/RealTimeChat/Entity/Concerns/UpdateLockable.php": "c7e6a00dab882f60ab4ea55399008406be8ceb747a4e959aacc85d09c2093054",
    "src/addons/BS/RealTimeChat/Entity/Message.php": "fdcc700fab6e5a65cec0ff7ae860ce8858afcd31e2dd2ed159c09852bed14a83",
    "src/addons/BS/RealTimeChat/Entity/Room.php": "a95d387f67e24c2d332c3da51265be377135db2d3cf49aa69104c55e1ec0ccd0",
    "src/addons/BS/RealTimeChat/Entity/RoomLink.php": "e1f10c31077ffa700494aeacc164e396489a16d2d77874eb8f4f9d044f532c2e",
    "src/addons/BS/RealTimeChat/Entity/RoomMember.php": "ade5ac3d1aff77f95fa90228936c2ae259d37002d8bc820a6977a59486f38cce",
    "src/addons/BS/RealTimeChat/Finder/Message.php": "0ea38e75440363a758325daa39a2582f88cd7d88be1fefc3462f1b3d5b1a375d",
    "src/addons/BS/RealTimeChat/Finder/Room.php": "e0608fbe87bc22a8c4c37abc7e9af4938b7d016ad54bbe2822a807014c4ea9d2",
    "src/addons/BS/RealTimeChat/icon.png": "d2406f1e714132d3f5eeee0320e06e8d7f4754ff1aacf5dfc84df5a12e42cfd9",
    "src/addons/BS/RealTimeChat/Job/Message/SendNotifications.php": "77a2a4d6818cd78a4c0cf3dbfa37265ec3dcd11b2d806d3b697fff547268885f",
    "src/addons/BS/RealTimeChat/Job/Room/MarkReadMessages.php": "ac1de6d5cdd9a16fca8dd15e901392585b4c236ae5b89c366749db6644039471",
    "src/addons/BS/RealTimeChat/Job/Room/UpdateMembersUnreadCount.php": "08a7f4bc30cce77e74d6bceabf5040fb75b9039949e99095ef325352e28db791",
    "src/addons/BS/RealTimeChat/Job/RoomMember/Concerns/ArgumentsParser.php": "7b249aa2a32a4ae7ef7bdbbf848c85086d3513030af29782454d1b6d186775ff",
    "src/addons/BS/RealTimeChat/Job/RoomMember/TouchLastReply.php": "eef0c7c8d1244865a6b9e7c9f6b45ca7b79252909eae704839ef6369b4e08d63",
    "src/addons/BS/RealTimeChat/Job/RoomMember/TouchLastView.php": "d2839953c364b113145472d072e2b47c37cf91f355ff9cf9a4248b14e9357b13",
    "src/addons/BS/RealTimeChat/Job/RoomMember/UpdateWallpaper.php": "eea759123147b3f07fed24cb7f9e8952b1af45d59d2c4d572b37160c7509d79a",
    "src/addons/BS/RealTimeChat/Listener.php": "b22375036336707dafdd6ffb6ad59d66fa58de276383fb98619fec1de2f880b5",
    "src/addons/BS/RealTimeChat/MessageType/AbstractMessageType.php": "09a4563c4f9da059a1b3dbeb6ac9a9bcb1c7cdacef95a23a00b9945ed2f247da",
    "src/addons/BS/RealTimeChat/MessageType/BanForm.php": "1a6da81fa88d526a649ec7b4b66fbda2ba33eb5f04a217bcc2535b888015e2d5",
    "src/addons/BS/RealTimeChat/MessageType/Bubble.php": "89f050fe5f922b02268f759f1036d0b80507b659c019bd6df3f2c48283d52442",
    "src/addons/BS/RealTimeChat/MessageType/CommandList.php": "0e64b9ce992dc720b094413f85dc01d44dfb776a9d9e85460e8ad71764848878",
    "src/addons/BS/RealTimeChat/MessageType/Concerns/BubbleTranslate.php": "04ce2285a32006212280fa03a407148eed7415eafc5b7383eb1c1d85c9c521de",
    "src/addons/BS/RealTimeChat/MessageType/EditRoom.php": "44c16a8791be06f6b2edd0f7a0b28a1b557bf89ef6a0c7a0b152fbf372776bad",
    "src/addons/BS/RealTimeChat/MessageType/IMessageType.php": "72ebc7d7d59c380976a52744cf8becc367d02df2b062b7d2a8229daeee49eeb6",
    "src/addons/BS/RealTimeChat/MessageType/MessageTypesBus.php": "6b9d30b246dc362ebee939e7d47e1ca8ad37a2d78063422ff8458b4b2498539a",
    "src/addons/BS/RealTimeChat/MessageType/System.php": "52db172c66169e4ad823e6afd652bb8920efa5effab4bbc8eba6d02d066dc926",
    "src/addons/BS/RealTimeChat/MessageType/Wallpaper.php": "674d24be66b5ca3cac6fede4b79c2474967d53227f542b0aaa886b5911a1a68f",
    "src/addons/BS/RealTimeChat/ModeratorLog/Message.php": "aece4f76a5ab35169075e7674a814018323d87fca606959b66b9cd56bcf5b37c",
    "src/addons/BS/RealTimeChat/ModeratorLog/Room.php": "3f97c4cefa0a05eaa8f28b0e535051d8ea890ffabd78f1201024eec160f10ccb",
    "src/addons/BS/RealTimeChat/Notifier/Message/Mention.php": "15461ad2ff361bf1169becf9be6b67304a615c90121f0fd8ba8f0b907fc3f43f",
    "src/addons/BS/RealTimeChat/Notifier/Message/PrivateMessage.php": "7c2374a0b2908d3abb872a9f968c268895d5e0fc79cfea3b988d665803856c8c",
    "src/addons/BS/RealTimeChat/Notifier/Message/Quote.php": "e871b9f1ebce30def296b9a9d2b5602a41eb787148a2d9ad64a6b0445f452f2c",
    "src/addons/BS/RealTimeChat/Option/GPTModel.php": "b16f083c32f56dbe6c6faaf2379b4e98df2903956e76e1bf5e7c9fcc077a3465",
    "src/addons/BS/RealTimeChat/Pub/Controller/Chat.php": "97b595d303eaf6b15f0d144f344d76355622cb3dfc6bca2df7c2532def14cfd1",
    "src/addons/BS/RealTimeChat/Pub/Controller/Concerns/Language.php": "71d6cdc4bd98e9a6501b0e4f961c152f7e9eb47b28344c96b3b0db90413ff7d7",
    "src/addons/BS/RealTimeChat/Pub/Controller/Concerns/Messages.php": "e9e554806bd398f0d9dbb93649a96319daadfbd1c41f9690347849a61099bf9c",
    "src/addons/BS/RealTimeChat/Pub/Controller/Concerns/RequestLimitations.php": "2fcdf2d32bb6c49ac9841691735d9b884858b47ac382396f846100922e2d0742",
    "src/addons/BS/RealTimeChat/Pub/Controller/Concerns/Rooms.php": "8c1541c585b13a6a4b9e10c5c8f3831ca38c13de8f4c54046f39b8e14ba56d67",
    "src/addons/BS/RealTimeChat/Pub/Controller/Message.php": "1f94feda5946507aeef198f5cde732cb675cb0ffb1d75becc28111880bc2832f",
    "src/addons/BS/RealTimeChat/Pub/Controller/Room.php": "f86a9284d2567e90fa4d0955fa25b75273725df734415470075ec574ae4a92cd",
    "src/addons/BS/RealTimeChat/Pub/Controller/RoomLink.php": "7f6e46ad9d1d2c2f64f761ac57d1f8635b49f1f506e539a4ba96419d07fa0684",
    "src/addons/BS/RealTimeChat/Pub/View/Message/Edit.php": "ccf3e287af1124614f09404edb539776101adfa9ac5606e427bdfd3c205caf8d",
    "src/addons/BS/RealTimeChat/Pub/View/Room/CommandsList.php": "b895132a15a76a3ab8b84f407a28fdb6d940494b459608a629beec6ad8765b08",
    "src/addons/BS/RealTimeChat/Reaction/Message.php": "0e1cc4c3cb29a37f7aa7a9acc78e43887d13d2d9896d6450a134b5f4fd3fe348",
    "src/addons/BS/RealTimeChat/Report/ChatMessage.php": "503bb1a14be73460037a3a900c25c1029a10bafc0feaba14aed58bd46ccba240",
    "src/addons/BS/RealTimeChat/Repository/Command.php": "7148b5f2e8b1425cdfd790b2781c6c7ad6615dfcfd585f5b9bff2a370cbe12bc",
    "src/addons/BS/RealTimeChat/Repository/Message.php": "281b76846184df14bebb7032b40fbb7d9688b1cc3ad2d729d896ebb2a9a1cff7",
    "src/addons/BS/RealTimeChat/Repository/Room.php": "ee64c27c3fa0acb4ca7576b5a394d14d430caabedb1249aea72e2ac27db6616f",
    "src/addons/BS/RealTimeChat/Repository/Theme.php": "c4a54e1149f52ff3780aa833cf18ff3213d362a86045bf2b8095abc714fcbe71",
    "src/addons/BS/RealTimeChat/Route.php": "1a215150def54b34433d6aabebcb62a85a8b30754437ee00f6cdc55d6fcc3077",
    "src/addons/BS/RealTimeChat/Search/Data/Message.php": "d6beb3396a504b6e02d251a937cce8cb76ff3905596677c1a19f35c9b6feaeb4",
    "src/addons/BS/RealTimeChat/Service/ChatGPT/Concerns/ChatMessages.php": "771f4cfc4a41273dcb0a5d776905587419219f4b11289a6c5217652e40a6283e",
    "src/addons/BS/RealTimeChat/Service/ChatGPT/Replier.php": "6c11c9e60c4956e4990b8d0599d85bc80c943fee2f618cd925244bdd0e88b5a5",
    "src/addons/BS/RealTimeChat/Service/ChatGPT/Streamer.php": "932039f3735b637912d269bf63479e37312648613abc1f0aa8deb22a084788d1",
    "src/addons/BS/RealTimeChat/Service/LicenseChecker.php": "936a1e6b78d351815f06a027e6a6abfd72f4014455cbbd0eb6714fdc47b11c03",
    "src/addons/BS/RealTimeChat/Service/Message/CommandExecutor.php": "e072ab88730b728092d265a9ee59ebf3f7d8e68cd57c1ff16efbb00a113f1dcf",
    "src/addons/BS/RealTimeChat/Service/Message/Creator.php": "ee18acaf3792364d63951ec6cee2972091c6864eb7d70b65854bd4b37e192591",
    "src/addons/BS/RealTimeChat/Service/Message/Editor.php": "a0da8a873bb8fa61cf3fe593313b2f35cd3f8d64a75fdf6c06d1e7f8fc2c37b5",
    "src/addons/BS/RealTimeChat/Service/Message/Manager.php": "4c3ff98d1b242f795cc611d9870e6a0fe496cb7268516c3a6035bd9d3ead9143",
    "src/addons/BS/RealTimeChat/Service/Message/Notifier.php": "82310a0d00a0380cb7f1f066d65acbc646ab921ee88b58715ef4b09466e23d93",
    "src/addons/BS/RealTimeChat/Service/Room/Avatar.php": "d0f6fca5d8f56713174452dae39eed6bdc22fc7d990d54687e4b458496467d1c",
    "src/addons/BS/RealTimeChat/Service/Room/Ban.php": "6e1a99257534aa6e135a5b867ad403b20de8397d2f913fb27ab151ef98e0aa36",
    "src/addons/BS/RealTimeChat/Service/Room/Concerns/RoomEditor.php": "ae931cfed3fdd800dd2dab2485447f2d7797c26fb3b9f5c03443ef020505ae3f",
    "src/addons/BS/RealTimeChat/Service/Room/Creator.php": "51386a87dc3a80e673a818afffd1ba90f6adf1ec3cd30f345a454500c04e1019",
    "src/addons/BS/RealTimeChat/Service/Room/Editor.php": "9ac90ceb2af8952af26deeb6ae53509361e0edb76de81cbebcd9e55cd4040712",
    "src/addons/BS/RealTimeChat/Service/Room/Join.php": "bc046c7b3619aa02d93084209995c37a6c76d70174a4a7439ec0cd6b952dddf7",
    "src/addons/BS/RealTimeChat/Service/Room/Wallpaper.php": "1dbb9eae9b64be90a856d6d2d74f67cd1229574ec9b6dc2709e9befc554ad108",
    "src/addons/BS/RealTimeChat/Service/Translator.php": "133f77584ca25771e2a6e0661921dd761aee0c0a80677f26a89a6b1577a46113",
    "src/addons/BS/RealTimeChat/Setup.php": "0e9d889fb086fb02d4b90aa65783ccf03b4681bb07b4349ac67cffa5ad562c1e",
    "src/addons/BS/RealTimeChat/Setup/SetupDefaults.php": "d5fe2a836ea704228841e0f683399abf3934481168f78750da55b26eeb5f07f5",
    "src/addons/BS/RealTimeChat/Setup/SetupTables.php": "046e602fe9fe4126108aa10d735e99466511ef0c5ccbe8abb97b01cde9c573bf",
    "src/addons/BS/RealTimeChat/Setup/SetupWidgets.php": "7a89dfced6f9388fb37202ada6fabacd408b7d95f06f79818f1748a3b72f42c8",
    "src/addons/BS/RealTimeChat/Setup/Upgrade1000032.php": "aa000653836f50148f2863f16fd6093fce1c9cbb1801ded4308c2e2656a0a0c9",
    "src/addons/BS/RealTimeChat/Setup/Upgrade1000070.php": "9316cd977c8ede18b61f5336346839962bff043f67c76aee149ac276744a09b3",
    "src/addons/BS/RealTimeChat/Setup/Upgrade1000270.php": "c362e48d89fa63989c55745890bafb93f8b4e16d460d7c9112132cb43c42e2d7",
    "src/addons/BS/RealTimeChat/Setup/Upgrade1010070.php": "46ef9e7371f3d6aad8994159fd1abe05d8797123c92dffe4f33e8995cc8ee0d5",
    "src/addons/BS/RealTimeChat/Setup/Upgrade2000070.php": "5d96bc67954e0f9072763e62dd2aa0cc2865a26eda010b4ff58717ea48e105cb",
    "src/addons/BS/RealTimeChat/Template/Templater.php": "6f62c49ec57964c32f28f5480d3a9e7586da65b6362a5cbc57df742d51d6cec9",
    "src/addons/BS/RealTimeChat/Utils/Date.php": "e08adbc78de2e4c117e0f6d7674d1e0f9670bc1e8bd07007f996556a12392fd0",
    "src/addons/BS/RealTimeChat/Utils/RoomTag.php": "d281343dbd82cccd3a1af4d9f6a885df6c3db6428ccc4dc7b68b471cd3f17233",
    "src/addons/BS/RealTimeChat/Widget/Chat.php": "24762eb59e444d1a540811545c065233d1b826aa50c34d9b681672bc8207daa0",
    "src/addons/BS/RealTimeChat/XF/Entity/User.php": "49cbc5b3659740adc6580dc0540713839aa984b8beef007260b636a920bc1fe0",
    "src/addons/BS/RealTimeChat/XF/Pub/Controller/Account.php": "b2351c37fb99836d73c43a2c93e7078c25d10e9553605d7c7e02a81810df5b6e",
    "src/addons/BS/RealTimeChat/XF/Pub/Controller/GotoPage.php": "761bf327ce90ec546a941cd9480a0fcfcc2257c3042ed3cb1ef427ec064177e3",
    "src/addons/BS/RealTimeChat/XF/Repository/UserAlert.php": "9e0779f646748cbb6934c0dcedc812c0a229817bebba6c0e8f6d4fe476da3d47",
    "src/addons/BS/RealTimeChat/_data/activity_summary_definitions.xml": "99d8c2563a31320d66f958fc8bda78613545f5f7959bb3cf5318805e3a3c39d2",
    "src/addons/BS/RealTimeChat/_data/admin_navigation.xml": "af8d8fc55c4fe470e486e8f4d9b794b9c371ecc338762ae5d1be5da2c859fec1",
    "src/addons/BS/RealTimeChat/_data/admin_permission.xml": "ec6fb97cebf0bceb24f1ed1d5778c1db54eeb7535fbb3e31d824840e7aa9ff87",
    "src/addons/BS/RealTimeChat/_data/advertising_positions.xml": "d2f7cbe844bb1df3cf878d22ff6306249245c8ff6b0b87b9b729744bec538261",
    "src/addons/BS/RealTimeChat/_data/api_scopes.xml": "6793eaf758f140e8137187ba20e65f4faccf53410433ae3ad7a8b3b38cb6b3b7",
    "src/addons/BS/RealTimeChat/_data/bank_transaction_renderers.xml": "de553f8c9b920538a595da3d91e6bf254b07be843c6b08d1256085613dde77d5",
    "src/addons/BS/RealTimeChat/_data/bb_codes.xml": "faa4ddd5f4a365e5ac39aebdcbe2d25aedf74e7eb9ea4a812766e2fd5e13bdb1",
    "src/addons/BS/RealTimeChat/_data/bb_code_media_sites.xml": "29762987990187b33e43cfb68c08dc917b2d3f0176613d78f8e6c453f82da3f3",
    "src/addons/BS/RealTimeChat/_data/bs_rtc_commands.xml": "3833384827b08369061546f608c16d2d96e48eccd8d30865ce91b3dbaa699f63",
    "src/addons/BS/RealTimeChat/_data/class_extensions.xml": "93394eb7e60b4bc495ab7906f802d460be81ef4a769305ce62878055ca83363e",
    "src/addons/BS/RealTimeChat/_data/code_events.xml": "ae1cd47bf5ceba2602e6b9b2332b2319b4381c9eee6d98aacab1bef449179be6",
    "src/addons/BS/RealTimeChat/_data/code_event_listeners.xml": "1d46d89a36affb149a46131e67be61a220b2a6fbd6f798bf94ff544b32594e0d",
    "src/addons/BS/RealTimeChat/_data/content_type_fields.xml": "69b73622f699c7c7527912a726e565bfcf3a6296a08ad5c9c1086166fc0d1245",
    "src/addons/BS/RealTimeChat/_data/cron.xml": "111ef9d3047bea0cc908cd922101cace1255217cb4ed8f8ea79022dd439ed085",
    "src/addons/BS/RealTimeChat/_data/fsp_tab_definitions.xml": "abb2b7aa27c03482a4959a03f94c42a9c89f043e12621f3cde7543c44f65dced",
    "src/addons/BS/RealTimeChat/_data/help_pages.xml": "a8a0c0b06cdc550438bc8a8d385af3e1e5ab3459877dfb934c1c31be59c89163",
    "src/addons/BS/RealTimeChat/_data/lfs_tab_definitions.xml": "f8300b4504121cc3ceb0461d73b6118bfe96c9679013b9e93380dcd7eccd22b1",
    "src/addons/BS/RealTimeChat/_data/member_stats.xml": "89fb2b93ff1eca7a1f6f752248edf6090dfd24037db1446fd18ff7143f08124d",
    "src/addons/BS/RealTimeChat/_data/navigation.xml": "f75e1c03a45a360bbdfcd0567121665082315068475d5b0feb8b1acbb1688651",
    "src/addons/BS/RealTimeChat/_data/options.xml": "468127c8fee62020f85018a152c86308b93eb68a433018f6025b5d39733912e6",
    "src/addons/BS/RealTimeChat/_data/option_groups.xml": "2c6a21fa8cfc2a5d8ad3b1538f53df5c3a8a555be69ac7709d772f90191b2e00",
    "src/addons/BS/RealTimeChat/_data/permissions.xml": "69fd6c1e2d1c4ec9a8712d67fbea3c04a935d32ab3bd7995c8961ada6f7a594a",
    "src/addons/BS/RealTimeChat/_data/permission_interface_groups.xml": "50076b6bf250255f1fb2d0b60b315809bf2c0cad81cac79ea7b0061b01cffb37",
    "src/addons/BS/RealTimeChat/_data/phrases.xml": "8dc21d1892bb9a674ec9aa09c8fda7558b5340cfded3641584662af7a176eb7d",
    "src/addons/BS/RealTimeChat/_data/routes.xml": "1da769c7fae1ddb6ca42405bfc1be48750f21e5ec52503f38bf4a27ab0ff975d",
    "src/addons/BS/RealTimeChat/_data/style_properties.xml": "e6dde03fb1f80a726091ae7dc151288c5c0f6b610c2e4278527c0e22bfa3d970",
    "src/addons/BS/RealTimeChat/_data/style_property_groups.xml": "276fb6535f3c14ffbeec76018c36c58e406a7e0cc34db51809e7dd7819a779b4",
    "src/addons/BS/RealTimeChat/_data/templates.xml": "12a4349a44c10fecdbcdd76af9cb0d9ab5acf092dccf130ad5267abef7d568b9",
    "src/addons/BS/RealTimeChat/_data/template_modifications.xml": "9dab6c423fb29b44a0074544bae6091ee31bba89d951bf8bc16dd159043dc3fb",
    "src/addons/BS/RealTimeChat/_data/widget_definitions.xml": "874842cdda87ce3893de5dbbbec12ac376a5b73e61584f1643ed8661d5f27adf",
    "src/addons/BS/RealTimeChat/_data/widget_positions.xml": "a29cee66134f6bc5d75ed9df1eef21096c24401915c5b5c774389c3d7bb2d5b3",
    "styles/default/bs/real_time_chat/alert.ogg": "94d4f186f52fdcdc76ddc5ea8d54526f506a0e3016e8a4d18d592519202b6671",
    "styles/default/bs/real_time_chat/empty-chats.svg": "457ccaf5ade5409c971aee0ea0c59e8331127e1fc59a00cceba80fe71c38e6c8",
    "styles/default/bs/real_time_chat/pattern-game.svg": "defc11ab4a07beeb94ad1bce89084031c7dfbdafa5d8c790e6a42de238d271dd",
    "styles/default/bs/real_time_chat/pattern-happy.svg": "deec4374cfaff0a29f3b63c6fb14c00ac89cc8216d34eb5fbe9a16f791e02279",
    "styles/default/bs/real_time_chat/pattern-love.svg": "c408772328b3c4f4bfa24ade9402d2947cf6fdcc0de688fc8d07d76f7b5068e4",
    "styles/default/bs/real_time_chat/pattern-magic.svg": "a0e2d559e6a74f36eae5b3572f5c4da2048191f51e7e4f14af40b1b443bda31a",
    "styles/default/bs/real_time_chat/pattern-math.svg": "b04a25e46d2cb8aab2eeb84aa785f3f21ea0ba6b158e5ce12cf6ffa70a5e40e1",
    "styles/default/bs/real_time_chat/pattern-sea.svg": "20fbc4e55c09360466593c5e6c4abf1b600a014212eba5d494b48bfde069338c",
    "styles/default/bs/real_time_chat/pattern-snow.svg": "fcdaa56f705fd3ad0071eeaca201f896020f3dbcecea7519d2df557b07f5d250",
    "styles/default/bs/real_time_chat/pattern-zoo.svg": "1c93fd077602d2ea51a3e436af7b8210944d1f28fcc4eb4c2ea40674a4291502",
    "styles/default/bs/real_time_chat/pattern.svg": "f704fe2629511ce77fd3d2793cbd19c70c4a422cb761e5068a9fbbe6004bd88c"
}