{
    "legacy_addon_id": "siropu_ads_manager",
    "title": "Ads Manager",
    "description": "The ultimate ad management application for XenForo.",
    "version_id": 2041670,
    "version_string": "2.4.16",
    "dev": "Siropu",
    "dev_url": "https://www.siropu.com/",
    "faq_url": "",
    "support_url": "https://www.siropu.com/customer/support/open-ticket",
    "extra_urls": [],
    "require": {
        "XF": [
            2020070,
            "XenForo 2.2.0+"
       ],
       "php": [
           "7.4",
           "PHP 7.4+"
      ]
     },
     "icon": "fas fa-usd-circle"
}
