{
    "data/siropu/am/export/index.html": "36a9e7f1c95b82ffb99743e0c5c4ce95d83c9a430aac59f84ef3cbfab6145068",
    "data/siropu/am/export/package/index.html": "36a9e7f1c95b82ffb99743e0c5c4ce95d83c9a430aac59f84ef3cbfab6145068",
    "data/siropu/am/export/user/index.html": "36a9e7f1c95b82ffb99743e0c5c4ce95d83c9a430aac59f84ef3cbfab6145068",
    "data/siropu/am/import/index.html": "36a9e7f1c95b82ffb99743e0c5c4ce95d83c9a430aac59f84ef3cbfab6145068",
    "data/siropu/am/index.html": "36a9e7f1c95b82ffb99743e0c5c4ce95d83c9a430aac59f84ef3cbfab6145068",
    "data/siropu/am/invoice/index.html": "36a9e7f1c95b82ffb99743e0c5c4ce95d83c9a430aac59f84ef3cbfab6145068",
    "data/siropu/am/notfound.png": "1b1ef55daaecd9b5677c3dbab2d8affdb234fa00a450ab51fc51947123c914ec",
    "data/siropu/am/package/index.html": "36a9e7f1c95b82ffb99743e0c5c4ce95d83c9a430aac59f84ef3cbfab6145068",
    "data/siropu/am/user/index.html": "36a9e7f1c95b82ffb99743e0c5c4ce95d83c9a430aac59f84ef3cbfab6145068",
    "js/siropu/am/admin.min.js": "b0249c7cdbf0de93cfbb2e7a284f395dfa97a6e64fbb93e5109229601cd75e8c",
    "js/siropu/am/core.min.js": "85e2fa852542b50f2df4b397c167c3278cbf324928b502b646f7a5d055365794",
    "js/siropu/am/create.min.js": "f75fac19a33977c4b9ba1c5dc1a2d26f229c70ce21e69212b6e6774b4355b0a0",
    "js/siropu/am/invoice.min.js": "a236081def80000583d1a943d03ddcea35bd0e86e3aad3dd961696921ed42656",
    "src/addons/Siropu/AdsManager/addon.json": "d3f9f4379685ef3f152a4cc03e938ed5408ca9b850489472988577a5958156ab",
    "src/addons/Siropu/AdsManager/Admin/Controller/AbstractController.php": "ec0fda437edebf81ab209548fd2e7694d2741423177ba77ebfa2f6bf1c5cc54f",
    "src/addons/Siropu/AdsManager/Admin/Controller/Ad.php": "b7bfe6b3ccd8334dbb8be1f9a854d8b8593a9f32f604c81a3c051ef9cfbd266c",
    "src/addons/Siropu/AdsManager/Admin/Controller/Help.php": "bd168a8a24db840d237a0386813698c90d051da167e7c6d629352a3736a668a2",
    "src/addons/Siropu/AdsManager/Admin/Controller/Home.php": "a9a568171b62e1c414d87560347c677c67af67a8cceaaef6f0911deaab3dd897",
    "src/addons/Siropu/AdsManager/Admin/Controller/Invoice.php": "640c643d647d2ad3426443aec91377f23f5002f393fc2c4e3262a9aec8c8417a",
    "src/addons/Siropu/AdsManager/Admin/Controller/Package.php": "d84c0a782ecea09f993f3de41774a1e9fc968670213e627229df01169877608c",
    "src/addons/Siropu/AdsManager/Admin/Controller/Position.php": "5bf5830099d9404c66db592390ce862ccf745ab76a545964be5eb4ec61886ce0",
    "src/addons/Siropu/AdsManager/Admin/Controller/PositionCategory.php": "90dd6aa8638f459f2b61032a8dd5d0e6515434b452173bdd9a5d70859cbd3ca8",
    "src/addons/Siropu/AdsManager/Admin/Controller/PromoCode.php": "11f5a2f037167bd9c403a79ac5a7a9b4a511211b43829f4808ae64b0ea3be1ca",
    "src/addons/Siropu/AdsManager/Admin/Controller/StatsAccess.php": "5f908e5f0d83e1382ac571a5d45739dab117d8372ca3b95b79187ff344780b7c",
    "src/addons/Siropu/AdsManager/Admin/Controller/Tool.php": "28b2b981754aaa6241889db28addc55971d49dc8dd1e821e6f50f895d1b65712",
    "src/addons/Siropu/AdsManager/Admin/View/Ad/Export.php": "241f41881f2c0feacf4a386b4576411c0e548a21f884cebb27a87f5cb0d1d6c3",
    "src/addons/Siropu/AdsManager/Admin/View/Package/Export.php": "7e31c7ad555c559fc975c9b9f04e43ceda0875ba05a5d5b35834200ae2c82673",
    "src/addons/Siropu/AdsManager/Alert/Ad.php": "dfcc16eac02312188d854a54bb864f615aaca55fca41e53930f9cf1510b8107b",
    "src/addons/Siropu/AdsManager/Alert/Invoice.php": "46a8d1826c0fd70914bebf0e7b4fe832d404ec9aed710e4f94325636aaf20520",
    "src/addons/Siropu/AdsManager/Attachment/Ad.php": "48084973fa0645ec7f8a198689a6b63ae748ff4ca4595bc94d438fa2635592a4",
    "src/addons/Siropu/AdsManager/Behavior/ExtraUpdatable.php": "710cf9e559684b413916e3e6970c0c961b15873cdbe190f2c39547afa97cd986",
    "src/addons/Siropu/AdsManager/ControllerPlugin/AbstractStats.php": "79bedfff99dbeaa9d80e66c9ebd8109347fbe4a801932ca6c59d603e61876bae",
    "src/addons/Siropu/AdsManager/ControllerPlugin/ClickStats.php": "5face0fcb3abc6ff2445f06cf12c2c9f0ca25c462ed5629b10ab654f2833cb6e",
    "src/addons/Siropu/AdsManager/ControllerPlugin/DailyStats.php": "f10aea85d5d5ec52608143dcd8d42b57a1011aea264291c924d0314cdfb34094",
    "src/addons/Siropu/AdsManager/ControllerPlugin/Embed.php": "f6b016485d6e78c5c51b6c6cc0f1a5141fcb15a672ed46324cdc9cba92efcab7",
    "src/addons/Siropu/AdsManager/ControllerPlugin/ResetStats.php": "412e5d6175bc9bb988af04c3261b804bf09c41852c208348c974c60a5c5db91a",
    "src/addons/Siropu/AdsManager/Criteria/Advertiser.php": "339b4d9a214b90f803b4faf960a356bedb44a6258a65aa345faa02c6d1646722",
    "src/addons/Siropu/AdsManager/Criteria/Device.php": "9bf34069b4120e3f886d5d1b9132378309b84c7326ea377a5511cc16a98c5eac",
    "src/addons/Siropu/AdsManager/Criteria/Geo.php": "c4f670ba9c8148be81fc511843fe084d41cd9a0abf2841359a862e67c0b76932",
    "src/addons/Siropu/AdsManager/Criteria/Position.php": "36ee8e9701e4367edf2e356b7ee4e02e3e6475ae1d58ec8945d996c157dd06d8",
    "src/addons/Siropu/AdsManager/Cron/Ad.php": "99515f22e235a00e6d7af88c0300d656c720bf17441a1adb185024f799a7a3b1",
    "src/addons/Siropu/AdsManager/Cron/Invoice.php": "7e1987ce95d327b2bf23a8a466881d19b8d556581af57c8bd745a232d5be7bed",
    "src/addons/Siropu/AdsManager/Entity/AbstractEntity.php": "156223847461ce3f76298a94441ca1de6ad64391ecd7ee9ee527b65b6282724f",
    "src/addons/Siropu/AdsManager/Entity/AbstractStats.php": "9dcaa0482b0ba0fd83967b64805b0347bddbc73f5695b2bce55791eaadd37fe6",
    "src/addons/Siropu/AdsManager/Entity/Ad.php": "aedc7a2a7c44e7ba59fbaea835642c722944f1e5c1ff6c849aaf798968ff38a4",
    "src/addons/Siropu/AdsManager/Entity/AdExtra.php": "72d609b0b6d1c212595d3b956b97c5b89bf1568739247525f8f98f5febe0fd2f",
    "src/addons/Siropu/AdsManager/Entity/ClickFraud.php": "321b3605669fe00475f0276d7e8a2cd9763c7b40ba4fd1da76db5d280fa85eef",
    "src/addons/Siropu/AdsManager/Entity/ClickStats.php": "9208ef6c9a0966ad072dc1353d894141fea3e643a9795d7b3e2836c1510fa033",
    "src/addons/Siropu/AdsManager/Entity/DailyStats.php": "6a57e728a775471eefe735a08ed19779aee7fee988bd18c27a6c6f7c1f9d99d1",
    "src/addons/Siropu/AdsManager/Entity/Invoice.php": "8f7b96976668379a07ec78ddc93cb76103db31cd5f65363d9c8d03f18402d6b3",
    "src/addons/Siropu/AdsManager/Entity/Package.php": "117087bc573a8a02c52d18a0401a0775f9ed17f3f333e438714f15121eeacdbc",
    "src/addons/Siropu/AdsManager/Entity/Position.php": "fc875e131b3d9fc30b2b1944bc53123b29e1c1af40837ef689155531f60cfb82",
    "src/addons/Siropu/AdsManager/Entity/PositionCategory.php": "457acc5ad3c15a2d86649e393863ccc916ea4d20b2c598c5f80baffae0386885",
    "src/addons/Siropu/AdsManager/Entity/PromoCode.php": "84a1cb1c524bf1fb1246439d5d15a6bcd65935b75e71c5a9b7e21c7f75694750",
    "src/addons/Siropu/AdsManager/Entity/StatsAccess.php": "055d75f8e2e1b8c50b6b9d516b7d5ef021d3d8ef0342cc6bef3001dab6c0fcb6",
    "src/addons/Siropu/AdsManager/Finder/AbstractStats.php": "89cb5d5679ff2375c14eb2f9dca8e31d22402f2b5ba50d8fa7a52beef82dcb54",
    "src/addons/Siropu/AdsManager/Finder/Ad.php": "b938b55ac99feae2256a66f58043293e6cd1ec09297428572bd98388163c0f0f",
    "src/addons/Siropu/AdsManager/Finder/AdExtra.php": "66e23a4069d644cdfd94276816e5627bee4ba604d89270340302c938b2dc784f",
    "src/addons/Siropu/AdsManager/Finder/ClickStats.php": "120afc382eec3e0ea352d3c05ee3e6af868c1492a9226951db3e52b05597687f",
    "src/addons/Siropu/AdsManager/Finder/DailyStats.php": "3a7fbf5dc90a8acfadde61216e41c6376dd6311ffd69db45f78e2720a46bf916",
    "src/addons/Siropu/AdsManager/Finder/Invoice.php": "bd8a7380b0aed3c843795e831a186be179ce0322c191fa924be4e696f27eb826",
    "src/addons/Siropu/AdsManager/Finder/Package.php": "fce0cebe76f4465b391b81be4d969c3260fa4b24366f0490b01fe4811ea5bf73",
    "src/addons/Siropu/AdsManager/Finder/Position.php": "feb041fcc3cb0ff5e219129096b02dea0fa3bad959f33c9ebc90bdd9aa9f5007",
    "src/addons/Siropu/AdsManager/Finder/PromoCode.php": "516c846c396d084343c2ee6bc6d6a073ceba873934025548627f82de64d3c33f",
    "src/addons/Siropu/AdsManager/Listener.php": "28e691916f071dbc17ba3dd13e972a8321f31310daa1450351ca60c9c514bc71",
    "src/addons/Siropu/AdsManager/Option/AdsTxt.php": "42e675c275a2e16e4bac615c7f53c04512c5235c06f15ede6b790fbe8ef09c04",
    "src/addons/Siropu/AdsManager/Option/AdvertiserUserGroups.php": "ab919ced8ca1666883b9aa79a818137507328e5a7f99e1888b3b068366398a0a",
    "src/addons/Siropu/AdsManager/Option/AllowedResourceCategories.php": "664cb76d7857ade8f926634af95d490b4de489d12e661c6909929fce542f2708",
    "src/addons/Siropu/AdsManager/Option/BannerDirName.php": "23692e9accff883db3a9c9732741bde59ebeda0271190e30ad51f2b32354ae78",
    "src/addons/Siropu/AdsManager/Option/CoreJsFilePath.php": "f541123e8f5308244a3cb74b4ff6cd8281c4acce426ee4b32ec793f00f85ff5e",
    "src/addons/Siropu/AdsManager/Option/CustomAdSizes.php": "30933d50c4160282917ad707cae1c4bc247b7ab5fa5ca42df9cb4768d87d5a99",
    "src/addons/Siropu/AdsManager/Option/DisableLowCtrAds.php": "5cfe333a8d1f82721b33fbe9b458e7309a6c6c723e46f6ffd14e1905729f361a",
    "src/addons/Siropu/AdsManager/Option/ExcludePages.php": "73a884d89d509ac67c5b632a339591199c5b1d102f6f003ddc134ec8e57e6158",
    "src/addons/Siropu/AdsManager/Option/FeaturedResourcePrefix.php": "8799b9edd316efed5509e8048968b5b5c156deb8ce3d41c561d19d22848605f1",
    "src/addons/Siropu/AdsManager/Option/PaymentProfiles.php": "5f08a891e611a67c62cf77490da99c316555322dd2db97c40c906f61698212bc",
    "src/addons/Siropu/AdsManager/Option/ThreadPrefix.php": "fea9700cfaca16d40a942dec0d435f346bce45108dce074a70219b682a068714",
    "src/addons/Siropu/AdsManager/Payment/BankTransfer.php": "71043d43aae0e418b83f0b2684fa3368316ed0f2572c2c68dc469cc20dca97e1",
    "src/addons/Siropu/AdsManager/Pub/Controller/AbstractController.php": "551b24e1afb511d9f37d6ef28af51887abeb9b414b5e14cd3ac4d2292849edbb",
    "src/addons/Siropu/AdsManager/Pub/Controller/Ad.php": "a0a6fe88f5b914cb14f069be07c4a3b88f70bc390b5552a929c92adc504e552a",
    "src/addons/Siropu/AdsManager/Pub/Controller/Advertiser.php": "4bb0df8e32b2fd6aaa61eb1d495845edd67d016ded647aa260f253605f1f0a55",
    "src/addons/Siropu/AdsManager/Pub/Controller/Ajax.php": "3528b23734b81f2157a2ffd9db61e2ab60d509b21bd8e8e7a631523ed58503c3",
    "src/addons/Siropu/AdsManager/Pub/Controller/Embed.php": "41229558854faad6ec5851dbd8f7c02a600d0e2f2ba2bd2ca48b88879cbdba36",
    "src/addons/Siropu/AdsManager/Pub/Controller/Home.php": "cf3a7aa52e1ca91ace84ad1aabca36ab1620fd4341c041c1580d372c091b5b4a",
    "src/addons/Siropu/AdsManager/Pub/Controller/Invoice.php": "ebfe70c8ee87447d1093f404e785e8765bf2573b7a2c1d0a12991b71548652e9",
    "src/addons/Siropu/AdsManager/Pub/Controller/Package.php": "a3085757e02a0b0087071eceaf1236b962d093e998132d027643651e2d61a8f0",
    "src/addons/Siropu/AdsManager/Pub/Controller/Statistics.php": "dbb914b9e4910131e02c9d4f0c92e0b68c2e3301f64696be1b4e471c813dd9c5",
    "src/addons/Siropu/AdsManager/Pub/View/Click.php": "3576cd1d8fdf21ac0184879a877d25dac64742d63d0ca414274f4de2c62bf0b0",
    "src/addons/Siropu/AdsManager/Pub/View/Embed.php": "ea5a6efddc8c2d53ed1c94b9906d76d45eb7c08d21679348bc5353b8fe63372c",
    "src/addons/Siropu/AdsManager/Pub/View/Image.php": "9e6e7b370e1499c368523ea43df3475c023705aece41ff6f37203f96bb08e0ef",
    "src/addons/Siropu/AdsManager/Pub/View/Invoice/Download.php": "e95ce418a384df35ee2233efc405187579dc35bc75d3e7bf0f8bfab5753711c4",
    "src/addons/Siropu/AdsManager/Pub/View/XRobots.php": "8cfb82a0448852c2e0f5f00c7397073cf8c04874f2f1c0e9a6604961a4103539",
    "src/addons/Siropu/AdsManager/Purchasable/Advertising.php": "c6766f80a33c0f579e048cf4cfb654e3df636b8d48a037231680683bb7f87db6",
    "src/addons/Siropu/AdsManager/Repository/Ad.php": "90d15a64592bb4db5186b9070ad3b0827108d6495acea230bb9706e3a3c234aa",
    "src/addons/Siropu/AdsManager/Repository/AdExtra.php": "6532991a5e2a2f877be80844ad62f02b9cf0391854f4a211e0ce5caf63bbd750",
    "src/addons/Siropu/AdsManager/Repository/ClickFraud.php": "1cf608fd8c1d20831ea6d8083d5b57be2184240f3f9a6200ca21221bccf243ce",
    "src/addons/Siropu/AdsManager/Repository/ClickStats.php": "bd88a88c59a14cfdd5d5f6ff45d80cf62b6aa5d22c7c46183d7a20bb72d7791c",
    "src/addons/Siropu/AdsManager/Repository/DailyStats.php": "ba867a063791d98648a88ac941fa1c23e31e451059e04f19d3a4f5130dcf544c",
    "src/addons/Siropu/AdsManager/Repository/Invoice.php": "e8592db44e9093fd88ccfb8264b181e65443bfe8dc78044162326fc2a9d7f00e",
    "src/addons/Siropu/AdsManager/Repository/Package.php": "34840fd36783bddc6b0d5a44632da60a0a94b831e26b8646de61b44cc1242ca7",
    "src/addons/Siropu/AdsManager/Repository/Position.php": "469c58b80a8a5b1101520f20a5c8974f80fd38096663bb001e0987f32d49d595",
    "src/addons/Siropu/AdsManager/Repository/PositionCategory.php": "32cf38c62d133ca09283bbd93a267705aae3035181bc512b7f51d040e02cd4fe",
    "src/addons/Siropu/AdsManager/Repository/PromoCode.php": "adc239efbd067106a98f6e70409f11d7369bdd3509f19a76c0c85d066b796120",
    "src/addons/Siropu/AdsManager/Repository/StatsAccess.php": "15293b91d1f73fd61bc1c45fb5109f9fd28c8f38eece2d6742af5d137f863637",
    "src/addons/Siropu/AdsManager/Service/Ad/Approver.php": "c4175a3635c25cd65fbb9f9a49736f3872a3f1caa6dd2b9ddf60659d3fe6739d",
    "src/addons/Siropu/AdsManager/Service/Ad/Export.php": "4da5633d566fe2e123c8e9a4e2fa9698997197ba8fad27108c3c194122d557f9",
    "src/addons/Siropu/AdsManager/Service/Ad/Import.php": "67184b6807dd49a2f5c5ed0fe1b70dcfc15f0686e62746d4f99df3b282c85150",
    "src/addons/Siropu/AdsManager/Service/Ad/Moderator.php": "e344eac8802581727337e90f7bea175979da3ae71a3007a15451366c35078e0a",
    "src/addons/Siropu/AdsManager/Service/Ad/Notifier.php": "1dc8b0cf51abc2d0f4ef5d456e8732b42baa6a60b4e5bbdf199d8cc965054aa8",
    "src/addons/Siropu/AdsManager/Service/Ad/Preparer.php": "6b165db3b7f1090c2f5ad2a10f9f474d98b053ac9c6663f94165ee9349e140fe",
    "src/addons/Siropu/AdsManager/Service/Ad/PromoThreadManager.php": "4815d47611348eea5651bb55d9acde7d01f5451d6c407abd73471c9170a05b2c",
    "src/addons/Siropu/AdsManager/Service/Ad/Toggler.php": "7d77fd0224aa98839d070441b429f6cb465f90ae96868289d769d025cf087bce",
    "src/addons/Siropu/AdsManager/Service/AdExtra/Manager.php": "a6ead2752da0d6a754c23c52cb9d112acd4f5c3dc61dbc24c4e3a52cb0df4fee",
    "src/addons/Siropu/AdsManager/Service/Invoice/Manager.php": "ec5a34d57a5681d5f3fd21c018158c356bf51a4c3bb9657ba62641e2dad84edf",
    "src/addons/Siropu/AdsManager/Service/Package/Export.php": "2e8ab50873cd934b6ae0b437a01db0206c95829d9b4c50a8a85c4f850dc6afb0",
    "src/addons/Siropu/AdsManager/Service/Package/Import.php": "acca55b75d9fae8d6e5f9a3851f601758c328bfe6978ecbdf59286b11ca7b692",
    "src/addons/Siropu/AdsManager/Service/Package/Placeholder.php": "79dfcba01cfa31c83e796246bff3de91edf174da3c2472c82aca6424ff09e264",
    "src/addons/Siropu/AdsManager/Service/Stats/Tracker.php": "f10744d77d09665146cc98d029fbb647b6a8e8076765ad73b34c3911c5666e86",
    "src/addons/Siropu/AdsManager/Setup.php": "dc41d34ad8d50f65c31ef38d82546f11de318ad4ab3882ee57965bd987fbfb3c",
    "src/addons/Siropu/AdsManager/Template/Ad.php": "dcac4d6ed1718baf5c9d5d91ef5ec88e08c4b9f86e8bae330d5355eeeab989b7",
    "src/addons/Siropu/AdsManager/Template/Admin.php": "5a7c53305b625165db8cbce78d671def8b023a5ef0569128011d2a4727b47438",
    "src/addons/Siropu/AdsManager/Util/Arr.php": "124debf3f5c9f6323966dca64197fe616200c7b553171ae0a4b99196dca725cd",
    "src/addons/Siropu/AdsManager/Util/Package.php": "021708e47f715d6c7ec0931289d4a7a20aca1a8cebbb34d4bc41a361b204ad38",
    "src/addons/Siropu/AdsManager/Vendor/MaxMind/autoload.php": "7920a3766478bffd9932c5f39544c5167ae9cc71f18638ea1a475e6b5fe238fa",
    "src/addons/Siropu/AdsManager/Vendor/MaxMind/composer/autoload_classmap.php": "74dcf24a738537227f9b40fa55bfc26ae77341b765914d4e8f518d5ec9eccb43",
    "src/addons/Siropu/AdsManager/Vendor/MaxMind/composer/autoload_namespaces.php": "6d1b582b311799934568f00d45e01de7a04f8a1865a8a72c7841904ad4dac3a7",
    "src/addons/Siropu/AdsManager/Vendor/MaxMind/composer/autoload_psr4.php": "fd1d4003c773f7d9ef22c3b05f71076c4b427fa051ef902915a828764aac1747",
    "src/addons/Siropu/AdsManager/Vendor/MaxMind/composer/autoload_real.php": "3d33eeb36d1917aab17ee81ba9387fdb2f0ed4772d43b8008361cb40358a8bc4",
    "src/addons/Siropu/AdsManager/Vendor/MaxMind/composer/autoload_static.php": "de608655681cff22820f2b7fb199a8cf5e67ed301e75a23de6947bde733f3cc8",
    "src/addons/Siropu/AdsManager/Vendor/MaxMind/composer/ca-bundle/composer.json": "b77e167c12928da48e58dfc3c0b92a67a891056773e1e9a561c692231622b600",
    "src/addons/Siropu/AdsManager/Vendor/MaxMind/composer/ca-bundle/LICENSE": "37b21ffcf3e606669896eb33ec7559a745df1e70cbf0372a6f56d977cf6f0c37",
    "src/addons/Siropu/AdsManager/Vendor/MaxMind/composer/ca-bundle/README.md": "4b8db06e7c39849888f84970fef0efa66f7b49a543513f5698de87ead1f6e405",
    "src/addons/Siropu/AdsManager/Vendor/MaxMind/composer/ca-bundle/res/cacert.pem": "2cff03f9efdaf52626bd1b451d700605dc1ea000c5da56bd0fc59f8f43071040",
    "src/addons/Siropu/AdsManager/Vendor/MaxMind/composer/ca-bundle/src/CaBundle.php": "1c1ce9380893b86b114737de6dfdd562d4f9118dc1b3e095f6e4599f9a78f037",
    "src/addons/Siropu/AdsManager/Vendor/MaxMind/composer/ClassLoader.php": "1f8c29cdfa3029f49fe0b46bbd8d41325fb701b43b713e68be42e1c9b4e8c3fd",
    "src/addons/Siropu/AdsManager/Vendor/MaxMind/composer/installed.json": "107148d4769c26f9739ddd84bf7513abc1e5162907138431241da1be46a7157d",
    "src/addons/Siropu/AdsManager/Vendor/MaxMind/composer/installed.php": "d31f94363a9a3b385f27007a6ee5c6e8e09b0bd89f9ea1e8f3ed2097bc4bffcb",
    "src/addons/Siropu/AdsManager/Vendor/MaxMind/composer/InstalledVersions.php": "c13545b80c74150db8ef2e6e6ae614ca5bab5d02eb0a2e90e20123177fdc330b",
    "src/addons/Siropu/AdsManager/Vendor/MaxMind/composer/LICENSE": "c8cce4b6b9729f264ffdf9296d505d63432497feeed1f586d1902b942197e024",
    "src/addons/Siropu/AdsManager/Vendor/MaxMind/composer/platform_check.php": "405a6170c22896f25134a506c655986685379c4a1ee75c9eaa8e15cc98d106f6",
    "src/addons/Siropu/AdsManager/Vendor/MaxMind/geoip2/geoip2/CHANGELOG.md": "be5e6548b4e1290e386841c2f9db2c32d79735f35fcf01a1bfa241bcec0bda53",
    "src/addons/Siropu/AdsManager/Vendor/MaxMind/geoip2/geoip2/composer.json": "6a400d92fa009b90b4615abdec88952fdcd9d36310d79965e0c21de437702d38",
    "src/addons/Siropu/AdsManager/Vendor/MaxMind/geoip2/geoip2/examples/benchmark.php": "d963494147ed7601dbb839de931b53be1a85d2b88ed87bbd185d3715a36e2157",
    "src/addons/Siropu/AdsManager/Vendor/MaxMind/geoip2/geoip2/LICENSE": "cfc7749b96f63bd31c3c42b5c471bf756814053e847c10f3eb003417bc523d30",
    "src/addons/Siropu/AdsManager/Vendor/MaxMind/geoip2/geoip2/README.md": "9d16b9489fee919fe4fadbcd64f965344412d79f20ce35833a64eb513dfc7400",
    "src/addons/Siropu/AdsManager/Vendor/MaxMind/geoip2/geoip2/src/Database/Reader.php": "ed9caeef519662b607d82e67d2ee37e503751cb8e02418ad19c93a77814b9fa3",
    "src/addons/Siropu/AdsManager/Vendor/MaxMind/geoip2/geoip2/src/Exception/AddressNotFoundException.php": "26f0a8958a94efdff7851f5864e9c320fc784c923e47818e143acc0a6bec5e6e",
    "src/addons/Siropu/AdsManager/Vendor/MaxMind/geoip2/geoip2/src/Exception/AuthenticationException.php": "6d0bfd1333c660a970c1b85699ff6a35c00f33263745d0769fea9573717d2fbb",
    "src/addons/Siropu/AdsManager/Vendor/MaxMind/geoip2/geoip2/src/Exception/GeoIp2Exception.php": "60a3f4958b6e6d4ec3dc6d66388d589c8a7a349d9a943fe826ddba2e67629677",
    "src/addons/Siropu/AdsManager/Vendor/MaxMind/geoip2/geoip2/src/Exception/HttpException.php": "f29cef6b3ea34e505e08ae152cba60d62cd1aa7e42efa9e32fef4a9761409562",
    "src/addons/Siropu/AdsManager/Vendor/MaxMind/geoip2/geoip2/src/Exception/InvalidRequestException.php": "e853b710d460de492808adf1370380a3452ba2eff99153590343a84c905841e3",
    "src/addons/Siropu/AdsManager/Vendor/MaxMind/geoip2/geoip2/src/Exception/OutOfQueriesException.php": "9455b510b0254872151acbc7a0fa87a2bc740d5818477d032396a96332407270",
    "src/addons/Siropu/AdsManager/Vendor/MaxMind/geoip2/geoip2/src/Model/AbstractModel.php": "83a6802a1a0d30f1f6633b5d657dfc7f9f51bfb08a73c9ef21a79e542eced2c5",
    "src/addons/Siropu/AdsManager/Vendor/MaxMind/geoip2/geoip2/src/Model/AnonymousIp.php": "646191411c10371fdee533d0fead5a6528db63040f937fb8dcaaf84fa3bc92bf",
    "src/addons/Siropu/AdsManager/Vendor/MaxMind/geoip2/geoip2/src/Model/Asn.php": "5eff3f416cf16e591ae1621820c4d6ff90790cc5dbe35c0f4a57404b8c151159",
    "src/addons/Siropu/AdsManager/Vendor/MaxMind/geoip2/geoip2/src/Model/City.php": "68e16fc866539c8e5ecacb5bd68761df0138b7c3304023e449397bfe7db1728d",
    "src/addons/Siropu/AdsManager/Vendor/MaxMind/geoip2/geoip2/src/Model/ConnectionType.php": "74e43ff0dec4c3e6ae5df450fe70aca21b6599ecb197913da3e389ed0c5c95fd",
    "src/addons/Siropu/AdsManager/Vendor/MaxMind/geoip2/geoip2/src/Model/Country.php": "ee5ceaf3dd51e3e61d1c31106e602c7a97b6e3cbe07c0aa79f4a68a2c5323fb6",
    "src/addons/Siropu/AdsManager/Vendor/MaxMind/geoip2/geoip2/src/Model/Domain.php": "cdb3388f28f6919894dabd051684e7e0579a85df9d76acafedbfcb564c5a4f57",
    "src/addons/Siropu/AdsManager/Vendor/MaxMind/geoip2/geoip2/src/Model/Enterprise.php": "2046ade07747d0f79453aad5dee95e6bf4fd3a1d9e4de25f3f2ccdd4adce1177",
    "src/addons/Siropu/AdsManager/Vendor/MaxMind/geoip2/geoip2/src/Model/Insights.php": "fa4105bec0a4d9ef721ab6ab947274b0c95aa6f5843dd0d39680a432a37a5cbc",
    "src/addons/Siropu/AdsManager/Vendor/MaxMind/geoip2/geoip2/src/Model/Isp.php": "51f4546c15cc221745edcbc5c0cb90cc46c83129194dbb0f11255e1c44401285",
    "src/addons/Siropu/AdsManager/Vendor/MaxMind/geoip2/geoip2/src/ProviderInterface.php": "64d7c3c3aa685b6dcafdf1aa944843ac02520e7401f45968de75f94daf5f464c",
    "src/addons/Siropu/AdsManager/Vendor/MaxMind/geoip2/geoip2/src/Record/AbstractPlaceRecord.php": "ccdff63857bc7f33ebd30115d89fc7becba725f44da42f545d2b30852fa8e86a",
    "src/addons/Siropu/AdsManager/Vendor/MaxMind/geoip2/geoip2/src/Record/AbstractRecord.php": "dc4b59a18ffcf9ff995e069d4d83d3d68d79eefa0c5fc8984465fecd5a6dbfd3",
    "src/addons/Siropu/AdsManager/Vendor/MaxMind/geoip2/geoip2/src/Record/City.php": "a68883ab84661639fbad015b5755f659d421177cc2ea2a0771b245ac6ffe5441",
    "src/addons/Siropu/AdsManager/Vendor/MaxMind/geoip2/geoip2/src/Record/Continent.php": "cdf95fac53ad4c15297120b76b9eb7c39ccaa80ea35d175e8e59795930564c08",
    "src/addons/Siropu/AdsManager/Vendor/MaxMind/geoip2/geoip2/src/Record/Country.php": "0078bb8c2da9bcdd7a41e844fd725512bb27fe4a01842b404fbb277a481e4ed9",
    "src/addons/Siropu/AdsManager/Vendor/MaxMind/geoip2/geoip2/src/Record/Location.php": "ec8f6b3ccd027f5b53c55147e8d05f6436ee1f7a1b4c85b869057e2296e85ff6",
    "src/addons/Siropu/AdsManager/Vendor/MaxMind/geoip2/geoip2/src/Record/MaxMind.php": "8b685ec0b1e97bab3aa8ef6ed0817258f571126cb240ee7ab539db3d0c2c8eff",
    "src/addons/Siropu/AdsManager/Vendor/MaxMind/geoip2/geoip2/src/Record/Postal.php": "e010839d6008bb34e7d2afbe04da8fe30d40505c43ad44b2df6890e1c0838217",
    "src/addons/Siropu/AdsManager/Vendor/MaxMind/geoip2/geoip2/src/Record/RepresentedCountry.php": "7806caa4ded2888ce68be1fb01b7220955f2ca81bef95fe72a79f278d1fc1c1f",
    "src/addons/Siropu/AdsManager/Vendor/MaxMind/geoip2/geoip2/src/Record/Subdivision.php": "321e74f6d2bc1315201186b9dc0a3daef67378c63c9096ae611f8a9e9b55d10d",
    "src/addons/Siropu/AdsManager/Vendor/MaxMind/geoip2/geoip2/src/Record/Traits.php": "5fe40ffbf16ff8f98dba71c1b3ba275df84d0df4f321665a0b4c67151eb46d32",
    "src/addons/Siropu/AdsManager/Vendor/MaxMind/geoip2/geoip2/src/Util.php": "8e70bd03f50ae48a7abddac94f19eb131ee1a7dcf7003e17854bb5cc2cb30b2d",
    "src/addons/Siropu/AdsManager/Vendor/MaxMind/geoip2/geoip2/src/WebService/Client.php": "5715383b0f4ba485d3e718a7929c3e8770c036b33fc52dbc411d2bae00c222fa",
    "src/addons/Siropu/AdsManager/Vendor/MaxMind/maxmind-db/reader/autoload.php": "11f11eb2d59034393a727c740ef961d03369a1cd778a90453aeef6c82e6fa181",
    "src/addons/Siropu/AdsManager/Vendor/MaxMind/maxmind-db/reader/CHANGELOG.md": "e4d9f2b42a83ccc2a417b94779d7bd58229eaa434f7d356b7fa96f8a2f7799d7",
    "src/addons/Siropu/AdsManager/Vendor/MaxMind/maxmind-db/reader/composer.json": "9668213efc11e9209f6dcd252d1742d4d85f88c143ee8fadcf291acc75e4d03f",
    "src/addons/Siropu/AdsManager/Vendor/MaxMind/maxmind-db/reader/ext/config.m4": "09d6e4f6610d93a69dd4fcc670e83abb184cfb6f7beafbb5c7b54feafcee4a5a",
    "src/addons/Siropu/AdsManager/Vendor/MaxMind/maxmind-db/reader/ext/config.w32": "9632904a574e14f94af21c5ba5944b9e91649bb8cc0447aee2f82dc83283236e",
    "src/addons/Siropu/AdsManager/Vendor/MaxMind/maxmind-db/reader/ext/maxminddb.c": "560c7461d7b23a2ffc438804286f27bae16fb53ca8375bf91087ca3ba079afd0",
    "src/addons/Siropu/AdsManager/Vendor/MaxMind/maxmind-db/reader/ext/php_maxminddb.h": "659771080eb31ff44b71f780516109d08c7c0d27028a71c3ff858f314905bfc8",
    "src/addons/Siropu/AdsManager/Vendor/MaxMind/maxmind-db/reader/ext/tests/001-load.phpt": "2fb8977c0fd53b3c1e372b5c5ec771d0ac7372fc23136609e12d585092ce8b24",
    "src/addons/Siropu/AdsManager/Vendor/MaxMind/maxmind-db/reader/ext/tests/002-final.phpt": "cedc7898ca29e0a2591eb28784b5333597eeebb157b7331d24f8aa595af359bf",
    "src/addons/Siropu/AdsManager/Vendor/MaxMind/maxmind-db/reader/ext/tests/003-open-basedir.phpt": "62b1945b95c0f70af8e09554a314b6d9df3b6103ac330f21a2869b354ca8da23",
    "src/addons/Siropu/AdsManager/Vendor/MaxMind/maxmind-db/reader/LICENSE": "cfc7749b96f63bd31c3c42b5c471bf756814053e847c10f3eb003417bc523d30",
    "src/addons/Siropu/AdsManager/Vendor/MaxMind/maxmind-db/reader/package.xml": "bcf4698533eb41d6f1dad8ee2d935b184c8a95c25eb943aefee05da97ae12650",
    "src/addons/Siropu/AdsManager/Vendor/MaxMind/maxmind-db/reader/README.md": "2967b51b4cfb736474cf671f797908559143a686bb82c8a157a9518b5b16e988",
    "src/addons/Siropu/AdsManager/Vendor/MaxMind/maxmind-db/reader/src/MaxMind/Db/Reader.php": "33785d97da3b76e1f3dc56d8b1386831a92e309b1c59f1f5944d7cae88d33258",
    "src/addons/Siropu/AdsManager/Vendor/MaxMind/maxmind-db/reader/src/MaxMind/Db/Reader/Decoder.php": "4e2d55d0233514d823125abfe2c1566c9db948301e1933cb0ac1ea0402d208a7",
    "src/addons/Siropu/AdsManager/Vendor/MaxMind/maxmind-db/reader/src/MaxMind/Db/Reader/InvalidDatabaseException.php": "be1baa76150db9018141e2d1d00440415e0f176aad088e6156f4a41d94373c8c",
    "src/addons/Siropu/AdsManager/Vendor/MaxMind/maxmind-db/reader/src/MaxMind/Db/Reader/Metadata.php": "170331746ce3ab80c1f4454a7a49025e8008dabf11c72d0872d5e086b5dcc0e9",
    "src/addons/Siropu/AdsManager/Vendor/MaxMind/maxmind-db/reader/src/MaxMind/Db/Reader/Util.php": "bb28c2eff1dfdf15e738140929ce775eecdbd2851e523c999709e08dd8b760e1",
    "src/addons/Siropu/AdsManager/Vendor/MaxMind/maxmind/web-service-common/CHANGELOG.md": "675d7baf76b55a59e33b17b7333b6fb13bc94a1e6811694138a202028a948ee3",
    "src/addons/Siropu/AdsManager/Vendor/MaxMind/maxmind/web-service-common/composer.json": "0f4deebd253359e5caa6f04edadea0f40f44f56370789ce437fd58f8cd566f07",
    "src/addons/Siropu/AdsManager/Vendor/MaxMind/maxmind/web-service-common/dev-bin/release.sh": "1429c84a0ba954578bc9b765bf086179dd9598914cd2a77b80239daa11d68195",
    "src/addons/Siropu/AdsManager/Vendor/MaxMind/maxmind/web-service-common/LICENSE": "cfc7749b96f63bd31c3c42b5c471bf756814053e847c10f3eb003417bc523d30",
    "src/addons/Siropu/AdsManager/Vendor/MaxMind/maxmind/web-service-common/phpstan.neon": "a507c873f77ea15c9a54622e5a7cc6486c44f1fa8da49f71e7d73a9db5cad0d6",
    "src/addons/Siropu/AdsManager/Vendor/MaxMind/maxmind/web-service-common/README.md": "b57d75d773cd2b196371f581c9ab50fcae151e12c246652b4e58c8e53f555a6d",
    "src/addons/Siropu/AdsManager/Vendor/MaxMind/maxmind/web-service-common/src/Exception/AuthenticationException.php": "53a05f2a6aef02c099f9b9b2dacdd780dfcfbf04f84e3e9c61486a05bdd321f0",
    "src/addons/Siropu/AdsManager/Vendor/MaxMind/maxmind/web-service-common/src/Exception/HttpException.php": "3383b15780c9366ca5e68f933ffda339ad913f2b2e43977ad2c37869dc183089",
    "src/addons/Siropu/AdsManager/Vendor/MaxMind/maxmind/web-service-common/src/Exception/InsufficientFundsException.php": "dc7ee54aafdb27a380293da2c56f2c4e8c8a2851e42bc96920f686aa7b357e27",
    "src/addons/Siropu/AdsManager/Vendor/MaxMind/maxmind/web-service-common/src/Exception/InvalidInputException.php": "68da296d93948c2a8ee4c42ad75ef101a5c94a209d958b5097abb21a7e337e2d",
    "src/addons/Siropu/AdsManager/Vendor/MaxMind/maxmind/web-service-common/src/Exception/InvalidRequestException.php": "462e2117efe6b45cee55c1e6d4917a359b43eb15bb740793782756859dfaf555",
    "src/addons/Siropu/AdsManager/Vendor/MaxMind/maxmind/web-service-common/src/Exception/IpAddressNotFoundException.php": "bbd492881cf03b57c8c0b7f98f69cf36dcb7e98a8852c9b2ede9d0c3e75aebc8",
    "src/addons/Siropu/AdsManager/Vendor/MaxMind/maxmind/web-service-common/src/Exception/PermissionRequiredException.php": "59660c711d0f07d0ecd9053447519ec51a00abcd78db99f9fd473ddfa0a92887",
    "src/addons/Siropu/AdsManager/Vendor/MaxMind/maxmind/web-service-common/src/Exception/WebServiceException.php": "08b3157cc711cf8dc82e81bb06b92e3893e9c564f61c5d231ae0100c5fc26eb7",
    "src/addons/Siropu/AdsManager/Vendor/MaxMind/maxmind/web-service-common/src/WebService/Client.php": "a8394b089c9b6d2143009949182714cf1ddecfd44ddfc9604dbc42a57a83153b",
    "src/addons/Siropu/AdsManager/Vendor/MaxMind/maxmind/web-service-common/src/WebService/Http/CurlRequest.php": "59f311da068f351cef8dd745a0557a755707f098a07a91ab0a82b9c2c0dc6090",
    "src/addons/Siropu/AdsManager/Vendor/MaxMind/maxmind/web-service-common/src/WebService/Http/Request.php": "6e3a3defb2e3d5715b72c7e5ed6f91cc9ad05cec1750e6b42f53ef370c5446ec",
    "src/addons/Siropu/AdsManager/Vendor/MaxMind/maxmind/web-service-common/src/WebService/Http/RequestFactory.php": "becc8f0f251b8d3303ce1f1fbd7db5ad8f8f3cde4519c0f127da431f1671ca79",
    "src/addons/Siropu/AdsManager/Vendor/MobileDetect/MobileDetect.php": "d066bf2334999466774bdea1806fdf0389e612562e65afc8e448ba32cf0ab976",
    "src/addons/Siropu/AdsManager/Vendor/MobileDetect/Mobile_Detect.php": "4cd5aadd1d255d159f66041943b1c098e7f33d9770d8ec2d4bc02cc953210d5d",
    "src/addons/Siropu/AdsManager/Widget/Advertisers.php": "988e28f5f24062d704df8a21861c2f05a916daab879a6857a64f6479953ebad9",
    "src/addons/Siropu/AdsManager/Widget/FeaturedResources.php": "77f41fde3e0f1687da39ccf0131206ae05e1c59464e8cbafbe77972ce43c3408",
    "src/addons/Siropu/AdsManager/Widget/FeaturedThreads.php": "94f2cab31d594bffa8313ece5237fa0e1fb0d90b9856255bb919702d29f300ad",
    "src/addons/Siropu/AdsManager/XF/Criteria/Page.php": "95721d3063b4fc548d9db1f83bad6651f53f09741970b767533356718a5f73c4",
    "src/addons/Siropu/AdsManager/XF/Entity/User.php": "0b2a2990d12651ac5de073e338c22c163d1e3eb06f742c08eb926773f1d98ae3",
    "src/addons/Siropu/AdsManager/XF/Pub/Controller/Account.php": "623d15d3aaa2eb53c1939de8150bdbb75b0c8fb6276feb4b0e2da05682635c22",
    "src/addons/Siropu/AdsManager/XF/Pub/Controller/InlineMod.php": "153011b4b8ea2ef957e2735638660e82fc8d91d991ab1a1f1256e2df775c2583",
    "src/addons/Siropu/AdsManager/XF/Pub/Controller/Thread.php": "7931f011731ff9742e4b23a77ba39a7d63bc75bee55048f455037ebad9ba1905",
    "src/addons/Siropu/AdsManager/XFRM/Pub/Controller/ResourceItem.php": "330488f8d049b8f5d4ab5b311bca483017faa893a8ec1136161962fb461fc8e2",
    "src/addons/Siropu/AdsManager/_data/activity_summary_definitions.xml": "99d8c2563a31320d66f958fc8bda78613545f5f7959bb3cf5318805e3a3c39d2",
    "src/addons/Siropu/AdsManager/_data/admin_navigation.xml": "e7bfaf42a5d64d7a8480a676e923989359f11e4f4068909d92e06830324bc76f",
    "src/addons/Siropu/AdsManager/_data/admin_permission.xml": "545eb333f23ec5e6f43e7f86467b640653d325950a0c199b12dc8ac14f06b61c",
    "src/addons/Siropu/AdsManager/_data/advertising_positions.xml": "d2f7cbe844bb1df3cf878d22ff6306249245c8ff6b0b87b9b729744bec538261",
    "src/addons/Siropu/AdsManager/_data/api_scopes.xml": "6793eaf758f140e8137187ba20e65f4faccf53410433ae3ad7a8b3b38cb6b3b7",
    "src/addons/Siropu/AdsManager/_data/bb_codes.xml": "faa4ddd5f4a365e5ac39aebdcbe2d25aedf74e7eb9ea4a812766e2fd5e13bdb1",
    "src/addons/Siropu/AdsManager/_data/bb_code_media_sites.xml": "29762987990187b33e43cfb68c08dc917b2d3f0176613d78f8e6c453f82da3f3",
    "src/addons/Siropu/AdsManager/_data/class_extensions.xml": "c6e7aeab11c29f98926e0e8646564b5571f23df39ac6cd273c9a7e433a237baf",
    "src/addons/Siropu/AdsManager/_data/code_events.xml": "8370dec3df47f91df4cf79da253446ad11b29f4ea568fe76c774e97a0379f0eb",
    "src/addons/Siropu/AdsManager/_data/code_event_listeners.xml": "ea52c17281b664f71bd468f78016a87bd94f531ceba483e1ed04076655fdfc93",
    "src/addons/Siropu/AdsManager/_data/content_type_fields.xml": "ed9e0a93e802065a03bd44b601abf45d2adcdb1e389757e81502455c1197029c",
    "src/addons/Siropu/AdsManager/_data/cron.xml": "d111b564638a8c6804e2dd1134a535a5e78f0c260013d0c4de18ae2b5bd98eb3",
    "src/addons/Siropu/AdsManager/_data/help_pages.xml": "a8a0c0b06cdc550438bc8a8d385af3e1e5ab3459877dfb934c1c31be59c89163",
    "src/addons/Siropu/AdsManager/_data/member_stats.xml": "89fb2b93ff1eca7a1f6f752248edf6090dfd24037db1446fd18ff7143f08124d",
    "src/addons/Siropu/AdsManager/_data/navigation.xml": "63a63cddb74270aab727a620917bc5e86c330eb92880a4df6e9da3022b42d8b3",
    "src/addons/Siropu/AdsManager/_data/options.xml": "33d262c3ce07387a2e7f27da43ca38830288833d64135283685994d738b6067f",
    "src/addons/Siropu/AdsManager/_data/option_groups.xml": "b1c3c7a98bed1bab055881b1d1a76fbd0724da8020c222ad3b2c1a78fea59ebe",
    "src/addons/Siropu/AdsManager/_data/permissions.xml": "b811a21472fc08f9d027acde5a90ca00dbdf6b5541a0f19d2cb9e49298e3963b",
    "src/addons/Siropu/AdsManager/_data/permission_interface_groups.xml": "a9d2bad7daeab194481501909cf6b9454cf136ef86e1cb84654cfcea46352512",
    "src/addons/Siropu/AdsManager/_data/phrases.xml": "af52d9134023dd5b9d92da71641e07071c54c9a14ff6a4c95c014664d81d23cb",
    "src/addons/Siropu/AdsManager/_data/routes.xml": "60ce167e12680bc6f3e316254730be603d2ac5f33e8e1f55aa4622f0976eaacc",
    "src/addons/Siropu/AdsManager/_data/style_properties.xml": "1c54653983be24894a13ce16e10f61238ae8b2b78e2d9eaa78d62e76b956124a",
    "src/addons/Siropu/AdsManager/_data/style_property_groups.xml": "6d97f9b8fe3a884c78ff545f59f984e0379c5ab340b254778a13197e5a8b3c8b",
    "src/addons/Siropu/AdsManager/_data/templates.xml": "d717dbd940cfccf1089b84a516748e1e57a6863743d43feb5f016fdbb61d30d6",
    "src/addons/Siropu/AdsManager/_data/template_modifications.xml": "1b9849fcad78f82ee5187591217216fd2137efea9ebf3a1cf6936d9da69b9192",
    "src/addons/Siropu/AdsManager/_data/widget_definitions.xml": "dd699946aa2a8943c4057336ff8cac3c3337179601cf75e66e0a6701d4b11bc9",
    "src/addons/Siropu/AdsManager/_data/widget_positions.xml": "a29cee66134f6bc5d75ed9df1eef21096c24401915c5b5c774389c3d7bb2d5b3"
}