{
    "src/addons/FS/DownloadThreadAttachments/addon.json": "9cdd7fc85079a65c5869de65552b8a078421bcb511da6bbf5b6e7e5931010952",
    "src/addons/FS/DownloadThreadAttachments/Cron/DownloadSizeLimit.php": "2828b0bec0403491a7324684bbe41c3b6d1f703a62939e498714b1a61d3aa887",
    "src/addons/FS/DownloadThreadAttachments/Helper.php": "301f7ad0822185e77ed168d1a7237ac36d4431366168403d575efd0e98b75068",
    "src/addons/FS/DownloadThreadAttachments/Setup.php": "11ad0f60c97cc453201b70228b66a55b0dd3a1dc3a7f5b7fb8e046b9a5d18ba7",
    "src/addons/FS/DownloadThreadAttachments/XF/Admin/Controller/UserGroup.php": "706fafe16bf7477d51856b840cf951f64780529041dac06aa4652e1caebb3a62",
    "src/addons/FS/DownloadThreadAttachments/XF/Entity/Thread.php": "49cc70a1ddd4509d0b948ac459aafa902cd271c785f31879a882deff16e33ee0",
    "src/addons/FS/DownloadThreadAttachments/XF/Entity/User.php": "38678ec5afcc9bac28a9202b4920daf66df1d04850435f39a6c98dbe97732586",
    "src/addons/FS/DownloadThreadAttachments/XF/Entity/UserGroup.php": "161ecc0e45c55ef7c4d24f88e1074036d7cd31e3f702f79f307807cc0befb708",
    "src/addons/FS/DownloadThreadAttachments/XF/Pub/Controller/Post.php": "12be04a4f6e3d925fde861c19026ef0f08c96c0a2cf4dbd6cd69f834aae94cc3",
    "src/addons/FS/DownloadThreadAttachments/XF/Pub/Controller/Thread.php": "d358bea5b952f97c0e3547ceffc77510ef3a8e1ad365fe1523bc9a92ee1dfbd4",
    "src/addons/FS/DownloadThreadAttachments/XF/Pub/Views/DownloadZip.php": "ca500b09f5bd7ad66cb24c9f7011ae57129a636886d6e58e6b0c68e782b4d8e7",
    "src/addons/FS/DownloadThreadAttachments/_data/activity_summary_definitions.xml": "99d8c2563a31320d66f958fc8bda78613545f5f7959bb3cf5318805e3a3c39d2",
    "src/addons/FS/DownloadThreadAttachments/_data/admin_navigation.xml": "064ec797484ac00d5ee37367b50b06846d11f480d00550997712707f8fdac8c0",
    "src/addons/FS/DownloadThreadAttachments/_data/admin_permission.xml": "ec6fb97cebf0bceb24f1ed1d5778c1db54eeb7535fbb3e31d824840e7aa9ff87",
    "src/addons/FS/DownloadThreadAttachments/_data/advertising_positions.xml": "d2f7cbe844bb1df3cf878d22ff6306249245c8ff6b0b87b9b729744bec538261",
    "src/addons/FS/DownloadThreadAttachments/_data/api_scopes.xml": "6793eaf758f140e8137187ba20e65f4faccf53410433ae3ad7a8b3b38cb6b3b7",
    "src/addons/FS/DownloadThreadAttachments/_data/bb_codes.xml": "faa4ddd5f4a365e5ac39aebdcbe2d25aedf74e7eb9ea4a812766e2fd5e13bdb1",
    "src/addons/FS/DownloadThreadAttachments/_data/bb_code_media_sites.xml": "29762987990187b33e43cfb68c08dc917b2d3f0176613d78f8e6c453f82da3f3",
    "src/addons/FS/DownloadThreadAttachments/_data/class_extensions.xml": "a6242219d0e83a2080fed19a648c84b47cef8fc253d231f349feb8f4a0123884",
    "src/addons/FS/DownloadThreadAttachments/_data/code_events.xml": "8370dec3df47f91df4cf79da253446ad11b29f4ea568fe76c774e97a0379f0eb",
    "src/addons/FS/DownloadThreadAttachments/_data/code_event_listeners.xml": "d6b5072f4909dee7a20ee9e44b163f95c8aa52e6ac7f573e292000cd9238c331",
    "src/addons/FS/DownloadThreadAttachments/_data/content_type_fields.xml": "c7ad5472b28f465b7ac7617627707eba1b7a39d28089460d52e1ed292fc0b06a",
    "src/addons/FS/DownloadThreadAttachments/_data/cron.xml": "48e42b14bc33cca2c208f842ba32b18dcf7921f780bbfffa5c9e8dea7a4f3a9f",
    "src/addons/FS/DownloadThreadAttachments/_data/help_pages.xml": "a8a0c0b06cdc550438bc8a8d385af3e1e5ab3459877dfb934c1c31be59c89163",
    "src/addons/FS/DownloadThreadAttachments/_data/member_stats.xml": "89fb2b93ff1eca7a1f6f752248edf6090dfd24037db1446fd18ff7143f08124d",
    "src/addons/FS/DownloadThreadAttachments/_data/navigation.xml": "f75e1c03a45a360bbdfcd0567121665082315068475d5b0feb8b1acbb1688651",
    "src/addons/FS/DownloadThreadAttachments/_data/options.xml": "1cea29aa5671733d85c8fc6f7c66128eacbca5643cbb38585eb82002879b51a4",
    "src/addons/FS/DownloadThreadAttachments/_data/option_groups.xml": "154d7a89664b243d0bd8227c22e241f934bf7e196c83230ee23d3c0c4fba1333",
    "src/addons/FS/DownloadThreadAttachments/_data/permissions.xml": "7e4fc7d5826733d15ea2d8936b9bdd41afcaad810eb38e50da3c8d8eafda1550",
    "src/addons/FS/DownloadThreadAttachments/_data/permission_interface_groups.xml": "3177224e96458b829aa7fb24866dda9e0455a4922aee3d669b53f59a1ffdf5d1",
    "src/addons/FS/DownloadThreadAttachments/_data/phrases.xml": "a8ba3894a55857db7dfa3bc3aedc1592db41259aaa4c2bf4f9dbab7d6ba93824",
    "src/addons/FS/DownloadThreadAttachments/_data/routes.xml": "550fa64f9feedf137dd877b38c2684f94474619d2d83890dbb717a91b50da8f5",
    "src/addons/FS/DownloadThreadAttachments/_data/style_properties.xml": "8b8690a8512f01f219dd2da76e3d0c5f62afc1f317b87794a7331c859c36a7a8",
    "src/addons/FS/DownloadThreadAttachments/_data/style_property_groups.xml": "68e1879cb3846c42d978487aa8d5145ff3335fc39e58016878824d5cf3fd684c",
    "src/addons/FS/DownloadThreadAttachments/_data/templates.xml": "631a5b2ba10fa783b70cf227eaf912e4ccb304be74cd754bef225a93bdbdb6c5",
    "src/addons/FS/DownloadThreadAttachments/_data/template_modifications.xml": "17d00c1e746700fe05607415c39f6f3443777f727c14aef401384cbcfe830d53",
    "src/addons/FS/DownloadThreadAttachments/_data/widget_definitions.xml": "37e46965256430f24004c2e7f08ba08f9b0d1cbcc4d70e84b3f4e3ffb713e64b",
    "src/addons/FS/DownloadThreadAttachments/_data/widget_positions.xml": "a29cee66134f6bc5d75ed9df1eef21096c24401915c5b5c774389c3d7bb2d5b3"
}