<?xml version="1.0" encoding="utf-8"?>
<template_modifications>
  <modification type="public" template="thread_list_macros" modification_key="thread_grid_layout_lessv2" execution_order="10" enabled="1" action="str_replace">
    <find><![CDATA[<xf:css src="structured_list.less" />]]></find>
    <replace><![CDATA[$0
<xf:if is="in_array($thread.node_id, $xf.options.thread_grid_layout_lessv2)">
<xf:css src="thread_grid_layoutv2.less" />
</xf:if>]]></replace>
  </modification>
</template_modifications>
