<?xml version="1.0" encoding="utf-8"?>
<code_event_listeners>
  <listener event_id="app_pub_start_end" execute_order="10" callback_class="OzzModz\Badges\Listener" callback_method="appPubStartEnd" active="1"/>
  <listener event_id="app_setup" execute_order="10" callback_class="OzzModz\Badges\Listener" callback_method="appSetup" active="1"/>
  <listener event_id="criteria_template_data" execute_order="10" callback_class="OzzModz\Badges\Listener" callback_method="criteriaTemplateData" active="1"/>
  <listener event_id="criteria_user" execute_order="10" callback_class="OzzModz\Badges\Listener" callback_method="criteriaUser" active="1" description="Adding addon user criteria"/>
  <listener event_id="entity_post_delete" execute_order="10" callback_class="OzzModz\Badges\Listener" callback_method="userEntityPostDelete" active="1" hint="XF\Entity\User" description="XF\Entity\User"/>
  <listener event_id="entity_structure" execute_order="10" callback_class="OzzModz\Badges\Listener" callback_method="userEntityStructure" active="1" hint="XF\Entity\User" description="XF\Entity\User"/>
  <listener event_id="entity_structure" execute_order="10" callback_class="OzzModz\Badges\Listener" callback_method="userOptionEntityStructure" active="1" hint="XF\Entity\UserOption" description="XF\Entity\UserOption"/>
  <listener event_id="import_importer_classes" execute_order="10" callback_class="OzzModz\Badges\Listener" callback_method="importImporterClasses" active="1"/>
</code_event_listeners>
