<?xml version="1.0" encoding="utf-8"?>
<style_properties>
  <style_property property_name="trakt_moviesMessagePosterMaxWidth" group_name="trakt_movies" title="Movie message poster max width" property_type="value" value_type="unit" value_group="trakt_movies_message" display_order="1001">
    <value>"185px"</value>
  </style_property>
  <style_property property_name="trakt_moviesMessageSidebarWidth" group_name="trakt_movies" title="Movie message sidebar width" property_type="value" value_type="unit" value_group="trakt_movies_message" display_order="1000">
    <value>"200px"</value>
  </style_property>
  <style_property property_name="trakt_movies_castPersonLargeImageUrl" group_name="trakt_movies" title="Default cast person avatar (large)" description="Recommended size 300x450" property_type="value" value_type="string" value_group="trakt_movies_thumbnail" display_order="10010">
    <value_parameters>asset=trakt_movies_cast</value_parameters>
    <value>"data/assets/trakt_movies_cast/no-photo-large.jpg"</value>
  </style_property>
  <style_property property_name="trakt_movies_castPersonSmallImageUrl" group_name="trakt_movies" title="Default cast person avatar (small)" description="Recommended size 138x175" property_type="value" value_type="string" value_group="trakt_movies_thumbnail" display_order="10011">
    <value_parameters>asset=trakt_movies_cast</value_parameters>
    <value>"data/assets/trakt_movies_cast/no-photo-small.jpg"</value>
  </style_property>
  <style_property property_name="trakt_movies_crewPersonLargeImageUrl" group_name="trakt_movies" title="Default crew person avatar (large)" description="Recommended size 300x450" property_type="value" value_type="string" value_group="trakt_movies_thumbnail" display_order="10000">
    <value_parameters>asset=snog_movies_crew</value_parameters>
    <value>"data/assets/trakt_movies_crew/no-photo-large.jpg"</value>
  </style_property>
  <style_property property_name="trakt_movies_crewPersonSmallImageUrl" group_name="trakt_movies" title="Default crew person avatar (small)" description="Recommended size 138x175" property_type="value" value_type="string" value_group="trakt_movies_thumbnail" display_order="10001">
    <value_parameters>asset=trakt_movies_crew_small</value_parameters>
    <value>"data/assets/trakt_movies_crew/no-photo-small.jpg"</value>
  </style_property>
  <style_property property_name="trakt_movies_messageCompaniesPosition" group_name="trakt_movies" title="Movie production company list position" property_type="value" value_type="radio" display_order="20">
    <value_parameters>left={{ phrase('left') }}
right={{ phrase('right') }}</value_parameters>
    <value>"right"</value>
  </style_property>
  <style_property property_name="trakt_movies_messageCompaniesTitle" group_name="trakt_movies" title="Show movies production company list block title" property_type="value" value_type="boolean" display_order="21">
    <value>0</value>
  </style_property>
  <style_property property_name="trakt_movies_messagePosterPosition" group_name="trakt_movies" title="Movie poster position" description="Select the position for the Movie Poster in threads. Note that this will invert the settings below." property_type="value" value_type="radio" display_order="10">
    <value_parameters>left= {{ phrase('left') }}
right= {{ phrase('right') }}</value_parameters>
    <value>"left"</value>
  </style_property>
  <style_property property_name="trakt_movies_posterImageHeight" group_name="trakt_movies" title="Thread list poster image height" property_type="value" value_type="unit" value_group="trakt_movies_threadList" display_order="101">
    <value>"auto"</value>
  </style_property>
  <style_property property_name="trakt_movies_posterImageWidth" group_name="trakt_movies" title="Thread list poster image width" property_type="value" value_type="unit" value_group="trakt_movies_threadList" display_order="100">
    <value>"75px"</value>
  </style_property>
  <style_property property_name="trakt_movies_posterUpdateButtonPosition" group_name="trakt_movies" title="Check poster updates button position" property_type="value" value_type="radio" display_order="11">
    <value_parameters>default={{ phrase('default') }}
thread_tools_menu={{ phrase('trakt_movies_thread_tools_menu') }}</value_parameters>
    <value>"default"</value>
  </style_property>
  <style_property property_name="trakt_movies_productionCompanyImgHeight" group_name="trakt_movies" title="Production company image height" property_type="value" value_type="unit" value_group="trakt_movies_message" display_order="1051">
    <value>"30px"</value>
  </style_property>
  <style_property property_name="trakt_movies_productionCompanyImgWidth" group_name="trakt_movies" title="Production company image width" property_type="value" value_type="unit" value_group="trakt_movies_message" display_order="1052">
    <value>"auto"</value>
  </style_property>
  <style_property property_name="trakt_movies_watchProviderImgSize" group_name="trakt_movies" title="Watch provider image size" property_type="value" value_type="unit" value_group="trakt_movies_message" display_order="1050">
    <value_parameters>units={{ phrase('units_pixels') }}</value_parameters>
    <value>"48px"</value>
  </style_property>
</style_properties>
