{
    "src/addons/FS/ThreadChangeArticle/addon.json": "b3543fb40cf84523124682ce268d2245d7d5169766506e19f0c3585d124058a7",
    "src/addons/FS/ThreadChangeArticle/Service/Upload.php": "cbf1712211873b6ba61c07cad129de0d334e01c8261ee224d1740d6b44a067e9",
    "src/addons/FS/ThreadChangeArticle/Setup.php": "bad9133fdfc6376d6976fde2b30446bf37741e28294cfa979ca33c81fd52033e",
    "src/addons/FS/ThreadChangeArticle/XF/Entity/Thread.php": "e216f62845f84c8f555a58bf4d6aaa3f1ce17d1d0b6d661fd40d3cda461916f6",
    "src/addons/FS/ThreadChangeArticle/XF/Entity/User.php": "1daba50cf2299d8d6560984c99346fad54715477e7fac1523797cf366a8f4996",
    "src/addons/FS/ThreadChangeArticle/XF/Pub/Controller/Thread.php": "698c65730e7fb0ff36ffcc0f190e4064ac42695a26c58ec66a997c1dacabac23",
    "src/addons/FS/ThreadChangeArticle/XF/Service/Auction/Replier.php": "515ca2ee11bee15fd3e90b8f55455dbf1ae19a65dadbc85a64c7109b33d64110",
    "src/addons/FS/ThreadChangeArticle/XF/Service/Replier.php": "901c19cc99a1851fdf2b907bb5e4d83b06ad130b93a18dd244533cbd03db728e",
    "src/addons/FS/ThreadChangeArticle/XF/Service/Thread/Creator.php": "5e4e0480237d7c14694087c7167005fb55d3efabe491c72904b0f893582d096b",
    "src/addons/FS/ThreadChangeArticle/_data/activity_summary_definitions.xml": "99d8c2563a31320d66f958fc8bda78613545f5f7959bb3cf5318805e3a3c39d2",
    "src/addons/FS/ThreadChangeArticle/_data/admin_navigation.xml": "064ec797484ac00d5ee37367b50b06846d11f480d00550997712707f8fdac8c0",
    "src/addons/FS/ThreadChangeArticle/_data/admin_permission.xml": "ec6fb97cebf0bceb24f1ed1d5778c1db54eeb7535fbb3e31d824840e7aa9ff87",
    "src/addons/FS/ThreadChangeArticle/_data/advertising_positions.xml": "d2f7cbe844bb1df3cf878d22ff6306249245c8ff6b0b87b9b729744bec538261",
    "src/addons/FS/ThreadChangeArticle/_data/api_scopes.xml": "6793eaf758f140e8137187ba20e65f4faccf53410433ae3ad7a8b3b38cb6b3b7",
    "src/addons/FS/ThreadChangeArticle/_data/bb_codes.xml": "faa4ddd5f4a365e5ac39aebdcbe2d25aedf74e7eb9ea4a812766e2fd5e13bdb1",
    "src/addons/FS/ThreadChangeArticle/_data/bb_code_media_sites.xml": "29762987990187b33e43cfb68c08dc917b2d3f0176613d78f8e6c453f82da3f3",
    "src/addons/FS/ThreadChangeArticle/_data/class_extensions.xml": "7e7bdb50be436e851e919c150c30f5b846ad9f3ba88db7bb818add8cc87a8080",
    "src/addons/FS/ThreadChangeArticle/_data/code_events.xml": "8370dec3df47f91df4cf79da253446ad11b29f4ea568fe76c774e97a0379f0eb",
    "src/addons/FS/ThreadChangeArticle/_data/code_event_listeners.xml": "d6b5072f4909dee7a20ee9e44b163f95c8aa52e6ac7f573e292000cd9238c331",
    "src/addons/FS/ThreadChangeArticle/_data/content_type_fields.xml": "c7ad5472b28f465b7ac7617627707eba1b7a39d28089460d52e1ed292fc0b06a",
    "src/addons/FS/ThreadChangeArticle/_data/cron.xml": "323c4284742ef24329cd6db6f288eb9736d2353f36852e1db12591e1583aea26",
    "src/addons/FS/ThreadChangeArticle/_data/help_pages.xml": "a8a0c0b06cdc550438bc8a8d385af3e1e5ab3459877dfb934c1c31be59c89163",
    "src/addons/FS/ThreadChangeArticle/_data/member_stats.xml": "89fb2b93ff1eca7a1f6f752248edf6090dfd24037db1446fd18ff7143f08124d",
    "src/addons/FS/ThreadChangeArticle/_data/navigation.xml": "f75e1c03a45a360bbdfcd0567121665082315068475d5b0feb8b1acbb1688651",
    "src/addons/FS/ThreadChangeArticle/_data/options.xml": "ee353a13bb45c3b5093b007d6baad73976fc9405879e3a69a6247fb2f613d357",
    "src/addons/FS/ThreadChangeArticle/_data/option_groups.xml": "105204e70ca986dcd81ead0d03c9f26f99a4368e091ec62be78de14d2e34f6b5",
    "src/addons/FS/ThreadChangeArticle/_data/permissions.xml": "af8d6c50f011ff52883214ca4c4da9e0d22e6b1e7f1f2848e70aeb3ab4095688",
    "src/addons/FS/ThreadChangeArticle/_data/permission_interface_groups.xml": "48a07421f022e6ac21704baa2527389694bd309ff5a873b2c7cad46bba2a0a2b",
    "src/addons/FS/ThreadChangeArticle/_data/phrases.xml": "bea30130468d5e888b5200cc89bdc1018df67aba0b4f59c88aa4d4ce647d8ec8",
    "src/addons/FS/ThreadChangeArticle/_data/routes.xml": "550fa64f9feedf137dd877b38c2684f94474619d2d83890dbb717a91b50da8f5",
    "src/addons/FS/ThreadChangeArticle/_data/style_properties.xml": "8b8690a8512f01f219dd2da76e3d0c5f62afc1f317b87794a7331c859c36a7a8",
    "src/addons/FS/ThreadChangeArticle/_data/style_property_groups.xml": "68e1879cb3846c42d978487aa8d5145ff3335fc39e58016878824d5cf3fd684c",
    "src/addons/FS/ThreadChangeArticle/_data/templates.xml": "b99e4e66025f3f57ceb931e58260fd3f7d84faf7b84dbe2f43fc1d97e13de8b2",
    "src/addons/FS/ThreadChangeArticle/_data/template_modifications.xml": "da74b7f6c8411c4fba116aafeb0fa7ef78372686e140ed2851ca1cc37e2ba612",
    "src/addons/FS/ThreadChangeArticle/_data/widget_definitions.xml": "37e46965256430f24004c2e7f08ba08f9b0d1cbcc4d70e84b3f4e3ffb713e64b",
    "src/addons/FS/ThreadChangeArticle/_data/widget_positions.xml": "a29cee66134f6bc5d75ed9df1eef21096c24401915c5b5c774389c3d7bb2d5b3",
    "styles/new-theme/fonts/LiberationSans-Bold.woff": "90ffdb0b059237ff592f7299479e395f1b1cb81acf554577954354f194bb7756",
    "styles/new-theme/fonts/LiberationSans-Bold.woff2": "1755e20c03b88dba865210ee50b5edacbb22f78a7c832514530e67c79a6e6cb8",
    "styles/new-theme/fonts/nebula-regular-webfont.woff": "fbf7ecf46c26750b9573438f3df8dad89fbf62ed38a167696350fc8fdbeee4b7",
    "styles/new-theme/fonts/nebula-regular-webfont.woff2": "b57b64f1e34e1429419016939689e7b8277aa418aa68c4f8e60e86f4913385d2"
}