{
    "src/addons/AL/FilterFramework/AbstractContentTypeProvider.php": "e70c41925e2a69207c2221ba58eca27e007e3b84ae274761d5374c418fa2ee1a",
    "src/addons/AL/FilterFramework/ActiveFilterInfo.php": "fb5bd4a44f4375b0744a89aaa52e9297713c599f2e8a89ed2b8a9ac96726c2f4",
    "src/addons/AL/FilterFramework/addon.json": "977c829422af1da8aebfee362bd900857bf2b894df6f6d43c44450d04958a7ed",
    "src/addons/AL/FilterFramework/ChoiceCacheTrait.php": "0886b3df03b23f6fe1674ffcce7b4ff55ca49f580ab8dd7d9dbc1f63d9e9d622",
    "src/addons/AL/FilterFramework/ContentTypeProviderInterface.php": "27926febb7ea1dcffcb70e52cb149c328be754827686ec2259f25642f71c286f",
    "src/addons/AL/FilterFramework/Data/FacetedSearchData.php": "c797bec47e2359094647aed088b7ff9324c2fbd0e283db479661b189b0ab834b",
    "src/addons/AL/FilterFramework/DataSourceInterface.php": "d521358995949019ee35010807e17806cde1941bc41d3516b4a8632f2684106e",
    "src/addons/AL/FilterFramework/Entity/BaseFieldIndexEntity.php": "3390aa3e93cd6153fa8316f69a01b57f1e5bd571a7e188a9f396c0c604015eda",
    "src/addons/AL/FilterFramework/Entity/FieldData.php": "66f6f6cafb6bd7fc000917a1775778f41c26855463d24940c788a86c391efcb7",
    "src/addons/AL/FilterFramework/Entity/FieldIndexEntityInterface.php": "9d77aeae2a6dc548ed53ae05d3e116bdb872dfad9647d6f03e44ec87e07ae39c",
    "src/addons/AL/FilterFramework/Entity/SearchCache.php": "ee9d2f4ebed88fdcf7b32317f8b857a6b991ffd37836f648f679a68db9e92881",
    "src/addons/AL/FilterFramework/Entity/SearchIndex.php": "513a4f53155c151c14910fdc8ad5b3a8cc3783dc257a774d144e2e51ea97d3fb",
    "src/addons/AL/FilterFramework/Extension.php": "5f5646a2fd17747bdc3c70232f8d92fd94ebcb2570441bbabd1e2e04e7edf7f5",
    "src/addons/AL/FilterFramework/FacetedDefinitionInterface.php": "81b5a90b54e357d4ab84eea0446c8391e685798bafae6382975758184dbb60b2",
    "src/addons/AL/FilterFramework/FacetedSearchInfo.php": "45ed758dffafc5838abf0a8ba3fbe2b874c3780e9d25799521633d1d1f2326bf",
    "src/addons/AL/FilterFramework/Field/AbstractField.php": "f1e92a81f2761155562dca9fa9bd382b812028325775776adb4d021c40a6ea30",
    "src/addons/AL/FilterFramework/Field/ColorField.php": "019d1b5fc4b4f03e3497c73f182e7fef88cddaf68806d3eb679e572060b2b40b",
    "src/addons/AL/FilterFramework/Field/FloatField.php": "2fd27d21a001b655d911c0ed936f7cd1ff5caffdea58d25724add231b1485107",
    "src/addons/AL/FilterFramework/Field/FreeTextField.php": "49df5b86255537e304701e32836cf1ea1e89b578cf4181bf5485a7d23dd41382",
    "src/addons/AL/FilterFramework/Field/IntField.php": "9e3d1fe3a9c2d5ce69bae8ca22b9f51fb782e6616e21495a0649d347739a3d21",
    "src/addons/AL/FilterFramework/Field/LocationField.php": "3ca547ea81d8b7250a2555aa9aa6921fa1ca9ad8ee201b5da27803cba86b6a12",
    "src/addons/AL/FilterFramework/Field/MultipleChoiceField.php": "9c9e3a11e943143e8f1b132707b8016d2512c2e7c65ed641be329befd1b92dd7",
    "src/addons/AL/FilterFramework/Field/SingleChoiceField.php": "f0ff06487f88a6e1a2031ffc9824dd3472fd8bd97cfa80b1a07c28f0a4f739a7",
    "src/addons/AL/FilterFramework/FilterApp.php": "70b4beef098ec5f7a8d94c4b07675423761a609ba03da002e70cb4931018963b",
    "src/addons/AL/FilterFramework/FilterSetupInterface.php": "1dd64ff074c0d38e538238ec1168559629487f98723f9ba2fe1a179e5b30db3c",
    "src/addons/AL/FilterFramework/Flags.php": "18ec2fd8b28d700f7639abf25a0b013d4381de7101482487493db05c1edafb9e",
    "src/addons/AL/FilterFramework/FrameworkSetup.php": "467c2579df76590632281f0a30e14ef4009c3021457e3cc1c45f45e25eddd0dd",
    "src/addons/AL/FilterFramework/icon.png": "81748bf414bcbb297463f7e8a745f1816b15918214d4625062792c45ae21b59e",
    "src/addons/AL/FilterFramework/Listener/AppSetup.php": "c997bc09ef23b0733776973a939cb1b2fe7eb9233b4a05b169481c9f009c779f",
    "src/addons/AL/FilterFramework/RebuildNestedSetTrait.php": "d02e0f2226da08ab5a255f773ad199fc3bcc13ec6c7a3934c7059df27a861ccb",
    "src/addons/AL/FilterFramework/Repository/Logger.php": "3efb32a2e43a668aa42df668ff2fad781959d475fd220f4b42b71c637dd30709",
    "src/addons/AL/FilterFramework/RootFinder.php": "8971faf9de262176ff5101933c4e91107c8411df7cd93e3677c46e8cb06d8e64",
    "src/addons/AL/FilterFramework/Search/Data/BaseFieldIndexSearchData.php": "374b0b4064c86d881421c096b073a252b1f98dbb73cbd7bcba2ffda7eab2c349",
    "src/addons/AL/FilterFramework/Service/ActiveFilterHelper.php": "70cdebf58f2ff021a8a08dfe40560fbc062d3871b094c7245511e3b847d4ff7b",
    "src/addons/AL/FilterFramework/Service/CachedSearchProvider.php": "b7687ad2faae54fea64cd1dbb796d4af7a0ee9e1b6cc9c2eaddd1e67eab3615d",
    "src/addons/AL/FilterFramework/Service/ColorConverter.php": "f40484b1a84b1a068a5d857bd3e2418666b093b71ac0c7031ed19f03c794785d",
    "src/addons/AL/FilterFramework/Service/ContextProvider.php": "2d6de5e61d52834f816f086d1e2b3bc6f55344b733614e2be87efd84bbc23c5e",
    "src/addons/AL/FilterFramework/Service/DisplayFormatter.php": "3f9f4144eff9323f80e9d99f99c31139f3878edccae984706ccb3fca7fc7fed5",
    "src/addons/AL/FilterFramework/Service/ElasticSource.php": "68e47d33217aaaef7ce3e866aa3ebbfa6386dbc5b6e830009586dd3348730999",
    "src/addons/AL/FilterFramework/Service/EsMappingHelper.php": "b70eebe11f4fa4f0378edf64f469ae6a294f401d8c504e51bb2e11484fd00018",
    "src/addons/AL/FilterFramework/Service/ExtendedAttributeSearcher.php": "5f61093a2dc65be147080696dc1e89307ae7e43d15a392bce861429f0a9b903f",
    "src/addons/AL/FilterFramework/Service/FacetedSearchProvider.php": "ffc69d0dabd2dc66d479c4d03883e5335ddb8276073bb638564e94fc504553f3",
    "src/addons/AL/FilterFramework/Service/FieldCreator.php": "3de7897f6019058402b6b425bb97ca5e03191982074ad3436369134081b84ebb",
    "src/addons/AL/FilterFramework/Service/FieldIndexAccessor.php": "bfd293bb9814a5e1fc7aa9c163b1ece48dbfae988fec265d56f720a3cd919775",
    "src/addons/AL/FilterFramework/Service/FieldIndexer.php": "bf3a82f8189cc210b17cda32bd2b3f35e024549a275812a07187d59b6e6ad4ce",
    "src/addons/AL/FilterFramework/Service/FieldSaver.php": "f015c0b60f88bf747c17a13dfe27d8d442ff63142288fc2c39fad91a84a0dfa7",
    "src/addons/AL/FilterFramework/Service/FieldSorter.php": "03f3d2d0c8bdfe760360c6e79e8ddbeaaa2f4dbd2bdc7cdb6c5799c97a00a60c",
    "src/addons/AL/FilterFramework/Service/GeoLocator.php": "e237f31f3deaae46e5dde201f72c3b00cbc7db6fda317cffd73840fceb7bd6bc",
    "src/addons/AL/FilterFramework/Service/InputTransformer.php": "61d80c5afea3df946b70efcc69ed2c55f3aeef7b2a92757bdc18316eb61b514e",
    "src/addons/AL/FilterFramework/Service/MySqlSource.php": "faf2437d6f71557ee8478f437301ddcb139c1cfb13388241ea96ec3c99a8306d",
    "src/addons/AL/FilterFramework/Service/PrefixProvider.php": "f45a57140bf9ec401230e5beba7c3b373024fbdb25aad2b8f29cb3b597a22df7",
    "src/addons/AL/FilterFramework/Service/RequestHelper.php": "4280bb96d219667f57cdd2075e810b91cdab32191ad896e97cc7885e6a8bff4b",
    "src/addons/AL/FilterFramework/Service/TotalCountCalculator.php": "d20ac730674827764e74c1e9ec7640492b8cb5a493da840d2a0c2c1011c0cd67",
    "src/addons/AL/FilterFramework/Service/TypeProvider.php": "0ee0ed47248aebe71ac6e98dffd551530e7989b7f8d33281929fe2a90c46eb71",
    "src/addons/AL/FilterFramework/Setup.php": "f5fa66fc0f93df55eda476d7cbe2cca3d6fa4a0eb0166aa9559471f98253b3e9",
    "src/addons/AL/FilterFramework/XF/Entity/SessionActivity.php": "1a398dc71bd21403034164896c22a4083c5c33bce7c4de2e81d134e58982ee28",
    "src/addons/AL/FilterFramework/_data/activity_summary_definitions.xml": "99d8c2563a31320d66f958fc8bda78613545f5f7959bb3cf5318805e3a3c39d2",
    "src/addons/AL/FilterFramework/_data/admin_navigation.xml": "064ec797484ac00d5ee37367b50b06846d11f480d00550997712707f8fdac8c0",
    "src/addons/AL/FilterFramework/_data/admin_permission.xml": "ec6fb97cebf0bceb24f1ed1d5778c1db54eeb7535fbb3e31d824840e7aa9ff87",
    "src/addons/AL/FilterFramework/_data/advertising_positions.xml": "d2f7cbe844bb1df3cf878d22ff6306249245c8ff6b0b87b9b729744bec538261",
    "src/addons/AL/FilterFramework/_data/api_scopes.xml": "6793eaf758f140e8137187ba20e65f4faccf53410433ae3ad7a8b3b38cb6b3b7",
    "src/addons/AL/FilterFramework/_data/bb_codes.xml": "faa4ddd5f4a365e5ac39aebdcbe2d25aedf74e7eb9ea4a812766e2fd5e13bdb1",
    "src/addons/AL/FilterFramework/_data/bb_code_media_sites.xml": "29762987990187b33e43cfb68c08dc917b2d3f0176613d78f8e6c453f82da3f3",
    "src/addons/AL/FilterFramework/_data/class_extensions.xml": "2352bbf78fde417d4cd17553ed806baf2af9922545c141505f2f3b1f84f024f9",
    "src/addons/AL/FilterFramework/_data/code_events.xml": "951a1a74a5661b5c30946fb363fa3ebe9008fd416b0c293324b0206809452170",
    "src/addons/AL/FilterFramework/_data/code_event_listeners.xml": "3fb993f034f52efa1891beacd3651b450d171b1068aef964ea88f7c7f811f16a",
    "src/addons/AL/FilterFramework/_data/content_type_fields.xml": "c7ad5472b28f465b7ac7617627707eba1b7a39d28089460d52e1ed292fc0b06a",
    "src/addons/AL/FilterFramework/_data/cron.xml": "323c4284742ef24329cd6db6f288eb9736d2353f36852e1db12591e1583aea26",
    "src/addons/AL/FilterFramework/_data/help_pages.xml": "a8a0c0b06cdc550438bc8a8d385af3e1e5ab3459877dfb934c1c31be59c89163",
    "src/addons/AL/FilterFramework/_data/member_stats.xml": "89fb2b93ff1eca7a1f6f752248edf6090dfd24037db1446fd18ff7143f08124d",
    "src/addons/AL/FilterFramework/_data/navigation.xml": "f75e1c03a45a360bbdfcd0567121665082315068475d5b0feb8b1acbb1688651",
    "src/addons/AL/FilterFramework/_data/options.xml": "a732e9bd44179fad657814bbf9eaadda74b66cb9708e48a3c6e62ff3d16d479e",
    "src/addons/AL/FilterFramework/_data/option_groups.xml": "4d5ce071d9dd8d247fc85ece9f592944e04dd93d416f624f60d56c304e569296",
    "src/addons/AL/FilterFramework/_data/permissions.xml": "7e4fc7d5826733d15ea2d8936b9bdd41afcaad810eb38e50da3c8d8eafda1550",
    "src/addons/AL/FilterFramework/_data/permission_interface_groups.xml": "3177224e96458b829aa7fb24866dda9e0455a4922aee3d669b53f59a1ffdf5d1",
    "src/addons/AL/FilterFramework/_data/phrases.xml": "e17e343737ce0f117d44cd6767a538f3768b3bbfd87beae76d38a2be115a1159",
    "src/addons/AL/FilterFramework/_data/routes.xml": "550fa64f9feedf137dd877b38c2684f94474619d2d83890dbb717a91b50da8f5",
    "src/addons/AL/FilterFramework/_data/style_properties.xml": "8b8690a8512f01f219dd2da76e3d0c5f62afc1f317b87794a7331c859c36a7a8",
    "src/addons/AL/FilterFramework/_data/style_property_groups.xml": "68e1879cb3846c42d978487aa8d5145ff3335fc39e58016878824d5cf3fd684c",
    "src/addons/AL/FilterFramework/_data/templates.xml": "95d4b078b90e74e773cef6695ef94c742e74b8d62e6798738f11f0215a58faee",
    "src/addons/AL/FilterFramework/_data/template_modifications.xml": "3b54b7df00a6a4a18c5e012b6e2588e35c23aaa13a5fc227f08646a97590d778",
    "src/addons/AL/FilterFramework/_data/widget_definitions.xml": "37e46965256430f24004c2e7f08ba08f9b0d1cbcc4d70e84b3f4e3ffb713e64b",
    "src/addons/AL/FilterFramework/_data/widget_positions.xml": "a29cee66134f6bc5d75ed9df1eef21096c24401915c5b5c774389c3d7bb2d5b3"
}