{
    "src/addons/XC/TebexPayment/addon.json": "8b13ce7b08b48b4a63bb24c2b28400b37143660cc94a47a42c36dae3aaee2b0b",
    "src/addons/XC/TebexPayment/Payment/Tebex.php": "d6b65e9af7c0bd1bdf664394a29368a5ac4ca2434d71b7a45890da556e35c9fe",
    "src/addons/XC/TebexPayment/Setup.php": "f02c97719194411d445bd2c169db3dde99f6f5245a46f2a21f5978b93b87694d",
    "src/addons/XC/TebexPayment/XF/Admin/Controller/UserGroup.php": "3431babcea6f8a5302d8a8e681e3d176426f6bdfea072099e9df96d31cb86a07",
    "src/addons/XC/TebexPayment/XF/Entity/UserGroup.php": "efc2b2540bbcbd5fd3e259b599035894ec2bdbf48431d3b4391686af0b7d4f63",
    "src/addons/XC/TebexPayment/_data/activity_summary_definitions.xml": "99d8c2563a31320d66f958fc8bda78613545f5f7959bb3cf5318805e3a3c39d2",
    "src/addons/XC/TebexPayment/_data/admin_navigation.xml": "064ec797484ac00d5ee37367b50b06846d11f480d00550997712707f8fdac8c0",
    "src/addons/XC/TebexPayment/_data/admin_permission.xml": "ec6fb97cebf0bceb24f1ed1d5778c1db54eeb7535fbb3e31d824840e7aa9ff87",
    "src/addons/XC/TebexPayment/_data/advertising_positions.xml": "d2f7cbe844bb1df3cf878d22ff6306249245c8ff6b0b87b9b729744bec538261",
    "src/addons/XC/TebexPayment/_data/api_scopes.xml": "6793eaf758f140e8137187ba20e65f4faccf53410433ae3ad7a8b3b38cb6b3b7",
    "src/addons/XC/TebexPayment/_data/bb_codes.xml": "faa4ddd5f4a365e5ac39aebdcbe2d25aedf74e7eb9ea4a812766e2fd5e13bdb1",
    "src/addons/XC/TebexPayment/_data/bb_code_media_sites.xml": "29762987990187b33e43cfb68c08dc917b2d3f0176613d78f8e6c453f82da3f3",
    "src/addons/XC/TebexPayment/_data/class_extensions.xml": "e60f09eecc20adeacfd02bef11c734e429fc2607cde9d79e1c4a32cc2b2e4c61",
    "src/addons/XC/TebexPayment/_data/code_events.xml": "8370dec3df47f91df4cf79da253446ad11b29f4ea568fe76c774e97a0379f0eb",
    "src/addons/XC/TebexPayment/_data/code_event_listeners.xml": "d6b5072f4909dee7a20ee9e44b163f95c8aa52e6ac7f573e292000cd9238c331",
    "src/addons/XC/TebexPayment/_data/content_type_fields.xml": "c7ad5472b28f465b7ac7617627707eba1b7a39d28089460d52e1ed292fc0b06a",
    "src/addons/XC/TebexPayment/_data/cron.xml": "323c4284742ef24329cd6db6f288eb9736d2353f36852e1db12591e1583aea26",
    "src/addons/XC/TebexPayment/_data/help_pages.xml": "a8a0c0b06cdc550438bc8a8d385af3e1e5ab3459877dfb934c1c31be59c89163",
    "src/addons/XC/TebexPayment/_data/member_stats.xml": "89fb2b93ff1eca7a1f6f752248edf6090dfd24037db1446fd18ff7143f08124d",
    "src/addons/XC/TebexPayment/_data/navigation.xml": "f75e1c03a45a360bbdfcd0567121665082315068475d5b0feb8b1acbb1688651",
    "src/addons/XC/TebexPayment/_data/options.xml": "1cea29aa5671733d85c8fc6f7c66128eacbca5643cbb38585eb82002879b51a4",
    "src/addons/XC/TebexPayment/_data/option_groups.xml": "154d7a89664b243d0bd8227c22e241f934bf7e196c83230ee23d3c0c4fba1333",
    "src/addons/XC/TebexPayment/_data/permissions.xml": "7e4fc7d5826733d15ea2d8936b9bdd41afcaad810eb38e50da3c8d8eafda1550",
    "src/addons/XC/TebexPayment/_data/permission_interface_groups.xml": "3177224e96458b829aa7fb24866dda9e0455a4922aee3d669b53f59a1ffdf5d1",
    "src/addons/XC/TebexPayment/_data/phrases.xml": "11e983ce953fcb352a605aa510cf76a596ab1e6e14373c5c828d41347c018297",
    "src/addons/XC/TebexPayment/_data/routes.xml": "550fa64f9feedf137dd877b38c2684f94474619d2d83890dbb717a91b50da8f5",
    "src/addons/XC/TebexPayment/_data/style_properties.xml": "8b8690a8512f01f219dd2da76e3d0c5f62afc1f317b87794a7331c859c36a7a8",
    "src/addons/XC/TebexPayment/_data/style_property_groups.xml": "68e1879cb3846c42d978487aa8d5145ff3335fc39e58016878824d5cf3fd684c",
    "src/addons/XC/TebexPayment/_data/templates.xml": "a2bd732ffbdbe42b595a1c91b67488b18c6463c55767ba7b8a354b8a33d80cdc",
    "src/addons/XC/TebexPayment/_data/template_modifications.xml": "841293d5fe552be2f6677cc88a152ab085f66d7acdf159d56a03d0688b19a938",
    "src/addons/XC/TebexPayment/_data/widget_definitions.xml": "37e46965256430f24004c2e7f08ba08f9b0d1cbcc4d70e84b3f4e3ffb713e64b",
    "src/addons/XC/TebexPayment/_data/widget_positions.xml": "a29cee66134f6bc5d75ed9df1eef21096c24401915c5b5c774389c3d7bb2d5b3",
    "tebex_callback.php": "7a5f8d496a9892abd950636bf99ceda87dd7578e358afb1b74dd6544cdd205b1",
    "web.php": "e2b2f50563ff4d2e735186e3b35b3503422864ec52e1dfab25445cfa91853af3"
}