{
    "src/addons/FS/BanUserChanges/addon.json": "17628515223c22f33259e5369bf208fe532cc8a5f05b5c1f02c4b04aac8e04c5",
    "src/addons/FS/BanUserChanges/Pub/Controller/BannedUsers.php": "a42923cdf1bc47dedbfe2535c5a8b40dc98607d61b43b0727b2cf1632db03549",
    "src/addons/FS/BanUserChanges/Setup.php": "34e83fdaa2ab2a039132c45927e4c6bffaa6fc78190849c175a5c2e5d1ea961b",
    "src/addons/FS/BanUserChanges/_data/activity_summary_definitions.xml": "99d8c2563a31320d66f958fc8bda78613545f5f7959bb3cf5318805e3a3c39d2",
    "src/addons/FS/BanUserChanges/_data/admin_navigation.xml": "064ec797484ac00d5ee37367b50b06846d11f480d00550997712707f8fdac8c0",
    "src/addons/FS/BanUserChanges/_data/admin_permission.xml": "ec6fb97cebf0bceb24f1ed1d5778c1db54eeb7535fbb3e31d824840e7aa9ff87",
    "src/addons/FS/BanUserChanges/_data/advertising_positions.xml": "d2f7cbe844bb1df3cf878d22ff6306249245c8ff6b0b87b9b729744bec538261",
    "src/addons/FS/BanUserChanges/_data/api_scopes.xml": "6793eaf758f140e8137187ba20e65f4faccf53410433ae3ad7a8b3b38cb6b3b7",
    "src/addons/FS/BanUserChanges/_data/bb_codes.xml": "faa4ddd5f4a365e5ac39aebdcbe2d25aedf74e7eb9ea4a812766e2fd5e13bdb1",
    "src/addons/FS/BanUserChanges/_data/bb_code_media_sites.xml": "29762987990187b33e43cfb68c08dc917b2d3f0176613d78f8e6c453f82da3f3",
    "src/addons/FS/BanUserChanges/_data/class_extensions.xml": "1f548b8006e9952a3f5889f71e09fdfa6726ac1a47c1af7b2626d1a88920d5a4",
    "src/addons/FS/BanUserChanges/_data/code_events.xml": "8370dec3df47f91df4cf79da253446ad11b29f4ea568fe76c774e97a0379f0eb",
    "src/addons/FS/BanUserChanges/_data/code_event_listeners.xml": "d6b5072f4909dee7a20ee9e44b163f95c8aa52e6ac7f573e292000cd9238c331",
    "src/addons/FS/BanUserChanges/_data/content_type_fields.xml": "c7ad5472b28f465b7ac7617627707eba1b7a39d28089460d52e1ed292fc0b06a",
    "src/addons/FS/BanUserChanges/_data/cron.xml": "323c4284742ef24329cd6db6f288eb9736d2353f36852e1db12591e1583aea26",
    "src/addons/FS/BanUserChanges/_data/help_pages.xml": "a8a0c0b06cdc550438bc8a8d385af3e1e5ab3459877dfb934c1c31be59c89163",
    "src/addons/FS/BanUserChanges/_data/member_stats.xml": "89fb2b93ff1eca7a1f6f752248edf6090dfd24037db1446fd18ff7143f08124d",
    "src/addons/FS/BanUserChanges/_data/navigation.xml": "f75e1c03a45a360bbdfcd0567121665082315068475d5b0feb8b1acbb1688651",
    "src/addons/FS/BanUserChanges/_data/options.xml": "5a37a846c57c48bbc9629323378fe06e38582c9e3c5311a462cabb4b35f7de4c",
    "src/addons/FS/BanUserChanges/_data/option_groups.xml": "7ce5005e75232a209456b72f3699d9fd372161845b07ddbef245b7f704a017ff",
    "src/addons/FS/BanUserChanges/_data/permissions.xml": "009694a9131414a1c396dda8421b6a5f41c156ff19cd156391ae75daa86d588c",
    "src/addons/FS/BanUserChanges/_data/permission_interface_groups.xml": "79b521f20667ba120c1560b3e033e18b16bfb448d5ee8751bf58585e18308d37",
    "src/addons/FS/BanUserChanges/_data/phrases.xml": "bc532130cfa076f1f4a78597c9042e3554c843405521abc64bfc472135f10c4d",
    "src/addons/FS/BanUserChanges/_data/routes.xml": "56a7080904ca7661b6f413bdba6c0eab7638dfb47c7fa5ae637775aa4592eef7",
    "src/addons/FS/BanUserChanges/_data/style_properties.xml": "8b8690a8512f01f219dd2da76e3d0c5f62afc1f317b87794a7331c859c36a7a8",
    "src/addons/FS/BanUserChanges/_data/style_property_groups.xml": "68e1879cb3846c42d978487aa8d5145ff3335fc39e58016878824d5cf3fd684c",
    "src/addons/FS/BanUserChanges/_data/templates.xml": "c28f134bb314063b536e3dedfce20a09dc57785bf66ef10d91d26266430b8b39",
    "src/addons/FS/BanUserChanges/_data/template_modifications.xml": "d3c1f1aced0fd4e26f67be4fa51a77412e3c2cd7a9bc3e3c88fce89a6760a9cd",
    "src/addons/FS/BanUserChanges/_data/widget_definitions.xml": "37e46965256430f24004c2e7f08ba08f9b0d1cbcc4d70e84b3f4e3ffb713e64b",
    "src/addons/FS/BanUserChanges/_data/widget_positions.xml": "a29cee66134f6bc5d75ed9df1eef21096c24401915c5b5c774389c3d7bb2d5b3"
}