{
    "legacy_addon_id": "",
    "title": "[AddonsLab] Thread Filter",
    "description": "",
    "version_id": 3080070,
    "version_string": "3.8.0",
    "dev": "AddonsLab",
    "dev_url": "https://addonslab.com/",
    "faq_url": "",
    "support_url": "",
    "extra_urls": [],
    "require": {
        "AL/Core": [
            1050570,
            "[AL] Core Package 1.5.5+"
        ],
        "AL/FilterFramework": [
            1000070,
            "[AL] Filter Framework 1.0.0+"
        ]
    },
    "icon": "icon.png"
}
