{
    "src/addons/AL/ThreadFilter/addon.json": "1a679cbb4c9cdd647a0e7ad1d08e67c02858f9a0b02df07f84dde90b11a7198f",
    "src/addons/AL/ThreadFilter/Api/Controller/Index.php": "bd3e75905633fb2167b8c49c16b84c1a8fd781bcfaa015a1d92ae04a2b9605cb",
    "src/addons/AL/ThreadFilter/Api/Controller/IntegrationTest.php": "7b2852b84c77e318b80f9e8d49cb5c97c3c4ea9932cc77e680bf72478d43f1ae",
    "src/addons/AL/ThreadFilter/App.php": "d7aa7eaf3e803cb116585dba472cd0791a373ebe9758541a0dd0161b674e0742",
    "src/addons/AL/ThreadFilter/Cron.php": "39415114898e248832c3505f5ebf3f76dca328594e70bfbb0e4f93a17ac30aa7",
    "src/addons/AL/ThreadFilter/Entity/ThreadFieldIndex.php": "3e6d37b4f4d564fe604e7348ac065d23a4103b19f5051c656cbde9c0794ff358",
    "src/addons/AL/ThreadFilter/Finder/ThreadFieldIndex.php": "16aa92faae6b63cc608aeb5672e53975c56ab19bc487cf540d8760ac7020d78e",
    "src/addons/AL/ThreadFilter/icon.png": "81748bf414bcbb297463f7e8a745f1816b15918214d4625062792c45ae21b59e",
    "src/addons/AL/ThreadFilter/Job/ThreadField.php": "664df1b2b7a6d39e0166e963b68c0dcc37c5e59175bce451ffa61efcb9a37984",
    "src/addons/AL/ThreadFilter/Licensing/Engine/Xf2.php": "9badb4e2efbbf89334d4650b6bdc650aa89a57eb95423a095aa32f04629ceb93",
    "src/addons/AL/ThreadFilter/Listener/TemplaterTemplatePreRender.php": "90d6d02d6ca9f694f5a0c637eeeaeedc9ca3094eca4627bbf6d1eaab4dbca7cf",
    "src/addons/AL/ThreadFilter/Pub/View/OptionList.php": "72c4a3b8dd30753258eecaf70dcd23816d1810aa331e0055a44273e21cd80979",
    "src/addons/AL/ThreadFilter/Search/Data/ThreadFieldIndex.php": "f3984dabd2b949e475c7bc69205f8507a9f6767995cfdfe7452ad952ce287aea",
    "src/addons/AL/ThreadFilter/Service/ContentTypeProvider.php": "ae40bfa16992d96e15dea36a3209fa1dcb31b7fee326c5226cd29c22b04f5672",
    "src/addons/AL/ThreadFilter/Service/ForumRequestHelper.php": "257767f257a9e81697e0bbce3d0bc9e226ebda2a3fa8761dd810fc7e042a4636",
    "src/addons/AL/ThreadFilter/Setup.php": "c6e8a8355a50369504db4bbf835b3c96a15a3380ef10b45e35d8aec872218214",
    "src/addons/AL/ThreadFilter/ThreadSearchInterface.php": "529ffa469c8b73fbab02c60c3360afe080b84f60ac823726bd71abee9a831d01",
    "src/addons/AL/ThreadFilter/Widget/ThreadFilter.php": "75e0fc35950b161519a6d9b819b87175386e52210e8c5983f656b53dc3b2eabb",
    "src/addons/AL/ThreadFilter/XF/Admin/Controller/Category.php": "71915cc875d3666f1973e84ac21cf65aba5cf61477f0e3ca7218ce3e0f0f4ee2",
    "src/addons/AL/ThreadFilter/XF/Admin/Controller/Forum.php": "881815d5541a0fc6c121c5a534ee35d5be3c431d523e8e5adb99604e2e2b5e44",
    "src/addons/AL/ThreadFilter/XF/Admin/Controller/ThreadField.php": "1fe26aa754a48f85cb5227efe8551b736089c408e14ed111e93841dd8ca8b340",
    "src/addons/AL/ThreadFilter/XF/Behavior/CustomFieldsHolder.php": "44f3782f5c35ebb9d1c9af17fdfca7f2953908abac54f497ce6dc3cb2c565a17",
    "src/addons/AL/ThreadFilter/XF/CustomField/Definition.php": "f55073b2b86dcac029c2e4a514ed41b66a800a8871fa3deedaedaf3ae14d5efe",
    "src/addons/AL/ThreadFilter/XF/Entity/Forum.php": "fc8147ef4edcd7239a79cb0d01d6e6aa61c12b52843aa74fcb0df42e060192ed",
    "src/addons/AL/ThreadFilter/XF/Entity/Node.php": "5aafa0ccd4c1ede6ec37b8f3bd8ac586e836f9336d5917411c8f5324593c3603",
    "src/addons/AL/ThreadFilter/XF/Entity/Option.php": "2f241a0aabf41968e9b4b62f6b5780ab1458fc18c68b2126ece177946049dbe6",
    "src/addons/AL/ThreadFilter/XF/Entity/Thread.php": "b7c613a5bdca4684f82eb7f2d3428634d4f71ea2e30da03893cf69f2231fb9e7",
    "src/addons/AL/ThreadFilter/XF/Entity/ThreadField.php": "aa3c91fbe17910e1fed22f5491a3b8d2d49f52b4c2a8484a8813dd6b6c90f35a",
    "src/addons/AL/ThreadFilter/XF/Entity/User.php": "07d518c305f48030845c749d3b27130802b51db1fe6b831a866ccc1b3d4f8f9b",
    "src/addons/AL/ThreadFilter/XF/Entity/WidgetDefinition.php": "be3dfa5c9284b6a3936fce0ec2364f1dc75d943e1a49aac517d94e15e979cf44",
    "src/addons/AL/ThreadFilter/XF/Pub/Controller/Forum.php": "bf354395db3ccd537a3a11a3364806afa1eb6d91163ad4db79c4836b8ab567a1",
    "src/addons/AL/ThreadFilter/XF/Pub/Controller/Search.php": "bf596816ffcc87c796cca8f19afff614092b7b2e9d8ff05a8ba12864599503b2",
    "src/addons/AL/ThreadFilter/XF/Pub/Controller/SearchControllerTrait.php": "34e1c8131a2dadcf06ec7a2e8ba213ab13b1bce2d2d0554bbd3f3e5863e9fe5d",
    "src/addons/AL/ThreadFilter/XF/Pub/Controller/XF21/Search.php": "68467f702fb93c812150c955307cf0ad95af65f2053323b54673a183907b9aa5",
    "src/addons/AL/ThreadFilter/XF/Pub/Controller/XF22/Search.php": "cf2f9e439a667a53822e710bdcc69614409a447fee4267b8c23527072c288d4a",
    "src/addons/AL/ThreadFilter/XF/Repository/ThreadField.php": "b35da54c3e10c02e8abf21bf2d506743af200acb80fe0465e84ae64fe4c3d237",
    "src/addons/AL/ThreadFilter/XF/Search/Data/Post.php": "ed0a53634d0f6db3e502d95e90c46b91ded5ac5f359cd11488edcf209cdaf33c",
    "src/addons/AL/ThreadFilter/XF/Search/Search.php": "d699a833e27200ca61e0a8d0a0c1261dc055f83883b36ebde32eb4a225568fd9",
    "src/addons/AL/ThreadFilter/XF/Search/Source/MySqlFt.php": "6bed85cbda048b85da68a33b142dc3d5df5a8cbd4d1f241d9cf3fe2c50da9596",
    "src/addons/AL/ThreadFilter/XF/Search/Source/MySqlFtTrait.php": "2710c13771c142eb9d4e1e05ff5eb050c658ad94c29c67399513271d7e3ae518",
    "src/addons/AL/ThreadFilter/XF/Search/Source/XF21/MySqlFt.php": "1e4340558917529b2d7df42df268ce215db23bfa48a8a0883f4716a84dcbc451",
    "src/addons/AL/ThreadFilter/XF/Search/Source/XF22/MySqlFt.php": "7455d3691ccdad66ad54deb5cfa52e89e09fbcc491694ebb45ec3e16ff35367b",
    "src/addons/AL/ThreadFilter/XF/Service/Node/RebuildNestedSet.php": "085729ed45ccc10aa35db1df2a3732408947a95037f4739b20d1cdc587312c13",
    "src/addons/AL/ThreadFilter/XF/Template/Templater.php": "489f8b6525767409fad2a155b790e6637de401e20b66602714177dcea93a0707",
    "src/addons/AL/ThreadFilter/XFES/Search/Source/Elasticsearch.php": "0726fa2fae40db4c92da375ba4610b7b31786fe1519f565c8156d1765d5f78d2",
    "src/addons/AL/ThreadFilter/XFES/Service/Optimizer.php": "7b8b47ffd873af8bdcc2faf54b760feb383313e63ee33b41cc11a0176841f36a",
    "src/addons/AL/ThreadFilter/_data/activity_summary_definitions.xml": "99d8c2563a31320d66f958fc8bda78613545f5f7959bb3cf5318805e3a3c39d2",
    "src/addons/AL/ThreadFilter/_data/admin_navigation.xml": "064ec797484ac00d5ee37367b50b06846d11f480d00550997712707f8fdac8c0",
    "src/addons/AL/ThreadFilter/_data/admin_permission.xml": "ec6fb97cebf0bceb24f1ed1d5778c1db54eeb7535fbb3e31d824840e7aa9ff87",
    "src/addons/AL/ThreadFilter/_data/advertising_positions.xml": "d2f7cbe844bb1df3cf878d22ff6306249245c8ff6b0b87b9b729744bec538261",
    "src/addons/AL/ThreadFilter/_data/api_scopes.xml": "6793eaf758f140e8137187ba20e65f4faccf53410433ae3ad7a8b3b38cb6b3b7",
    "src/addons/AL/ThreadFilter/_data/bb_codes.xml": "faa4ddd5f4a365e5ac39aebdcbe2d25aedf74e7eb9ea4a812766e2fd5e13bdb1",
    "src/addons/AL/ThreadFilter/_data/bb_code_media_sites.xml": "29762987990187b33e43cfb68c08dc917b2d3f0176613d78f8e6c453f82da3f3",
    "src/addons/AL/ThreadFilter/_data/class_extensions.xml": "499a4694942f78dae7c6849e3ed8db7d8868bc280e26fed23f25d5148d89794f",
    "src/addons/AL/ThreadFilter/_data/code_events.xml": "8370dec3df47f91df4cf79da253446ad11b29f4ea568fe76c774e97a0379f0eb",
    "src/addons/AL/ThreadFilter/_data/code_event_listeners.xml": "4f1e450559934a6674452caf96472715b29972786a9c8b1e16c30d5dc0b0f3bb",
    "src/addons/AL/ThreadFilter/_data/content_type_fields.xml": "a636410bd863190f1ad84f9cbe880b2b52b9e4cada70fb847ea2adc54fb68277",
    "src/addons/AL/ThreadFilter/_data/cron.xml": "b08f1426c82b284081f70075dfbd3d9d8309ab244dded25ac4bf2e159343b1dc",
    "src/addons/AL/ThreadFilter/_data/help_pages.xml": "a8a0c0b06cdc550438bc8a8d385af3e1e5ab3459877dfb934c1c31be59c89163",
    "src/addons/AL/ThreadFilter/_data/member_stats.xml": "89fb2b93ff1eca7a1f6f752248edf6090dfd24037db1446fd18ff7143f08124d",
    "src/addons/AL/ThreadFilter/_data/navigation.xml": "f75e1c03a45a360bbdfcd0567121665082315068475d5b0feb8b1acbb1688651",
    "src/addons/AL/ThreadFilter/_data/options.xml": "6aafe7d0a38603c15dcbb5609007ae0c9939701b47c6794202655f43b8a7f9b0",
    "src/addons/AL/ThreadFilter/_data/option_groups.xml": "5a59c79357d7b596cb7bed28c49125978bc018e554b9303797bddc2213dd6684",
    "src/addons/AL/ThreadFilter/_data/permissions.xml": "37fddcd26342ea954cb14d6b3e5959bf03f0e3ebdb6c69a17077b3356d3aab96",
    "src/addons/AL/ThreadFilter/_data/permission_interface_groups.xml": "3177224e96458b829aa7fb24866dda9e0455a4922aee3d669b53f59a1ffdf5d1",
    "src/addons/AL/ThreadFilter/_data/phrases.xml": "7277b99f5d6a3839434500596720288bf2fe6dfa3aa576c5cb4a1f42e6c028e6",
    "src/addons/AL/ThreadFilter/_data/routes.xml": "71fa96241a8ed7a0523beb4641cda962a2f1d072356f8980e763785edf67468e",
    "src/addons/AL/ThreadFilter/_data/style_properties.xml": "8b8690a8512f01f219dd2da76e3d0c5f62afc1f317b87794a7331c859c36a7a8",
    "src/addons/AL/ThreadFilter/_data/style_property_groups.xml": "68e1879cb3846c42d978487aa8d5145ff3335fc39e58016878824d5cf3fd684c",
    "src/addons/AL/ThreadFilter/_data/templates.xml": "22d853d5a2fe01d2868d1b75db90fbabf9ea99c0f102e45a74ae2fb332f8bc43",
    "src/addons/AL/ThreadFilter/_data/template_modifications.xml": "45032f74cafd0bd1a8daeb78fec2d2997769e877318429ac93097a06b79cbddf",
    "src/addons/AL/ThreadFilter/_data/widget_definitions.xml": "2ecc1765e07782327f30f4f6d39ec60fd7a16d6862514e684a39bd8a5e79225b",
    "src/addons/AL/ThreadFilter/_data/widget_positions.xml": "a29cee66134f6bc5d75ed9df1eef21096c24401915c5b5c774389c3d7bb2d5b3"
}