<?xml version="1.0" encoding="utf-8"?>
<class_extensions>
  <extension from_class="XF\Admin\Controller\Feed" to_class="AVForums\TagEssentials\XF\Admin\Controller\Feed" execute_order="10" active="1"/>
  <extension from_class="XF\Admin\Controller\Forum" to_class="AVForums\TagEssentials\XF\Admin\Controller\Forum" execute_order="10" active="1"/>
  <extension from_class="XF\Admin\Controller\Tag" to_class="AVForums\TagEssentials\XF\Admin\Controller\Tag" execute_order="10" active="1"/>
  <extension from_class="XF\Admin\Controller\ThreadPrefix" to_class="AVForums\TagEssentials\XF\Admin\Controller\ThreadPrefix" execute_order="10" active="1"/>
  <extension from_class="XF\Alert\Thread" to_class="AVForums\TagEssentials\XF\Alert\Thread" execute_order="10" active="1"/>
  <extension from_class="XF\Entity\Feed" to_class="AVForums\TagEssentials\XF\Entity\Feed" execute_order="10" active="1"/>
  <extension from_class="XF\Entity\Forum" to_class="AVForums\TagEssentials\XF\Entity\Forum" execute_order="10" active="1"/>
  <extension from_class="XF\Entity\Tag" to_class="AVForums\TagEssentials\XF\Entity\Tag" execute_order="10" active="1"/>
  <extension from_class="XF\Entity\TagContent" to_class="AVForums\TagEssentials\XF\Entity\TagContent" execute_order="10" active="1"/>
  <extension from_class="XF\Entity\Thread" to_class="AVForums\TagEssentials\XF\Entity\Thread" execute_order="10" active="1"/>
  <extension from_class="XF\Entity\ThreadPrefix" to_class="AVForums\TagEssentials\XF\Entity\ThreadPrefix" execute_order="10" active="1"/>
  <extension from_class="XF\Entity\User" to_class="AVForums\TagEssentials\XF\Entity\User" execute_order="10" active="1"/>
  <extension from_class="XF\Finder\Tag" to_class="AVForums\TagEssentials\XF\Finder\Tag" execute_order="10" active="1"/>
  <extension from_class="XF\Finder\Thread" to_class="AVForums\TagEssentials\XF\Finder\Thread" execute_order="10" active="1"/>
  <extension from_class="XF\Job\ThreadAction" to_class="AVForums\TagEssentials\XF\Job\ThreadAction" execute_order="10" active="1"/>
  <extension from_class="XF\Pub\Controller\Forum" to_class="AVForums\TagEssentials\XF\Pub\Controller\Forum" execute_order="10" active="1"/>
  <extension from_class="XF\Pub\Controller\Misc" to_class="AVForums\TagEssentials\XF\Pub\Controller\Misc" execute_order="10" active="1"/>
  <extension from_class="XF\Pub\Controller\Tag" to_class="AVForums\TagEssentials\XF\Pub\Controller\Tag" execute_order="10" active="1"/>
  <extension from_class="XF\Pub\Controller\Watched" to_class="AVForums\TagEssentials\XF\Pub\Controller\Watched" execute_order="10" active="1"/>
  <extension from_class="XF\Repository\Tag" to_class="AVForums\TagEssentials\XF\Repository\Tag" execute_order="10" active="1"/>
  <extension from_class="XF\Searcher\Thread" to_class="AVForums\TagEssentials\XF\Searcher\Thread" execute_order="10" active="1"/>
  <extension from_class="XF\Service\Feed\Feeder" to_class="AVForums\TagEssentials\XF\Service\Feed\Feeder" execute_order="10" active="1"/>
  <extension from_class="XF\Service\Tag\Changer" to_class="AVForums\TagEssentials\XF\Service\Tag\Changer" execute_order="10" active="1"/>
  <extension from_class="XF\Service\Tag\Merger" to_class="AVForums\TagEssentials\XF\Service\Tag\Merger" execute_order="10" active="1"/>
</class_extensions>
