{
    "data/assets/trakt_movies_cast/no-photo-large.jpg": "b6d722a3de99dc1deac61fbf319e9e5fc383704deaa404d2d3a277eea9a1df58",
    "data/assets/trakt_movies_cast/no-photo-small.jpg": "739511112e2e67499128197bdefd28f51b32d31ec5ca7d7b0475a286693a5c77",
    "data/assets/trakt_movies_crew/no-photo-large.jpg": "b6d722a3de99dc1deac61fbf319e9e5fc383704deaa404d2d3a277eea9a1df58",
    "data/assets/trakt_movies_crew/no-photo-small.jpg": "739511112e2e67499128197bdefd28f51b32d31ec5ca7d7b0475a286693a5c77",
    "src/addons/nick97/TraktMovies/addon.json": "f190ee49acfaa4642bf13e26dd796592978b6f7cb14a9b7a198a2371c3e9f65a",
    "src/addons/nick97/TraktMovies/Cron/Convert.php": "adf8dbd3f8be3a1b8c70cc56baf56c0d39b2ba0a036fd530bcc5afe7378c77ff",
    "src/addons/nick97/TraktMovies/Cron/MovieChanges.php": "1e92a792a7ca3b9fd5ca767c1c5755963eac4983345d889009c90d9f5ad0f7c6",
    "src/addons/nick97/TraktMovies/Cron/MovieWatchProviderUpdate.php": "e7d4fe72534b15bb9e1b9e6f7ed7a1b6190775168854634442bfd5903889f32c",
    "src/addons/nick97/TraktMovies/Data/Country.php": "7b0c7b461aaaf963b003e00485bfee3570d8a9199d99232f636e35f93410bec7",
    "src/addons/nick97/TraktMovies/defaultdata/index.html": "36a9e7f1c95b82ffb99743e0c5c4ce95d83c9a430aac59f84ef3cbfab6145068",
    "src/addons/nick97/TraktMovies/defaultdata/LargePosters/index.html": "36a9e7f1c95b82ffb99743e0c5c4ce95d83c9a430aac59f84ef3cbfab6145068",
    "src/addons/nick97/TraktMovies/defaultdata/LargePosters/no-poster.jpg": "b911b6deceecd5dcd063ae00d48ec77cb52a72d2791937a36fe60c30e4a8dcce",
    "src/addons/nick97/TraktMovies/defaultdata/SmallPosters/index.html": "36a9e7f1c95b82ffb99743e0c5c4ce95d83c9a430aac59f84ef3cbfab6145068",
    "src/addons/nick97/TraktMovies/defaultdata/SmallPosters/no-poster.jpg": "515bf74ce7dc87f7a56f90418906e96688e4585074c2a9f1a25f8a4cc64737f7",
    "src/addons/nick97/TraktMovies/Entity/Cast.php": "16fb63ad7aa9b7bccee6e5bb2680afff154299bfeea421b35a2f82eaf6323999",
    "src/addons/nick97/TraktMovies/Entity/Company.php": "df1e09c07f2b120989b6d1316b53c681c0dcd88f1fff685d86f130b1c2a4587e",
    "src/addons/nick97/TraktMovies/Entity/Crew.php": "bd63fcff731d25db95c96c64592c353ea002c6d0f969912f155130e851baff01",
    "src/addons/nick97/TraktMovies/Entity/Movie.php": "c8ec610ad148af4f516719ad0c650b05dcc475df0771d9cd9321d6f0d5830e11",
    "src/addons/nick97/TraktMovies/Entity/Person.php": "b9eaf83f0b6f00e23e41bcc77e40fedd838772543baee1d54af747767d9fbc6a",
    "src/addons/nick97/TraktMovies/Entity/Rating.php": "0e7921a067486c9b368dbc971afc5df85c8e9b7dd900a9e6caf6d2b15565a746",
    "src/addons/nick97/TraktMovies/Entity/Video.php": "1184e3a305cbb1546dd5faf7d89f86d084e7575b2e459cf9af213f6d6ea84f7f",
    "src/addons/nick97/TraktMovies/Finder/Video.php": "568f662041894524fa336160aef9c706b9847e5ac27c3ffe8e61c277a3478e96",
    "src/addons/nick97/TraktMovies/ForumType/Movie.php": "e2d8ff7d90a92876658c077a152f184e69ac75c3262776d593cfc506f5bd8b02",
    "src/addons/nick97/TraktMovies/Helper/Movie.php": "62551bf5bcc6298f378a6d9935d4a8debbf1acc18bd4db16b3c4b2b699f23eaa",
    "src/addons/nick97/TraktMovies/Helper/Trakt.php": "4b1221efb8fa741c7f7e26d55920adb0cb8ba4db2004e7d0a6a11ece804a1eac",
    "src/addons/nick97/TraktMovies/Helper/Trakt/Api.php": "eb651134fc01d3a7cf418f2778c27d78b530586907dafa7fa9ff4d052a6ad47a",
    "src/addons/nick97/TraktMovies/Job/CrossLinkCreate.php": "d6103994be4ff56e3f2122c1e264eb21ec8d8c844d313b3d9586576125a74c7c",
    "src/addons/nick97/TraktMovies/Job/MovieChanges.php": "9c12bc9d336a7cb66f0264f22f0c9629a95d9dfa1b0dfdbf7ba6e8dec1328501",
    "src/addons/nick97/TraktMovies/Job/MovieCommunityChangesApply.php": "20bc62d3d316322a4149770f18e8210169f5de0f15d423d25430f26ea1c41eb8",
    "src/addons/nick97/TraktMovies/Job/MovieCreditsRebuild.php": "9c8c34e4789b38d6d38677e36fc1daf7f7acc50606aea8a54202a8e2eaf262a5",
    "src/addons/nick97/TraktMovies/Job/MovieNewCompanies.php": "650df504bc68dac1dae3549beb481ff117dcbdb9fe3ce08d9c03689dac5431b4",
    "src/addons/nick97/TraktMovies/Job/MovieNewPersons.php": "c03b9e2b4711de2c73cc396123fdec91d6cf31d6a0f16591312bdc4c24ae1798",
    "src/addons/nick97/TraktMovies/Job/MoviePersonsRebuild.php": "6cb8de394846e9d7c5244a88f6b2f156c691cc65a82d184804157787d84bb1f4",
    "src/addons/nick97/TraktMovies/Job/MovieProductionCompaniesRebuild.php": "eb47573495ec93662f95cf5899277bd60b5df688c39d3befcdb348a9b6dd5c9d",
    "src/addons/nick97/TraktMovies/Job/MovieRatingRebuild.php": "8a4fe8896405a8c86fee91ed78760ace437269a68389885a9c25db807a12e7a6",
    "src/addons/nick97/TraktMovies/Job/MovieRebuild.php": "8f72d552f32bd0049698dd6c764a5c79ae6ba5f7113242688f535ed8db782e14",
    "src/addons/nick97/TraktMovies/Job/MovieThreadCoverUpdate.php": "673662164933dd0c20fda078336baa8dcaec3b3f05f1ef54fd9fcd04dedc2df2",
    "src/addons/nick97/TraktMovies/Job/MovieTraktRatingRebuild.php": "88c38598859a599d4cbf86df42245244d8486ff38cf38c722c2e7f3e69628995",
    "src/addons/nick97/TraktMovies/Job/MovieVideosRebuild.php": "7834d4cf643e472ec440434a348b1b4bd02ac295a1a50dcad3b7f2cf1997decf",
    "src/addons/nick97/TraktMovies/Job/MovieWatchProvidersRebuild.php": "557085f29e8fc894f514b1e1adbe7200f99899f8ba8c487648b6ed0dc9bf338e",
    "src/addons/nick97/TraktMovies/Job/Upgrade/MovieImdb2020014.php": "feffaaef5b76603c26ed1f1553f6b75058dee79c3a122dacca188235403a49dc",
    "src/addons/nick97/TraktMovies/Job/UserMovieThreadCountRebuild.php": "7d5e3af7ab40a65984074ab45a27889b2345da0d77176eb2b9fd62786a9bea16",
    "src/addons/nick97/TraktMovies/Listener.php": "170bb8f0db6d655beb1faf9e400aa27fa256654fd438d92cb8942eaba2e50b41",
    "src/addons/nick97/TraktMovies/Option/Country.php": "d8385f6829ab6e6be1cf7bb22ca3be2920031605865dff51c1e803f85a8f46f5",
    "src/addons/nick97/TraktMovies/Option/Language.php": "1d966df197076eddc7feee182d35555c15f083346dbb20ff5b042c3f41bdcf6d",
    "src/addons/nick97/TraktMovies/Option/UserGroup.php": "ee4502429b9a117dc68abc9e247a004e5c781a069672e14782e6c233b0546916",
    "src/addons/nick97/TraktMovies/Pub/Controller/Movies.php": "db345ec6cd8a04203c4709c5b9113ca3a893fd57e98b4461710974dc18637195",
    "src/addons/nick97/TraktMovies/Pub/Controller/Person.php": "81e8d81b3c809f7634de6f6b477e3bbac50f7989912364d1a0a3782687050d77",
    "src/addons/nick97/TraktMovies/Repository/Cast.php": "0717a269cb2c0627ec3098e5003fbaba07c62fa87d662b1946275b8cf60b40c9",
    "src/addons/nick97/TraktMovies/Repository/Company.php": "f4e2c4084eaa37d276b26fbd984585b7d45f76ca8dc8a47d4a33972ae8238f9e",
    "src/addons/nick97/TraktMovies/Repository/Crew.php": "262db24149ec5ee301f71650c3d7c8281ee8abdcbbe231196fb104317762da14",
    "src/addons/nick97/TraktMovies/Repository/Movie.php": "ade8323d7de99e65ba9c9706ef54b0196c4a3f91cc36826ed8271fc84b6cc0a3",
    "src/addons/nick97/TraktMovies/Repository/Video.php": "915ede7d982b50d7bba39e250cbb89e28db0aa4ffeb7552f6f89bcc7e0751c0c",
    "src/addons/nick97/TraktMovies/Service/AbstractMovieSizeMapImage.php": "5c3260deb54bc2a258e235cb69b614f8e4e2b6305ab1eeaa414bd80c659fffcb",
    "src/addons/nick97/TraktMovies/Service/Company/Creator.php": "603d8c463c08217e53279cdfe2de71cda2d9e3795376eef2db9e68aed23f557f",
    "src/addons/nick97/TraktMovies/Service/Company/Image.php": "ebbdd74185b182dd1712314fcdbceb93bcebc968dd0a702fb34ac02259e52900",
    "src/addons/nick97/TraktMovies/Service/Company/Preparer.php": "3a5755afe8c2fb8783f5c7f4b5ec2b7c0e6c8fbbc4be44cf7996f94f3bf70135",
    "src/addons/nick97/TraktMovies/Service/Movie/Creator.php": "38b9c14a1182efa1e11cfbe0b223e06b5d5cdb2b1d435abf870bdf3966de4d73",
    "src/addons/nick97/TraktMovies/Service/Movie/Editor.php": "d91c4a052e3001cfd969b57b177723b512af602e93d15387370679e01834f155",
    "src/addons/nick97/TraktMovies/Service/Movie/Image.php": "8facc5a3939c6edd80bcc2bb9707ebb1ef3c951dd8c0a9fb4558d564843f0ade",
    "src/addons/nick97/TraktMovies/Service/Movie/Preparer.php": "1a6c3cb30903fad5691f9862f725b8b4d4379605f8d5dfb11b9d06a1a6b40bd8",
    "src/addons/nick97/TraktMovies/Service/Movie/Rate.php": "db636e1baddb20dca8b7a80ff85d36e77b27cb11636b5941de63f8df0221ab6a",
    "src/addons/nick97/TraktMovies/Service/Person/Creator.php": "2598e31f60abae98f9d8c55cba7cc0f7777791917f60aee9871f35c7f3f458a8",
    "src/addons/nick97/TraktMovies/Service/Person/Editor.php": "253d2bcf490a63a461ec93b42b7528c423474e01889dbabf1fc1c77e525616bd",
    "src/addons/nick97/TraktMovies/Service/Person/Image.php": "50514b8714f88433b5f1f43330d0a988cb23dd4058288a7ae2fd4ace376d3d91",
    "src/addons/nick97/TraktMovies/Service/Person/Preparer.php": "8b72099028b5fe8b52e041c539c3ed311b038dfe24a7ce36660c160fe06ae5c9",
    "src/addons/nick97/TraktMovies/Service/Thread/Cover.php": "b280ff46db86b2dc12cc706110ff402ba353260e1a32957e7b57392040404aef",
    "src/addons/nick97/TraktMovies/Service/Thread/TypeData/MovieCreator.php": "f379b1f75a108548e0911eca290acb19742a99290f1cba57eecf881cb36f04d6",
    "src/addons/nick97/TraktMovies/Setup.php": "3bd1e6ca6400eb43549f6c29dd633c989e2e5b8622efd74b3d8497b9ed4a0119",
    "src/addons/nick97/TraktMovies/ThemeHouse/Covers/Pub/Controller/Cover.php": "b87a1b7064813207274b1c687a2ca08ba7c54d7d75d9cddfc7bcbde5e4b3a263",
    "src/addons/nick97/TraktMovies/ThreadType/Movie.php": "4fd0deef702cd02e8ac69e45ee3e8a505a5d6366b41372a184a701dde9093dfd",
    "src/addons/nick97/TraktMovies/Trakt/Api/AbstractApiSection.php": "3b6e049c660a7ab718d77832aef7af4b4e2bbcad783e891a06e4a77d3b4c8266",
    "src/addons/nick97/TraktMovies/Trakt/Api/ApiResponse.php": "395fb629f88c313fdb3a6b292eb07684ad568fd6b0d41c0b239f9adc55e627d7",
    "src/addons/nick97/TraktMovies/Trakt/Api/Changes.php": "5cb0a6f1ccd3bb6590e7429670c84218ffca8940cc47d1249008abfaa3534d3d",
    "src/addons/nick97/TraktMovies/Trakt/Api/Company.php": "2b200b026829f00927c72d417813e769a416d240ec6bf69e73a9194a8e2a78a7",
    "src/addons/nick97/TraktMovies/Trakt/Api/Genres.php": "6d9d90a496edaaebaf722872ac09340bc0b82c49ee88d0cca8bb12f75f8b5a5d",
    "src/addons/nick97/TraktMovies/Trakt/Api/Movies.php": "69db99bd91b03a941be5a27b40406ff348673bf58ae00b16fe91e05a583102c4",
    "src/addons/nick97/TraktMovies/Trakt/Api/People.php": "5c71e71d75487a01499a427ef54bc15b52d8ce8d614f6a1858a2492084f5ab50",
    "src/addons/nick97/TraktMovies/Trakt/ApiClient.php": "91a32f1e149a74ed1a6d9ecfe7bfb9ecf6dbc7de6a505ebe1465e329e163424d",
    "src/addons/nick97/TraktMovies/Trakt/Image.php": "50c9278907dfc4c8fe9c1d507a0f0b6f0f120a98490ed141c28d365d360a339c",
    "src/addons/nick97/TraktMovies/Widget/PosterSlider.php": "b7cb002f0148bd31ee1681ab4dadeb0771bb48ff7a1babfe2acba70d5cda376b",
    "src/addons/nick97/TraktMovies/Widget/Slider.php": "01bab348f17da5b9ec76af3cf9fe75ca0ae64a8d6b354170c35c46100088b361",
    "src/addons/nick97/TraktMovies/XF/Admin/Controller/User.php": "d59a3bbc5f2ac1ab6c891f9f2ca6e8c840579d74b83144d2f6790f3ca66c8436",
    "src/addons/nick97/TraktMovies/XF/Entity/Forum.php": "7b8c062d3f54a765e1c0ce34b550fee103afda6de8cb1faceb5c19681fa74618",
    "src/addons/nick97/TraktMovies/XF/Entity/Thread.php": "8f2e9ff31959064a91bbaa015c64e27a4a577ce2f48980625a5665d9155dd703",
    "src/addons/nick97/TraktMovies/XF/Entity/User.php": "f59fee72b8cb800fa44afaf72694b3c48b94c3f6304a9136cb39de860ff89456",
    "src/addons/nick97/TraktMovies/XF/Entity/UserOption.php": "da1e21ea4b6f59a05c1a0ef31d9fb55ad50640dc7569e4b1b8d34ad3050d7e5e",
    "src/addons/nick97/TraktMovies/XF/ForumType/Discussion.php": "34861b04e176a59b05da67c3d337003476651e2dffd251d2cce9db2c021c2080",
    "src/addons/nick97/TraktMovies/XF/Pub/Controller/Account.php": "677289df62a7df2e4ce765b4198723f9637fa23e451a4443148685a4b4d01e1b",
    "src/addons/nick97/TraktMovies/XF/Pub/Controller/Forum.php": "af0fe2590b56d34c36bffed2eed962d87a5d0f43b9810348a558350b9d4db806",
    "src/addons/nick97/TraktMovies/XF/Pub/Controller/Post.php": "b1633c7b2ba19b9dd8760b4844c762ad82a5a02cfcbe58b1ed78a3670338eca8",
    "src/addons/nick97/TraktMovies/XF/Pub/Controller/Thread.php": "b30ef737ec380ecbaad46e928940c0ad67642df5e530780efbff7ee7a5e173a3",
    "src/addons/nick97/TraktMovies/XF/Search/Data/Thread.php": "2335c0cd807167e40370896b03a8e06831b0b5da4bc329188ed4c6da3426fdcd",
    "src/addons/nick97/TraktMovies/XF/Service/Thread/Creator.php": "ac282d695f591f2a35292e6bc94708e5b4a57b57676f5dec69afd665d9e15b9d",
    "src/addons/nick97/TraktMovies/XF/Tag/Thread.php": "840878d72ffd3f78d6b1808064ce3de7be135f1ea80b9686b75646bb3183ab41",
    "src/addons/nick97/TraktMovies/_data/activity_summary_definitions.xml": "99d8c2563a31320d66f958fc8bda78613545f5f7959bb3cf5318805e3a3c39d2",
    "src/addons/nick97/TraktMovies/_data/admin_navigation.xml": "064ec797484ac00d5ee37367b50b06846d11f480d00550997712707f8fdac8c0",
    "src/addons/nick97/TraktMovies/_data/admin_permission.xml": "ec6fb97cebf0bceb24f1ed1d5778c1db54eeb7535fbb3e31d824840e7aa9ff87",
    "src/addons/nick97/TraktMovies/_data/advertising_positions.xml": "d2f7cbe844bb1df3cf878d22ff6306249245c8ff6b0b87b9b729744bec538261",
    "src/addons/nick97/TraktMovies/_data/api_scopes.xml": "6793eaf758f140e8137187ba20e65f4faccf53410433ae3ad7a8b3b38cb6b3b7",
    "src/addons/nick97/TraktMovies/_data/bb_codes.xml": "faa4ddd5f4a365e5ac39aebdcbe2d25aedf74e7eb9ea4a812766e2fd5e13bdb1",
    "src/addons/nick97/TraktMovies/_data/bb_code_media_sites.xml": "29762987990187b33e43cfb68c08dc917b2d3f0176613d78f8e6c453f82da3f3",
    "src/addons/nick97/TraktMovies/_data/class_extensions.xml": "42ada37da12c9614b07054d6b4cc0bf1b54c2b90d1d5bf0b894a536684f72fc6",
    "src/addons/nick97/TraktMovies/_data/code_events.xml": "8370dec3df47f91df4cf79da253446ad11b29f4ea568fe76c774e97a0379f0eb",
    "src/addons/nick97/TraktMovies/_data/code_event_listeners.xml": "01f942d7f339cfb03095925b57fbd7656aa7b0ab900874f0ed57ecbf0990f35c",
    "src/addons/nick97/TraktMovies/_data/content_type_fields.xml": "c7ad5472b28f465b7ac7617627707eba1b7a39d28089460d52e1ed292fc0b06a",
    "src/addons/nick97/TraktMovies/_data/cron.xml": "515b554701c535e1539150fb1826bf1c2175ee4ae95c149b6f49d100018a60b9",
    "src/addons/nick97/TraktMovies/_data/help_pages.xml": "a8a0c0b06cdc550438bc8a8d385af3e1e5ab3459877dfb934c1c31be59c89163",
    "src/addons/nick97/TraktMovies/_data/member_stats.xml": "89fb2b93ff1eca7a1f6f752248edf6090dfd24037db1446fd18ff7143f08124d",
    "src/addons/nick97/TraktMovies/_data/navigation.xml": "f75e1c03a45a360bbdfcd0567121665082315068475d5b0feb8b1acbb1688651",
    "src/addons/nick97/TraktMovies/_data/options.xml": "14bdfbc9959c083647b135146f4a03431ca5f2fab473a7ac266761273d72ed02",
    "src/addons/nick97/TraktMovies/_data/option_groups.xml": "bd16a6973fa94812e60efed1ab4b5e030eabb36d8a91c43f83ef50664c6bdd9c",
    "src/addons/nick97/TraktMovies/_data/permissions.xml": "344d60de6c576c694435cc691d01d726c577dff2e5c8376153f0cac0c659bd8e",
    "src/addons/nick97/TraktMovies/_data/permission_interface_groups.xml": "9e8c237b97aae96cd97107716aa1db0fb45609960303e6c5f65b800686110a97",
    "src/addons/nick97/TraktMovies/_data/phrases.xml": "f57b767a7cea19415478416540bc8b4d34a9dbc5710d46d560ae78c642f9ce13",
    "src/addons/nick97/TraktMovies/_data/routes.xml": "7e0ecf1d2c8e53eddc95197f506e252c87b30288babfc862def450089e4a39d0",
    "src/addons/nick97/TraktMovies/_data/style_properties.xml": "3807d52728fb7b9c9343ddff4125e9ecb40c1efcfc554c590e2073496f7fe45a",
    "src/addons/nick97/TraktMovies/_data/style_property_groups.xml": "d3feca1b93082f6bf5632c4fef2a56407992a376630f997d0339f546b9cfb927",
    "src/addons/nick97/TraktMovies/_data/templates.xml": "81aff9941749d0757b2f1aaaa9b7ccedcc2925e5a8770576e61f0c70d42a6157",
    "src/addons/nick97/TraktMovies/_data/template_modifications.xml": "51213d19ffa466dbc23a17389dc1dc036d7a6d05cc31d58e0e26c2c56edaca28",
    "src/addons/nick97/TraktMovies/_data/widget_definitions.xml": "b63a0d6a8db62636ad587736b65eb050d6c8daebd8e849afe5b76c101d680a3f",
    "src/addons/nick97/TraktMovies/_data/widget_positions.xml": "a29cee66134f6bc5d75ed9df1eef21096c24401915c5b5c774389c3d7bb2d5b3"
}