{
    "src/addons/FS/IPSearchResult/addon.json": "c7463308d60248ac025743ecc1284b755b20366deef65f3f762bc11980425727",
    "src/addons/FS/IPSearchResult/Pub/Controller/IPSearch.php": "478ad41a1a92a24563d10d836b02a56e35975f5b1ee831e702c185690bfb06d9",
    "src/addons/FS/IPSearchResult/Setup.php": "f5960bd193198853be719bf8b3c6c76f053cf9e339d299a3d0277f7e12b908c0",
    "src/addons/FS/IPSearchResult/XF/Pub/Controller/Member.php": "700ce0282304511f38a414b273dcfd92adb695709a2941291d4345f6138d2758",
    "src/addons/FS/IPSearchResult/XF/Repository/Ip.php": "987b9d93b78a962e273c5ce366b4aa9f0bc1c52068f3af4aa2305cca474cb764",
    "src/addons/FS/IPSearchResult/_data/activity_summary_definitions.xml": "99d8c2563a31320d66f958fc8bda78613545f5f7959bb3cf5318805e3a3c39d2",
    "src/addons/FS/IPSearchResult/_data/admin_navigation.xml": "064ec797484ac00d5ee37367b50b06846d11f480d00550997712707f8fdac8c0",
    "src/addons/FS/IPSearchResult/_data/admin_permission.xml": "ec6fb97cebf0bceb24f1ed1d5778c1db54eeb7535fbb3e31d824840e7aa9ff87",
    "src/addons/FS/IPSearchResult/_data/advertising_positions.xml": "d2f7cbe844bb1df3cf878d22ff6306249245c8ff6b0b87b9b729744bec538261",
    "src/addons/FS/IPSearchResult/_data/api_scopes.xml": "6793eaf758f140e8137187ba20e65f4faccf53410433ae3ad7a8b3b38cb6b3b7",
    "src/addons/FS/IPSearchResult/_data/bb_codes.xml": "faa4ddd5f4a365e5ac39aebdcbe2d25aedf74e7eb9ea4a812766e2fd5e13bdb1",
    "src/addons/FS/IPSearchResult/_data/bb_code_media_sites.xml": "29762987990187b33e43cfb68c08dc917b2d3f0176613d78f8e6c453f82da3f3",
    "src/addons/FS/IPSearchResult/_data/class_extensions.xml": "82d24c0f772647ef78d5b749f8d62f25509b493b5e72d667c274ef7a9f3c15a4",
    "src/addons/FS/IPSearchResult/_data/code_events.xml": "8370dec3df47f91df4cf79da253446ad11b29f4ea568fe76c774e97a0379f0eb",
    "src/addons/FS/IPSearchResult/_data/code_event_listeners.xml": "d6b5072f4909dee7a20ee9e44b163f95c8aa52e6ac7f573e292000cd9238c331",
    "src/addons/FS/IPSearchResult/_data/content_type_fields.xml": "c7ad5472b28f465b7ac7617627707eba1b7a39d28089460d52e1ed292fc0b06a",
    "src/addons/FS/IPSearchResult/_data/cron.xml": "323c4284742ef24329cd6db6f288eb9736d2353f36852e1db12591e1583aea26",
    "src/addons/FS/IPSearchResult/_data/help_pages.xml": "a8a0c0b06cdc550438bc8a8d385af3e1e5ab3459877dfb934c1c31be59c89163",
    "src/addons/FS/IPSearchResult/_data/member_stats.xml": "89fb2b93ff1eca7a1f6f752248edf6090dfd24037db1446fd18ff7143f08124d",
    "src/addons/FS/IPSearchResult/_data/navigation.xml": "f75e1c03a45a360bbdfcd0567121665082315068475d5b0feb8b1acbb1688651",
    "src/addons/FS/IPSearchResult/_data/options.xml": "1cea29aa5671733d85c8fc6f7c66128eacbca5643cbb38585eb82002879b51a4",
    "src/addons/FS/IPSearchResult/_data/option_groups.xml": "154d7a89664b243d0bd8227c22e241f934bf7e196c83230ee23d3c0c4fba1333",
    "src/addons/FS/IPSearchResult/_data/permissions.xml": "7e4fc7d5826733d15ea2d8936b9bdd41afcaad810eb38e50da3c8d8eafda1550",
    "src/addons/FS/IPSearchResult/_data/permission_interface_groups.xml": "3177224e96458b829aa7fb24866dda9e0455a4922aee3d669b53f59a1ffdf5d1",
    "src/addons/FS/IPSearchResult/_data/phrases.xml": "bd9214534eae04c802451d356957766ea18d5f168bb3b6a0350e411a7710f1c3",
    "src/addons/FS/IPSearchResult/_data/routes.xml": "eb1ad226a741b9b7295835f2e7afe78047c525191ce3921017cca198d4f401dc",
    "src/addons/FS/IPSearchResult/_data/style_properties.xml": "8b8690a8512f01f219dd2da76e3d0c5f62afc1f317b87794a7331c859c36a7a8",
    "src/addons/FS/IPSearchResult/_data/style_property_groups.xml": "68e1879cb3846c42d978487aa8d5145ff3335fc39e58016878824d5cf3fd684c",
    "src/addons/FS/IPSearchResult/_data/templates.xml": "9a344b2dbedc5bdd18d00de05c71a53c8052d5e4847b316a89ecc6125fb363df",
    "src/addons/FS/IPSearchResult/_data/template_modifications.xml": "f2f418c5b482de0e23cb01c4667f4ea7d6291c093bca34593ab4aeb28f98fb3b",
    "src/addons/FS/IPSearchResult/_data/widget_definitions.xml": "37e46965256430f24004c2e7f08ba08f9b0d1cbcc4d70e84b3f4e3ffb713e64b",
    "src/addons/FS/IPSearchResult/_data/widget_positions.xml": "a29cee66134f6bc5d75ed9df1eef21096c24401915c5b5c774389c3d7bb2d5b3"
}