<?xml version="1.0" encoding="utf-8"?>
<options>
  <option option_id="bsXFWebSocketsCopyright" edit_format="onoff" data_type="boolean" validation_class="BS\XFWebSockets\Option\Copyright" validation_method="verifyOption" advanced="0">
    <default_value>1</default_value>
    <relation group_id="bsXFWebSockets" display_order="5"/>
  </option>
  <option option_id="bsXFWebSocketsPusherAppID" edit_format="textbox" data_type="string" advanced="0">
    <default_value></default_value>
    <relation group_id="bsXFWebSockets" display_order="15"/>
  </option>
  <option option_id="bsXFWebSocketsPusherCluster" edit_format="textbox" data_type="string" advanced="0">
    <default_value></default_value>
    <relation group_id="bsXFWebSockets" display_order="40"/>
  </option>
  <option option_id="bsXFWebSocketsPusherHost" edit_format="textbox" data_type="string" advanced="0">
    <default_value></default_value>
    <relation group_id="bsXFWebSockets" display_order="10"/>
  </option>
  <option option_id="bsXFWebSocketsPusherKey" edit_format="textbox" data_type="string" advanced="0">
    <default_value></default_value>
    <relation group_id="bsXFWebSockets" display_order="20"/>
  </option>
  <option option_id="bsXFWebSocketsPusherPort" edit_format="spinbox" data_type="unsigned_integer" advanced="0">
    <default_value>2096</default_value>
    <edit_format_params>min=1</edit_format_params>
    <relation group_id="bsXFWebSockets" display_order="30"/>
  </option>
  <option option_id="bsXFWebSocketsPusherSecret" edit_format="textbox" data_type="string" advanced="0">
    <default_value></default_value>
    <edit_format_params>type=password</edit_format_params>
    <relation group_id="bsXFWebSockets" display_order="25"/>
  </option>
</options>
