{
    "js/CMTV/Math/insert-math-button.js": "7aa5aff649da23e33aa86167fd22502aaa099edb4936a9ba7d0bc0d694eca4a6",
    "js/CMTV/Math/insert-math-button.min.js": "21de20cf59ee53e92d523ade98ec0f9281f9272cb7d8dd029a151057469672a8",
    "js/CMTV/Math/insert-math-dialog.js": "a29f5f04e52dd4226b99fa3a2d9a0c51277ac8a05a16ac2453c81e318dc3206a",
    "js/CMTV/Math/insert-math-dialog.min.js": "64d1cd5880eafed90e6906fa907a419b8c5dbe23c60761e28420127e55d6bb59",
    "js/CMTV/Math/insertMathDialog.js": "94883a2458835b617ea1085207f9787d3d39521edd8b024bfc63fc60c2acc5fa",
    "src/addons/CMTV/Math/addon.json": "9757d33c78cc97306b583398d9d66605f657186a4aff15965bfba7372a922c1e",
    "src/addons/CMTV/Math/BbCode/Cmtv.php": "fc542a072648d8fc9b783d93b4d38be8b8ccd24e8b70c4b447fa3f3917dbbe91",
    "src/addons/CMTV/Math/BbCode/ProcessorAction/MathDelimiters.php": "d8693ad442afcf4d8370a7585acdd309e4d39e1d748722f1bb7e4a5040175937",
    "src/addons/CMTV/Math/EventListener.php": "f66362ec1b04cfa535e2d35380f72dd8cf74fffbcc222ef9b904c6f973f4e16e",
    "src/addons/CMTV/Math/MathDelimiter.php": "b81a5165dbbce5d6bd3e143cc32748530f298ededd724855008eb27056fcb9e0",
    "src/addons/CMTV/Math/Str/MathFormatter.php": "f454f5db2fa95c53ac5053642a6794e9bcff74250295c2d03278d9bd52f1cfc0",
    "src/addons/CMTV/Math/XF/Service/Message/Preparer.php": "5c4dabc5298c262b86a6cea4d6187052d60ef2a410d0f1e8134914bb940bceda",
    "src/addons/CMTV/Math/_data/activity_summary_definitions.xml": "99d8c2563a31320d66f958fc8bda78613545f5f7959bb3cf5318805e3a3c39d2",
    "src/addons/CMTV/Math/_data/admin_navigation.xml": "064ec797484ac00d5ee37367b50b06846d11f480d00550997712707f8fdac8c0",
    "src/addons/CMTV/Math/_data/admin_permission.xml": "ec6fb97cebf0bceb24f1ed1d5778c1db54eeb7535fbb3e31d824840e7aa9ff87",
    "src/addons/CMTV/Math/_data/advertising_positions.xml": "d2f7cbe844bb1df3cf878d22ff6306249245c8ff6b0b87b9b729744bec538261",
    "src/addons/CMTV/Math/_data/api_scopes.xml": "6793eaf758f140e8137187ba20e65f4faccf53410433ae3ad7a8b3b38cb6b3b7",
    "src/addons/CMTV/Math/_data/bb_codes.xml": "20aea1ea08b3db74afb0eddd6dec9e7c8bbf5891deabd51068197e14d2c1b2da",
    "src/addons/CMTV/Math/_data/bb_code_media_sites.xml": "29762987990187b33e43cfb68c08dc917b2d3f0176613d78f8e6c453f82da3f3",
    "src/addons/CMTV/Math/_data/class_extensions.xml": "a226616da43b6dfb8f67268ea6e0e4714f830a70db91af92e1cf9febc9e2b0a3",
    "src/addons/CMTV/Math/_data/code_events.xml": "8370dec3df47f91df4cf79da253446ad11b29f4ea568fe76c774e97a0379f0eb",
    "src/addons/CMTV/Math/_data/code_event_listeners.xml": "4df1a24e9fa0c12d28b32dcdd4c411a3eacb8d2321c8a55db5da2359bb3a609c",
    "src/addons/CMTV/Math/_data/content_type_fields.xml": "c7ad5472b28f465b7ac7617627707eba1b7a39d28089460d52e1ed292fc0b06a",
    "src/addons/CMTV/Math/_data/cron.xml": "323c4284742ef24329cd6db6f288eb9736d2353f36852e1db12591e1583aea26",
    "src/addons/CMTV/Math/_data/help_pages.xml": "a8a0c0b06cdc550438bc8a8d385af3e1e5ab3459877dfb934c1c31be59c89163",
    "src/addons/CMTV/Math/_data/member_stats.xml": "89fb2b93ff1eca7a1f6f752248edf6090dfd24037db1446fd18ff7143f08124d",
    "src/addons/CMTV/Math/_data/navigation.xml": "f75e1c03a45a360bbdfcd0567121665082315068475d5b0feb8b1acbb1688651",
    "src/addons/CMTV/Math/_data/options.xml": "78766e95739ac90d7416f3a41b752ab649127e97e15426a44d16bbcb6ee83133",
    "src/addons/CMTV/Math/_data/option_groups.xml": "097af6662071ad25966552feaf9b6dd4b3909edcea513c1e940c249e4e58ea31",
    "src/addons/CMTV/Math/_data/permissions.xml": "7e4fc7d5826733d15ea2d8936b9bdd41afcaad810eb38e50da3c8d8eafda1550",
    "src/addons/CMTV/Math/_data/permission_interface_groups.xml": "3177224e96458b829aa7fb24866dda9e0455a4922aee3d669b53f59a1ffdf5d1",
    "src/addons/CMTV/Math/_data/phrases.xml": "efeb20ec7b3613aeb5f33c9b3240b9bbed78e952846e20337974be33aaed50fd",
    "src/addons/CMTV/Math/_data/routes.xml": "550fa64f9feedf137dd877b38c2684f94474619d2d83890dbb717a91b50da8f5",
    "src/addons/CMTV/Math/_data/style_properties.xml": "8b8690a8512f01f219dd2da76e3d0c5f62afc1f317b87794a7331c859c36a7a8",
    "src/addons/CMTV/Math/_data/style_property_groups.xml": "68e1879cb3846c42d978487aa8d5145ff3335fc39e58016878824d5cf3fd684c",
    "src/addons/CMTV/Math/_data/templates.xml": "71a1567f9f1e406f05dce8bf43fb2e23b92e9994e5b47f48aac20b32373fcc82",
    "src/addons/CMTV/Math/_data/template_modifications.xml": "de119e2a2586a72f6986206ae77ef8ac71c4bc4b3444189554808f74f568d127",
    "src/addons/CMTV/Math/_data/widget_definitions.xml": "37e46965256430f24004c2e7f08ba08f9b0d1cbcc4d70e84b3f4e3ffb713e64b",
    "src/addons/CMTV/Math/_data/widget_positions.xml": "a29cee66134f6bc5d75ed9df1eef21096c24401915c5b5c774389c3d7bb2d5b3"
}