<?xml version="1.0" encoding="utf-8"?>
<options>
  <option option_id="altf_additional_filters" edit_format="checkbox" data_type="array">
    <default_value>{"lockedUnlockedStatus":"0"}</default_value>
    <edit_format_params>lockedUnlockedStatus={{ phrase('altf_locked_unlocked_status') }}</edit_format_params>
    <sub_options>lockedUnlockedStatus</sub_options>
    <relation group_id="altf_main" display_order="38"/>
  </option>
  <option option_id="altf_additional_filters_location" edit_format="radio" data_type="string">
    <default_value>above_started_by</default_value>
    <edit_format_params>above_prefixes={{ phrase('altf_above_prefixes') }}
above_started_by={{ phrase('altf_above_started_by') }}
above_last_updated={{ phrase('altf_above_last_updated') }}
above_sort_by={{ phrase('altf_above_sort_by') }}
below_sort_by={{ phrase('altf_below_sort_by') }}</edit_format_params>
    <relation group_id="altf_main" display_order="39"/>
  </option>
  <option option_id="altf_auto_collapse" edit_format="onoff" data_type="boolean">
    <default_value>0</default_value>
    <relation group_id="altf_main" display_order="70"/>
  </option>
  <option option_id="altf_auto_hide_if_empty" edit_format="radio" data_type="string">
    <default_value>fade</default_value>
    <edit_format_params>fade={{ phrase('altf_fade') }}
hide={{ phrase('altf_hide') }}
show={{ phrase('altf_show_normally') }}</edit_format_params>
    <relation group_id="altf_main" display_order="95"/>
  </option>
  <option option_id="altf_auto_reload" edit_format="onoff" data_type="boolean">
    <default_value>0</default_value>
    <relation group_id="altf_main" display_order="50"/>
  </option>
  <option option_id="altf_cache_ttl" edit_format="spinbox" data_type="unsigned_integer">
    <default_value>3600</default_value>
    <relation group_id="altf_main" display_order="70"/>
  </option>
  <option option_id="altf_color_similarity_index" edit_format="spinbox" data_type="positive_integer">
    <default_value>5</default_value>
    <relation group_id="altf_main" display_order="20"/>
  </option>
  <option option_id="altf_custom_field_location" edit_format="radio" data_type="string">
    <default_value>below_sort_by</default_value>
    <edit_format_params>above_prefixes={{ phrase('altf_above_prefixes') }}
above_started_by={{ phrase('altf_above_started_by') }}
above_last_updated={{ phrase('altf_above_last_updated') }}
above_sort_by={{ phrase('altf_above_sort_by') }}
below_sort_by={{ phrase('altf_below_sort_by') }}</edit_format_params>
    <relation group_id="altf_main" display_order="35"/>
  </option>
  <option option_id="altf_default_distance_unit" edit_format="radio" data_type="string">
    <default_value>km</default_value>
    <edit_format_params>km={{ phrase('altf_km') }}
mile={{ phrase('altf_mile') }}</edit_format_params>
    <relation group_id="altf_main" display_order="1000"/>
  </option>
  <option option_id="altf_disable_default_filter_field" edit_format="checkbox" data_type="array">
    <default_value>{"startedBy":"0","lastedUpdated":"0","sortBy":"0","prefix":"0","threadType":"0"}</default_value>
    <edit_format_params>prefix={{phrase('prefix')}}
startedBy={{phrase('started_by')}}
lastedUpdated={{phrase('last_updated')}}
sortBy={{phrase('sort_by')}}
threadType={{phrase('altf_thread_type')}}</edit_format_params>
    <sub_options>startedBy
lastedUpdated
sortBy
prefix
threadType</sub_options>
    <relation group_id="altf_main" display_order="37"/>
  </option>
  <option option_id="altf_faceted_search" edit_format="onoff" data_type="boolean">
    <default_value>1</default_value>
    <relation group_id="altf_main" display_order="90"/>
  </option>
  <option option_id="altf_filter_icon_location" edit_format="radio" data_type="string">
    <default_value>replace_filter</default_value>
    <edit_format_params>replace_filter={{ phrase('altf_replace_filter_link') }}
search_icon={{ phrase('altf_next_to_search_icon') }}</edit_format_params>
    <relation group_id="altf_main" display_order="34"/>
  </option>
  <option option_id="altf_filter_location" edit_format="radio" data_type="string">
    <default_value>popup</default_value>
    <edit_format_params>popup={{ phrase('altf_popup_default') }}
sidebar={{ phrase('altf_sidebar') }}
above_thread_list={{ phrase('altf_above_thread_list') }}</edit_format_params>
    <relation group_id="altf_main" display_order="30"/>
  </option>
  <option option_id="altf_filterable_lists" edit_format="onoff" data_type="boolean">
    <default_value>0</default_value>
    <relation group_id="altf_main" display_order="80"/>
  </option>
  <option option_id="altf_hide_distance_unit" edit_format="onoff" data_type="boolean">
    <default_value>0</default_value>
    <relation group_id="altf_main" display_order="1005"/>
  </option>
  <option option_id="altf_keyword_search" edit_format="radio" data_type="string">
    <default_value>disabled</default_value>
    <edit_format_params>disabled={{ phrase('disabled') }}
titles_only={{ phrase('search_titles_only') }}
everything={{ phrase('altf_search_title_and_message') }}</edit_format_params>
    <relation group_id="altf_main" display_order="40"/>
  </option>
  <option option_id="altf_license_key" edit_format="callback" data_type="string">
    <default_value></default_value>
    <edit_format_params>AL\ThreadFilter\Licensing\Engine\Xf2::renderLicenseOption</edit_format_params>
    <relation group_id="altf_main" display_order="10"/>
  </option>
  <option option_id="altf_max_limit" edit_format="spinbox" data_type="unsigned_integer">
    <default_value>10000</default_value>
    <relation group_id="altf_main" display_order="60"/>
  </option>
  <option option_id="altf_multi_category_field_mode" edit_format="radio" data_type="string">
    <default_value>shared</default_value>
    <edit_format_params>shared={{ phrase('altf_shared_fields_only') }}
all={{ phrase('altf_all_fields') }}</edit_format_params>
    <relation group_id="altf_main" display_order="47"/>
  </option>
  <option option_id="altf_multi_prefix_search" edit_format="radio" data_type="string">
    <default_value>disabled</default_value>
    <edit_format_params>disabled={{ phrase('disabled') }}
enabled={{ phrase('enabled') }}</edit_format_params>
    <relation group_id="altf_main" display_order="45"/>
  </option>
  <option option_id="altf_number_formatting_exclusion_list" edit_format="textbox" data_type="string">
    <default_value></default_value>
    <relation group_id="altf_main" display_order="100"/>
  </option>
  <option option_id="altf_off_canvas_filter" edit_format="onoff" data_type="boolean">
    <default_value>0</default_value>
    <relation group_id="altf_main" display_order="33"/>
  </option>
  <option option_id="altf_tag_search" edit_format="radio" data_type="string">
    <default_value>disabled</default_value>
    <edit_format_params>disabled={{ phrase('disabled') }}
enabled={{ phrase('enabled') }}</edit_format_params>
    <relation group_id="altf_main" display_order="45"/>
  </option>
  <option option_id="altf_total_count_indicator" edit_format="onoff" data_type="boolean">
    <default_value>0</default_value>
    <relation group_id="altf_main" display_order="55"/>
  </option>
</options>
