{
    "src/addons/MMO/RenameAttachments/addon.json": "d3a54159ee02ab49ebf9ad2433f753fd18d5f1e8fca9c6e4d2dff00887d02dd5",
    "src/addons/MMO/RenameAttachments/Install/InstallerHelper.php": "0bc75429163d482b2a73d9ee60023f60d4169fab110d6e2401ad6b7eb6d8b7be",
    "src/addons/MMO/RenameAttachments/Setup.php": "bc98286cbd655fe8c848e46cf920bc544a3e98ab334ace69425a66b65fb29588",
    "src/addons/MMO/RenameAttachments/XF/Pub/View/Attachment/View.php": "3b9ef2def503b798625ce291d78a4eacdc22f3e5fb70fe07c8acbb59c586e32a",
    "src/addons/MMO/RenameAttachments/_data/admin_navigation.xml": "064ec797484ac00d5ee37367b50b06846d11f480d00550997712707f8fdac8c0",
    "src/addons/MMO/RenameAttachments/_data/admin_permission.xml": "ec6fb97cebf0bceb24f1ed1d5778c1db54eeb7535fbb3e31d824840e7aa9ff87",
    "src/addons/MMO/RenameAttachments/_data/advertising_positions.xml": "d2f7cbe844bb1df3cf878d22ff6306249245c8ff6b0b87b9b729744bec538261",
    "src/addons/MMO/RenameAttachments/_data/api_scopes.xml": "6793eaf758f140e8137187ba20e65f4faccf53410433ae3ad7a8b3b38cb6b3b7",
    "src/addons/MMO/RenameAttachments/_data/bb_codes.xml": "faa4ddd5f4a365e5ac39aebdcbe2d25aedf74e7eb9ea4a812766e2fd5e13bdb1",
    "src/addons/MMO/RenameAttachments/_data/bb_code_media_sites.xml": "29762987990187b33e43cfb68c08dc917b2d3f0176613d78f8e6c453f82da3f3",
    "src/addons/MMO/RenameAttachments/_data/class_extensions.xml": "dcd53a895ae057ebcea76314fbd4991a78a53e0432621f311c24b9a31dc31d03",
    "src/addons/MMO/RenameAttachments/_data/code_events.xml": "8370dec3df47f91df4cf79da253446ad11b29f4ea568fe76c774e97a0379f0eb",
    "src/addons/MMO/RenameAttachments/_data/code_event_listeners.xml": "d6b5072f4909dee7a20ee9e44b163f95c8aa52e6ac7f573e292000cd9238c331",
    "src/addons/MMO/RenameAttachments/_data/content_type_fields.xml": "c7ad5472b28f465b7ac7617627707eba1b7a39d28089460d52e1ed292fc0b06a",
    "src/addons/MMO/RenameAttachments/_data/cron.xml": "323c4284742ef24329cd6db6f288eb9736d2353f36852e1db12591e1583aea26",
    "src/addons/MMO/RenameAttachments/_data/help_pages.xml": "a8a0c0b06cdc550438bc8a8d385af3e1e5ab3459877dfb934c1c31be59c89163",
    "src/addons/MMO/RenameAttachments/_data/member_stats.xml": "89fb2b93ff1eca7a1f6f752248edf6090dfd24037db1446fd18ff7143f08124d",
    "src/addons/MMO/RenameAttachments/_data/navigation.xml": "f75e1c03a45a360bbdfcd0567121665082315068475d5b0feb8b1acbb1688651",
    "src/addons/MMO/RenameAttachments/_data/options.xml": "8c0e199b2fd58b952385e4eb7fd64d0002fcc8e674460717930ca89bf169a659",
    "src/addons/MMO/RenameAttachments/_data/option_groups.xml": "c3bc6064e23c3cbab0ea85e591b6ea28c65f3698b5e604acf250486d66dec28d",
    "src/addons/MMO/RenameAttachments/_data/permissions.xml": "7e4fc7d5826733d15ea2d8936b9bdd41afcaad810eb38e50da3c8d8eafda1550",
    "src/addons/MMO/RenameAttachments/_data/permission_interface_groups.xml": "3177224e96458b829aa7fb24866dda9e0455a4922aee3d669b53f59a1ffdf5d1",
    "src/addons/MMO/RenameAttachments/_data/phrases.xml": "d30da0a713cd0a0c77f29bc8c653a8cfe5fb18fec5b8d3f0e65bf95e8ee6c606",
    "src/addons/MMO/RenameAttachments/_data/routes.xml": "550fa64f9feedf137dd877b38c2684f94474619d2d83890dbb717a91b50da8f5",
    "src/addons/MMO/RenameAttachments/_data/style_properties.xml": "8b8690a8512f01f219dd2da76e3d0c5f62afc1f317b87794a7331c859c36a7a8",
    "src/addons/MMO/RenameAttachments/_data/style_property_groups.xml": "68e1879cb3846c42d978487aa8d5145ff3335fc39e58016878824d5cf3fd684c",
    "src/addons/MMO/RenameAttachments/_data/templates.xml": "95d4b078b90e74e773cef6695ef94c742e74b8d62e6798738f11f0215a58faee",
    "src/addons/MMO/RenameAttachments/_data/template_modifications.xml": "3b54b7df00a6a4a18c5e012b6e2588e35c23aaa13a5fc227f08646a97590d778",
    "src/addons/MMO/RenameAttachments/_data/widget_definitions.xml": "37e46965256430f24004c2e7f08ba08f9b0d1cbcc4d70e84b3f4e3ffb713e64b",
    "src/addons/MMO/RenameAttachments/_data/widget_positions.xml": "a29cee66134f6bc5d75ed9df1eef21096c24401915c5b5c774389c3d7bb2d5b3"
}