<?xml version="1.0" encoding="utf-8"?>
<templates>
  <template type="public" title="fs_thread_scoring_all_score_notable" version_id="1000010" version_string="1.0.0 Alpha"><![CDATA[<xf:title>{{ phrase('fs_thread_scoring_system') }}</xf:title>

<div class="block">

	<div class="block-container">
		<xf:if is="$totalCounts is not empty">

			<div class="block-body">

				<xf:datalist data-xf-init="responsive-data-list">

					<xf:macro name="record_table_list" arg-totalCounts="{$totalCounts}" arg-records="{$records}" />

				</xf:datalist>
				<div class="block-footer">
					<span class="block-footer-counter"
						  >{{ display_totals(count($totalCounts), count($totalCounts)) }}</span
						>
				</div>

			</div>
			<xf:else />
			<div class="blockMessage">
				{{ phrase('no_items_have_been_created_yet') }}
			</div>
		</xf:if>

	</div>
</div>

<xf:macro name="record_table_list" arg-totalCounts="!" arg-records="!">
	<xf:datarow rowtype="header">
		<xf:cell> {{ phrase('user') }} </xf:cell>
		<xf:cell> {{ phrase('fs_thread_scoring_system_threads') }} </xf:cell>
		<xf:cell> {{ phrase('fs_thread_scoring_system_replies') }} </xf:cell>
		<xf:cell> {{ phrase('fs_thread_scoring_system_word') }} </xf:cell>
		<xf:cell> {{ phrase('fs_thread_scoring_system_reaction') }} </xf:cell>
		<xf:cell> {{ phrase('fs_thread_scoring_system_solutions') }} </xf:cell>
		<xf:cell> {{ phrase('fs_thread_scoring_system_total_points') }} </xf:cell>
	</xf:datarow>

	<xf:foreach loop="{$records}" value="$val">
		<xf:datarow>
			<xf:cell> <xf:username user="$val.User" rich="true" defaultname="{$val.User.username}" itemprop="name" /> </xf:cell>
			<xf:cell> {{$totalCounts.{$val.user_id}.thread ?: phrase('n_a') }} </xf:cell>
			<xf:cell> {{$totalCounts.{$val.user_id}.reply ?: phrase('n_a') }} </xf:cell>
			<xf:cell> {{$totalCounts.{$val.user_id}.words ?: phrase('n_a') }} </xf:cell>
			<xf:cell> {{$totalCounts.{$val.user_id}.reactions ?: phrase('n_a') }} </xf:cell>
			<xf:cell> {{$totalCounts.{$val.user_id}.solution ?: phrase('n_a') }} </xf:cell>
			<xf:cell> {{$totalCounts.{$val.user_id}.totalPoints ?: phrase('n_a') }} </xf:cell>
		</xf:datarow>
	</xf:foreach>

</xf:macro>]]></template>
  <template type="public" title="fs_thread_scoring_my_score" version_id="1000010" version_string="1.0.0 Alpha"><![CDATA[<div class="block">

	<div class="block-container">

		<div class="block-body">

			<xf:datalist data-xf-init="responsive-data-list">
				<xf:if is="$totalCounts is not empty">

					<xf:macro name="record_table_list" arg-totalCounts="{$totalCounts}" />

					<xf:else />
					<div class="blockMessage">
						{{ phrase('no_items_have_been_created_yet') }}
					</div>
				</xf:if>
			</xf:datalist>
		</div>

	</div>
</div>

<xf:macro name="record_table_list" arg-totalCounts="!">
	<xf:datarow rowtype="header">
		<xf:cell> {{ phrase('fs_thread_scoring_system_threads') }} </xf:cell>
		<xf:cell> {{ phrase('fs_thread_scoring_system_replies') }} </xf:cell>
		<xf:cell> {{ phrase('fs_thread_scoring_system_word') }} </xf:cell>
		<xf:cell> {{ phrase('fs_thread_scoring_system_reaction') }} </xf:cell>
		<xf:cell> {{ phrase('fs_thread_scoring_system_solutions') }} </xf:cell>
	</xf:datarow>

	<xf:datarow>
		<xf:foreach loop="{$totalCounts}" value="$val">
			<xf:cell> {{$val.thread ?: phrase('n_a') }} </xf:cell>
			<xf:cell> {{$val.reply ?: phrase('n_a') }} </xf:cell>
			<xf:cell> {{$val.words ?: phrase('n_a') }} </xf:cell>
			<xf:cell> {{$val.reactions ?: phrase('n_a') }} </xf:cell>
			<xf:cell> {{$val.solution ?: phrase('n_a') }} </xf:cell>
		</xf:foreach>
	</xf:datarow>

</xf:macro>]]></template>
  <template type="public" title="fs_thread_scoring_system_notable_side_widget" version_id="1000010" version_string="1.0.0 Alpha"><![CDATA[<xf:sidebar key="conversationInfo">

	<xf:if is="{{ $xf.visitor.hasPermission('fs_thread_scoring_system', 'can_view') }}">

		<xf:if is="count($data.records)">

			<div class="block">
				<div class="block-container">

					<h3 class="block-minorHeader">{{ phrase('fs_thread_scores') }}</h3>
					<xf:set var="$replyPhrase" value="{{ phrase('fs_thread_scores') }}" />

					<div class="block-body block-row">

						<dl class="pairs pairs--justified">										
							<dt>{{ phrase('fs_thread_scores_users') }}</dt>
							<dd>{{ phrase('fs_thread_scores_users_total_points') }}</dd>
						</dl>

						<br/>

						<xf:set var="$isBelow" value="0" />

						<xf:foreach loop="$data.records" value="$value" key="$key" i="$i">
							<xf:if is="$isBelow < $xf.options.fs_thread_scoring_system_notable_perpage && $value.User">
								<dl class="pairs pairs--justified">										
									<dt><xf:username user="$value.User" rich="true" defaultname="{$value.User.username}" itemprop="name" /></dt>

									<dd data-xf-init="tooltip" title="{{$data.totalCounts.{$value.user_id}.thread ? phrase('fs_thread_scoring_system_thread') . ' ' . $data.totalCounts.{$value.user_id}.thread . ' (' . phrase('points') . ')' : ' '}}
																	  {{$data.totalCounts.{$value.user_id}.reply ? phrase('fs_thread_scoring_system_reply') . ' ' . $data.totalCounts.{$value.user_id}.reply . ' (' . phrase('points') . ')' : ' '}}
																	  {{$data.totalCounts.{$value.user_id}.words ? phrase('fs_thread_scoring_system_words') . ' ' . $data.totalCounts.{$value.user_id}.words . ' (' . phrase('points') . ')' : ' '}}
																	  {{$data.totalCounts.{$value.user_id}.reactions ? phrase('fs_thread_scoring_system_reactions') . ' ' . $data.totalCounts.{$value.user_id}.reactions . ' (' . phrase('points') . ')' : ' '}}
																	  {{$data.totalCounts.{$value.user_id}.solution ? phrase('fs_thread_scoring_system_solution') . ' ' . $data.totalCounts.{$value.user_id}.solution . ' (' . phrase('points') . ')' : ' '}}">{$data.totalCounts.{$value.user_id}.totalPoints}</dd>

								</dl>

								<xf:set var="$isBelow" value="{{$isBelow + 1}}" />

							</xf:if>

						</xf:foreach>
						<div class="memberOverviewBlock-seeMore">
							<a href="{{ link('members/all-users-points') }}">{{ phrase('see_more...') }}</a>
						</div>
					</div>

				</div>
			</div>

		</xf:if>
	</xf:if>

</xf:sidebar>]]></template>
  <template type="public" title="fs_thread_scoring_system_side_widget" version_id="1000010" version_string="1.0.0 Alpha"><![CDATA[<xf:sidebar key="conversationInfo">

	<xf:if is="{{ $xf.visitor.hasPermission('fs_thread_scoring_system', 'can_view') }}">
		<xf:set var="$data" value="{{ $xf.options.fs_thread_scoring_list_format == 'percentage' ? $thread->getPercentageSums() : $thread->getPointsSums() }}" />

		<xf:if is="count($data.records)">

			<div class="block">
				<div class="block-container">

					<h3 class="block-minorHeader">{{ phrase('fs_thread_scores') }}</h3>
					<xf:set var="$replyPhrase" value="{{ phrase('fs_thread_scores') }}" />

					<div class="block-body block-row">

						<dl class="pairs pairs--justified">										
							<dt>{{ phrase('fs_thread_scores_users') }}</dt>
							<dd>{{ $xf.options.fs_thread_scoring_list_format == 'percentage' ? phrase('fs_thread_scores_users_total_percentage') : phrase('fs_thread_scores_users_total_points') }}</dd>
						</dl>

						<br/>

						<xf:foreach loop="$data.records" value="$value">

							<dl class="pairs pairs--justified">										
								<dt><xf:username user="$value.User" rich="true" defaultname="{$value.User.username}" itemprop="name" /></dt>
								<xf:if is="$xf.options.fs_thread_scoring_list_format == 'percentage'">
									<dd data-xf-init="tooltip" title="{{$data.totalPercentage.{$value.user_id}.thread ? phrase('fs_thread_scoring_system_thread') . ' ' . $data.totalPercentage.{$value.user_id}.thread . ' % ' : ' '}}
																	  {{$data.totalPercentage.{$value.user_id}.reply ? phrase('fs_thread_scoring_system_reply') . ' ' . $data.totalPercentage.{$value.user_id}.reply . ' % ' : ' '}}
																	  {{$data.totalPercentage.{$value.user_id}.words ? phrase('fs_thread_scoring_system_words') . ' ' . $data.totalPercentage.{$value.user_id}.words . ' % ' : ' '}}
																	  {{$data.totalPercentage.{$value.user_id}.reactions ? phrase('fs_thread_scoring_system_reactions') . ' ' . $data.totalPercentage.{$value.user_id}.reactions . ' % ' : ' '}}
																	  {{$data.totalPercentage.{$value.user_id}.solution ? phrase('fs_thread_scoring_system_solution') . ' ' . $data.totalPercentage.{$value.user_id}.solution . ' % ' : ' '}}">{$data.totalPercentage.{$value.user_id}.totalPoints}</dd>

									<xf:else />
									<dd data-xf-init="tooltip" title="{{$data.totalCounts.{$value.user_id}.thread ? phrase('fs_thread_scoring_system_thread') . ' ' . $data.totalCounts.{$value.user_id}.thread . ' (' . phrase('points') . ')' : ' '}}
																	  {{$data.totalCounts.{$value.user_id}.reply ? phrase('fs_thread_scoring_system_reply') . ' ' . $data.totalCounts.{$value.user_id}.reply . ' (' . phrase('points') . ')' : ' '}}
																	  {{$data.totalCounts.{$value.user_id}.words ? phrase('fs_thread_scoring_system_words') . ' ' . $data.totalCounts.{$value.user_id}.words . ' (' . phrase('points') . ')' : ' '}}
																	  {{$data.totalCounts.{$value.user_id}.reactions ? phrase('fs_thread_scoring_system_reactions') . ' ' . $data.totalCounts.{$value.user_id}.reactions . ' (' . phrase('points') . ')' : ' '}}
																	  {{$data.totalCounts.{$value.user_id}.solution ? phrase('fs_thread_scoring_system_solution') . ' ' . $data.totalCounts.{$value.user_id}.solution . ' (' . phrase('points') . ')' : ' '}}">{$data.totalCounts.{$value.user_id}.totalPoints}</dd>

								</xf:if>

							</dl>

						</xf:foreach>

					</div>
				</div>
			</div>

		</xf:if>
	</xf:if>

</xf:sidebar>]]></template>
</templates>
