<?xml version="1.0" encoding="utf-8"?>
<template_modifications>
  <modification type="public" template="member_macros" modification_key="fs_thread_scoring_system_get_total_points" description="fs_thread_scoring_system_get_total_points" execution_order="10" enabled="1" action="str_replace">
    <find><![CDATA[<!--[XF:stat_pairs:below_trophies]-->]]></find>
    <replace><![CDATA[$0

<xf:if is="{{ $xf.visitor.hasPermission('fs_thread_scoring_system', 'can_view') }}">
	<dl class="pairs pairs--rows pairs--rows--centered menu-fauxLinkRow">
		<dt>{{ phrase('fs_thread_scoring_system_total_points') }}</dt>
		<dd>
			{{$user.getTotalPoints() }}
		</dd>
	</dl>
</xf:if>]]></replace>
  </modification>
  <modification type="public" template="member_notable" modification_key="fs_thread_scoring_system_in_container" description="fs_thread_scoring_system_in_container" execution_order="10" enabled="1" action="preg_replace">
    <find><![CDATA[/<xf:foreach loop="\$memberStats" key="\$key" value="\$memberStat">.*?<\/xf:foreach>/is]]></find>
    <replace><![CDATA[$0

<xf:if is="{{ $xf.visitor.hasPermission('fs_thread_scoring_system', 'can_view') }}">

	<xf:if is="count($data.records)">

		<xf:if contentcheck="true">
			<li class="memberOverviewBlock">
				<h3 class="block-textHeader">
					<a href="{{ link('members') }}"
					   class="memberOverViewBlock-title">{{ phrase('fs_thread_scores') }}</a>
				</h3>
				<ol class="memberOverviewBlock-list">
					<xf:contentcheck>
						<xf:set var="$isBelow" value="0" />

						<xf:foreach loop="$data.records" value="$value" key="$key" i="$i">
							<xf:if is="$isBelow < $xf.options.fs_thread_scoring_system_notable_perpage && $value.User">
								<li>
									<div class="contentRow contentRow--alignMiddle">
										<div class="contentRow-figure">
											<xf:avatar user="$value.User" size="xs" />
										</div>
										<div class="contentRow-main">
											<xf:if is="{$data.totalCounts.{$value.user_id}.totalPoints}">
												<div class="contentRow-extra contentRow-extra--large" data-xf-init="tooltip" title="{{$data.totalCounts.{$value.user_id}.thread ? phrase('fs_thread_scoring_system_thread') . ' ' . number($data.totalCounts.{$value.user_id}.thread, $xf.options.fs_thread_scoring_system_decimals) . ' (' . phrase('points') . ')' : ' '}}
																																	{{$data.totalCounts.{$value.user_id}.reply ? phrase('fs_thread_scoring_system_reply') . ' ' . number($data.totalCounts.{$value.user_id}.reply, $xf.options.fs_thread_scoring_system_decimals) . ' (' . phrase('points') . ')' : ' '}}
																																	{{$data.totalCounts.{$value.user_id}.words ? phrase('fs_thread_scoring_system_words') . ' ' . number($data.totalCounts.{$value.user_id}.words, $xf.options.fs_thread_scoring_system_decimals) . ' (' . phrase('points') . ')' : ' '}}
																																	{{$data.totalCounts.{$value.user_id}.reactions ? phrase('fs_thread_scoring_system_reactions') . ' ' . number($data.totalCounts.{$value.user_id}.reactions, $xf.options.fs_thread_scoring_system_decimals) . ' (' . phrase('points') . ')' : ' '}}
																																	{{$data.totalCounts.{$value.user_id}.solution ? phrase('fs_thread_scoring_system_solution') . ' ' . number($data.totalCounts.{$value.user_id}.solution, $xf.options.fs_thread_scoring_system_decimals) . ' (' . phrase('points') . ')' : ' '}}">{{number($data.totalCounts.{$value.user_id}.totalPoints, $xf.options.fs_thread_scoring_system_decimals)}}</div>
											</xf:if>
											<h3 class="contentRow-title"><xf:username user="$value.User" rich="true" /></h3>
										</div>
									</div>
								</li>
								<xf:set var="$isBelow" value="{{$isBelow + 1}}" />

							</xf:if>
						</xf:foreach>
					</xf:contentcheck>
				</ol>
				<div class="memberOverviewBlock-seeMore">
					<a href="{{ link('members/all-users-points') }}">{{ phrase('see_more...') }}</a>
				</div>
			</li>
		</xf:if>
	</xf:if>

</xf:if>]]></replace>
  </modification>
  <modification type="public" template="member_view" modification_key="fs_thread_scoring_system_member_add_panel" description="fs_thread_scoring_system_member_add_panel" execution_order="10" enabled="1" action="str_replace">
    <find><![CDATA[<!--[XF:tab_panes:end]-->]]></find>
    <replace><![CDATA[<xf:if is="{{ $xf.visitor.hasPermission('fs_thread_scoring_system', 'can_view') }}">
	<li data-href="{{ link('members/my-points-score', $user) }}" role="tabpanel" aria-labelledby="my-points-score">
		<div class="blockMessage">{{ phrase('loading...') }}</div>
	</li>
</xf:if>

$0]]></replace>
  </modification>
  <modification type="public" template="member_view" modification_key="fs_thread_scoring_system_member_add_tab" description="fs_thread_scoring_system_member_add_tab" execution_order="10" enabled="1" action="str_replace">
    <find><![CDATA[<!--[XF:tabs:end]-->]]></find>
    <replace><![CDATA[<xf:if is="{{ $xf.visitor.hasPermission('fs_thread_scoring_system', 'can_view') }}">
	<a href="{{ link('members/my-points-score', $user) }}"
	   rel="nofollow"
	   class="tabs-tab"
	   id="my-points-score"
	   role="tab">{{ phrase('fs_thread_scoring_point_score') }}</a>
</xf:if>

$0]]></replace>
  </modification>
  <modification type="public" template="member_wrapper" modification_key="fs_thread_scoring_system_notable_widget" description="fs_thread_scoring_system_notable_widget" execution_order="10" enabled="0" action="str_replace">
    <find><![CDATA[<xf:page option="sideNavTitle">{{ phrase('members') }}</xf:page>]]></find>
    <replace><![CDATA[<xf:include template="fs_thread_scoring_system_notable_side_widget" />

$0]]></replace>
  </modification>
  <modification type="public" template="thread_view" modification_key="fs_thread_scoring_system_widget_side" description="fs_thread_scoring_system_widget_side" execution_order="10" enabled="1" action="str_replace">
    <find><![CDATA[<xf:widgetpos id="thread_view_sidebar" context-thread="{$thread}" position="sidebar" />]]></find>
    <replace><![CDATA[<xf:include template="fs_thread_scoring_system_side_widget" />

$0]]></replace>
  </modification>
</template_modifications>
