{
    "js/FS/YtVideos/jquery.fts.1.0.js": "f1c4b98e2815d5a1c284ad266c32a2b8e91b858d1b5370ee94c60d163bd6c2fa",
    "js/FS/YtVideos/jquery.fts.min.js": "8d4060adb60e167a633f29938e483f058cc0e6703268c326e15da56763290ee6",
    "js/FS/YtVideos/jquery.fts.wheel.js": "2279b1b7f4f47d11ab19c49ca82c941515d19382f3d4f59db5ae8ed46d47d66a",
    "src/addons/FS/YtVideoSlider/addon.json": "4e829d702ea889b95da6237362386c2f498ed978ce48024ff6eab8719d9081d3",
    "src/addons/FS/YtVideoSlider/Admin/Controller/YtVideos.php": "16a86d795fda3a22bb52a051dc7f2b59cbf56f629850ef2ecf9a990f9aede31c",
    "src/addons/FS/YtVideoSlider/Attachment/Video.php": "d1d98230ff6d043c0547fb1afc6bc93e69e0a05cc3e21347cd539577d7f3ca61",
    "src/addons/FS/YtVideoSlider/Entity/Video.php": "8e5f558e3a05e47b7e8b3cbc16dbf4bcf8fe7f1fb00d86ad18c4675535798ee7",
    "src/addons/FS/YtVideoSlider/Install/Data/MySql.php": "0a5de3bf5f48e60edb7e2cf60c30f537fec52aa2ed5cee6f0390e759bd1e9f16",
    "src/addons/FS/YtVideoSlider/Setup.php": "c21ae867e246965439f6fae5af62c3c81c5de6a25bf13e6cbeedb85a810c4a62",
    "src/addons/FS/YtVideoSlider/Widget/YtVideos.php": "693fe6893e2301694f834f331380e36621762295ba283b6547fa73048501f68c",
    "src/addons/FS/YtVideoSlider/_data/activity_summary_definitions.xml": "99d8c2563a31320d66f958fc8bda78613545f5f7959bb3cf5318805e3a3c39d2",
    "src/addons/FS/YtVideoSlider/_data/admin_navigation.xml": "3b3bf124ec4c2974fd3e5ea0bc084b2fafef0b9347bdd03158c9623f1cbcded6",
    "src/addons/FS/YtVideoSlider/_data/admin_permission.xml": "ec6fb97cebf0bceb24f1ed1d5778c1db54eeb7535fbb3e31d824840e7aa9ff87",
    "src/addons/FS/YtVideoSlider/_data/advertising_positions.xml": "d2f7cbe844bb1df3cf878d22ff6306249245c8ff6b0b87b9b729744bec538261",
    "src/addons/FS/YtVideoSlider/_data/api_scopes.xml": "6793eaf758f140e8137187ba20e65f4faccf53410433ae3ad7a8b3b38cb6b3b7",
    "src/addons/FS/YtVideoSlider/_data/bb_codes.xml": "faa4ddd5f4a365e5ac39aebdcbe2d25aedf74e7eb9ea4a812766e2fd5e13bdb1",
    "src/addons/FS/YtVideoSlider/_data/bb_code_media_sites.xml": "29762987990187b33e43cfb68c08dc917b2d3f0176613d78f8e6c453f82da3f3",
    "src/addons/FS/YtVideoSlider/_data/class_extensions.xml": "1f548b8006e9952a3f5889f71e09fdfa6726ac1a47c1af7b2626d1a88920d5a4",
    "src/addons/FS/YtVideoSlider/_data/code_events.xml": "8370dec3df47f91df4cf79da253446ad11b29f4ea568fe76c774e97a0379f0eb",
    "src/addons/FS/YtVideoSlider/_data/code_event_listeners.xml": "d6b5072f4909dee7a20ee9e44b163f95c8aa52e6ac7f573e292000cd9238c331",
    "src/addons/FS/YtVideoSlider/_data/content_type_fields.xml": "f4e46cb5bc6ca8a4f5f4d813669a52ce93784bc6f3510ba3a6de0bc69b6e3e9b",
    "src/addons/FS/YtVideoSlider/_data/cron.xml": "323c4284742ef24329cd6db6f288eb9736d2353f36852e1db12591e1583aea26",
    "src/addons/FS/YtVideoSlider/_data/help_pages.xml": "a8a0c0b06cdc550438bc8a8d385af3e1e5ab3459877dfb934c1c31be59c89163",
    "src/addons/FS/YtVideoSlider/_data/member_stats.xml": "89fb2b93ff1eca7a1f6f752248edf6090dfd24037db1446fd18ff7143f08124d",
    "src/addons/FS/YtVideoSlider/_data/navigation.xml": "f75e1c03a45a360bbdfcd0567121665082315068475d5b0feb8b1acbb1688651",
    "src/addons/FS/YtVideoSlider/_data/options.xml": "dabd9b8bf61f4e40b1dff687732c55a3632844867be620e66f9e47ec9d1e2bce",
    "src/addons/FS/YtVideoSlider/_data/option_groups.xml": "91162e3b3b79091af40f59efd250aca1efef31670e91766e07a50655eb4d593e",
    "src/addons/FS/YtVideoSlider/_data/permissions.xml": "7e4fc7d5826733d15ea2d8936b9bdd41afcaad810eb38e50da3c8d8eafda1550",
    "src/addons/FS/YtVideoSlider/_data/permission_interface_groups.xml": "3177224e96458b829aa7fb24866dda9e0455a4922aee3d669b53f59a1ffdf5d1",
    "src/addons/FS/YtVideoSlider/_data/phrases.xml": "f5a37af5160ffff69eff411a54b1a3accbbe37e6207ff88dd2565e2a8c31ba99",
    "src/addons/FS/YtVideoSlider/_data/routes.xml": "33886526763c6cf44d684add8c866c3c11f6e1a1918f759624535d7449302ea0",
    "src/addons/FS/YtVideoSlider/_data/style_properties.xml": "8b8690a8512f01f219dd2da76e3d0c5f62afc1f317b87794a7331c859c36a7a8",
    "src/addons/FS/YtVideoSlider/_data/style_property_groups.xml": "68e1879cb3846c42d978487aa8d5145ff3335fc39e58016878824d5cf3fd684c",
    "src/addons/FS/YtVideoSlider/_data/templates.xml": "b3962e10c45a7c856665de62a75f32abe0bd07752367d2ed926ce573c7f058b6",
    "src/addons/FS/YtVideoSlider/_data/template_modifications.xml": "3b54b7df00a6a4a18c5e012b6e2588e35c23aaa13a5fc227f08646a97590d778",
    "src/addons/FS/YtVideoSlider/_data/widget_definitions.xml": "24292270c77bfb69bdb87db2e36a8e5fcd0e757b7db31ed1d49417d4eeb89fdb",
    "src/addons/FS/YtVideoSlider/_data/widget_positions.xml": "a29cee66134f6bc5d75ed9df1eef21096c24401915c5b5c774389c3d7bb2d5b3",
    "styles/FS/YtVideos/default.png": "02d5c40822701e591b0efd0c0df2fbcab7d5b1d9c48a7b2d839f403bc8df6c9a",
    "styles/FS/YtVideos/default2.png": "efe46ff11e5ba1ea374f44ab8c6e499d8014f3cfce112f7f72884908d90d7df7",
    "styles/FS/YtVideos/preload.gif": "8194a97e11004909d07a273ac63ba3bced8451ac4c397962ad5b76af0f15773c",
    "styles/FS/YtVideos/title.png": "d7e023a1178ee6c4ad9a56cd2c3fb833ce43da966c6d868c971db6290a076025"
}