{
    "src/addons/EWR/Porta/addon.json": "20e05b195099fc446f599f3be1ccd094397de6e6aad107bd7ba43249b9b33e8d",
    "src/addons/EWR/Porta/Admin/Controller/Article.php": "408cac0736b17da60a20b420df5d8708c2dc53a8e70842d6e7c4c61ea451fd90",
    "src/addons/EWR/Porta/Admin/Controller/Author.php": "2c7fc13be8983c4946475f93b56a736438a6573e841458a0600742749372cfa5",
    "src/addons/EWR/Porta/Admin/Controller/Category.php": "aeb19ea45614f0ec14bfa09b7c3be015905f502232b00d608b7bebaf31b025ca",
    "src/addons/EWR/Porta/Admin/Controller/Feature.php": "ca897e4efd8ac499ecec3c61e22bea1084c5ca692b7d2fb64df674b644d73a2b",
    "src/addons/EWR/Porta/Admin/Controller/Index.php": "6ffe627adfcab99b65fc20054995c03bf73ec216fd47b2a5a9af5c514a52a57d",
    "src/addons/EWR/Porta/BbCode/Prebreak.php": "3ca5dca334a1437f7de0a2db94ac7f8821c04435d1d52631db06ec5c8d945f62",
    "src/addons/EWR/Porta/Entity/Article.php": "604153b374a0b520421e84c96682040a9e595d9682ec4891defdf59a9f14f600",
    "src/addons/EWR/Porta/Entity/Author.php": "9775e1f59c26358310e2e91f85d232f7c247ef2d844a7a757c690f57a5bee671",
    "src/addons/EWR/Porta/Entity/Category.php": "be50ea1fe434e12b23b179ff7aa800f9dcf7027ecf4fb92ed38520ba46ffcffb",
    "src/addons/EWR/Porta/Entity/CatLink.php": "abdfcfb36244c0c767b2ac24ba391cd37226ab646ba2e6974017153510796945",
    "src/addons/EWR/Porta/Entity/Feature.php": "ced279fd1c20a0af3a02df73acab417b3ea2770fe9070463d6c6defd11b44f91",
    "src/addons/EWR/Porta/Entity/Post.php": "e9a7e59e35db0e44b346ebec130cf217ee1fb879766c0a48ff75dadb2305a1ed",
    "src/addons/EWR/Porta/Entity/Thread.php": "a051018fcfa218a6e60fde4b0753ea69d7d0d62c6ccea67328474557b16ce2bc",
    "src/addons/EWR/Porta/Finder/Article.php": "225010570fc11bc5d7dbf9e2d7d88b33824e4745e45e3dbecf175d7daea29c63",
    "src/addons/EWR/Porta/Finder/Feature.php": "1f2927a527eecccc8e5ceadbd8ab1252dc8b5ddc67984b24a8d5b5ca5fecb406",
    "src/addons/EWR/Porta/Import/Importer/Porta100.php": "1750b975243f68fd31d6d2654a49fe3c245c31092ddc30bf3ca883ce39578e6f",
    "src/addons/EWR/Porta/Import/Importer/Porta121.php": "00313fef27f75209e24785ddbce6f20eae46f8c53d3074f42ca64c1adff5b73c",
    "src/addons/EWR/Porta/Listener/Importer.php": "d132de3fca5fc49e40d30ec74230cb9adbec01611725555795d2ea1afd93c72c",
    "src/addons/EWR/Porta/Listener/UserManagement.php": "29275052b10789a2ee3923c0b67c0107cbadf87732f8c25f1e6b76cdc1af2012",
    "src/addons/EWR/Porta/Pub/Controller/Article.php": "48260eabb803c4cd864b19025b923b73746bacc40affd163526cd78aca6359a9",
    "src/addons/EWR/Porta/Pub/Controller/Attachment.php": "eb12357ae5bed5a4fd6725b0c2ebbec47fd48965e2cb7c2a32e96e81377830ae",
    "src/addons/EWR/Porta/Pub/Controller/Author.php": "fe6d5f1e45689351bc9a2fe5700a776dcff551058abfed2eea9e495817d335ac",
    "src/addons/EWR/Porta/Pub/Controller/Category.php": "1c3d1204bdcddaf5953dcd40ca295a273d73cb05b2ff8440a72279d0c7506f16",
    "src/addons/EWR/Porta/Pub/Controller/Forum.php": "1a40d48b519be6ec86cbdb22b58705e53d64ed25b98c213a977eecb6fdf28df2",
    "src/addons/EWR/Porta/Pub/Controller/Post.php": "f4d8a31c2453f6b898983ef11fe078d228ef6e12f7b78753725da41599c61e8d",
    "src/addons/EWR/Porta/Pub/Controller/Thread.php": "5ed0268018eba4710f20376243751e73c449c4c72d36d01d05a34ddfbd75bb71",
    "src/addons/EWR/Porta/Pub/View/Article.php": "0102b80b8c61f8ae5ce116ac85378624c8be358ba048229635e6937ac993277b",
    "src/addons/EWR/Porta/Repository/Article.php": "a76d4b8c401fa0d5ff604ed3328f5d69fb9de6a52a2a488b753a6d28477b009a",
    "src/addons/EWR/Porta/Repository/Author.php": "fd77846522f9bef1a8b16f7883af56bd1913c2c506b9c3f06931a1e0bb255ffe",
    "src/addons/EWR/Porta/Repository/Category.php": "55eadbea7fa26eeeef486919328aaa7df5b621826c0b98b3ed8c871d4f5cbc17",
    "src/addons/EWR/Porta/Repository/CatLink.php": "4e3fec8c9b3821f3b0463c02086c94a1f6efa2c94075d1495b3d417cab46e5e8",
    "src/addons/EWR/Porta/Repository/Feature.php": "3534abe282f3fe98c2d4edcf35ad557cab1401b8ee9c99314d072c2f5432573b",
    "src/addons/EWR/Porta/Setup.php": "16637ebf39f76392c0b0873f2991d350ce9299619c167cf5aa7fba5deed94c75",
    "src/addons/EWR/Porta/ThreadType/Article.php": "67cd254a0e900519d74d694d227c0d428ada6a44ad7d951919cfe27507945c75",
    "src/addons/EWR/Porta/ThreadType/Discussion.php": "e2a72125e58eb3b0e048573c8a94823019677c5e7840605c1e75e02131651df5",
    "src/addons/EWR/Porta/ThreadType/Poll.php": "c5776ee7984cb3b53a4536a6a47ef27de8f5a4ce6933acdf2c08365141c26360",
    "src/addons/EWR/Porta/ThreadType/Question.php": "1c5b7379f3141e87c6c5dd86d66dc3c33a983d3b8829e296e89d83e6028254bd",
    "src/addons/EWR/Porta/ThreadType/Suggestion.php": "472a3d67cb7c754250c22457beb325d981de5baf539c3de801a15080b761e3a4",
    "src/addons/EWR/Porta/Widget/Articles.php": "70339d7e314465cf7e40d4800b1954dec32766758cd39dd92d0d098a2bb2382b",
    "src/addons/EWR/Porta/Widget/Categories.php": "807afa25d4da56895096a355cc198fa1702d97cac4f62f54ed4f57abd8ef4308",
    "src/addons/EWR/Porta/Widget/Countdown.php": "fd6bd0e1337b93d7e1358d0875a749e74b8f3d427a27f7a09745d1c1f994f7e0",
    "src/addons/EWR/Porta/Widget/Discord.php": "256ef47dad56e0827c42bae04f9e627618870736846b63b8c7d0231940c83f8a",
    "src/addons/EWR/Porta/Widget/Facebook.php": "c8d149bd0f088ea548682c242ca8c11af0f525f8c0c907fe83ab4311f0d799a8",
    "src/addons/EWR/Porta/Widget/Features.php": "59eb067973cc4e182e760267f541bdf662273011d019f357e0e3d7a5f81e7d48",
    "src/addons/EWR/Porta/Widget/Twitter.php": "483b28d58cbfb50be75c6dfa79311c77f5b594110218f995f545677a6024755a",
    "src/addons/EWR/Porta/_data/activity_summary_definitions.xml": "99d8c2563a31320d66f958fc8bda78613545f5f7959bb3cf5318805e3a3c39d2",
    "src/addons/EWR/Porta/_data/admin_navigation.xml": "de0dcbcfa38f1f118118ff834c8f34faa2b51941a402133255ba564b58dae11c",
    "src/addons/EWR/Porta/_data/admin_permission.xml": "cffa06154d074a3f5143b48628fb0269b7282ae34d522e84d8575079e8e53a87",
    "src/addons/EWR/Porta/_data/advertising_positions.xml": "d2f7cbe844bb1df3cf878d22ff6306249245c8ff6b0b87b9b729744bec538261",
    "src/addons/EWR/Porta/_data/api_scopes.xml": "6793eaf758f140e8137187ba20e65f4faccf53410433ae3ad7a8b3b38cb6b3b7",
    "src/addons/EWR/Porta/_data/bb_codes.xml": "ea8969ff7ba4edfc68e4e9762de8274a5ff7ec5f8eeb2d90d925c78b5750a72e",
    "src/addons/EWR/Porta/_data/bb_code_media_sites.xml": "29762987990187b33e43cfb68c08dc917b2d3f0176613d78f8e6c453f82da3f3",
    "src/addons/EWR/Porta/_data/class_extensions.xml": "88d25d9a802db342016bc0bbd8185ae88e5e1f3463bdd1f294ed08d33b57cc64",
    "src/addons/EWR/Porta/_data/code_events.xml": "8370dec3df47f91df4cf79da253446ad11b29f4ea568fe76c774e97a0379f0eb",
    "src/addons/EWR/Porta/_data/code_event_listeners.xml": "230c022b4c8be41d364275363115b437be73cf764287a30d12aba27b5e3a4c03",
    "src/addons/EWR/Porta/_data/content_type_fields.xml": "c7ad5472b28f465b7ac7617627707eba1b7a39d28089460d52e1ed292fc0b06a",
    "src/addons/EWR/Porta/_data/cron.xml": "323c4284742ef24329cd6db6f288eb9736d2353f36852e1db12591e1583aea26",
    "src/addons/EWR/Porta/_data/help_pages.xml": "a8a0c0b06cdc550438bc8a8d385af3e1e5ab3459877dfb934c1c31be59c89163",
    "src/addons/EWR/Porta/_data/member_stats.xml": "89fb2b93ff1eca7a1f6f752248edf6090dfd24037db1446fd18ff7143f08124d",
    "src/addons/EWR/Porta/_data/navigation.xml": "f256783f89304ad837b92d572528228926f8e3629ed720b160951d916190eaa9",
    "src/addons/EWR/Porta/_data/options.xml": "b16e29df9ae75d2f66337c0b5b0d7481eaae6dd6710c2f989f3aface4def92d4",
    "src/addons/EWR/Porta/_data/option_groups.xml": "5ec57c3b689bb4a6c46efb4715a28da8c6b0df546a1e09108587a766acd88f34",
    "src/addons/EWR/Porta/_data/permissions.xml": "d008edbae21990fb82f0a168ca7e56dd51dd9e02a2f9030cb1706301ded037ab",
    "src/addons/EWR/Porta/_data/permission_interface_groups.xml": "cb2b34c8d2c982872241c940cd3395367d8b8ee743879cbb62e606122ff70b5d",
    "src/addons/EWR/Porta/_data/phrases.xml": "34bb397207757a8cc8b0fce8454cf29849575618701f451498674d8f952bbc7f",
    "src/addons/EWR/Porta/_data/routes.xml": "ee0403334f1744e76573afbb4aa616724673ea44f619ce687ac7596d2f020f9a",
    "src/addons/EWR/Porta/_data/style_properties.xml": "fffb2d791e9c0b78b269829c6dfaf08a157f9109ae1b70876bf9348c117625ff",
    "src/addons/EWR/Porta/_data/style_property_groups.xml": "594512c3d58265e11b25bc93650b65822222f1b35bb9950a6d4786fcccd8a631",
    "src/addons/EWR/Porta/_data/templates.xml": "518b7a21e5ff63fbb646f5ba3f9594d802c9c45d5172fafdf7a1e27fb567762c",
    "src/addons/EWR/Porta/_data/template_modifications.xml": "1c5273963358be8a2264020d8c287e09a158aa91beda622881f682e39be8a9bd",
    "src/addons/EWR/Porta/_data/widget_definitions.xml": "e447136cd9f5cc8000f334d156afae0b65d4f183f3a030f8d68416954b1f1bd1",
    "src/addons/EWR/Porta/_data/widget_positions.xml": "3804801ae2d9e38da4c5d2dc83c3c570d380364d1db362e533934f0583041c7c"
}