<?xml version="1.0" encoding="utf-8"?>
<phrases>
  <phrase title="exclude_tags" version_id="1" version_string="1"><![CDATA[Exclude Tags]]></phrase>
  <phrase title="fs_status_prefix" version_id="1" version_string="1"><![CDATA[Prefix(status)]]></phrase>
  <phrase title="latest_content" version_id="1" version_string="1"><![CDATA[Latest Update]]></phrase>
  <phrase title="nav.latestTherads" version_id="1" version_string="1"><![CDATA[Latest Update]]></phrase>
  <phrase title="option.fs_filter_node" version_id="1" version_string="1"><![CDATA[Select Node]]></phrase>
  <phrase title="option.fs_latest_thread_custom_field_game" version_id="1" version_string="1"><![CDATA[Custom thread field id (Game)]]></phrase>
  <phrase title="option.fs_latest_thread_custom_field_ver" version_id="1" version_string="1"><![CDATA[Custom thread field id (Version)]]></phrase>
  <phrase title="option.fs_latest_thread_per_page" version_id="1" version_string="1"><![CDATA[Per page]]></phrase>
  <phrase title="option.prefix_group_1" version_id="1" version_string="1"><![CDATA[Prefix group 1]]></phrase>
  <phrase title="option.prefix_group_2" version_id="1" version_string="1"><![CDATA[Prefix group 2]]></phrase>
  <phrase title="option.prefix_group_3" version_id="1" version_string="1"><![CDATA[Prefix group 3 (status)]]></phrase>
  <phrase title="option_explain.fs_filter_node" version_id="1" version_string="1"><![CDATA[]]></phrase>
  <phrase title="option_explain.fs_latest_thread_custom_field_game" version_id="1" version_string="1"><![CDATA[Enter the Applicable Custom thread fields game title Id.]]></phrase>
  <phrase title="option_explain.fs_latest_thread_custom_field_ver" version_id="1" version_string="1"><![CDATA[Enter the Applicable Custom thread fields version Id.]]></phrase>
  <phrase title="option_explain.fs_latest_thread_per_page" version_id="1" version_string="1"><![CDATA[]]></phrase>
  <phrase title="option_explain.prefix_group_1" version_id="1" version_string="1"><![CDATA[]]></phrase>
  <phrase title="option_explain.prefix_group_2" version_id="1" version_string="1"><![CDATA[]]></phrase>
  <phrase title="option_explain.prefix_group_3" version_id="1" version_string="1"><![CDATA[]]></phrase>
  <phrase title="option_group.fs_latest_thread" version_id="1" version_string="1"><![CDATA[[FS] Latest Thread]]></phrase>
  <phrase title="option_group_description.fs_latest_thread" version_id="1" version_string="1"><![CDATA[]]></phrase>
  <phrase title="permission.fs_latest_thread_can_check_lts_cnt" version_id="1" version_string="1"><![CDATA[Can check latest content]]></phrase>
  <phrase title="permission_interface.fs_latest_thread" version_id="1" version_string="1"><![CDATA[[FS] Latest Update]]></phrase>
</phrases>
