{
    "src/addons/FS/TractorByNetMyThreads/addon.json": "c38be0c5b80fc8785bae904faa3400a41cd2e769f0409ca898ec67787d73b07d",
    "src/addons/FS/TractorByNetMyThreads/Setup.php": "37872880d6bbee0e3a1593d170926a10e0972488f775316f6641f1115ef161c8",
    "src/addons/FS/TractorByNetMyThreads/XF/Entity/User.php": "8f787b9eaa6f2b73b2122adee8556ce88d06a58e792db8ee9558da4a8811d0f3",
    "src/addons/FS/TractorByNetMyThreads/XF/ForumType/Article.php": "3250b0776b1ef86a7d922ec7471658a86c5a9b627d3bf1b2673a54d7c3b094d6",
    "src/addons/FS/TractorByNetMyThreads/XF/Pub/Controller/Forum.php": "480dc3d28c9342f9ca5a3136ae0f2c2bf29253cfae875a5c84c708f433417be9",
    "src/addons/FS/TractorByNetMyThreads/_data/activity_summary_definitions.xml": "99d8c2563a31320d66f958fc8bda78613545f5f7959bb3cf5318805e3a3c39d2",
    "src/addons/FS/TractorByNetMyThreads/_data/admin_navigation.xml": "064ec797484ac00d5ee37367b50b06846d11f480d00550997712707f8fdac8c0",
    "src/addons/FS/TractorByNetMyThreads/_data/admin_permission.xml": "ec6fb97cebf0bceb24f1ed1d5778c1db54eeb7535fbb3e31d824840e7aa9ff87",
    "src/addons/FS/TractorByNetMyThreads/_data/advertising_positions.xml": "d2f7cbe844bb1df3cf878d22ff6306249245c8ff6b0b87b9b729744bec538261",
    "src/addons/FS/TractorByNetMyThreads/_data/api_scopes.xml": "6793eaf758f140e8137187ba20e65f4faccf53410433ae3ad7a8b3b38cb6b3b7",
    "src/addons/FS/TractorByNetMyThreads/_data/bb_codes.xml": "faa4ddd5f4a365e5ac39aebdcbe2d25aedf74e7eb9ea4a812766e2fd5e13bdb1",
    "src/addons/FS/TractorByNetMyThreads/_data/bb_code_media_sites.xml": "29762987990187b33e43cfb68c08dc917b2d3f0176613d78f8e6c453f82da3f3",
    "src/addons/FS/TractorByNetMyThreads/_data/class_extensions.xml": "b8caea18c70ac38513ee9ab47782e14892b5bfd040ab32c4e67f311c15423f1b",
    "src/addons/FS/TractorByNetMyThreads/_data/code_events.xml": "8370dec3df47f91df4cf79da253446ad11b29f4ea568fe76c774e97a0379f0eb",
    "src/addons/FS/TractorByNetMyThreads/_data/code_event_listeners.xml": "d6b5072f4909dee7a20ee9e44b163f95c8aa52e6ac7f573e292000cd9238c331",
    "src/addons/FS/TractorByNetMyThreads/_data/content_type_fields.xml": "c7ad5472b28f465b7ac7617627707eba1b7a39d28089460d52e1ed292fc0b06a",
    "src/addons/FS/TractorByNetMyThreads/_data/cron.xml": "323c4284742ef24329cd6db6f288eb9736d2353f36852e1db12591e1583aea26",
    "src/addons/FS/TractorByNetMyThreads/_data/help_pages.xml": "a8a0c0b06cdc550438bc8a8d385af3e1e5ab3459877dfb934c1c31be59c89163",
    "src/addons/FS/TractorByNetMyThreads/_data/member_stats.xml": "89fb2b93ff1eca7a1f6f752248edf6090dfd24037db1446fd18ff7143f08124d",
    "src/addons/FS/TractorByNetMyThreads/_data/navigation.xml": "e68646d5018cd32d1a1677bae8f683125c7ac80282bb332ccecf14b99e005f7d",
    "src/addons/FS/TractorByNetMyThreads/_data/options.xml": "a160c35b4584eb1c89b8233585677da551e9403522cf44c2f58b9cff5cee479e",
    "src/addons/FS/TractorByNetMyThreads/_data/option_groups.xml": "942ecb36fcd624e7f0a46879d66ae38d95131d0b1389641e12947f5d2dd2aeca",
    "src/addons/FS/TractorByNetMyThreads/_data/permissions.xml": "7e4fc7d5826733d15ea2d8936b9bdd41afcaad810eb38e50da3c8d8eafda1550",
    "src/addons/FS/TractorByNetMyThreads/_data/permission_interface_groups.xml": "3177224e96458b829aa7fb24866dda9e0455a4922aee3d669b53f59a1ffdf5d1",
    "src/addons/FS/TractorByNetMyThreads/_data/phrases.xml": "594d685dac741dbd9065fa5b4d6890b9fd954ee16d24fcea1517d046ca964fe2",
    "src/addons/FS/TractorByNetMyThreads/_data/routes.xml": "550fa64f9feedf137dd877b38c2684f94474619d2d83890dbb717a91b50da8f5",
    "src/addons/FS/TractorByNetMyThreads/_data/style_properties.xml": "8b8690a8512f01f219dd2da76e3d0c5f62afc1f317b87794a7331c859c36a7a8",
    "src/addons/FS/TractorByNetMyThreads/_data/style_property_groups.xml": "68e1879cb3846c42d978487aa8d5145ff3335fc39e58016878824d5cf3fd684c",
    "src/addons/FS/TractorByNetMyThreads/_data/templates.xml": "b5967e0d84f3bb0a83a7def555f5cc7266898ced706ca346576888180d0fd635",
    "src/addons/FS/TractorByNetMyThreads/_data/template_modifications.xml": "3b54b7df00a6a4a18c5e012b6e2588e35c23aaa13a5fc227f08646a97590d778",
    "src/addons/FS/TractorByNetMyThreads/_data/widget_definitions.xml": "37e46965256430f24004c2e7f08ba08f9b0d1cbcc4d70e84b3f4e3ffb713e64b",
    "src/addons/FS/TractorByNetMyThreads/_data/widget_positions.xml": "a29cee66134f6bc5d75ed9df1eef21096c24401915c5b5c774389c3d7bb2d5b3"
}