{
    "src/addons/XenBulletins/PaySeraIntegration/addon.json": "f6ebef3ca660df0b4015c9126101bc98727a7ccd2c4dfe990ff34c334b68ae38",
    "src/addons/XenBulletins/PaySeraIntegration/libwebtopay/WebToPay.php": "44256e72ce58eb6b8004a8fe72823c0594f26f5b5bcbe1d5645ce58717dcb156",
    "src/addons/XenBulletins/PaySeraIntegration/Payment/AbstractProvider.php": "35b01720dc93a0ff36a2f858bed71547647c0f57fba7c3193294e03b4b854a08",
    "src/addons/XenBulletins/PaySeraIntegration/Payment/CallbackState.php": "283c705d03ef470492631af67fb4a40abb564af962caff565f2e00c4885460ab",
    "src/addons/XenBulletins/PaySeraIntegration/Payment/PaySera.php": "482d4c2c37561c83aff285768ad5f7b5aad97342529104b9da9f9ba6ce98e167",
    "src/addons/XenBulletins/PaySeraIntegration/Setup.php": "9f102bf6c9fa7a06cfceaabe71c0bdd6c52c95b19ae57121a81cfb03cce892c7",
    "src/addons/XenBulletins/PaySeraIntegration/XF/Admin/Controller/UserUpgrade.php": "7c8fa07b0b8dbfb2a18241650be0b4832928a9ef259920668434074a23981311",
    "src/addons/XenBulletins/PaySeraIntegration/XF/Pub/Controller/Account.php": "766b2211b209113e87097b26613b4811787bed16edbb47bfabfb41ba4d5ff72e",
    "src/addons/XenBulletins/PaySeraIntegration/_data/activity_summary_definitions.xml": "99d8c2563a31320d66f958fc8bda78613545f5f7959bb3cf5318805e3a3c39d2",
    "src/addons/XenBulletins/PaySeraIntegration/_data/admin_navigation.xml": "064ec797484ac00d5ee37367b50b06846d11f480d00550997712707f8fdac8c0",
    "src/addons/XenBulletins/PaySeraIntegration/_data/admin_permission.xml": "ec6fb97cebf0bceb24f1ed1d5778c1db54eeb7535fbb3e31d824840e7aa9ff87",
    "src/addons/XenBulletins/PaySeraIntegration/_data/advertising_positions.xml": "d2f7cbe844bb1df3cf878d22ff6306249245c8ff6b0b87b9b729744bec538261",
    "src/addons/XenBulletins/PaySeraIntegration/_data/api_scopes.xml": "6793eaf758f140e8137187ba20e65f4faccf53410433ae3ad7a8b3b38cb6b3b7",
    "src/addons/XenBulletins/PaySeraIntegration/_data/bb_codes.xml": "faa4ddd5f4a365e5ac39aebdcbe2d25aedf74e7eb9ea4a812766e2fd5e13bdb1",
    "src/addons/XenBulletins/PaySeraIntegration/_data/bb_code_media_sites.xml": "29762987990187b33e43cfb68c08dc917b2d3f0176613d78f8e6c453f82da3f3",
    "src/addons/XenBulletins/PaySeraIntegration/_data/class_extensions.xml": "0ba5af3a19c6f3578e6659d6f72347b4c4205e56f97cbdf86bf22be9e39bc808",
    "src/addons/XenBulletins/PaySeraIntegration/_data/code_events.xml": "8370dec3df47f91df4cf79da253446ad11b29f4ea568fe76c774e97a0379f0eb",
    "src/addons/XenBulletins/PaySeraIntegration/_data/code_event_listeners.xml": "d6b5072f4909dee7a20ee9e44b163f95c8aa52e6ac7f573e292000cd9238c331",
    "src/addons/XenBulletins/PaySeraIntegration/_data/content_type_fields.xml": "c7ad5472b28f465b7ac7617627707eba1b7a39d28089460d52e1ed292fc0b06a",
    "src/addons/XenBulletins/PaySeraIntegration/_data/cron.xml": "323c4284742ef24329cd6db6f288eb9736d2353f36852e1db12591e1583aea26",
    "src/addons/XenBulletins/PaySeraIntegration/_data/help_pages.xml": "a8a0c0b06cdc550438bc8a8d385af3e1e5ab3459877dfb934c1c31be59c89163",
    "src/addons/XenBulletins/PaySeraIntegration/_data/member_stats.xml": "89fb2b93ff1eca7a1f6f752248edf6090dfd24037db1446fd18ff7143f08124d",
    "src/addons/XenBulletins/PaySeraIntegration/_data/navigation.xml": "f75e1c03a45a360bbdfcd0567121665082315068475d5b0feb8b1acbb1688651",
    "src/addons/XenBulletins/PaySeraIntegration/_data/options.xml": "1cea29aa5671733d85c8fc6f7c66128eacbca5643cbb38585eb82002879b51a4",
    "src/addons/XenBulletins/PaySeraIntegration/_data/option_groups.xml": "154d7a89664b243d0bd8227c22e241f934bf7e196c83230ee23d3c0c4fba1333",
    "src/addons/XenBulletins/PaySeraIntegration/_data/permissions.xml": "7e4fc7d5826733d15ea2d8936b9bdd41afcaad810eb38e50da3c8d8eafda1550",
    "src/addons/XenBulletins/PaySeraIntegration/_data/permission_interface_groups.xml": "3177224e96458b829aa7fb24866dda9e0455a4922aee3d669b53f59a1ffdf5d1",
    "src/addons/XenBulletins/PaySeraIntegration/_data/phrases.xml": "e92c8dfd6ba51ed309bb72874a82793ea7a0a22c28515198abb9469b6a5da98f",
    "src/addons/XenBulletins/PaySeraIntegration/_data/routes.xml": "550fa64f9feedf137dd877b38c2684f94474619d2d83890dbb717a91b50da8f5",
    "src/addons/XenBulletins/PaySeraIntegration/_data/style_properties.xml": "8b8690a8512f01f219dd2da76e3d0c5f62afc1f317b87794a7331c859c36a7a8",
    "src/addons/XenBulletins/PaySeraIntegration/_data/style_property_groups.xml": "68e1879cb3846c42d978487aa8d5145ff3335fc39e58016878824d5cf3fd684c",
    "src/addons/XenBulletins/PaySeraIntegration/_data/templates.xml": "c35c880a1833f3a1e0ba723e2464aad578c00d84b17873cc55d0e6e177383c31",
    "src/addons/XenBulletins/PaySeraIntegration/_data/template_modifications.xml": "3b54b7df00a6a4a18c5e012b6e2588e35c23aaa13a5fc227f08646a97590d778",
    "src/addons/XenBulletins/PaySeraIntegration/_data/widget_definitions.xml": "37e46965256430f24004c2e7f08ba08f9b0d1cbcc4d70e84b3f4e3ffb713e64b",
    "src/addons/XenBulletins/PaySeraIntegration/_data/widget_positions.xml": "a29cee66134f6bc5d75ed9df1eef21096c24401915c5b5c774389c3d7bb2d5b3"
}