{
    "src/addons/AVForums/TagEssentials/addon.json": "6df25253466b3e35347c5da17f40ca0cc07dc7d4b762fe4308dacf26c77f0782",
    "src/addons/AVForums/TagEssentials/EditHistory/TagWiki.php": "9dc158cad64c02cecd9a9bff209cf891ace170d1c4bb1cb02df21de7e3f669a7",
    "src/addons/AVForums/TagEssentials/Entity/Blacklist.php": "c5c06a15acbc0c4ab083b45adc3efb031ed5f81bbbaf56a010e56fa7dbd09ca6",
    "src/addons/AVForums/TagEssentials/Entity/TagCategory.php": "09d9730484b1e419cba1867caaba92fc77f968ebd88ea87d1362251129886ce3",
    "src/addons/AVForums/TagEssentials/Entity/TagSynonym.php": "cff3b33c7e9513c2f6b313fa92abb194607169e82ff01c9ed7f9682cf5c39b3c",
    "src/addons/AVForums/TagEssentials/Entity/TagWatch.php": "ddc1472dd8902141254ca21af6c0805da9a066c5cfe5bdb1fb7978636afe3ff6",
    "src/addons/AVForums/TagEssentials/Job/TagCategoryDelete.php": "f587b10a7c6d1f7bd3e0b54344f15665681cb12de93d2bdc1697181a4de25cb8",
    "src/addons/AVForums/TagEssentials/Job/TagPrune.php": "1e7874f466c439c1bf6043c5ffb3710c762ca69839cfd19918b06e3f4eea259b",
    "src/addons/AVForums/TagEssentials/Job/WikiFixup.php": "f935b92aac6cddb2df8949f83487dc13c2bc28f1a9e5d5734282efe878ce9d5a",
    "src/addons/AVForums/TagEssentials/M2N_logo.png": "d1dc298745e227ece345ba8cf0df260ded3a61471e3eff81e665b5c7d6f82d8e",
    "src/addons/AVForums/TagEssentials/Notifier/Tag/TagWatch.php": "5f1bf264d893b51be33f683fb49dfc91cd7f04a75ca7f20676fd48509be81bc0",
    "src/addons/AVForums/TagEssentials/Repository/Blacklist.php": "af73ba236d73faa049af6bd358b396ad0d701eb449ecfeb196971c143cfa7ec8",
    "src/addons/AVForums/TagEssentials/Repository/TagCategory.php": "5b50398f6ae3519007f0fbfcb9a6b556aa40764e5cf7870ba9c3c5e1c30707f3",
    "src/addons/AVForums/TagEssentials/Repository/TagWatch.php": "b60cb0d8eba86203e151ab58dc87c8e434ae1b54f4a161c9e6419c9e7fc20393",
    "src/addons/AVForums/TagEssentials/Service/Tag/Notifier.php": "dc9cd837ee2b411c22879d89e13b94ab7ae6b1ef62c51d05eb87c75f115e7e22",
    "src/addons/AVForums/TagEssentials/Setup.php": "928b747a24919f190415a7f9632ed064285f82285192c48db41d251fff59d5e3",
    "src/addons/AVForums/TagEssentials/Widget/TagCloud.php": "ffa7c74098fba24ee95f7cf45141afce75a501ad93d45d43fe8a076878697250",
    "src/addons/AVForums/TagEssentials/XF/Admin/Controller/Feed.php": "9f92b1b31d4fd9447bf71af0a1fcc51f76189143a48f62db24dc33781e40450f",
    "src/addons/AVForums/TagEssentials/XF/Admin/Controller/Forum.php": "dec06ad998b8cdcf196a4edae92c6e68d98a9b9857e2dede54313431b1504eab",
    "src/addons/AVForums/TagEssentials/XF/Admin/Controller/Tag.php": "b9164ea271fe4dbd78cd554555f64558aeafdc0ef90bad102df9f33f4e041caa",
    "src/addons/AVForums/TagEssentials/XF/Admin/Controller/ThreadPrefix.php": "b7e90e5b73fddc0e063cf4dfc8f4d1c5907271c70cd840d70dfe57e26c382ccb",
    "src/addons/AVForums/TagEssentials/XF/Alert/Thread.php": "4051b7f591abe9f72670d44b2ff61d4e1befcde325541c58698ce33c51053d2f",
    "src/addons/AVForums/TagEssentials/XF/Entity/Feed.php": "4103bb6f531bb7cf8fa7db2ac3e93b8055e563395f416b6958606421ec1b35c2",
    "src/addons/AVForums/TagEssentials/XF/Entity/Forum.php": "2b833a939dfbf5e3aa066b534276a2979646e3744a3871f4904a11ac3ee6dcd6",
    "src/addons/AVForums/TagEssentials/XF/Entity/Tag.php": "ef1f95ea43f3f242beee991b1b748bd2084a6eb3a60a3a0c8dd49c58384be8cc",
    "src/addons/AVForums/TagEssentials/XF/Entity/TagContent.php": "ed4db6614fcd2213afa84f8855b399f92cc7b5e688a5a7757de7a4c576d9591e",
    "src/addons/AVForums/TagEssentials/XF/Entity/Thread.php": "6c1a2baa06186abaafe7dd4a7d5886432476920086a08443008bc85073152f9b",
    "src/addons/AVForums/TagEssentials/XF/Entity/ThreadPrefix.php": "0df0cd9be8d93e72e5cff49d85a4e87bc15d92433bba8f79b37a914b43b8b52d",
    "src/addons/AVForums/TagEssentials/XF/Entity/User.php": "2af5e17721cf1b1bc0402f7d965c7def9f0a412e71fd3055e2d0e70f90670d28",
    "src/addons/AVForums/TagEssentials/XF/Finder/Tag.php": "dac3223a01fbccde32314eff2f0db07de7cda1b0ec3b2870be121aaf77fe279b",
    "src/addons/AVForums/TagEssentials/XF/Finder/Thread.php": "bb3f81190ec5d2bb5d79e1caf96e0dd583f5caf7d19b654b020832c1c8b9f044",
    "src/addons/AVForums/TagEssentials/XF/Job/ThreadAction.php": "a1e648140f3492d96e9fd726afba6a1208c5fc00833a69b59f30d64fc184b62d",
    "src/addons/AVForums/TagEssentials/XF/Pub/Controller/Forum.php": "de9881b3009edd6d7be15c2e1d3c69a7c832d9c24550bc691d8ea7fe822c89b1",
    "src/addons/AVForums/TagEssentials/XF/Pub/Controller/Misc.php": "55020bc7242a4d5a15af21a9dd8f2e2de2caaceac85a783dd783964978abbe25",
    "src/addons/AVForums/TagEssentials/XF/Pub/Controller/Tag.php": "ed0d0f701db1f93ee6cffafc409be92aa90298d92d8c0870f2ab9fbd0e88ca37",
    "src/addons/AVForums/TagEssentials/XF/Pub/Controller/Watched.php": "ccc5547b5f7894931c6524868f0aca7e55ed11a0f2d0f5d1143be8a43104ce2c",
    "src/addons/AVForums/TagEssentials/XF/Repository/Tag.php": "9ab4e3c50c8a0707261a176a4bde7c5fd1d8bf94e4cbe573aa3f8eb411a7f524",
    "src/addons/AVForums/TagEssentials/XF/Searcher/Thread.php": "ca9481f9e09634d22acc2d06715dc55ed50448541051d125af685d6615375d9d",
    "src/addons/AVForums/TagEssentials/XF/Service/Feed/Feeder.php": "3bd2466c9905d96e26c14dabe643c9f79d45b23f083595a597575a3f185e51b6",
    "src/addons/AVForums/TagEssentials/XF/Service/Tag/Changer.php": "b2b2fb097d658ec9029c49a126e05f344fff0af3d3b8cbb36593dff228e2c18f",
    "src/addons/AVForums/TagEssentials/XF/Service/Tag/Merger.php": "bb1726e3ace16fc990d7a146a7206f43657bb3d68c71e931ead97920c6b5659b",
    "src/addons/AVForums/TagEssentials/_data/activity_summary_definitions.xml": "99d8c2563a31320d66f958fc8bda78613545f5f7959bb3cf5318805e3a3c39d2",
    "src/addons/AVForums/TagEssentials/_data/admin_navigation.xml": "e82c1f9f6381ca8382d18acc1803a226e99144cce654ccf1212202be0fe94bd1",
    "src/addons/AVForums/TagEssentials/_data/admin_permission.xml": "ec6fb97cebf0bceb24f1ed1d5778c1db54eeb7535fbb3e31d824840e7aa9ff87",
    "src/addons/AVForums/TagEssentials/_data/advertising_positions.xml": "d2f7cbe844bb1df3cf878d22ff6306249245c8ff6b0b87b9b729744bec538261",
    "src/addons/AVForums/TagEssentials/_data/api_scopes.xml": "6793eaf758f140e8137187ba20e65f4faccf53410433ae3ad7a8b3b38cb6b3b7",
    "src/addons/AVForums/TagEssentials/_data/bb_codes.xml": "faa4ddd5f4a365e5ac39aebdcbe2d25aedf74e7eb9ea4a812766e2fd5e13bdb1",
    "src/addons/AVForums/TagEssentials/_data/bb_code_media_sites.xml": "29762987990187b33e43cfb68c08dc917b2d3f0176613d78f8e6c453f82da3f3",
    "src/addons/AVForums/TagEssentials/_data/class_extensions.xml": "d212e5f196aca15e9fe6c9ad3cbfcf33d9e32768243efb450cabdabfe0956ce0",
    "src/addons/AVForums/TagEssentials/_data/code_events.xml": "8370dec3df47f91df4cf79da253446ad11b29f4ea568fe76c774e97a0379f0eb",
    "src/addons/AVForums/TagEssentials/_data/code_event_listeners.xml": "d6b5072f4909dee7a20ee9e44b163f95c8aa52e6ac7f573e292000cd9238c331",
    "src/addons/AVForums/TagEssentials/_data/content_type_fields.xml": "3df5766fa89b5c63af3a8a5daf862cf07b0b98951e3330f196f231c16514d74f",
    "src/addons/AVForums/TagEssentials/_data/cron.xml": "323c4284742ef24329cd6db6f288eb9736d2353f36852e1db12591e1583aea26",
    "src/addons/AVForums/TagEssentials/_data/help_pages.xml": "a8a0c0b06cdc550438bc8a8d385af3e1e5ab3459877dfb934c1c31be59c89163",
    "src/addons/AVForums/TagEssentials/_data/member_stats.xml": "89fb2b93ff1eca7a1f6f752248edf6090dfd24037db1446fd18ff7143f08124d",
    "src/addons/AVForums/TagEssentials/_data/navigation.xml": "6b4cf3b154866d04416a67b2ce3a663384c1d54830302d97abb1e58144179512",
    "src/addons/AVForums/TagEssentials/_data/options.xml": "3cab42c974f16a55ea3319673952f271d661921d167e28d5becafca17d33d574",
    "src/addons/AVForums/TagEssentials/_data/option_groups.xml": "964fe61bfb163be031b2a27f7e86be513dcf4fe405327d044b6c40af948d1dbc",
    "src/addons/AVForums/TagEssentials/_data/permissions.xml": "4aa1029f97e396618b03dfbc5f91e709f3a09fee5ad9e853ed8529c725387d25",
    "src/addons/AVForums/TagEssentials/_data/permission_interface_groups.xml": "3177224e96458b829aa7fb24866dda9e0455a4922aee3d669b53f59a1ffdf5d1",
    "src/addons/AVForums/TagEssentials/_data/phrases.xml": "633d69673c1faac3e8a9814a22be6c653060ca5e2846c1401ae6894a957b3207",
    "src/addons/AVForums/TagEssentials/_data/routes.xml": "550fa64f9feedf137dd877b38c2684f94474619d2d83890dbb717a91b50da8f5",
    "src/addons/AVForums/TagEssentials/_data/style_properties.xml": "8b8690a8512f01f219dd2da76e3d0c5f62afc1f317b87794a7331c859c36a7a8",
    "src/addons/AVForums/TagEssentials/_data/style_property_groups.xml": "68e1879cb3846c42d978487aa8d5145ff3335fc39e58016878824d5cf3fd684c",
    "src/addons/AVForums/TagEssentials/_data/templates.xml": "4b652f225b2d8e73e1654c8c7708f1df4e7950799b4622d7c0615b8f3ca66147",
    "src/addons/AVForums/TagEssentials/_data/template_modifications.xml": "e77040db8004aca53de9f4574c2be0a1ef94636a4830bcedef202b584212a3ff",
    "src/addons/AVForums/TagEssentials/_data/widget_definitions.xml": "5f82761affe6e1978e84faad027ed37828879c27316aeced55135ba526dfdfa2",
    "src/addons/AVForums/TagEssentials/_data/widget_positions.xml": "a29cee66134f6bc5d75ed9df1eef21096c24401915c5b5c774389c3d7bb2d5b3"
}