{
    "src/addons/Ialert/PayrexxGateway/addon.json": "69488828abffe5d6b599c208b2a820db6587af7d59dae41717ff43c27ab2153e",
    "src/addons/Ialert/PayrexxGateway/composer.json": "558359bd4e53827b7426ab37c7559539901ff8779366d26b70b10cdd8efbfd2d",
    "src/addons/Ialert/PayrexxGateway/composer.lock": "5bce5133667a222175802cdfbc3b6daa19d70cbb110d4c6392b33c71c986dadb",
    "src/addons/Ialert/PayrexxGateway/Entity/ReviewBalanceUpgradeLog.php": "892d24679bac2bfa8f0d1dcebc533ebff18ab7a6e44e78a6b2686c3c34804613",
    "src/addons/Ialert/PayrexxGateway/icon.png": "48c3bd97de2ae0b090d54f4958b2b762b06bb598cf9d1373d4d395c21c392b99",
    "src/addons/Ialert/PayrexxGateway/Job/InsertAndUpdate.php": "19ff24926bfe6b0ca39cf486bc3ecb6533168745ea4bd38706f3e2d0ea5db5f3",
    "src/addons/Ialert/PayrexxGateway/Listener/UserUpgradeListener.php": "d18a665475ee059e3605432513b96505771d14fbcf567fb4a83c18fb611ec8ac",
    "src/addons/Ialert/PayrexxGateway/Repository/AMP/Review.php": "8bc22a7168dd16ff14e4c476ab379421240e9fb60320289d4511a2ece360d5dd",
    "src/addons/Ialert/PayrexxGateway/Setup.php": "4ef5d14b4a9dba325d3b38235902017afd3842cfd095be68d4d4d6577e9acb2d",
    "src/addons/Ialert/PayrexxGateway/vendor/autoload.php": "7b3f0e9477a4c90f71ffaffaf1f323c51a2050b3e0b9e635795c891cce5c0d7e",
    "src/addons/Ialert/PayrexxGateway/vendor/composer/autoload_classmap.php": "894fbd23013969829316a4c244401c65355ee4d48440f2d533fb517c693b717d",
    "src/addons/Ialert/PayrexxGateway/vendor/composer/autoload_namespaces.php": "81efa2aaf6f282ab66237a5e715cd05681897f0714a02c01d26ddbd90c9db621",
    "src/addons/Ialert/PayrexxGateway/vendor/composer/autoload_psr4.php": "9ead7763dcdb921731a7b7395385bf61dc6481899ae21d76aef52a659d21fccd",
    "src/addons/Ialert/PayrexxGateway/vendor/composer/autoload_real.php": "986bb47653019cf758d69ec25bbce787c3b5b6e72e1fa28663da669fc4fc60d0",
    "src/addons/Ialert/PayrexxGateway/vendor/composer/autoload_static.php": "b06eedf040dbd36aa0e9d58311086bb2f056c87f25480ff3748a756acf926d6b",
    "src/addons/Ialert/PayrexxGateway/vendor/composer/ClassLoader.php": "e4fc4d4487a4d766d3ef14606fa0d8ff09dd7f3f0885425803d7aa7fc68e2c3d",
    "src/addons/Ialert/PayrexxGateway/vendor/composer/installed.json": "2868464bc01d790af885bc32642d2976bd58d9d41904b326e5535754c29d69a9",
    "src/addons/Ialert/PayrexxGateway/vendor/composer/LICENSE": "c8cce4b6b9729f264ffdf9296d505d63432497feeed1f586d1902b942197e024",
    "src/addons/Ialert/PayrexxGateway/vendor/payrexx/payrexx/composer.json": "e1664f0327512d5f2b38ec4c225ac5aa377c2ea4056e7c4b4580bc574fcbf513",
    "src/addons/Ialert/PayrexxGateway/vendor/payrexx/payrexx/examples/AuthTokenCreate.php": "70365c45f02c5ee9acba64e079ca55d896892987770212e3cddd4e6004c287d1",
    "src/addons/Ialert/PayrexxGateway/vendor/payrexx/payrexx/examples/GatewayCreate.php": "8e4c4e774622121421295b53bf42447aa315818f36ae9db4a4cecfa2373e8c51",
    "src/addons/Ialert/PayrexxGateway/vendor/payrexx/payrexx/examples/GatewayDelete.php": "f79873229594ce075717ce096d7e64421bd94e32710983bef9817caca874b89f",
    "src/addons/Ialert/PayrexxGateway/vendor/payrexx/payrexx/examples/GatewayGetOne.php": "ae0156b4c0bdec0e42bb63f679b2da83f51e19d5ae81d0a1aa814021770f3de8",
    "src/addons/Ialert/PayrexxGateway/vendor/payrexx/payrexx/examples/InvoiceCreate.php": "e3b3920f4c08a3588c30fa6285c238fce110ced5b6005c47faa76596245f699a",
    "src/addons/Ialert/PayrexxGateway/vendor/payrexx/payrexx/examples/InvoiceDelete.php": "4d7075cde2ca15886aa40065bb4fb13080e93a872013c33f8f67ac451938cd23",
    "src/addons/Ialert/PayrexxGateway/vendor/payrexx/payrexx/examples/InvoiceGetOne.php": "f21d118f352b138ffa6de6906e319de45f0b5394efb2e0a4379e1e9d2dadc2ac",
    "src/addons/Ialert/PayrexxGateway/vendor/payrexx/payrexx/examples/PageCreate.php": "62bdb362381ba6e68c6e9d582081c325b0ded059e335f37204bce271fbc3e165",
    "src/addons/Ialert/PayrexxGateway/vendor/payrexx/payrexx/examples/PageGetAll.php": "9e8b38099440530f23bfdc444cd6cbbef0f3d6e7bd615df84f9ee8ad023b5f98",
    "src/addons/Ialert/PayrexxGateway/vendor/payrexx/payrexx/examples/PageGetOne.php": "5b49d0a7ffef927747f51ff4faa418eeaff242f8380d78c7b81dfd5784dc1ad7",
    "src/addons/Ialert/PayrexxGateway/vendor/payrexx/payrexx/examples/PaymentProviderGetAll.php": "1b8f852af5a1da2eb220b122a479a8938f6b715bbdb3bcd67b3fe7348334182d",
    "src/addons/Ialert/PayrexxGateway/vendor/payrexx/payrexx/examples/SignatureCheckGetOne.php": "79deeb314387b5905a570c64be6d1ead4269ddd210322717eb1797221594c6a4",
    "src/addons/Ialert/PayrexxGateway/vendor/payrexx/payrexx/examples/SubscriptionCancel.php": "745e1c48654fda2442addcd15c32ec3457c8a7ddec6f01225b925951b1b707a5",
    "src/addons/Ialert/PayrexxGateway/vendor/payrexx/payrexx/examples/SubscriptionCreate.php": "2b35048d6f8ded4012a6d2b7737d271771f1dac82427d07cba057a3472101241",
    "src/addons/Ialert/PayrexxGateway/vendor/payrexx/payrexx/examples/SubscriptionUpdate.php": "5656e7f3411af83d813fce795a6d90b310eb4980b7e5f9718df0d5a0e04a1998",
    "src/addons/Ialert/PayrexxGateway/vendor/payrexx/payrexx/examples/TransactionCharge.php": "1551fac5043a243494e724fe4b56409a7ffa63fc84b6aba50bca68ae66792582",
    "src/addons/Ialert/PayrexxGateway/vendor/payrexx/payrexx/examples/TransactionGetAll.php": "c62d1089b1bcc3e8211d06eddd672114696e4979b4534b0deb479cc633c8d0e6",
    "src/addons/Ialert/PayrexxGateway/vendor/payrexx/payrexx/examples/TransactionGetOne.php": "0d2c1892f1fb597e785ef175f1c358b5707bd8f800c883a739d4a93cfe313ad3",
    "src/addons/Ialert/PayrexxGateway/vendor/payrexx/payrexx/lib/Payrexx/certs/ca.pem": "d30aeab47af04e03bc536ef8bc1b5f46feba77a53fe0fa92d6f05eb84367d098",
    "src/addons/Ialert/PayrexxGateway/vendor/payrexx/payrexx/lib/Payrexx/CommunicationAdapter/AbstractCommunication.php": "83ee187f33fdfd67dcd6c4f972927a2a267dda0c697759c54063a0f3521dccaa",
    "src/addons/Ialert/PayrexxGateway/vendor/payrexx/payrexx/lib/Payrexx/CommunicationAdapter/CurlCommunication.php": "91b773b446a46b1c11a3759d50a0df3c026948de433d374cc1beb3eede3b13ff",
    "src/addons/Ialert/PayrexxGateway/vendor/payrexx/payrexx/lib/Payrexx/Communicator.php": "714668ae9c6954511680d06e8f2a6eefed93d63a496d0ad135d155599db64d23",
    "src/addons/Ialert/PayrexxGateway/vendor/payrexx/payrexx/lib/Payrexx/Models/Base.php": "775d289f6da3f1bec77ca730e3b2e8203f48474ac0783b2b09c5b1431857b25b",
    "src/addons/Ialert/PayrexxGateway/vendor/payrexx/payrexx/lib/Payrexx/Models/Request/AuthToken.php": "c1038a358e772782b4a2b5fde7c38cf9ac974f4874f723f1b7fec7ab70a6b562",
    "src/addons/Ialert/PayrexxGateway/vendor/payrexx/payrexx/lib/Payrexx/Models/Request/Gateway.php": "4f9af94e15149668a075e2bf83d8691cebad1aff1aa4e292c5cfedf557de3cdc",
    "src/addons/Ialert/PayrexxGateway/vendor/payrexx/payrexx/lib/Payrexx/Models/Request/Invoice.php": "f7a69175a3ce512c6ab9143d8593092aa49d58dcab4ef1382496782a066f6b62",
    "src/addons/Ialert/PayrexxGateway/vendor/payrexx/payrexx/lib/Payrexx/Models/Request/Page.php": "0259fafbd1fa10221f055f31e0675f5e2a6358612506a57b4a3af0c5c75957db",
    "src/addons/Ialert/PayrexxGateway/vendor/payrexx/payrexx/lib/Payrexx/Models/Request/PaymentProvider.php": "33c8f351dd93e793e3a0912df391b0cd622e6e4e1462af4ee583363b81048bb1",
    "src/addons/Ialert/PayrexxGateway/vendor/payrexx/payrexx/lib/Payrexx/Models/Request/SignatureCheck.php": "618d839efa18909dfc2146ff5b82e1f5932c26b1bd10d6fd042a6a08eb41e0de",
    "src/addons/Ialert/PayrexxGateway/vendor/payrexx/payrexx/lib/Payrexx/Models/Request/Subscription.php": "2c6212f05d7333fd409e430dc68ebe828e0a8b528c3b4f380b6f7ef59e4b5110",
    "src/addons/Ialert/PayrexxGateway/vendor/payrexx/payrexx/lib/Payrexx/Models/Request/Transaction.php": "27a6ad066ec722071a350f8425556816163fc03fd53c203cf5598f6487e9be6a",
    "src/addons/Ialert/PayrexxGateway/vendor/payrexx/payrexx/lib/Payrexx/Models/Response/AuthToken.php": "b8429b229fbb714196bb0f7280221618d7f9b31828b9efa50cd9f9acbeee1825",
    "src/addons/Ialert/PayrexxGateway/vendor/payrexx/payrexx/lib/Payrexx/Models/Response/Gateway.php": "ac0902c3db8e47e59181b397345060e51a337ac94e8e3bd3d2e92cf4a5cd1d6f",
    "src/addons/Ialert/PayrexxGateway/vendor/payrexx/payrexx/lib/Payrexx/Models/Response/Invoice.php": "9cbb07913c8a8e68ce0cc600e9e9784cc2a2214b2b5c98a0fa42b2375215ae23",
    "src/addons/Ialert/PayrexxGateway/vendor/payrexx/payrexx/lib/Payrexx/Models/Response/Page.php": "dd3e549e0d459c52fadf2b05b7eb25983d15629e43e01b06b206594b13c88690",
    "src/addons/Ialert/PayrexxGateway/vendor/payrexx/payrexx/lib/Payrexx/Models/Response/PaymentProvider.php": "c45b3b649e87fe392a09378676a98e39907d68d1fde29ebae12b0db9b356f496",
    "src/addons/Ialert/PayrexxGateway/vendor/payrexx/payrexx/lib/Payrexx/Models/Response/SignatureCheck.php": "384b9c09b4a5a39653734da96416c34d9a8ec3cddbb637cc4732b5636b5cee7f",
    "src/addons/Ialert/PayrexxGateway/vendor/payrexx/payrexx/lib/Payrexx/Models/Response/Subscription.php": "e1b2f3caf24d30e588440d4937ec4bef22d5e032fd48caa78850bf11ce8e58af",
    "src/addons/Ialert/PayrexxGateway/vendor/payrexx/payrexx/lib/Payrexx/Models/Response/Transaction.php": "1cc71db8681d2aeacc4c05b12459934c537d6e71106f3494f9c0c0a73c926d27",
    "src/addons/Ialert/PayrexxGateway/vendor/payrexx/payrexx/lib/Payrexx/Payrexx.php": "ddbdfe61eec261cd7f0f57b0b6afcf29a1a7f543aed5654a62ba33c580f886a6",
    "src/addons/Ialert/PayrexxGateway/vendor/payrexx/payrexx/lib/Payrexx/PayrexxException.php": "313fd134f99272e52b5967b4d7da288a3d49e583284be9a195992d9de5199b65",
    "src/addons/Ialert/PayrexxGateway/vendor/payrexx/payrexx/LICENSE": "c41a11c2a2c9a395ac6cdae28d9e24d981891959efb61fae6fc588fe8f6377c7",
    "src/addons/Ialert/PayrexxGateway/vendor/payrexx/payrexx/README.md": "164e500fa2b6ea03e7389c068dde7d657c01c650a9aab5e99c29196cd30655c6",
    "src/addons/Ialert/PayrexxGateway/XF/Admin/Controller/User.php": "e4ae307e604f76b4cfa519c0ca0f5eba646709aacee579b35dcef93b86f3a7ea",
    "src/addons/Ialert/PayrexxGateway/XF/Admin/Controller/UserUpgrade.php": "ea7c55316439a5a94e50a6b6e95914dba235d7df9f4f51f4b9b4d7e684e72200",
    "src/addons/Ialert/PayrexxGateway/XF/Payment/Payrexx.php": "a2d4beeb803ac86060e963d1489ac74453269c0475b0fca5884fa1439d42743c",
    "src/addons/Ialert/PayrexxGateway/XF/Service/User/Upgrade.php": "74a90688323a929dd8ef21caa5f8122737dfa9e90b612deed53f743a8f3afc6f",
    "src/addons/Ialert/PayrexxGateway/_data/activity_summary_definitions.xml": "99d8c2563a31320d66f958fc8bda78613545f5f7959bb3cf5318805e3a3c39d2",
    "src/addons/Ialert/PayrexxGateway/_data/admin_navigation.xml": "064ec797484ac00d5ee37367b50b06846d11f480d00550997712707f8fdac8c0",
    "src/addons/Ialert/PayrexxGateway/_data/admin_permission.xml": "ec6fb97cebf0bceb24f1ed1d5778c1db54eeb7535fbb3e31d824840e7aa9ff87",
    "src/addons/Ialert/PayrexxGateway/_data/advertising_positions.xml": "d2f7cbe844bb1df3cf878d22ff6306249245c8ff6b0b87b9b729744bec538261",
    "src/addons/Ialert/PayrexxGateway/_data/api_scopes.xml": "6793eaf758f140e8137187ba20e65f4faccf53410433ae3ad7a8b3b38cb6b3b7",
    "src/addons/Ialert/PayrexxGateway/_data/bb_codes.xml": "faa4ddd5f4a365e5ac39aebdcbe2d25aedf74e7eb9ea4a812766e2fd5e13bdb1",
    "src/addons/Ialert/PayrexxGateway/_data/bb_code_media_sites.xml": "29762987990187b33e43cfb68c08dc917b2d3f0176613d78f8e6c453f82da3f3",
    "src/addons/Ialert/PayrexxGateway/_data/class_extensions.xml": "c9a945f2d42ce1a845dc541fa1f2ba07f8340f75db58f8548b1c3e56f4d09c00",
    "src/addons/Ialert/PayrexxGateway/_data/code_events.xml": "8370dec3df47f91df4cf79da253446ad11b29f4ea568fe76c774e97a0379f0eb",
    "src/addons/Ialert/PayrexxGateway/_data/code_event_listeners.xml": "bf2f43568a786cac4546c5cfa346c6e5345ca9348717f8c78bcbe392903f0f59",
    "src/addons/Ialert/PayrexxGateway/_data/content_type_fields.xml": "c7ad5472b28f465b7ac7617627707eba1b7a39d28089460d52e1ed292fc0b06a",
    "src/addons/Ialert/PayrexxGateway/_data/cron.xml": "323c4284742ef24329cd6db6f288eb9736d2353f36852e1db12591e1583aea26",
    "src/addons/Ialert/PayrexxGateway/_data/help_pages.xml": "a8a0c0b06cdc550438bc8a8d385af3e1e5ab3459877dfb934c1c31be59c89163",
    "src/addons/Ialert/PayrexxGateway/_data/member_stats.xml": "89fb2b93ff1eca7a1f6f752248edf6090dfd24037db1446fd18ff7143f08124d",
    "src/addons/Ialert/PayrexxGateway/_data/navigation.xml": "f75e1c03a45a360bbdfcd0567121665082315068475d5b0feb8b1acbb1688651",
    "src/addons/Ialert/PayrexxGateway/_data/options.xml": "1cea29aa5671733d85c8fc6f7c66128eacbca5643cbb38585eb82002879b51a4",
    "src/addons/Ialert/PayrexxGateway/_data/option_groups.xml": "154d7a89664b243d0bd8227c22e241f934bf7e196c83230ee23d3c0c4fba1333",
    "src/addons/Ialert/PayrexxGateway/_data/permissions.xml": "7e4fc7d5826733d15ea2d8936b9bdd41afcaad810eb38e50da3c8d8eafda1550",
    "src/addons/Ialert/PayrexxGateway/_data/permission_interface_groups.xml": "3177224e96458b829aa7fb24866dda9e0455a4922aee3d669b53f59a1ffdf5d1",
    "src/addons/Ialert/PayrexxGateway/_data/phrases.xml": "3fe25551848c2c09f8a895d3ce35a07cf963daaf6a526787df325a1c5187a799",
    "src/addons/Ialert/PayrexxGateway/_data/routes.xml": "550fa64f9feedf137dd877b38c2684f94474619d2d83890dbb717a91b50da8f5",
    "src/addons/Ialert/PayrexxGateway/_data/style_properties.xml": "8b8690a8512f01f219dd2da76e3d0c5f62afc1f317b87794a7331c859c36a7a8",
    "src/addons/Ialert/PayrexxGateway/_data/style_property_groups.xml": "68e1879cb3846c42d978487aa8d5145ff3335fc39e58016878824d5cf3fd684c",
    "src/addons/Ialert/PayrexxGateway/_data/templates.xml": "b41b4b2229ea2d9c6906bdc44ba5ad8540f5069b1e60e616a9a231eafffc0e91",
    "src/addons/Ialert/PayrexxGateway/_data/template_modifications.xml": "4cfe128c83386c19c0f6a554be33ba349a9a53010f9ab7237258964b43f35d98",
    "src/addons/Ialert/PayrexxGateway/_data/widget_definitions.xml": "37e46965256430f24004c2e7f08ba08f9b0d1cbcc4d70e84b3f4e3ffb713e64b",
    "src/addons/Ialert/PayrexxGateway/_data/widget_positions.xml": "a29cee66134f6bc5d75ed9df1eef21096c24401915c5b5c774389c3d7bb2d5b3"
}