{
    "src/addons/FS/RandomUsernameAndPasswords/addon.json": "bb7bad3a1f6accfb6c762974c10b26c625809d299bbc13d15f2864173e3dea3e",
    "src/addons/FS/RandomUsernameAndPasswords/Cron/RandomUsernames.php": "4e18954d9d30506ce1880a2166ae8eeecd3f422751ae4d78a5952a719b20fb8d",
    "src/addons/FS/RandomUsernameAndPasswords/Entity/RandomUsers.php": "d0f7af079fddc628b009af42359663d4b39da1df901789ef144b30fc352607f0",
    "src/addons/FS/RandomUsernameAndPasswords/Job/AssignRandomUsername.php": "2c0ee255dfbd3ba5194d1757471fe113f9baedae4a50be27c7acc235fc58b7ca",
    "src/addons/FS/RandomUsernameAndPasswords/Service/RandomUsernamePasswords.php": "7fdb578f65727d4c016e1c26d0531c5efc04bf0d128d7053ad1a83809c942a51",
    "src/addons/FS/RandomUsernameAndPasswords/Setup.php": "f24ea9b70f3619dda429eeb4e28499396283d3ffd6b3e6b872195022d256dec7",
    "src/addons/FS/RandomUsernameAndPasswords/XF/Entity/User.php": "e01321222c5ac37370b31d59dfc3270c0eb9b8da018dd853a2d74381e8809af7",
    "src/addons/FS/RandomUsernameAndPasswords/_data/activity_summary_definitions.xml": "99d8c2563a31320d66f958fc8bda78613545f5f7959bb3cf5318805e3a3c39d2",
    "src/addons/FS/RandomUsernameAndPasswords/_data/admin_navigation.xml": "064ec797484ac00d5ee37367b50b06846d11f480d00550997712707f8fdac8c0",
    "src/addons/FS/RandomUsernameAndPasswords/_data/admin_permission.xml": "ec6fb97cebf0bceb24f1ed1d5778c1db54eeb7535fbb3e31d824840e7aa9ff87",
    "src/addons/FS/RandomUsernameAndPasswords/_data/advertising_positions.xml": "d2f7cbe844bb1df3cf878d22ff6306249245c8ff6b0b87b9b729744bec538261",
    "src/addons/FS/RandomUsernameAndPasswords/_data/api_scopes.xml": "6793eaf758f140e8137187ba20e65f4faccf53410433ae3ad7a8b3b38cb6b3b7",
    "src/addons/FS/RandomUsernameAndPasswords/_data/bb_codes.xml": "faa4ddd5f4a365e5ac39aebdcbe2d25aedf74e7eb9ea4a812766e2fd5e13bdb1",
    "src/addons/FS/RandomUsernameAndPasswords/_data/bb_code_media_sites.xml": "29762987990187b33e43cfb68c08dc917b2d3f0176613d78f8e6c453f82da3f3",
    "src/addons/FS/RandomUsernameAndPasswords/_data/class_extensions.xml": "e26906836475cba08522f8d327ddcd917e7f9655458261621a510add0a146e35",
    "src/addons/FS/RandomUsernameAndPasswords/_data/code_events.xml": "8370dec3df47f91df4cf79da253446ad11b29f4ea568fe76c774e97a0379f0eb",
    "src/addons/FS/RandomUsernameAndPasswords/_data/code_event_listeners.xml": "d6b5072f4909dee7a20ee9e44b163f95c8aa52e6ac7f573e292000cd9238c331",
    "src/addons/FS/RandomUsernameAndPasswords/_data/content_type_fields.xml": "c7ad5472b28f465b7ac7617627707eba1b7a39d28089460d52e1ed292fc0b06a",
    "src/addons/FS/RandomUsernameAndPasswords/_data/cron.xml": "c651811a7f461aa68f3a7c4eb84b76306d824ea1d9a0cdd28e39020f87dde132",
    "src/addons/FS/RandomUsernameAndPasswords/_data/help_pages.xml": "a8a0c0b06cdc550438bc8a8d385af3e1e5ab3459877dfb934c1c31be59c89163",
    "src/addons/FS/RandomUsernameAndPasswords/_data/member_stats.xml": "89fb2b93ff1eca7a1f6f752248edf6090dfd24037db1446fd18ff7143f08124d",
    "src/addons/FS/RandomUsernameAndPasswords/_data/navigation.xml": "f75e1c03a45a360bbdfcd0567121665082315068475d5b0feb8b1acbb1688651",
    "src/addons/FS/RandomUsernameAndPasswords/_data/options.xml": "1808bd7e98d31f3165f05a4ebe38fc0ce221e13ab810cf11e75cca89a93c75d3",
    "src/addons/FS/RandomUsernameAndPasswords/_data/option_groups.xml": "f1d7248a30ae4d04b6a49adfb7c4e5a92ef770d38dae114412bada039557911d",
    "src/addons/FS/RandomUsernameAndPasswords/_data/permissions.xml": "7e4fc7d5826733d15ea2d8936b9bdd41afcaad810eb38e50da3c8d8eafda1550",
    "src/addons/FS/RandomUsernameAndPasswords/_data/permission_interface_groups.xml": "3177224e96458b829aa7fb24866dda9e0455a4922aee3d669b53f59a1ffdf5d1",
    "src/addons/FS/RandomUsernameAndPasswords/_data/phrases.xml": "4d128c6183d55d4f787627c682c81089c8a9ef18208cc27aff89a1a0a1767f1d",
    "src/addons/FS/RandomUsernameAndPasswords/_data/routes.xml": "550fa64f9feedf137dd877b38c2684f94474619d2d83890dbb717a91b50da8f5",
    "src/addons/FS/RandomUsernameAndPasswords/_data/style_properties.xml": "8b8690a8512f01f219dd2da76e3d0c5f62afc1f317b87794a7331c859c36a7a8",
    "src/addons/FS/RandomUsernameAndPasswords/_data/style_property_groups.xml": "68e1879cb3846c42d978487aa8d5145ff3335fc39e58016878824d5cf3fd684c",
    "src/addons/FS/RandomUsernameAndPasswords/_data/templates.xml": "95d4b078b90e74e773cef6695ef94c742e74b8d62e6798738f11f0215a58faee",
    "src/addons/FS/RandomUsernameAndPasswords/_data/template_modifications.xml": "3b54b7df00a6a4a18c5e012b6e2588e35c23aaa13a5fc227f08646a97590d778",
    "src/addons/FS/RandomUsernameAndPasswords/_data/widget_definitions.xml": "37e46965256430f24004c2e7f08ba08f9b0d1cbcc4d70e84b3f4e3ffb713e64b",
    "src/addons/FS/RandomUsernameAndPasswords/_data/widget_positions.xml": "a29cee66134f6bc5d75ed9df1eef21096c24401915c5b5c774389c3d7bb2d5b3"
}