{
    "src/addons/FS/AddUserIcon/addon.json": "a558c29b8994407618d30844a7ed058c697c47a1d0d5f5b1555f7b4d417e012e",
    "src/addons/FS/AddUserIcon/Setup.php": "d2dcea632caf7f08fd769ada9f5e945cbb42643aaecac14ddfde2fd73845b179",
    "src/addons/FS/AddUserIcon/_data/activity_summary_definitions.xml": "99d8c2563a31320d66f958fc8bda78613545f5f7959bb3cf5318805e3a3c39d2",
    "src/addons/FS/AddUserIcon/_data/admin_navigation.xml": "064ec797484ac00d5ee37367b50b06846d11f480d00550997712707f8fdac8c0",
    "src/addons/FS/AddUserIcon/_data/admin_permission.xml": "ec6fb97cebf0bceb24f1ed1d5778c1db54eeb7535fbb3e31d824840e7aa9ff87",
    "src/addons/FS/AddUserIcon/_data/advertising_positions.xml": "d2f7cbe844bb1df3cf878d22ff6306249245c8ff6b0b87b9b729744bec538261",
    "src/addons/FS/AddUserIcon/_data/api_scopes.xml": "6793eaf758f140e8137187ba20e65f4faccf53410433ae3ad7a8b3b38cb6b3b7",
    "src/addons/FS/AddUserIcon/_data/bb_codes.xml": "faa4ddd5f4a365e5ac39aebdcbe2d25aedf74e7eb9ea4a812766e2fd5e13bdb1",
    "src/addons/FS/AddUserIcon/_data/bb_code_media_sites.xml": "29762987990187b33e43cfb68c08dc917b2d3f0176613d78f8e6c453f82da3f3",
    "src/addons/FS/AddUserIcon/_data/class_extensions.xml": "1f548b8006e9952a3f5889f71e09fdfa6726ac1a47c1af7b2626d1a88920d5a4",
    "src/addons/FS/AddUserIcon/_data/code_events.xml": "8370dec3df47f91df4cf79da253446ad11b29f4ea568fe76c774e97a0379f0eb",
    "src/addons/FS/AddUserIcon/_data/code_event_listeners.xml": "d6b5072f4909dee7a20ee9e44b163f95c8aa52e6ac7f573e292000cd9238c331",
    "src/addons/FS/AddUserIcon/_data/content_type_fields.xml": "c7ad5472b28f465b7ac7617627707eba1b7a39d28089460d52e1ed292fc0b06a",
    "src/addons/FS/AddUserIcon/_data/cron.xml": "323c4284742ef24329cd6db6f288eb9736d2353f36852e1db12591e1583aea26",
    "src/addons/FS/AddUserIcon/_data/help_pages.xml": "a8a0c0b06cdc550438bc8a8d385af3e1e5ab3459877dfb934c1c31be59c89163",
    "src/addons/FS/AddUserIcon/_data/member_stats.xml": "89fb2b93ff1eca7a1f6f752248edf6090dfd24037db1446fd18ff7143f08124d",
    "src/addons/FS/AddUserIcon/_data/navigation.xml": "f75e1c03a45a360bbdfcd0567121665082315068475d5b0feb8b1acbb1688651",
    "src/addons/FS/AddUserIcon/_data/options.xml": "1cea29aa5671733d85c8fc6f7c66128eacbca5643cbb38585eb82002879b51a4",
    "src/addons/FS/AddUserIcon/_data/option_groups.xml": "154d7a89664b243d0bd8227c22e241f934bf7e196c83230ee23d3c0c4fba1333",
    "src/addons/FS/AddUserIcon/_data/permissions.xml": "7e4fc7d5826733d15ea2d8936b9bdd41afcaad810eb38e50da3c8d8eafda1550",
    "src/addons/FS/AddUserIcon/_data/permission_interface_groups.xml": "3177224e96458b829aa7fb24866dda9e0455a4922aee3d669b53f59a1ffdf5d1",
    "src/addons/FS/AddUserIcon/_data/phrases.xml": "ff61483fbaee661f147395ebaad79fbfb5d8bf820c1b1285efbcf8844191cc32",
    "src/addons/FS/AddUserIcon/_data/routes.xml": "550fa64f9feedf137dd877b38c2684f94474619d2d83890dbb717a91b50da8f5",
    "src/addons/FS/AddUserIcon/_data/style_properties.xml": "8b8690a8512f01f219dd2da76e3d0c5f62afc1f317b87794a7331c859c36a7a8",
    "src/addons/FS/AddUserIcon/_data/style_property_groups.xml": "68e1879cb3846c42d978487aa8d5145ff3335fc39e58016878824d5cf3fd684c",
    "src/addons/FS/AddUserIcon/_data/templates.xml": "95d4b078b90e74e773cef6695ef94c742e74b8d62e6798738f11f0215a58faee",
    "src/addons/FS/AddUserIcon/_data/template_modifications.xml": "3b54b7df00a6a4a18c5e012b6e2588e35c23aaa13a5fc227f08646a97590d778",
    "src/addons/FS/AddUserIcon/_data/widget_definitions.xml": "37e46965256430f24004c2e7f08ba08f9b0d1cbcc4d70e84b3f4e3ffb713e64b",
    "src/addons/FS/AddUserIcon/_data/widget_positions.xml": "a29cee66134f6bc5d75ed9df1eef21096c24401915c5b5c774389c3d7bb2d5b3",
    "styles/FS/Trancefix/IconsV2/bookmark_FILL0_wght400_GRAD0_opsz24.svg": "4895e51e263ef919d1092784a094fd395b21691da369d1b3d12ef69ebb1048de",
    "styles/FS/Trancefix/IconsV2/bookmark_Like_wght400_GRAD0_opsz24.svg": "73fbe4454e4c88a3b64aff3dffa1a85ffcff8d6de85691b0ea553fdf1103b223",
    "styles/FS/Trancefix/IconsV2/clock.svg": "bbff9d0bbfd47ebe94eec77645a8650639bde73f26011fceeabcbc25e2e96b28",
    "styles/FS/Trancefix/IconsV2/delete_FILL0_wght400_GRAD0_opsz24.svg": "100c6255ade594441dce900b014c13a73a5cd29461c39062eb06d3c3c20957f7",
    "styles/FS/Trancefix/IconsV2/edit_FILL0_wght400_GRAD0_opsz24.svg": "16d4870edc23c885c773fd29490c7c3bddcd826fbbbdeb3f68cb071067a4d51e",
    "styles/FS/Trancefix/IconsV2/flag_FILL0_wght400_GRAD0_opsz24.svg": "2da8a1ef7ae5921937bd9c6ea854aaaf547ff06ddea7e761b816d98e64d0940a",
    "styles/FS/Trancefix/IconsV2/history_FILL0_wght400_GRAD0_opsz24.svg": "5bfb4b817bb816ddbabadb0e315801b498d73723a72cc714ef9a4a2b37af5449",
    "styles/FS/Trancefix/IconsV2/lock_FILL0_wght400_GRAD0_opsz24.svg": "bfbe4c52a09833ea700ccf05d096e42d80f3f59dd718f9feba331aa08980af60",
    "styles/FS/Trancefix/IconsV2/mail_FILL0_wght400_GRAD0_opsz24.svg": "1ebccb5ac79ecc9f9082d13ca2b89e04d3502153473e0baccd958264306e35ae",
    "styles/FS/Trancefix/IconsV2/notifications_FILL0_wght400_GRAD0_opsz24.svg": "6f4a2e335cad8774675e730680a2e8f978ac632fae43dc74d564a3202d981039",
    "styles/FS/Trancefix/IconsV2/person_FILL0_wght400_GRAD0_opsz24.svg": "0411d7e4df71ebd71c9f9d35b4659f23fe41e31b0d8edc150e8037fe42399800",
    "styles/FS/Trancefix/IconsV2/public_FILL0_wght400_GRAD0_opsz24.svg": "c261b4181eda82e5c8a759988cbde1c3c49deaa8cb405bd9f51038b399e0f388",
    "styles/FS/Trancefix/IconsV2/push_pin_FILL0_wght400_GRAD0_opsz24.svg": "701550a5212558919853a302a1fba526007fa91f046aebc62c16a056c003825a",
    "styles/FS/Trancefix/IconsV2/reply_FILL0_wght400_GRAD0_opsz24.svg": "2121f16208b84b27a9210855c78e13e4cfce939f009866607ce0e6125b16d3d9",
    "styles/FS/Trancefix/IconsV2/schedule_FILL0_wght400_GRAD0_opsz24.svg": "21aa16633b0bd8760cea361e8e4288ee585f870e5faf2499bc6987a593ecc0f4",
    "styles/FS/Trancefix/IconsV2/search_FILL0_wght400_GRAD0_opsz24.svg": "2fcc7b117f4784dfd01db227185358734ce058b31cc9b040ec18c2d3c30576cd",
    "styles/FS/Trancefix/IconsV2/sell_FILL0_wght400_GRAD0_opsz24.svg": "2f48811ac4f37080714ae973b1e5bf7b5d64c894d07c190174d6bcbfadd4359e",
    "styles/FS/Trancefix/IconsV2/share_FILL0_wght400_GRAD0_opsz24.svg": "f1fb26e26e6c6678f3c65382e655407175dbde688ef704ed05f840b7161724d0",
    "styles/FS/Trancefix/IconsV2/tags.svg": "c5b98d42f4680a7918ca48e7225c7cba2c2467ea7c19ff20259b63fb4c392d39",
    "styles/FS/Trancefix/IconsV2/ThumbSelected.svg": "6e3341fee6943279121566ca268b03fd4d9e1b6c6a87a697c55e22c6516fdbed",
    "styles/FS/Trancefix/IconsV2/user.svg": "23fee88445c11fc793ccb38580f74461765dbb65c71a747c70a3cccbd8c18df6",
    "styles/FS/Trancefix/IconsV2/visibility_FILL0_wght400_GRAD0_opsz24.svg": "0c857da6091a60a8595c0fcafe4aecb88e1061183266d97b3522866a082911d5",
    "styles/FS/Trancefix/IconsV2/warning_FILL0_wght400_GRAD0_opsz24.svg": "33e0cf9ce8c2ccdf37cb38617087d3732d97ec22f3a79012f085d01d5ee10d3c"
}