<?xml version="1.0" encoding="utf-8"?>
<template_modifications>
  <modification type="admin" template="user_group_edit" modification_key="tebex_fields" description="Tebex Fields" execution_order="10" enabled="1" action="str_replace">
    <find><![CDATA[<xf:css src="permission.less" />]]></find>
    <replace><![CDATA[$0
<xf:textboxrow name="wallet_address" value="{$userGroup.wallet_address}" 
				label="{{ phrase('xc_tebex_wallet_address') }}" />
<xf:textboxrow name="comission" value="{{$userGroup.comission ? $userGroup.comission : '' }}" 
				label="{{ phrase('xc_tebex_commission') }}" explain="{{phrase('xc_tebex_commission_explain')}}" />

]]></replace>
  </modification>
  <modification type="public" template="xfa_core_user_payment_profiles" modification_key="tebex_wallet" description="Tebex Wallet" execution_order="10" enabled="1" action="str_replace">
    <find><![CDATA[<xf:macro name="braintree" arg-active="!" arg-configuration="!">]]></find>
    <replace><![CDATA[<xf:macro name="xc_tebex" arg-configuration="!" arg-active="!">
	<xf:checkboxrow>
		<xf:option name="configuration[xc_tebex][active]" value="1" checked="{{ $active ? true : false  }}">{{ phrase('xfa_core_accept_this_payment_mean') }}</xf:option>
	</xf:checkboxrow>

	<xf:textboxrow name="configuration[xc_tebex][wallet_address]" value="{$configuration.wallet_address}"  required="true"
				   explain="{{ phrase('xc_tebex_wallet_explain') }}"
				   label="{{ phrase('xc_tebex_wallet') }}" />

	
</xf:macro>
$0]]></replace>
  </modification>
</template_modifications>
