<?xml version="1.0" encoding="utf-8"?>
<options>
  <option option_id="fsCustomThreadFieldIds" edit_format="textbox" data_type="string">
    <default_value></default_value>
    <relation group_id="fs_custom_forum_widget" display_order="1"/>
  </option>
  <option option_id="fs_custom_thread_image_dimensions" edit_format="template" data_type="array">
    <default_value>{"width":"200","height":"200"}</default_value>
    <edit_format_params>option_template_attachmentMaxDimensions</edit_format_params>
    <sub_options>width
height</sub_options>
    <relation group_id="fs_custom_forum_widget" display_order="2"/>
  </option>
</options>
