{
    "src/addons/FS/DisableBbCodes/addon.json": "4016fd1fe0b3e9a5a835154925697e3027a211cb86dc08eaeb971a06adf721b7",
    "src/addons/FS/DisableBbCodes/Admin/Controller/DisableBbCodes.php": "42d773b345ee20d780af85a942228c354293cd4297e16c906443aea7e037c655",
    "src/addons/FS/DisableBbCodes/Entity/DisableBbCodes.php": "105647280e497a03282ca8fcf695b4d9a17b2c726683d481ab133cea2443035f",
    "src/addons/FS/DisableBbCodes/Install/Data/MySql.php": "3fb9335c8f938b629e8671d0638b20b4e3db496192a8ccac03ac3a571f71f596",
    "src/addons/FS/DisableBbCodes/Setup.php": "d887b69d81e091960fc8fe7c7fd7f841e8bd6c157c1cbf7f03109a82705d70a2",
    "src/addons/FS/DisableBbCodes/XF/Admin/Controller/BbCode.php": "87f9a96846eb781f6bbdb35b96345be4b6635e8e4ca83a876bc6f253264c65ce",
    "src/addons/FS/DisableBbCodes/XF/Entity/BbCode.php": "9d9f8b7e46baac27c41eaf7f6b672d8455ce605455db5d00deb255f45a4add7c",
    "src/addons/FS/DisableBbCodes/XF/Pub/Controller/Thread.php": "bdff3440b1767e47ca2f0b8afe15423de189d9297ffd155ec46180e584b3c868",
    "src/addons/FS/DisableBbCodes/_data/activity_summary_definitions.xml": "99d8c2563a31320d66f958fc8bda78613545f5f7959bb3cf5318805e3a3c39d2",
    "src/addons/FS/DisableBbCodes/_data/admin_navigation.xml": "f76b13d115ef111d0a642e331da0ca3a370aba3dde69bd368961636c941fafe9",
    "src/addons/FS/DisableBbCodes/_data/admin_permission.xml": "ec6fb97cebf0bceb24f1ed1d5778c1db54eeb7535fbb3e31d824840e7aa9ff87",
    "src/addons/FS/DisableBbCodes/_data/advertising_positions.xml": "d2f7cbe844bb1df3cf878d22ff6306249245c8ff6b0b87b9b729744bec538261",
    "src/addons/FS/DisableBbCodes/_data/api_scopes.xml": "6793eaf758f140e8137187ba20e65f4faccf53410433ae3ad7a8b3b38cb6b3b7",
    "src/addons/FS/DisableBbCodes/_data/bb_codes.xml": "faa4ddd5f4a365e5ac39aebdcbe2d25aedf74e7eb9ea4a812766e2fd5e13bdb1",
    "src/addons/FS/DisableBbCodes/_data/bb_code_media_sites.xml": "29762987990187b33e43cfb68c08dc917b2d3f0176613d78f8e6c453f82da3f3",
    "src/addons/FS/DisableBbCodes/_data/class_extensions.xml": "1fe11793c50e22a3b7d1a26ae8d68bea49a0e9edc1bd6b66a25a70216ccd6087",
    "src/addons/FS/DisableBbCodes/_data/code_events.xml": "8370dec3df47f91df4cf79da253446ad11b29f4ea568fe76c774e97a0379f0eb",
    "src/addons/FS/DisableBbCodes/_data/code_event_listeners.xml": "d6b5072f4909dee7a20ee9e44b163f95c8aa52e6ac7f573e292000cd9238c331",
    "src/addons/FS/DisableBbCodes/_data/content_type_fields.xml": "c7ad5472b28f465b7ac7617627707eba1b7a39d28089460d52e1ed292fc0b06a",
    "src/addons/FS/DisableBbCodes/_data/cron.xml": "323c4284742ef24329cd6db6f288eb9736d2353f36852e1db12591e1583aea26",
    "src/addons/FS/DisableBbCodes/_data/help_pages.xml": "a8a0c0b06cdc550438bc8a8d385af3e1e5ab3459877dfb934c1c31be59c89163",
    "src/addons/FS/DisableBbCodes/_data/member_stats.xml": "89fb2b93ff1eca7a1f6f752248edf6090dfd24037db1446fd18ff7143f08124d",
    "src/addons/FS/DisableBbCodes/_data/navigation.xml": "f75e1c03a45a360bbdfcd0567121665082315068475d5b0feb8b1acbb1688651",
    "src/addons/FS/DisableBbCodes/_data/options.xml": "1cea29aa5671733d85c8fc6f7c66128eacbca5643cbb38585eb82002879b51a4",
    "src/addons/FS/DisableBbCodes/_data/option_groups.xml": "154d7a89664b243d0bd8227c22e241f934bf7e196c83230ee23d3c0c4fba1333",
    "src/addons/FS/DisableBbCodes/_data/permissions.xml": "7e4fc7d5826733d15ea2d8936b9bdd41afcaad810eb38e50da3c8d8eafda1550",
    "src/addons/FS/DisableBbCodes/_data/permission_interface_groups.xml": "3177224e96458b829aa7fb24866dda9e0455a4922aee3d669b53f59a1ffdf5d1",
    "src/addons/FS/DisableBbCodes/_data/phrases.xml": "64d67c5f1dbb3b550dc2894cb7cff968d3e9ee83446ed9f385b5ec060e74f1f7",
    "src/addons/FS/DisableBbCodes/_data/routes.xml": "de4c0661732684587fa3088b15bd39b597aa62d89f7db0d1866cb1aa38f301a4",
    "src/addons/FS/DisableBbCodes/_data/style_properties.xml": "8b8690a8512f01f219dd2da76e3d0c5f62afc1f317b87794a7331c859c36a7a8",
    "src/addons/FS/DisableBbCodes/_data/style_property_groups.xml": "68e1879cb3846c42d978487aa8d5145ff3335fc39e58016878824d5cf3fd684c",
    "src/addons/FS/DisableBbCodes/_data/templates.xml": "ca89b70208359f8cb0b40c615de8c41e61b2fb87f25701c0b98f850b3f0c37c2",
    "src/addons/FS/DisableBbCodes/_data/template_modifications.xml": "fa4dd53377fc97981ed399da07be2d27e023a2b805e3b0895dac464147c22f0b",
    "src/addons/FS/DisableBbCodes/_data/widget_definitions.xml": "37e46965256430f24004c2e7f08ba08f9b0d1cbcc4d70e84b3f4e3ffb713e64b",
    "src/addons/FS/DisableBbCodes/_data/widget_positions.xml": "a29cee66134f6bc5d75ed9df1eef21096c24401915c5b5c774389c3d7bb2d5b3"
}