{
    "src/addons/FS/GameReviews/addon.json": "054f41bdc323cf80902f1d0ad1b913557503991ab926b85cf6a39f1b63816f76",
    "src/addons/FS/GameReviews/Admin/Controller/Game.php": "18af5ca47676853d25da72214847585731635e2180f2d15e2fbc0f3c49dd77a2",
    "src/addons/FS/GameReviews/Entity/Game.php": "f2395afd4c3ade74765035176bb3a2df57797e07f82b06c71d02fc6fec3a154d",
    "src/addons/FS/GameReviews/Entity/GameReviews.php": "b9cec72c5034adae74b080156edb518e0a99aa8fb5dc40dd6a65cd66828af845",
    "src/addons/FS/GameReviews/Install/Data/MySql.php": "cd67bb62d8d61706dda8c3e6e1fe242091a8066c883caf056b22328ec0598e90",
    "src/addons/FS/GameReviews/Pub/Controller/GameReviews.php": "013d75f1c9c3b9d0a056cfc98392541783cd694c19866e29112347e430a0f295",
    "src/addons/FS/GameReviews/Service/Upload.php": "5e7f247596376418f1be4db46d795712ca8bd80e51d6f0033c73fc869fee1383",
    "src/addons/FS/GameReviews/Setup.php": "a4f0d1ca003c850893fde85dcd1b39a4d479aa83761661ce88786ea59f1ac5ef",
    "src/addons/FS/GameReviews/Widget/GameReviews.php": "75fe1d71b5c54bcc7921b1a1262437a9cb63cbf6ee88ea936f5ee45f13248090",
    "src/addons/FS/GameReviews/_data/activity_summary_definitions.xml": "99d8c2563a31320d66f958fc8bda78613545f5f7959bb3cf5318805e3a3c39d2",
    "src/addons/FS/GameReviews/_data/admin_navigation.xml": "950a6ef958397635ee0438c1689b60fe54c753fcc3a56e0ca63bf507d54fb861",
    "src/addons/FS/GameReviews/_data/admin_permission.xml": "ec6fb97cebf0bceb24f1ed1d5778c1db54eeb7535fbb3e31d824840e7aa9ff87",
    "src/addons/FS/GameReviews/_data/advertising_positions.xml": "d2f7cbe844bb1df3cf878d22ff6306249245c8ff6b0b87b9b729744bec538261",
    "src/addons/FS/GameReviews/_data/api_scopes.xml": "6793eaf758f140e8137187ba20e65f4faccf53410433ae3ad7a8b3b38cb6b3b7",
    "src/addons/FS/GameReviews/_data/bb_codes.xml": "faa4ddd5f4a365e5ac39aebdcbe2d25aedf74e7eb9ea4a812766e2fd5e13bdb1",
    "src/addons/FS/GameReviews/_data/bb_code_media_sites.xml": "29762987990187b33e43cfb68c08dc917b2d3f0176613d78f8e6c453f82da3f3",
    "src/addons/FS/GameReviews/_data/class_extensions.xml": "1f548b8006e9952a3f5889f71e09fdfa6726ac1a47c1af7b2626d1a88920d5a4",
    "src/addons/FS/GameReviews/_data/code_events.xml": "8370dec3df47f91df4cf79da253446ad11b29f4ea568fe76c774e97a0379f0eb",
    "src/addons/FS/GameReviews/_data/code_event_listeners.xml": "d6b5072f4909dee7a20ee9e44b163f95c8aa52e6ac7f573e292000cd9238c331",
    "src/addons/FS/GameReviews/_data/content_type_fields.xml": "c7ad5472b28f465b7ac7617627707eba1b7a39d28089460d52e1ed292fc0b06a",
    "src/addons/FS/GameReviews/_data/cron.xml": "323c4284742ef24329cd6db6f288eb9736d2353f36852e1db12591e1583aea26",
    "src/addons/FS/GameReviews/_data/help_pages.xml": "a8a0c0b06cdc550438bc8a8d385af3e1e5ab3459877dfb934c1c31be59c89163",
    "src/addons/FS/GameReviews/_data/member_stats.xml": "89fb2b93ff1eca7a1f6f752248edf6090dfd24037db1446fd18ff7143f08124d",
    "src/addons/FS/GameReviews/_data/navigation.xml": "d491437c0299a45702b5e8a0b2514967eaafb14fb597a82f1f2b37674ae7c953",
    "src/addons/FS/GameReviews/_data/options.xml": "1cea29aa5671733d85c8fc6f7c66128eacbca5643cbb38585eb82002879b51a4",
    "src/addons/FS/GameReviews/_data/option_groups.xml": "154d7a89664b243d0bd8227c22e241f934bf7e196c83230ee23d3c0c4fba1333",
    "src/addons/FS/GameReviews/_data/permissions.xml": "7e4fc7d5826733d15ea2d8936b9bdd41afcaad810eb38e50da3c8d8eafda1550",
    "src/addons/FS/GameReviews/_data/permission_interface_groups.xml": "3177224e96458b829aa7fb24866dda9e0455a4922aee3d669b53f59a1ffdf5d1",
    "src/addons/FS/GameReviews/_data/phrases.xml": "c264a54f3804a9a27bb5f12e3854094786d98dfe40dd943281466872796179c5",
    "src/addons/FS/GameReviews/_data/routes.xml": "ba3c390b96c34d8f031633a3566935f9643d460526a560630578df346eeb9817",
    "src/addons/FS/GameReviews/_data/style_properties.xml": "8b8690a8512f01f219dd2da76e3d0c5f62afc1f317b87794a7331c859c36a7a8",
    "src/addons/FS/GameReviews/_data/style_property_groups.xml": "68e1879cb3846c42d978487aa8d5145ff3335fc39e58016878824d5cf3fd684c",
    "src/addons/FS/GameReviews/_data/templates.xml": "2172c823122eabf0a756546de0dca2056fc09ec231ba8dddfdc21c2f9b6029fc",
    "src/addons/FS/GameReviews/_data/template_modifications.xml": "3b54b7df00a6a4a18c5e012b6e2588e35c23aaa13a5fc227f08646a97590d778",
    "src/addons/FS/GameReviews/_data/widget_definitions.xml": "b94b8404ba049ea0e67a304a96ed78c5b5544667036b96b41931ee6f10986c2b",
    "src/addons/FS/GameReviews/_data/widget_positions.xml": "a29cee66134f6bc5d75ed9df1eef21096c24401915c5b5c774389c3d7bb2d5b3"
}