<?xml version="1.0" encoding="utf-8"?>
<options>
  <option option_id="fs_email_limit" edit_format="spinbox" data_type="positive_integer">
    <default_value>15</default_value>
    <edit_format_params>min=10</edit_format_params>
    <relation group_id="fs_claim_emails" display_order="2"/>
  </option>
  <option option_id="fs_ranfom_email_domain" edit_format="textbox" data_type="string">
    <default_value>xyz.com</default_value>
    <relation group_id="fs_claim_emails" display_order="1"/>
  </option>
</options>
