{
    "js/bs/quill_editor/editor.js": "a1e60b8f5d5737e4756b87ee2cfddb947719704b4a8452e6014bc789f71d7a8c",
    "js/bs/quill_editor/editor.min.js": "41d7500a4ae88d126fd8cff255d3df4194c8c33e61c150db7f399ab4c906d36f",
    "js/bs/quill_editor/matchers.js": "56be743c7f3b2073a92c78553c8d2a30918828e6fe4407279c0b86b28cfd5b20",
    "js/bs/quill_editor/matchers.min.js": "3a1e676642c1c640c3fa33b7b57b9612f268b37a37ced3d8ca0a39d40881d922",
    "js/bs/quill_editor/mentions.js": "3c6570c5ac458ca3dfc81f9a17f83bc30356539d6bfc42181c2642396f8323e9",
    "js/bs/quill_editor/mentions.min.js": "383e97ec041867f0affbee0fcb1b0f22f29df9fcf5ae03a22b7d5685ae6b7f6b",
    "js/bs/quill_editor/quotes.js": "6a3ab19aadf56b0b150d34d2655db14d749f9363f862bc7b02ec549e516adda6",
    "js/bs/quill_editor/quotes.min.js": "3ceaad1acd6b3a02a89cb95fa64bc4ba3ebadf4f314b7e7c29af9f21d764c480",
    "js/bs/quill_editor/smilie-embed.js": "46673e2b2e2285b54a726a03077899654a446da3fa95227f014e0abeee09864f",
    "js/bs/quill_editor/smilie-embed.min.js": "d35c383d4f781b64621f4d3f1562c9ced3458e17299b9ae34bc1a01e0c79ae9f",
    "js/bs/quill_editor/vendor/quill.1.3.7-modified.js": "2b20ad5954075c74b6b44c6758f5a65f96e86b2de107fbf5eb1a828da9c2d6a5",
    "js/bs/quill_editor/vendor/quill.1.3.7-modified.min.js": "cb70a14644c03d6178aa130e23343bb5573005a0433b30767dfdc203ddf81293",
    "js/bs/quill_editor/vendor/quill.emoji.0.2.0.js": "a0e5494ba2a322b1f3991429764893d0e0250e8171484908e11acfa6fa8062b5",
    "js/bs/quill_editor/vendor/quill.imageUploader.1.3.0.min.js": "f5b413c9feebec11d80058d4fa3845fa5c6ffbf0147de02936380d2f5f016268",
    "js/bs/quill_editor/vendor/quill.mention.3.2.0.min.js": "dd85dce80e219ea26296ed86c08ae22e3ad3b6b072d3c9b02009cbc2fe73b92f",
    "js/bs/quill_editor/vendor/quill.mention.4.0.0.min.js": "753328ebf62884197d4f934e7623d20bd1b6071b5fa9d65be9ebf50becb99e9d",
    "src/addons/BS/QuillEditor/addon.json": "29398423ec758f02ea718663b49c377b91e0a07d89f0c9a807db24b4f00d2de5",
    "src/addons/BS/QuillEditor/icon.png": "e4d60d80407496f139c7fd718ca7f8972d544289affd46cf8211e43c64a2d9a5",
    "src/addons/BS/QuillEditor/Listener.php": "041eec92c7c00c060d9b96e82187b6e1e991ed731412ef1353f8441f20ab55c6",
    "src/addons/BS/QuillEditor/_data/activity_summary_definitions.xml": "99d8c2563a31320d66f958fc8bda78613545f5f7959bb3cf5318805e3a3c39d2",
    "src/addons/BS/QuillEditor/_data/admin_navigation.xml": "064ec797484ac00d5ee37367b50b06846d11f480d00550997712707f8fdac8c0",
    "src/addons/BS/QuillEditor/_data/admin_permission.xml": "ec6fb97cebf0bceb24f1ed1d5778c1db54eeb7535fbb3e31d824840e7aa9ff87",
    "src/addons/BS/QuillEditor/_data/advertising_positions.xml": "d2f7cbe844bb1df3cf878d22ff6306249245c8ff6b0b87b9b729744bec538261",
    "src/addons/BS/QuillEditor/_data/api_scopes.xml": "6793eaf758f140e8137187ba20e65f4faccf53410433ae3ad7a8b3b38cb6b3b7",
    "src/addons/BS/QuillEditor/_data/bank_transaction_renderers.xml": "de553f8c9b920538a595da3d91e6bf254b07be843c6b08d1256085613dde77d5",
    "src/addons/BS/QuillEditor/_data/bb_codes.xml": "faa4ddd5f4a365e5ac39aebdcbe2d25aedf74e7eb9ea4a812766e2fd5e13bdb1",
    "src/addons/BS/QuillEditor/_data/bb_code_media_sites.xml": "29762987990187b33e43cfb68c08dc917b2d3f0176613d78f8e6c453f82da3f3",
    "src/addons/BS/QuillEditor/_data/bs_rtc_commands.xml": "5d910cde360351e74ada899137306eeca05e71049c66dc1d4f24a6efc383fbce",
    "src/addons/BS/QuillEditor/_data/class_extensions.xml": "1f548b8006e9952a3f5889f71e09fdfa6726ac1a47c1af7b2626d1a88920d5a4",
    "src/addons/BS/QuillEditor/_data/code_events.xml": "8370dec3df47f91df4cf79da253446ad11b29f4ea568fe76c774e97a0379f0eb",
    "src/addons/BS/QuillEditor/_data/code_event_listeners.xml": "e027fb54fd302d4e47d08f36c2196ca6f24f1461be72ef06f373e09af381f394",
    "src/addons/BS/QuillEditor/_data/content_type_fields.xml": "c7ad5472b28f465b7ac7617627707eba1b7a39d28089460d52e1ed292fc0b06a",
    "src/addons/BS/QuillEditor/_data/cron.xml": "323c4284742ef24329cd6db6f288eb9736d2353f36852e1db12591e1583aea26",
    "src/addons/BS/QuillEditor/_data/help_pages.xml": "a8a0c0b06cdc550438bc8a8d385af3e1e5ab3459877dfb934c1c31be59c89163",
    "src/addons/BS/QuillEditor/_data/member_stats.xml": "89fb2b93ff1eca7a1f6f752248edf6090dfd24037db1446fd18ff7143f08124d",
    "src/addons/BS/QuillEditor/_data/navigation.xml": "f75e1c03a45a360bbdfcd0567121665082315068475d5b0feb8b1acbb1688651",
    "src/addons/BS/QuillEditor/_data/options.xml": "1cea29aa5671733d85c8fc6f7c66128eacbca5643cbb38585eb82002879b51a4",
    "src/addons/BS/QuillEditor/_data/option_groups.xml": "154d7a89664b243d0bd8227c22e241f934bf7e196c83230ee23d3c0c4fba1333",
    "src/addons/BS/QuillEditor/_data/permissions.xml": "7e4fc7d5826733d15ea2d8936b9bdd41afcaad810eb38e50da3c8d8eafda1550",
    "src/addons/BS/QuillEditor/_data/permission_interface_groups.xml": "3177224e96458b829aa7fb24866dda9e0455a4922aee3d669b53f59a1ffdf5d1",
    "src/addons/BS/QuillEditor/_data/phrases.xml": "6ce25683d1447ee4986d38d0878180221dcd2b707b5855c17c78ccc34420dd3e",
    "src/addons/BS/QuillEditor/_data/routes.xml": "550fa64f9feedf137dd877b38c2684f94474619d2d83890dbb717a91b50da8f5",
    "src/addons/BS/QuillEditor/_data/style_properties.xml": "49f7574d1608927729c57419afb9d0c37f1b3ff65f24bedb7d3b2fb167eb1d0b",
    "src/addons/BS/QuillEditor/_data/style_property_groups.xml": "dd4e3d87b2fec995ac6be42ae9476eeb7b627d86ca00dd7d38448645cde5621c",
    "src/addons/BS/QuillEditor/_data/templates.xml": "0786eb2b7d7cf17884a370f6af10802cc75b7a25f09cb1bab0f569d36c4562bb",
    "src/addons/BS/QuillEditor/_data/template_modifications.xml": "3b54b7df00a6a4a18c5e012b6e2588e35c23aaa13a5fc227f08646a97590d778",
    "src/addons/BS/QuillEditor/_data/widget_definitions.xml": "37e46965256430f24004c2e7f08ba08f9b0d1cbcc4d70e84b3f4e3ffb713e64b",
    "src/addons/BS/QuillEditor/_data/widget_positions.xml": "a29cee66134f6bc5d75ed9df1eef21096c24401915c5b5c774389c3d7bb2d5b3"
}