<?xml version="1.0" encoding="utf-8"?>
<class_extensions>
  <extension from_class="XF\Admin\Controller\Attachment" to_class="XenBulletins\BrandHub\Admin\Controller\Attachment" execute_order="10" active="1"/>
  <extension from_class="XF\Admin\Controller\Option" to_class="XenBulletins\BrandHub\XF\Admin\Controller\Option" execute_order="10" active="1"/>
  <extension from_class="XF\Entity\Attachment" to_class="XenBulletins\BrandHub\Entity\Attachment" execute_order="10" active="1"/>
  <extension from_class="XF\Entity\Forum" to_class="XenBulletins\BrandHub\Entity\Forum" execute_order="10" active="1"/>
  <extension from_class="XF\Entity\Thread" to_class="XenBulletins\BrandHub\Entity\Thread" execute_order="10" active="1"/>
  <extension from_class="XF\Entity\User" to_class="XenBulletins\BrandHub\Entity\User" execute_order="10" active="1"/>
  <extension from_class="XF\Entity\User" to_class="XenBulletins\BrandHub\XF\Entity\User" execute_order="10" active="1"/>
  <extension from_class="XF\InlineMod\Thread" to_class="XenBulletins\BrandHub\InlineMod\Thread" execute_order="10" active="1"/>
  <extension from_class="XF\Pub\Controller\Attachment" to_class="XenBulletins\BrandHub\Pub\Controller\Attachment" execute_order="10" active="1"/>
  <extension from_class="XF\Pub\Controller\Forum" to_class="XenBulletins\BrandHub\XF\Pub\Controller\Forum" execute_order="10" active="1"/>
  <extension from_class="XF\Pub\Controller\Member" to_class="XenBulletins\BrandHub\XF\Pub\Controller\Member" execute_order="10" active="1"/>
  <extension from_class="XF\Pub\Controller\Thread" to_class="XenBulletins\BrandHub\XF\Pub\Controller\Thread" execute_order="10" active="1"/>
  <extension from_class="XF\Repository\Attachment" to_class="XenBulletins\BrandHub\XF\Repository\Attachment" execute_order="10" active="1"/>
  <extension from_class="XF\Repository\Node" to_class="XenBulletins\BrandHub\XF\Repository\Node" execute_order="10" active="1"/>
  <extension from_class="XF\Repository\Tag" to_class="XenBulletins\BrandHub\XF\Repository\Tag" execute_order="10" active="1"/>
</class_extensions>
