<?xml version="1.0" encoding="utf-8"?>
<template_modifications>
  <modification type="public" template="PAGE_CONTAINER" modification_key="bh_xen_PAGE_CONTAINER" description="bh_xen_PAGE_CONTAINER" execution_order="10" enabled="1" action="str_replace">
    <find><![CDATA[$rootBreadcrumb.title]]></find>
    <replace><![CDATA[$xf.options.bh_breadCrumSlug]]></replace>
  </modification>
  <modification type="public" template="forum_post_thread_chooser" modification_key="bh_pass_itemIdInLink" description="Pass item_id as param In post thread url" execution_order="10" enabled="1" action="str_replace">
    <find><![CDATA[link('forums/post-thread', $node)]]></find>
    <replace><![CDATA[$__globals.item ? link('forums/post-thread', $node, {'item_id': $__globals.item.item_id}) : $0]]></replace>
  </modification>
  <modification type="public" template="forum_view" modification_key="item_lists" description="brand item lists" execution_order="10" enabled="1" action="str_replace">
    <find><![CDATA[<xf:extension name="above_node_list"></xf:extension>]]></find>
    <replace><![CDATA[$0
<xf:if is="$items is not empty && !$xf.options.hide_forum_items" >
	<xf:css src="bh_brandHub_list.less" />
<br>
<div class="block-container">
	<div class="block-body">
			
			<div class="brandHub">	
				<div>
					<h4> {{phrase ('popular_items')}}
						
						<a href="{{ link($xf.options.bh_main_route, $brand) }}" class="bh_a" data-name="{$brand.brand_title}"> (view all)</a>
					</h4>
				</div>
					<ul class="grid-list">
						<xf:foreach loop="$items" value="$item">
							<li class="bh_item">
								<a href="{{ link({$xf.options.bh_main_route}.'/item', $item) }}" class="bh_a" data-name="{$item.item_title}">{$item.item_title} ({{$item.discussion_count}})</a>
							</li>
						</xf:foreach>
					</ul>	
				</div>
	
	</div>
</div>
	<br>
</xf:if>
]]></replace>
  </modification>
  <modification type="public" template="member_view" modification_key="bh_owner_pages_tab" description="Add ownerpages Tab in to user profile" execution_order="10" enabled="1" action="str_replace">
    <find><![CDATA[<!--[XF:tabs:after_recent_content]-->]]></find>
    <replace><![CDATA[$0
<xf:if is="$user.canViewOwnerPagesOnProfile()">
	<a href="{{ link('members/tabpages') }}"
	   class="tabs-tab"
	   id="bh_owner_page_tab"
	   role="tab">{{ phrase('bh_owner_pages') }}</a>
</xf:if>


<xf:if is="$user.canViewItemsOnProfile()">
<a href="{{ link('members/itemlistsub', $user) }}"
       class="tabs-tab"
	   id="bh_item_list_sub"
	   role="tab">{{ phrase('bh_item_list_sub') }}</a>
</xf:if>]]></replace>
  </modification>
  <modification type="public" template="member_view" modification_key="bh_owner_pages_tab_pane" description="add owner pages pane" execution_order="10" enabled="1" action="str_replace">
    <find><![CDATA[<!--[XF:tab_panes:after_recent_content]-->]]></find>
    <replace><![CDATA[$0
<xf:if is="$user.canViewOwnerPagesOnProfile()">
	<li data-href="{{ link('members/tabpages', $user) }}" role="tabpanel" aria-labelledby="bh_owner_page_tab">
		<div class="blockMessage">{{ phrase('loading...') }}</div>
	</li>
</xf:if>

<xf:if is="$user.canViewItemsOnProfile()">
<li data-href="{{ link('members/itemlistsub', $user) }}" role="tabpanel" aria-labelledby="bh_item_list_sub">
		<div class="blockMessage">{{ phrase('loading...') }}</div>
	</li>
</xf:if>
]]></replace>
  </modification>
</template_modifications>
