{
    "src/addons/FS/UserGroupBatch/addon.json": "4e6ec732119554ae7e3322cec61a2ec4be3d3e95f2dfcf6defe59ab055c3e737",
    "src/addons/FS/UserGroupBatch/Admin/Controller/Batch.php": "a78d6522893c83a2f1921dff0418bfe5fad6467bc09afd6aabbe8c3e1ec0e0ab",
    "src/addons/FS/UserGroupBatch/Entity/Batch.php": "2f4b01a955f77f53fef3ccd01660bc290289a64a6685cbf0587aa27b29112888",
    "src/addons/FS/UserGroupBatch/Install/Data/MySql.php": "b4d6ee96a135d21366eeb23705c388a7972261bda44bb8de539888fcd3b1882f",
    "src/addons/FS/UserGroupBatch/Setup.php": "0184631e8b6a8b7960dd185e6a01d81e7a3a1b51b442a7e8312a5cf1686658c1",
    "src/addons/FS/UserGroupBatch/XF/Entity/Thread.php": "f1400f08a1034c140099c930ec07340f0123726c1f33594ed0f06ebd03838331",
    "src/addons/FS/UserGroupBatch/_data/activity_summary_definitions.xml": "99d8c2563a31320d66f958fc8bda78613545f5f7959bb3cf5318805e3a3c39d2",
    "src/addons/FS/UserGroupBatch/_data/admin_navigation.xml": "20ce0cdd14f79a1935db61c8d23439b391da829e5072b95db6efb39f6b00a37c",
    "src/addons/FS/UserGroupBatch/_data/admin_permission.xml": "ec6fb97cebf0bceb24f1ed1d5778c1db54eeb7535fbb3e31d824840e7aa9ff87",
    "src/addons/FS/UserGroupBatch/_data/advertising_positions.xml": "d2f7cbe844bb1df3cf878d22ff6306249245c8ff6b0b87b9b729744bec538261",
    "src/addons/FS/UserGroupBatch/_data/api_scopes.xml": "6793eaf758f140e8137187ba20e65f4faccf53410433ae3ad7a8b3b38cb6b3b7",
    "src/addons/FS/UserGroupBatch/_data/bb_codes.xml": "faa4ddd5f4a365e5ac39aebdcbe2d25aedf74e7eb9ea4a812766e2fd5e13bdb1",
    "src/addons/FS/UserGroupBatch/_data/bb_code_media_sites.xml": "29762987990187b33e43cfb68c08dc917b2d3f0176613d78f8e6c453f82da3f3",
    "src/addons/FS/UserGroupBatch/_data/class_extensions.xml": "1ea03df422a8528a3e538407b979937344506c583a631c5446584c60395dbe42",
    "src/addons/FS/UserGroupBatch/_data/code_events.xml": "8370dec3df47f91df4cf79da253446ad11b29f4ea568fe76c774e97a0379f0eb",
    "src/addons/FS/UserGroupBatch/_data/code_event_listeners.xml": "d6b5072f4909dee7a20ee9e44b163f95c8aa52e6ac7f573e292000cd9238c331",
    "src/addons/FS/UserGroupBatch/_data/content_type_fields.xml": "c7ad5472b28f465b7ac7617627707eba1b7a39d28089460d52e1ed292fc0b06a",
    "src/addons/FS/UserGroupBatch/_data/cron.xml": "323c4284742ef24329cd6db6f288eb9736d2353f36852e1db12591e1583aea26",
    "src/addons/FS/UserGroupBatch/_data/help_pages.xml": "a8a0c0b06cdc550438bc8a8d385af3e1e5ab3459877dfb934c1c31be59c89163",
    "src/addons/FS/UserGroupBatch/_data/member_stats.xml": "89fb2b93ff1eca7a1f6f752248edf6090dfd24037db1446fd18ff7143f08124d",
    "src/addons/FS/UserGroupBatch/_data/navigation.xml": "f75e1c03a45a360bbdfcd0567121665082315068475d5b0feb8b1acbb1688651",
    "src/addons/FS/UserGroupBatch/_data/options.xml": "1cea29aa5671733d85c8fc6f7c66128eacbca5643cbb38585eb82002879b51a4",
    "src/addons/FS/UserGroupBatch/_data/option_groups.xml": "154d7a89664b243d0bd8227c22e241f934bf7e196c83230ee23d3c0c4fba1333",
    "src/addons/FS/UserGroupBatch/_data/permissions.xml": "7e4fc7d5826733d15ea2d8936b9bdd41afcaad810eb38e50da3c8d8eafda1550",
    "src/addons/FS/UserGroupBatch/_data/permission_interface_groups.xml": "3177224e96458b829aa7fb24866dda9e0455a4922aee3d669b53f59a1ffdf5d1",
    "src/addons/FS/UserGroupBatch/_data/phrases.xml": "2f7978737607781e8e8b6f2c44939c94bfe9b624a53c545ffaf0e9760ae62657",
    "src/addons/FS/UserGroupBatch/_data/routes.xml": "14b280ffaf6e41a7501842fbf0129a8c83cdee8fa87f6b964c6bdf180369d8b8",
    "src/addons/FS/UserGroupBatch/_data/style_properties.xml": "8b8690a8512f01f219dd2da76e3d0c5f62afc1f317b87794a7331c859c36a7a8",
    "src/addons/FS/UserGroupBatch/_data/style_property_groups.xml": "68e1879cb3846c42d978487aa8d5145ff3335fc39e58016878824d5cf3fd684c",
    "src/addons/FS/UserGroupBatch/_data/templates.xml": "01d4199e9328de8b7219be4e8bbdd03ef4b1c055a7c63212131d26adebc3448b",
    "src/addons/FS/UserGroupBatch/_data/template_modifications.xml": "f42caea6ccf7cca2cfd17ac5f286e8bcd0796c9dc4c51c25160e08543d43e84e",
    "src/addons/FS/UserGroupBatch/_data/widget_definitions.xml": "37e46965256430f24004c2e7f08ba08f9b0d1cbcc4d70e84b3f4e3ffb713e64b",
    "src/addons/FS/UserGroupBatch/_data/widget_positions.xml": "a29cee66134f6bc5d75ed9df1eef21096c24401915c5b5c774389c3d7bb2d5b3"
}