{
    "src/addons/FS/RegisterOnPost/addon.json": "611806d70f268cfbda8cab5ba6ab999ba244c5f8ecf25b5d6dca9c7bf11f4550",
    "src/addons/FS/RegisterOnPost/Setup.php": "c92822bb0dcc88c7f8594135e8b3c8b5b0e881d6f54526bf22b299654dc554d1",
    "src/addons/FS/RegisterOnPost/XF/Entity/Forum.php": "21cc3697a1f3e5c0bd8a2b2959c945007c65948011dabf660727cf630a509a46",
    "src/addons/FS/RegisterOnPost/XF/Entity/Thread.php": "c5e23e11bf92de7429291ae53d69e5be79bf8b858394a2d7e1e86414d52c073e",
    "src/addons/FS/RegisterOnPost/XF/Pub/Controller/Forum.php": "7ee5d2ef0e17694fcc5af525bf86f636672d39cc2bb4d1cae75306365c30bf7a",
    "src/addons/FS/RegisterOnPost/_data/activity_summary_definitions.xml": "99d8c2563a31320d66f958fc8bda78613545f5f7959bb3cf5318805e3a3c39d2",
    "src/addons/FS/RegisterOnPost/_data/admin_navigation.xml": "064ec797484ac00d5ee37367b50b06846d11f480d00550997712707f8fdac8c0",
    "src/addons/FS/RegisterOnPost/_data/admin_permission.xml": "ec6fb97cebf0bceb24f1ed1d5778c1db54eeb7535fbb3e31d824840e7aa9ff87",
    "src/addons/FS/RegisterOnPost/_data/advertising_positions.xml": "d2f7cbe844bb1df3cf878d22ff6306249245c8ff6b0b87b9b729744bec538261",
    "src/addons/FS/RegisterOnPost/_data/api_scopes.xml": "6793eaf758f140e8137187ba20e65f4faccf53410433ae3ad7a8b3b38cb6b3b7",
    "src/addons/FS/RegisterOnPost/_data/bb_codes.xml": "faa4ddd5f4a365e5ac39aebdcbe2d25aedf74e7eb9ea4a812766e2fd5e13bdb1",
    "src/addons/FS/RegisterOnPost/_data/bb_code_media_sites.xml": "29762987990187b33e43cfb68c08dc917b2d3f0176613d78f8e6c453f82da3f3",
    "src/addons/FS/RegisterOnPost/_data/class_extensions.xml": "cf6c60d24bebb387eaaef8fe0f4ba3dd41e59c5d9e078d2d0eee754aa21a41e3",
    "src/addons/FS/RegisterOnPost/_data/code_events.xml": "8370dec3df47f91df4cf79da253446ad11b29f4ea568fe76c774e97a0379f0eb",
    "src/addons/FS/RegisterOnPost/_data/code_event_listeners.xml": "d6b5072f4909dee7a20ee9e44b163f95c8aa52e6ac7f573e292000cd9238c331",
    "src/addons/FS/RegisterOnPost/_data/content_type_fields.xml": "c7ad5472b28f465b7ac7617627707eba1b7a39d28089460d52e1ed292fc0b06a",
    "src/addons/FS/RegisterOnPost/_data/cron.xml": "323c4284742ef24329cd6db6f288eb9736d2353f36852e1db12591e1583aea26",
    "src/addons/FS/RegisterOnPost/_data/help_pages.xml": "a8a0c0b06cdc550438bc8a8d385af3e1e5ab3459877dfb934c1c31be59c89163",
    "src/addons/FS/RegisterOnPost/_data/member_stats.xml": "89fb2b93ff1eca7a1f6f752248edf6090dfd24037db1446fd18ff7143f08124d",
    "src/addons/FS/RegisterOnPost/_data/navigation.xml": "f75e1c03a45a360bbdfcd0567121665082315068475d5b0feb8b1acbb1688651",
    "src/addons/FS/RegisterOnPost/_data/options.xml": "4d12136e4d147943586b36e26ca5727c995be31e4b459e1033f555960f6bb7bf",
    "src/addons/FS/RegisterOnPost/_data/option_groups.xml": "536b276746a1d1b0fdd7eb1553379977073fe83f1590ee065253872b5abbf493",
    "src/addons/FS/RegisterOnPost/_data/permissions.xml": "7e4fc7d5826733d15ea2d8936b9bdd41afcaad810eb38e50da3c8d8eafda1550",
    "src/addons/FS/RegisterOnPost/_data/permission_interface_groups.xml": "3177224e96458b829aa7fb24866dda9e0455a4922aee3d669b53f59a1ffdf5d1",
    "src/addons/FS/RegisterOnPost/_data/phrases.xml": "81220c664b142489fe4f2e975126e2d1454249493dc609f27bca56358693382e",
    "src/addons/FS/RegisterOnPost/_data/routes.xml": "550fa64f9feedf137dd877b38c2684f94474619d2d83890dbb717a91b50da8f5",
    "src/addons/FS/RegisterOnPost/_data/style_properties.xml": "8b8690a8512f01f219dd2da76e3d0c5f62afc1f317b87794a7331c859c36a7a8",
    "src/addons/FS/RegisterOnPost/_data/style_property_groups.xml": "68e1879cb3846c42d978487aa8d5145ff3335fc39e58016878824d5cf3fd684c",
    "src/addons/FS/RegisterOnPost/_data/templates.xml": "cda6e465014b688de1cb27758eff3bd6c016829e7e1b50c536a8a74d008c8845",
    "src/addons/FS/RegisterOnPost/_data/template_modifications.xml": "bf36852dd1d0f66d23968552d2daced5ab19c0e18ea425414e701252f0ca8ba3",
    "src/addons/FS/RegisterOnPost/_data/widget_definitions.xml": "37e46965256430f24004c2e7f08ba08f9b0d1cbcc4d70e84b3f4e3ffb713e64b",
    "src/addons/FS/RegisterOnPost/_data/widget_positions.xml": "a29cee66134f6bc5d75ed9df1eef21096c24401915c5b5c774389c3d7bb2d5b3"
}