{
    "src/addons/FS/BatchProfile/addon.json": "2a253fef7fc598552d031cfc7628fb73a7306b1d51ffc274aebf658c83dc129e",
    "src/addons/FS/BatchProfile/Admin/Controller/Batch.php": "2d58cdaa0b87df177929231211049cf0a8a954c43934e377a2ec5f06a5927d67",
    "src/addons/FS/BatchProfile/Entity/Batch.php": "6ac8fe3c96deea1e23dfa20a573017fd395ac11591626e963da28a10230889c2",
    "src/addons/FS/BatchProfile/Setup.php": "c8457e447dd198c40d69d28d209970ab06fd0f938db95ac099d68da0d12976f1",
    "src/addons/FS/BatchProfile/XF/Entity/Thread.php": "a34c521817e15d84d981c48b6158bc6673dedb3c9dd57133f9d22fa9e84fd4cf",
    "src/addons/FS/BatchProfile/XF/Entity/User.php": "d0320e8d39475825e495f5ec32e802d6db31b0947630effa186843c6c24cb461",
    "src/addons/FS/BatchProfile/_data/activity_summary_definitions.xml": "99d8c2563a31320d66f958fc8bda78613545f5f7959bb3cf5318805e3a3c39d2",
    "src/addons/FS/BatchProfile/_data/admin_navigation.xml": "064ec797484ac00d5ee37367b50b06846d11f480d00550997712707f8fdac8c0",
    "src/addons/FS/BatchProfile/_data/admin_permission.xml": "ec6fb97cebf0bceb24f1ed1d5778c1db54eeb7535fbb3e31d824840e7aa9ff87",
    "src/addons/FS/BatchProfile/_data/advertising_positions.xml": "d2f7cbe844bb1df3cf878d22ff6306249245c8ff6b0b87b9b729744bec538261",
    "src/addons/FS/BatchProfile/_data/api_scopes.xml": "6793eaf758f140e8137187ba20e65f4faccf53410433ae3ad7a8b3b38cb6b3b7",
    "src/addons/FS/BatchProfile/_data/bb_codes.xml": "faa4ddd5f4a365e5ac39aebdcbe2d25aedf74e7eb9ea4a812766e2fd5e13bdb1",
    "src/addons/FS/BatchProfile/_data/bb_code_media_sites.xml": "29762987990187b33e43cfb68c08dc917b2d3f0176613d78f8e6c453f82da3f3",
    "src/addons/FS/BatchProfile/_data/class_extensions.xml": "ebc76ab0367818e1eb3695b2b8ed25fbc76a2a29c4082f5a4cc97d4727d83f27",
    "src/addons/FS/BatchProfile/_data/code_events.xml": "8370dec3df47f91df4cf79da253446ad11b29f4ea568fe76c774e97a0379f0eb",
    "src/addons/FS/BatchProfile/_data/code_event_listeners.xml": "d6b5072f4909dee7a20ee9e44b163f95c8aa52e6ac7f573e292000cd9238c331",
    "src/addons/FS/BatchProfile/_data/content_type_fields.xml": "c7ad5472b28f465b7ac7617627707eba1b7a39d28089460d52e1ed292fc0b06a",
    "src/addons/FS/BatchProfile/_data/cron.xml": "323c4284742ef24329cd6db6f288eb9736d2353f36852e1db12591e1583aea26",
    "src/addons/FS/BatchProfile/_data/help_pages.xml": "a8a0c0b06cdc550438bc8a8d385af3e1e5ab3459877dfb934c1c31be59c89163",
    "src/addons/FS/BatchProfile/_data/member_stats.xml": "89fb2b93ff1eca7a1f6f752248edf6090dfd24037db1446fd18ff7143f08124d",
    "src/addons/FS/BatchProfile/_data/navigation.xml": "f75e1c03a45a360bbdfcd0567121665082315068475d5b0feb8b1acbb1688651",
    "src/addons/FS/BatchProfile/_data/options.xml": "1cea29aa5671733d85c8fc6f7c66128eacbca5643cbb38585eb82002879b51a4",
    "src/addons/FS/BatchProfile/_data/option_groups.xml": "154d7a89664b243d0bd8227c22e241f934bf7e196c83230ee23d3c0c4fba1333",
    "src/addons/FS/BatchProfile/_data/permissions.xml": "7e4fc7d5826733d15ea2d8936b9bdd41afcaad810eb38e50da3c8d8eafda1550",
    "src/addons/FS/BatchProfile/_data/permission_interface_groups.xml": "3177224e96458b829aa7fb24866dda9e0455a4922aee3d669b53f59a1ffdf5d1",
    "src/addons/FS/BatchProfile/_data/phrases.xml": "598054d1597d5a7033ffd712d4f217c5c8f118e262ec44213d0cb90fa45b8a13",
    "src/addons/FS/BatchProfile/_data/routes.xml": "550fa64f9feedf137dd877b38c2684f94474619d2d83890dbb717a91b50da8f5",
    "src/addons/FS/BatchProfile/_data/style_properties.xml": "8b8690a8512f01f219dd2da76e3d0c5f62afc1f317b87794a7331c859c36a7a8",
    "src/addons/FS/BatchProfile/_data/style_property_groups.xml": "68e1879cb3846c42d978487aa8d5145ff3335fc39e58016878824d5cf3fd684c",
    "src/addons/FS/BatchProfile/_data/templates.xml": "dc245b772cf81c5e36da754a9bf3aa94096674158baffe6ee6a9a157b8ab7797",
    "src/addons/FS/BatchProfile/_data/template_modifications.xml": "47c284a875fcd84157b27f1dfc67b1c70f46cdde78f0e71cee8920f40e425452",
    "src/addons/FS/BatchProfile/_data/widget_definitions.xml": "37e46965256430f24004c2e7f08ba08f9b0d1cbcc4d70e84b3f4e3ffb713e64b",
    "src/addons/FS/BatchProfile/_data/widget_positions.xml": "a29cee66134f6bc5d75ed9df1eef21096c24401915c5b5c774389c3d7bb2d5b3"
}