{
    "src/addons/FS/HideUsernames/addon.json": "9a9090fe48f80e48c588a198216630ea6d58927082cc64619fa2dec3f584584b",
    "src/addons/FS/HideUsernames/Cron/HideUsernamesCron.php": "b36078b42c9bba54cca64cefe9f580f9c8d3ab1cc54855867bbc15a53d8d7193",
    "src/addons/FS/HideUsernames/Service/HideUserNames.php": "4b74ec3d4b0ddd82732f795fc2288e6484accb2db0194c7322880a52ce6b06fe",
    "src/addons/FS/HideUsernames/Setup.php": "e3f8246281eda59ecaecbb2bd40e308a4a531354ac1482e6ada257765dd3e10e",
    "src/addons/FS/HideUsernames/XF/Entity/User.php": "b4195918a81ca43018e5ea8774f3fd050d41a1fad5af8fdce56c80c420a4efab",
    "src/addons/FS/HideUsernames/_data/activity_summary_definitions.xml": "99d8c2563a31320d66f958fc8bda78613545f5f7959bb3cf5318805e3a3c39d2",
    "src/addons/FS/HideUsernames/_data/admin_navigation.xml": "064ec797484ac00d5ee37367b50b06846d11f480d00550997712707f8fdac8c0",
    "src/addons/FS/HideUsernames/_data/admin_permission.xml": "ec6fb97cebf0bceb24f1ed1d5778c1db54eeb7535fbb3e31d824840e7aa9ff87",
    "src/addons/FS/HideUsernames/_data/advertising_positions.xml": "d2f7cbe844bb1df3cf878d22ff6306249245c8ff6b0b87b9b729744bec538261",
    "src/addons/FS/HideUsernames/_data/api_scopes.xml": "6793eaf758f140e8137187ba20e65f4faccf53410433ae3ad7a8b3b38cb6b3b7",
    "src/addons/FS/HideUsernames/_data/bb_codes.xml": "faa4ddd5f4a365e5ac39aebdcbe2d25aedf74e7eb9ea4a812766e2fd5e13bdb1",
    "src/addons/FS/HideUsernames/_data/bb_code_media_sites.xml": "29762987990187b33e43cfb68c08dc917b2d3f0176613d78f8e6c453f82da3f3",
    "src/addons/FS/HideUsernames/_data/class_extensions.xml": "7448bae3b7578caac89ff1da8e2c5f9159d77e4c1e6dc9b64a853cf5bbb81594",
    "src/addons/FS/HideUsernames/_data/code_events.xml": "8370dec3df47f91df4cf79da253446ad11b29f4ea568fe76c774e97a0379f0eb",
    "src/addons/FS/HideUsernames/_data/code_event_listeners.xml": "d6b5072f4909dee7a20ee9e44b163f95c8aa52e6ac7f573e292000cd9238c331",
    "src/addons/FS/HideUsernames/_data/content_type_fields.xml": "c7ad5472b28f465b7ac7617627707eba1b7a39d28089460d52e1ed292fc0b06a",
    "src/addons/FS/HideUsernames/_data/cron.xml": "d785d324cb79efbdf64d4859f40c4f990e46916be07f0d76639b984611621d98",
    "src/addons/FS/HideUsernames/_data/help_pages.xml": "a8a0c0b06cdc550438bc8a8d385af3e1e5ab3459877dfb934c1c31be59c89163",
    "src/addons/FS/HideUsernames/_data/member_stats.xml": "89fb2b93ff1eca7a1f6f752248edf6090dfd24037db1446fd18ff7143f08124d",
    "src/addons/FS/HideUsernames/_data/navigation.xml": "f75e1c03a45a360bbdfcd0567121665082315068475d5b0feb8b1acbb1688651",
    "src/addons/FS/HideUsernames/_data/options.xml": "030ae15addda4980f78f83788932594a656639eb7d96ff1a21e7f1f74c699983",
    "src/addons/FS/HideUsernames/_data/option_groups.xml": "0cc77a544eb6a488631d2f45ec057b64d0be96a8b7ff1df82bef98d7a3dfed5e",
    "src/addons/FS/HideUsernames/_data/permissions.xml": "97d2ab977ccce88fdfc048d202096c76530a9c1e97a76644cd9576f078a94133",
    "src/addons/FS/HideUsernames/_data/permission_interface_groups.xml": "f8898b67d6850d718dd0c0e20175cb6243e0dd1f6428e680ac5ec8c2d7bb754b",
    "src/addons/FS/HideUsernames/_data/phrases.xml": "d45eab3f765c09172d6d6e6e1b36a6282999e91a7e05379034379b6edc612002",
    "src/addons/FS/HideUsernames/_data/routes.xml": "550fa64f9feedf137dd877b38c2684f94474619d2d83890dbb717a91b50da8f5",
    "src/addons/FS/HideUsernames/_data/style_properties.xml": "8b8690a8512f01f219dd2da76e3d0c5f62afc1f317b87794a7331c859c36a7a8",
    "src/addons/FS/HideUsernames/_data/style_property_groups.xml": "68e1879cb3846c42d978487aa8d5145ff3335fc39e58016878824d5cf3fd684c",
    "src/addons/FS/HideUsernames/_data/templates.xml": "95d4b078b90e74e773cef6695ef94c742e74b8d62e6798738f11f0215a58faee",
    "src/addons/FS/HideUsernames/_data/template_modifications.xml": "3b54b7df00a6a4a18c5e012b6e2588e35c23aaa13a5fc227f08646a97590d778",
    "src/addons/FS/HideUsernames/_data/widget_definitions.xml": "37e46965256430f24004c2e7f08ba08f9b0d1cbcc4d70e84b3f4e3ffb713e64b",
    "src/addons/FS/HideUsernames/_data/widget_positions.xml": "a29cee66134f6bc5d75ed9df1eef21096c24401915c5b5c774389c3d7bb2d5b3"
}