{
    "src/addons/FS/ZoomMeeting/addon.json": "a8b8f8a42959e82cf73fb0392466d70a0926c78f89d79864b0b00ab5ef7a780f",
    "src/addons/FS/ZoomMeeting/Admin/Controller/Category.php": "4224c775612024998ffd9ce3a6cb0b776f6bc3f249d8cdce099e1c6c462de78b",
    "src/addons/FS/ZoomMeeting/Admin/Controller/Meeting.php": "5dfde72331c29cb5c09c452b1225f5ddae2e85c719056d226c06dbfa359012ef",
    "src/addons/FS/ZoomMeeting/ControllerPlugin/CategoryTree.php": "f91d0289862cdb55079eebfe4ce79f0d77b7267d2754b2faf309df26ca41b779",
    "src/addons/FS/ZoomMeeting/Cron/Meeting.php": "9e30e159fa26cd39658bee6338f3f72c297441ce2f1cf2dcf1d30dbaad20b25d",
    "src/addons/FS/ZoomMeeting/Entity/Category.php": "89be94cb12d8946fb653a8a141c59a87c8828874bf2da85cd14200c3e25ecb20",
    "src/addons/FS/ZoomMeeting/Entity/CategoryField.php": "706794b4392c3665171bc553bba106e0d5936e4202237baf42c7a9c5b1246e96",
    "src/addons/FS/ZoomMeeting/Entity/Meeting.php": "6138d38c06e628e8c14b8021d3929cb58130ccb574ac9786c23e1198acc3c655",
    "src/addons/FS/ZoomMeeting/Install/Data/MySql.php": "e89f6677a29f2a784dc95ee56d5314f160ff575e6c0d46b82bfb8428032b27bb",
    "src/addons/FS/ZoomMeeting/Pub/Controller/Meeting.php": "7295217f07aad3654ca430c3760aa47eb6a7d768ec5cf8dec1a84e690f0965cf",
    "src/addons/FS/ZoomMeeting/Repository/Meeting.php": "21ef4472aefa07e2247b2c12d9bba569116b9b94778e0c8b8a93e5c1edc6c61a",
    "src/addons/FS/ZoomMeeting/Service/Meeting.php": "efec63de6fab13c13d0da04b0c46ae834436c2592ad5d6f436bf73070a8d0b4d",
    "src/addons/FS/ZoomMeeting/Setup.php": "8e6b86bf2537e855b2d4aa53e2bdadac75b5a32b7dbfd9a85e7f3faf99e9a1a5",
    "src/addons/FS/ZoomMeeting/XF/Admin/Controller/Misc.php": "250128f3eb5f49099d5e6964a1ae5b34280068c30614ec728626cfbe78a84c17",
    "src/addons/FS/ZoomMeeting/XF/Admin/Controller/Option.php": "cf6dac284de339ea5c5c7157f56750b85f62a983e5d83df784650d01a0335aa2",
    "src/addons/FS/ZoomMeeting/_data/activity_summary_definitions.xml": "99d8c2563a31320d66f958fc8bda78613545f5f7959bb3cf5318805e3a3c39d2",
    "src/addons/FS/ZoomMeeting/_data/admin_navigation.xml": "531371ef9bc36cfe9f2b13bcf3397f2cbee277920b925fdca308b446036f38e9",
    "src/addons/FS/ZoomMeeting/_data/admin_permission.xml": "ec6fb97cebf0bceb24f1ed1d5778c1db54eeb7535fbb3e31d824840e7aa9ff87",
    "src/addons/FS/ZoomMeeting/_data/advertising_positions.xml": "d2f7cbe844bb1df3cf878d22ff6306249245c8ff6b0b87b9b729744bec538261",
    "src/addons/FS/ZoomMeeting/_data/api_scopes.xml": "6793eaf758f140e8137187ba20e65f4faccf53410433ae3ad7a8b3b38cb6b3b7",
    "src/addons/FS/ZoomMeeting/_data/bb_codes.xml": "faa4ddd5f4a365e5ac39aebdcbe2d25aedf74e7eb9ea4a812766e2fd5e13bdb1",
    "src/addons/FS/ZoomMeeting/_data/bb_code_media_sites.xml": "29762987990187b33e43cfb68c08dc917b2d3f0176613d78f8e6c453f82da3f3",
    "src/addons/FS/ZoomMeeting/_data/class_extensions.xml": "d3d5d7a87d7a1f65550a9cef9b3722218feb7f29c3a841d6ad461820d9526af4",
    "src/addons/FS/ZoomMeeting/_data/code_events.xml": "8370dec3df47f91df4cf79da253446ad11b29f4ea568fe76c774e97a0379f0eb",
    "src/addons/FS/ZoomMeeting/_data/code_event_listeners.xml": "d6b5072f4909dee7a20ee9e44b163f95c8aa52e6ac7f573e292000cd9238c331",
    "src/addons/FS/ZoomMeeting/_data/content_type_fields.xml": "6529aff601b7bc9e2c33993a75aa1fefab93d939ea877a7335decdf517761716",
    "src/addons/FS/ZoomMeeting/_data/cron.xml": "20c6de112fe109786f179ef7574748fbaf6c29f9c9aafe9ed47251db8cf5d16a",
    "src/addons/FS/ZoomMeeting/_data/help_pages.xml": "a8a0c0b06cdc550438bc8a8d385af3e1e5ab3459877dfb934c1c31be59c89163",
    "src/addons/FS/ZoomMeeting/_data/member_stats.xml": "89fb2b93ff1eca7a1f6f752248edf6090dfd24037db1446fd18ff7143f08124d",
    "src/addons/FS/ZoomMeeting/_data/navigation.xml": "68ebbc0c9ae6daa78dbc511368588a9eacd3f2edbedc26062eddef40558c5c1e",
    "src/addons/FS/ZoomMeeting/_data/options.xml": "f8dc3df688ce7b3c2530edc360dacca03fb582c13fb12f04086b72693d45d0ee",
    "src/addons/FS/ZoomMeeting/_data/option_groups.xml": "6e95ada7ba65a00f98428ddead6347aa0ac1ed678ed12c11f328efa92d196f38",
    "src/addons/FS/ZoomMeeting/_data/permissions.xml": "7e4fc7d5826733d15ea2d8936b9bdd41afcaad810eb38e50da3c8d8eafda1550",
    "src/addons/FS/ZoomMeeting/_data/permission_interface_groups.xml": "3177224e96458b829aa7fb24866dda9e0455a4922aee3d669b53f59a1ffdf5d1",
    "src/addons/FS/ZoomMeeting/_data/phrases.xml": "ac34bacb3e9ada1280dc4e2cd9f9e7db7d656f94f735803aff3ef7c3121c7719",
    "src/addons/FS/ZoomMeeting/_data/routes.xml": "6e3886238d5527fd6806091cc1683e4e76e5311f15e6fdcca352139ed5e744bf",
    "src/addons/FS/ZoomMeeting/_data/style_properties.xml": "8b8690a8512f01f219dd2da76e3d0c5f62afc1f317b87794a7331c859c36a7a8",
    "src/addons/FS/ZoomMeeting/_data/style_property_groups.xml": "68e1879cb3846c42d978487aa8d5145ff3335fc39e58016878824d5cf3fd684c",
    "src/addons/FS/ZoomMeeting/_data/templates.xml": "6b7b0ac5873d31fca5d573c5918ffd014d7b7fe3a72aeba2d178ee6c00fcc8fc",
    "src/addons/FS/ZoomMeeting/_data/template_modifications.xml": "3b54b7df00a6a4a18c5e012b6e2588e35c23aaa13a5fc227f08646a97590d778",
    "src/addons/FS/ZoomMeeting/_data/widget_definitions.xml": "37e46965256430f24004c2e7f08ba08f9b0d1cbcc4d70e84b3f4e3ffb713e64b",
    "src/addons/FS/ZoomMeeting/_data/widget_positions.xml": "a29cee66134f6bc5d75ed9df1eef21096c24401915c5b5c774389c3d7bb2d5b3"
}