<?xml version="1.0" encoding="utf-8"?>
<navigation>
  <navigation_entry navigation_id="siropuAdsManager" display_order="9999" navigation_type_id="basic" enabled="1"><![CDATA[{"link":"{{ link('ads-manager') }}","display_condition":"$xf.options.siropuAdsManagerEnabled AND !$xf.options.siropuAdsManagerMenuLink AND $xf.visitor.hasPermission('siropuAdsManager', 'createAds')","extra_attributes":[]}]]></navigation_entry>
  <navigation_entry navigation_id="siropuAdsManagerAds" parent_navigation_id="siropuAdsManager" display_order="1" navigation_type_id="basic" enabled="1"><![CDATA[{"link":"{{ link('ads-manager\/ads') }}","display_condition":"","extra_attributes":[]}]]></navigation_entry>
  <navigation_entry navigation_id="siropuAdsManagerAdvertisers" parent_navigation_id="siropuAdsManager" display_order="4" navigation_type_id="basic" enabled="1"><![CDATA[{"link":"{{ link('ads-manager\/advertisers') }}","display_condition":"$xf.options.siropuAdsManagerAdvertisersPage.enabled","extra_attributes":[]}]]></navigation_entry>
  <navigation_entry navigation_id="siropuAdsManagerCreate" parent_navigation_id="siropuAdsManager" display_order="3" navigation_type_id="basic" enabled="1"><![CDATA[{"link":"{{ link('ads-manager\/packages') }}","display_condition":"","extra_attributes":[]}]]></navigation_entry>
  <navigation_entry navigation_id="siropuAdsManagerInvoices" parent_navigation_id="siropuAdsManager" display_order="2" navigation_type_id="basic" enabled="1"><![CDATA[{"link":"{{ link('ads-manager\/invoices') }}","display_condition":"","extra_attributes":[]}]]></navigation_entry>
</navigation>
