<?xml version="1.0" encoding="utf-8"?>
<template_modifications>
  <modification type="admin" template="helper_user_search_criteria" modification_key="fs_helper_user_search_criteria_use_email" description="fs_helper_user_search_criteria_use_email" execution_order="10" enabled="1" action="preg_replace">
    <find><![CDATA[/<xf:textboxrow name="criteria\[email]" value="{\$criteria\.email}".*?label="{{ phrase\('email'\) }}" \/>/is]]></find>
    <replace><![CDATA[$0

<xf:radiorow name="criteria[used_email]"
			 label="{{ phrase('fs_used_emails') }}">

	<xf:option value="" selected="true"
			   label="{{ phrase('fs_form_users') }}" />
	<xf:option value="old"
			   label="{{ phrase('fs_form_maps') }}"
			   />
</xf:radiorow>

<xf:numberboxrow name="criteria[emails_per_hour]" 
				 value="3"
				 label="{{ phrase('fs_emails_per_hour') }}"
				 min="1"
				 max="3" />]]></replace>
  </modification>
</template_modifications>
