{
    "src/addons/FS/TractorLandingPageApi/addon.json": "ec6070dfcbff48d19ebceb408b2c193b32139369b46dc23776694a3b9a7e6107",
    "src/addons/FS/TractorLandingPageApi/Api/Controller/TractorController.php": "32a61beb3b588531ccd9e5f5f56596511450bb6ce1f5d4fd4a09d3a69466165c",
    "src/addons/FS/TractorLandingPageApi/Entity/Brand.php": "ee6dc641cce7c6ed4394fe89eefa581895cb4fc1787b0b73aabea979a3b2d8a6",
    "src/addons/FS/TractorLandingPageApi/Setup.php": "bcb8de44cd18fa1068bab7a107e6585223cc4d3efeeef2e37da4872d0f36878f",
    "src/addons/FS/TractorLandingPageApi/XF/Api/Controller/Threads.php": "facc48d2faeac85c3d0325e765e7f3589eb1f01cfcbce4c7110fc24779477d1b",
    "src/addons/FS/TractorLandingPageApi/XF/Entity/Thread.php": "64ac1e9ebe7dbb2d2de0dba46886911f6c05d63c73468508f2e5f3768cbb428d",
    "src/addons/FS/TractorLandingPageApi/_data/activity_summary_definitions.xml": "99d8c2563a31320d66f958fc8bda78613545f5f7959bb3cf5318805e3a3c39d2",
    "src/addons/FS/TractorLandingPageApi/_data/admin_navigation.xml": "064ec797484ac00d5ee37367b50b06846d11f480d00550997712707f8fdac8c0",
    "src/addons/FS/TractorLandingPageApi/_data/admin_permission.xml": "ec6fb97cebf0bceb24f1ed1d5778c1db54eeb7535fbb3e31d824840e7aa9ff87",
    "src/addons/FS/TractorLandingPageApi/_data/advertising_positions.xml": "d2f7cbe844bb1df3cf878d22ff6306249245c8ff6b0b87b9b729744bec538261",
    "src/addons/FS/TractorLandingPageApi/_data/api_scopes.xml": "6793eaf758f140e8137187ba20e65f4faccf53410433ae3ad7a8b3b38cb6b3b7",
    "src/addons/FS/TractorLandingPageApi/_data/bb_codes.xml": "faa4ddd5f4a365e5ac39aebdcbe2d25aedf74e7eb9ea4a812766e2fd5e13bdb1",
    "src/addons/FS/TractorLandingPageApi/_data/bb_code_media_sites.xml": "29762987990187b33e43cfb68c08dc917b2d3f0176613d78f8e6c453f82da3f3",
    "src/addons/FS/TractorLandingPageApi/_data/class_extensions.xml": "df1cea202f50bdc4c3d95042fc4f1d59355fc01fff0ff9eb8c1011c18d1763d6",
    "src/addons/FS/TractorLandingPageApi/_data/code_events.xml": "8370dec3df47f91df4cf79da253446ad11b29f4ea568fe76c774e97a0379f0eb",
    "src/addons/FS/TractorLandingPageApi/_data/code_event_listeners.xml": "d6b5072f4909dee7a20ee9e44b163f95c8aa52e6ac7f573e292000cd9238c331",
    "src/addons/FS/TractorLandingPageApi/_data/content_type_fields.xml": "c7ad5472b28f465b7ac7617627707eba1b7a39d28089460d52e1ed292fc0b06a",
    "src/addons/FS/TractorLandingPageApi/_data/cron.xml": "323c4284742ef24329cd6db6f288eb9736d2353f36852e1db12591e1583aea26",
    "src/addons/FS/TractorLandingPageApi/_data/help_pages.xml": "a8a0c0b06cdc550438bc8a8d385af3e1e5ab3459877dfb934c1c31be59c89163",
    "src/addons/FS/TractorLandingPageApi/_data/member_stats.xml": "89fb2b93ff1eca7a1f6f752248edf6090dfd24037db1446fd18ff7143f08124d",
    "src/addons/FS/TractorLandingPageApi/_data/navigation.xml": "f75e1c03a45a360bbdfcd0567121665082315068475d5b0feb8b1acbb1688651",
    "src/addons/FS/TractorLandingPageApi/_data/options.xml": "c0b720452e4b005755516d785fed73afad5696522b8beccfa9698002f0d8abf2",
    "src/addons/FS/TractorLandingPageApi/_data/option_groups.xml": "4480f2540b7f8b4cb9d1ac6d0d6888ff28315fd30e5884714579305e7dffbb77",
    "src/addons/FS/TractorLandingPageApi/_data/permissions.xml": "7e4fc7d5826733d15ea2d8936b9bdd41afcaad810eb38e50da3c8d8eafda1550",
    "src/addons/FS/TractorLandingPageApi/_data/permission_interface_groups.xml": "3177224e96458b829aa7fb24866dda9e0455a4922aee3d669b53f59a1ffdf5d1",
    "src/addons/FS/TractorLandingPageApi/_data/phrases.xml": "218f6f319afec1bb30bb516ae9a393d29b13176293e9e358fdcc0c07d6da90ef",
    "src/addons/FS/TractorLandingPageApi/_data/routes.xml": "9f4c1828570dc2f06089792f96e166887c8e1f111921a86b94f316b521e90c52",
    "src/addons/FS/TractorLandingPageApi/_data/style_properties.xml": "8b8690a8512f01f219dd2da76e3d0c5f62afc1f317b87794a7331c859c36a7a8",
    "src/addons/FS/TractorLandingPageApi/_data/style_property_groups.xml": "68e1879cb3846c42d978487aa8d5145ff3335fc39e58016878824d5cf3fd684c",
    "src/addons/FS/TractorLandingPageApi/_data/templates.xml": "95d4b078b90e74e773cef6695ef94c742e74b8d62e6798738f11f0215a58faee",
    "src/addons/FS/TractorLandingPageApi/_data/template_modifications.xml": "3b54b7df00a6a4a18c5e012b6e2588e35c23aaa13a5fc227f08646a97590d778",
    "src/addons/FS/TractorLandingPageApi/_data/widget_definitions.xml": "37e46965256430f24004c2e7f08ba08f9b0d1cbcc4d70e84b3f4e3ffb713e64b",
    "src/addons/FS/TractorLandingPageApi/_data/widget_positions.xml": "a29cee66134f6bc5d75ed9df1eef21096c24401915c5b5c774389c3d7bb2d5b3"
}