{
    "src/addons/FS/ShowIconInNav/addon.json": "dc1a8c9fa57dba891c167ecfa6800364cb12e97375605b797c6f85e3a75d11a5",
    "src/addons/FS/ShowIconInNav/Admin/Controller/NavIcon.php": "b1dafb5ebdcec8c5c56914972a5af7a55dd512a456bef550d14afe34e6363c94",
    "src/addons/FS/ShowIconInNav/Entity/NavIcon.php": "a504d6f28adbfaa3ba3be43a51d30c3c5df6aec78409b12652129053baaa5d58",
    "src/addons/FS/ShowIconInNav/Install/Data/MySql.php": "21ea26bf93695d74fb4232ec6d93e97a166492d024de2d7e1203aead2614580f",
    "src/addons/FS/ShowIconInNav/Service/Upload.php": "d12b481f30b0dfa74b31d041cc5fb984e73ac6ff21d416ec17d5475b2d874473",
    "src/addons/FS/ShowIconInNav/Setup.php": "c04626cd9dc1adcf0cfaf8555f5858e5c477ad722414d62114cd0f560c7603aa",
    "src/addons/FS/ShowIconInNav/XF/Entity/User.php": "76258763ea4a5518eedb1c91a2de6b7cb5a111eb04eea55c3766190fcbb1078e",
    "src/addons/FS/ShowIconInNav/_data/activity_summary_definitions.xml": "99d8c2563a31320d66f958fc8bda78613545f5f7959bb3cf5318805e3a3c39d2",
    "src/addons/FS/ShowIconInNav/_data/admin_navigation.xml": "3c0e46e3e5065f84dfe98a0e2800030e3a976a27109ca944355fc230eb92868c",
    "src/addons/FS/ShowIconInNav/_data/admin_permission.xml": "ec6fb97cebf0bceb24f1ed1d5778c1db54eeb7535fbb3e31d824840e7aa9ff87",
    "src/addons/FS/ShowIconInNav/_data/advertising_positions.xml": "d2f7cbe844bb1df3cf878d22ff6306249245c8ff6b0b87b9b729744bec538261",
    "src/addons/FS/ShowIconInNav/_data/api_scopes.xml": "6793eaf758f140e8137187ba20e65f4faccf53410433ae3ad7a8b3b38cb6b3b7",
    "src/addons/FS/ShowIconInNav/_data/bb_codes.xml": "faa4ddd5f4a365e5ac39aebdcbe2d25aedf74e7eb9ea4a812766e2fd5e13bdb1",
    "src/addons/FS/ShowIconInNav/_data/bb_code_media_sites.xml": "29762987990187b33e43cfb68c08dc917b2d3f0176613d78f8e6c453f82da3f3",
    "src/addons/FS/ShowIconInNav/_data/class_extensions.xml": "e4dc1392963c5f3ace02935939b80ba3988eb87cf8fb2a55fd433ba042fdd6a4",
    "src/addons/FS/ShowIconInNav/_data/code_events.xml": "8370dec3df47f91df4cf79da253446ad11b29f4ea568fe76c774e97a0379f0eb",
    "src/addons/FS/ShowIconInNav/_data/code_event_listeners.xml": "d6b5072f4909dee7a20ee9e44b163f95c8aa52e6ac7f573e292000cd9238c331",
    "src/addons/FS/ShowIconInNav/_data/content_type_fields.xml": "c7ad5472b28f465b7ac7617627707eba1b7a39d28089460d52e1ed292fc0b06a",
    "src/addons/FS/ShowIconInNav/_data/cron.xml": "323c4284742ef24329cd6db6f288eb9736d2353f36852e1db12591e1583aea26",
    "src/addons/FS/ShowIconInNav/_data/help_pages.xml": "a8a0c0b06cdc550438bc8a8d385af3e1e5ab3459877dfb934c1c31be59c89163",
    "src/addons/FS/ShowIconInNav/_data/member_stats.xml": "89fb2b93ff1eca7a1f6f752248edf6090dfd24037db1446fd18ff7143f08124d",
    "src/addons/FS/ShowIconInNav/_data/navigation.xml": "f75e1c03a45a360bbdfcd0567121665082315068475d5b0feb8b1acbb1688651",
    "src/addons/FS/ShowIconInNav/_data/options.xml": "39f7d0d398d0c9cfb102056959217e96d7cf06f30d0c5871dc44a9e8e587bfde",
    "src/addons/FS/ShowIconInNav/_data/option_groups.xml": "fc4513ddd621883cde755e5187ef70e485699e2b2946616b32661a733bb3ec52",
    "src/addons/FS/ShowIconInNav/_data/permissions.xml": "7e4fc7d5826733d15ea2d8936b9bdd41afcaad810eb38e50da3c8d8eafda1550",
    "src/addons/FS/ShowIconInNav/_data/permission_interface_groups.xml": "3177224e96458b829aa7fb24866dda9e0455a4922aee3d669b53f59a1ffdf5d1",
    "src/addons/FS/ShowIconInNav/_data/phrases.xml": "1cab210e9d6e85eaa42e605dd73eab95ac76fbe2bdcc9a8dbfe2dd388ff5d8de",
    "src/addons/FS/ShowIconInNav/_data/routes.xml": "51f676672c3c73a4ba4cd46f13b28d0bf9a62f99eac58a5e33a0bbce7a651f02",
    "src/addons/FS/ShowIconInNav/_data/style_properties.xml": "8b8690a8512f01f219dd2da76e3d0c5f62afc1f317b87794a7331c859c36a7a8",
    "src/addons/FS/ShowIconInNav/_data/style_property_groups.xml": "68e1879cb3846c42d978487aa8d5145ff3335fc39e58016878824d5cf3fd684c",
    "src/addons/FS/ShowIconInNav/_data/templates.xml": "c30db90572aac4f05dee9f568f0047d01d7cf99ef50ec5cf5f5fc71dcb518a48",
    "src/addons/FS/ShowIconInNav/_data/template_modifications.xml": "3bfe91277dc7412f2143308966b8b58dd10feb2b8348d8c2f7580c514c8727f6",
    "src/addons/FS/ShowIconInNav/_data/widget_definitions.xml": "37e46965256430f24004c2e7f08ba08f9b0d1cbcc4d70e84b3f4e3ffb713e64b",
    "src/addons/FS/ShowIconInNav/_data/widget_positions.xml": "a29cee66134f6bc5d75ed9df1eef21096c24401915c5b5c774389c3d7bb2d5b3"
}