{
    "js/FS/AvatarGallery/gallery_avatar.js": "faa11e49c8fe9706601f46f117955d138a1e6c2c4fc2f7508fdc160c5823c7fc",
    "js/FS/AvatarGallery/gallery_avatar.min.js": "d9520b0402f9955380ee65d32a170dc60d8b353e7510329750eb8cceaa843597",
    "js/FS/AvatarGallery/random_avatar.js": "e9dc7e47f521cd56610802ae0d8a86c2e9e01b28d273499bbffbd4b1b34909e6",
    "src/addons/FS/AvatarGallery/addon.json": "406a6ee8a3b4bf8ca9948507954e2b2ac924d9789bb9e97f074ba5dc8b54af9a",
    "src/addons/FS/AvatarGallery/Admin/Controller/AvatarGallery.php": "e3f1806b57ee14e72073b6615470275315b14e3c080f4b6fa043e0b329464ccf",
    "src/addons/FS/AvatarGallery/Cron/DailyLimit.php": "2bc662f1719565a3cd61b66e374a696e1fd1becfeee8cb161dedc98b4f4f5cb9",
    "src/addons/FS/AvatarGallery/Entity/AvatarGallery.php": "4041fc979575265cf8eabcb781dcaca591074d26de7e69be63d6e5ca785b43a3",
    "src/addons/FS/AvatarGallery/Job/UserAvatar.php": "a62220aef9c12497bac662ee9e1d798586a78f407b96e0f145175b164ea84e5b",
    "src/addons/FS/AvatarGallery/Service/AvatarGallery.php": "118910dae25697feaed685787cfe68136e8d8cbff613b03acf61133e12911066",
    "src/addons/FS/AvatarGallery/Service/Upload.php": "f717c276c17b455660c40b9c74e8a1e3b6d80ac9bc6976b5a1c6f8a4eb10abe6",
    "src/addons/FS/AvatarGallery/Setup.php": "f5c0cb5da82fdfb2d01d3383a283bd4f5e2bcf502e76d124a98386224780834d",
    "src/addons/FS/AvatarGallery/XF/Entity/User.php": "47efedac9b6de04f6711d6388467da3a17f6598fc6a763391ce82c88009136ac",
    "src/addons/FS/AvatarGallery/XF/Pub/Controller/Account.php": "80358911963830b2e1ec9c9af78705413f8db89d80a107c1313aa1b0d5770202",
    "src/addons/FS/AvatarGallery/XF/Pub/Controller/Register.php": "280ad8b6e6d0ee41e92b53f77e779f4535e6f34ed976817648e1a81f7caf6d61",
    "src/addons/FS/AvatarGallery/_data/activity_summary_definitions.xml": "99d8c2563a31320d66f958fc8bda78613545f5f7959bb3cf5318805e3a3c39d2",
    "src/addons/FS/AvatarGallery/_data/admin_navigation.xml": "064ec797484ac00d5ee37367b50b06846d11f480d00550997712707f8fdac8c0",
    "src/addons/FS/AvatarGallery/_data/admin_permission.xml": "ec6fb97cebf0bceb24f1ed1d5778c1db54eeb7535fbb3e31d824840e7aa9ff87",
    "src/addons/FS/AvatarGallery/_data/advertising_positions.xml": "d2f7cbe844bb1df3cf878d22ff6306249245c8ff6b0b87b9b729744bec538261",
    "src/addons/FS/AvatarGallery/_data/api_scopes.xml": "6793eaf758f140e8137187ba20e65f4faccf53410433ae3ad7a8b3b38cb6b3b7",
    "src/addons/FS/AvatarGallery/_data/bb_codes.xml": "faa4ddd5f4a365e5ac39aebdcbe2d25aedf74e7eb9ea4a812766e2fd5e13bdb1",
    "src/addons/FS/AvatarGallery/_data/bb_code_media_sites.xml": "29762987990187b33e43cfb68c08dc917b2d3f0176613d78f8e6c453f82da3f3",
    "src/addons/FS/AvatarGallery/_data/class_extensions.xml": "0ba050233eeecbbf006c332ded8737c37c12ab31ffc51bc33d025cc598895762",
    "src/addons/FS/AvatarGallery/_data/code_events.xml": "8370dec3df47f91df4cf79da253446ad11b29f4ea568fe76c774e97a0379f0eb",
    "src/addons/FS/AvatarGallery/_data/code_event_listeners.xml": "d6b5072f4909dee7a20ee9e44b163f95c8aa52e6ac7f573e292000cd9238c331",
    "src/addons/FS/AvatarGallery/_data/content_type_fields.xml": "c7ad5472b28f465b7ac7617627707eba1b7a39d28089460d52e1ed292fc0b06a",
    "src/addons/FS/AvatarGallery/_data/cron.xml": "b0929860bb81487c1275074649495fd56e640add1f47e9dc9ebe8fb4333c56c1",
    "src/addons/FS/AvatarGallery/_data/help_pages.xml": "a8a0c0b06cdc550438bc8a8d385af3e1e5ab3459877dfb934c1c31be59c89163",
    "src/addons/FS/AvatarGallery/_data/member_stats.xml": "89fb2b93ff1eca7a1f6f752248edf6090dfd24037db1446fd18ff7143f08124d",
    "src/addons/FS/AvatarGallery/_data/navigation.xml": "f75e1c03a45a360bbdfcd0567121665082315068475d5b0feb8b1acbb1688651",
    "src/addons/FS/AvatarGallery/_data/options.xml": "4c2e8435a78f901fd1141f16532ec7f9d70a275dceb423143bed9f94631265f3",
    "src/addons/FS/AvatarGallery/_data/option_groups.xml": "a92eb3095f716f4a81c00f501cf52194e34fb37f72136382da4a9bc338c9af42",
    "src/addons/FS/AvatarGallery/_data/permissions.xml": "127ece08f9c2a080d659dc2648b55f64f0e72a3e2166e776d242662c756c6d71",
    "src/addons/FS/AvatarGallery/_data/permission_interface_groups.xml": "5fc78d0009998b9a29380a1425acdcb4068fab3f27fe54d02ec4c188c8b9b384",
    "src/addons/FS/AvatarGallery/_data/phrases.xml": "26470747b293ed52dd375e104a23f764beea44b72ee9bab8b9b811930741c3ee",
    "src/addons/FS/AvatarGallery/_data/routes.xml": "550fa64f9feedf137dd877b38c2684f94474619d2d83890dbb717a91b50da8f5",
    "src/addons/FS/AvatarGallery/_data/style_properties.xml": "8b8690a8512f01f219dd2da76e3d0c5f62afc1f317b87794a7331c859c36a7a8",
    "src/addons/FS/AvatarGallery/_data/style_property_groups.xml": "68e1879cb3846c42d978487aa8d5145ff3335fc39e58016878824d5cf3fd684c",
    "src/addons/FS/AvatarGallery/_data/templates.xml": "97bd5056916d195dc37c5449406e9b95835458ba4467fd31ec69e11ed064ee62",
    "src/addons/FS/AvatarGallery/_data/template_modifications.xml": "d122cd558078444704ea57089f6dbe4190079e9f3ff3c779b30b54396fb0cf85",
    "src/addons/FS/AvatarGallery/_data/widget_definitions.xml": "37e46965256430f24004c2e7f08ba08f9b0d1cbcc4d70e84b3f4e3ffb713e64b",
    "src/addons/FS/AvatarGallery/_data/widget_positions.xml": "a29cee66134f6bc5d75ed9df1eef21096c24401915c5b5c774389c3d7bb2d5b3"
}