<?xml version="1.0" encoding="utf-8"?>
<permissions>
  <permission permission_group_id="ownerPagePost" permission_id="approveUnapprove" permission_type="flag" interface_group_id="OwnerPagePostModeratorPermissions" display_order="9"/>
  <permission permission_group_id="ownerPagePost" permission_id="comment" permission_type="flag" interface_group_id="OwnerPagePostPermissions" display_order="5"/>
  <permission permission_group_id="ownerPagePost" permission_id="deleteAny" permission_type="flag" interface_group_id="OwnerPagePostModeratorPermissions" display_order="3"/>
  <permission permission_group_id="ownerPagePost" permission_id="deleteOwn" permission_type="flag" interface_group_id="OwnerPagePostPermissions" display_order="6"/>
  <permission permission_group_id="ownerPagePost" permission_id="editAny" permission_type="flag" interface_group_id="OwnerPagePostModeratorPermissions" display_order="2"/>
  <permission permission_group_id="ownerPagePost" permission_id="editOwn" permission_type="flag" interface_group_id="OwnerPagePostPermissions" display_order="7"/>
  <permission permission_group_id="ownerPagePost" permission_id="hardDeleteAny" permission_type="flag" interface_group_id="OwnerPagePostModeratorPermissions" display_order="4"/>
  <permission permission_group_id="ownerPagePost" permission_id="inlineMod" permission_type="flag" interface_group_id="OwnerPagePostModeratorPermissions" display_order="1"/>
  <permission permission_group_id="ownerPagePost" permission_id="manageOwn" permission_type="flag" interface_group_id="OwnerPagePostPermissions" display_order="3"/>
  <permission permission_group_id="ownerPagePost" permission_id="post" permission_type="flag" interface_group_id="OwnerPagePostPermissions" display_order="4"/>
  <permission permission_group_id="ownerPagePost" permission_id="react" permission_type="flag" interface_group_id="OwnerPagePostPermissions" display_order="2"/>
  <permission permission_group_id="ownerPagePost" permission_id="undelete" permission_type="flag" interface_group_id="OwnerPagePostModeratorPermissions" display_order="8"/>
  <permission permission_group_id="ownerPagePost" permission_id="uploadAttachment" permission_type="flag" interface_group_id="OwnerPagePostPermissions" display_order="9"/>
  <permission permission_group_id="ownerPagePost" permission_id="uploadVideo" permission_type="flag" interface_group_id="OwnerPagePostPermissions" display_order="10"/>
  <permission permission_group_id="ownerPagePost" permission_id="view" permission_type="flag" interface_group_id="OwnerPagePostPermissions" display_order="1"/>
  <permission permission_group_id="ownerPagePost" permission_id="viewAttachment" permission_type="flag" interface_group_id="OwnerPagePostPermissions" display_order="8"/>
  <permission permission_group_id="ownerPagePost" permission_id="viewDeleted" permission_type="flag" interface_group_id="OwnerPagePostModeratorPermissions" display_order="6"/>
  <permission permission_group_id="ownerPagePost" permission_id="viewModerated" permission_type="flag" interface_group_id="OwnerPagePostModeratorPermissions" display_order="7"/>
  <permission permission_group_id="ownerPagePost" permission_id="warn" permission_type="flag" interface_group_id="OwnerPagePostModeratorPermissions" display_order="5"/>
</permissions>
