<?xml version="1.0" encoding="utf-8"?>
<code_event_listeners>
  <listener event_id="criteria_user" execute_order="10" callback_class="Snog\TV\Listener" callback_method="criteriaUser" active="1"/>
  <listener event_id="entity_post_delete" execute_order="10" callback_class="Snog\TV\Listener" callback_method="forumEntityPostDelete" active="1" hint="XF\Entity\Forum" description="XF\Entity\Forum"/>
  <listener event_id="entity_post_delete" execute_order="10" callback_class="Snog\TV\Listener" callback_method="nodeEntityPostDelete" active="1" hint="XF\Entity\Node" description="XF\Entity\Node"/>
  <listener event_id="entity_post_delete" execute_order="10" callback_class="Snog\TV\Listener" callback_method="postEntityPostDelete" active="1" hint="XF\Entity\Post" description="XF\Entity\Post"/>
  <listener event_id="entity_post_delete" execute_order="10" callback_class="Snog\TV\Listener" callback_method="threadEntityPostDelete" active="1" hint="XF\Entity\Thread" description="XF\Entity\Thread"/>
  <listener event_id="entity_post_save" execute_order="10" callback_class="Snog\TV\Listener" callback_method="optionEntityPostSave" active="1" hint="XF\Entity\Option" description="XF\Entity\Option"/>
  <listener event_id="entity_structure" execute_order="10" callback_class="Snog\TV\Listener" callback_method="forumEntityStructure" active="1" hint="XF\Entity\Forum" description="XF\Entity\Forum"/>
  <listener event_id="entity_structure" execute_order="10" callback_class="Snog\TV\Listener" callback_method="nodeEntityStructure" active="1" hint="XF\Entity\Node" description="XF\Entity\Node"/>
  <listener event_id="entity_structure" execute_order="10" callback_class="Snog\TV\Listener" callback_method="postEntityStructure" active="1" hint="XF\Entity\Post" description="XF\Entity\Post"/>
  <listener event_id="entity_structure" execute_order="10" callback_class="Snog\TV\Listener" callback_method="threadEntityStructure" active="1" hint="XF\Entity\Thread" description="XF\Entity\Thread"/>
  <listener event_id="entity_structure" execute_order="10" callback_class="Snog\TV\Listener" callback_method="userEntityStructure" active="1" hint="XF\Entity\User" description="XF\Entity\User"/>
  <listener event_id="entity_structure" execute_order="10" callback_class="Snog\TV\Listener" callback_method="userOptionEntityStructure" active="1" hint="XF\Entity\UserOption" description="XF\Entity\UserOption"/>
  <listener event_id="templater_macro_pre_render" execute_order="10" callback_class="Snog\TV\Listener" callback_method="templaterMacroPreRender" active="1" hint="admin:option_macros:option_form_block" description="Add tabs"/>
</code_event_listeners>
