<?xml version="1.0" encoding="utf-8"?>
<templates>
  <template type="admin" title="fs_info_text_add_edit" version_id="1000010" version_string="1.0.0 Alpha"><![CDATA[<xf:title>
	<xf:if is="$data.id"> {{phrase('fs_info_text_edit') }} : {$data.word} <xf:breadcrumb href="#">{{
		phrase('fs_info_text_edit') }}</xf:breadcrumb> <xf:else />{{
		phrase('fs_info_text_add_new') }}
		<xf:breadcrumb href="#">{{ phrase('fs_info_text_add_new') }}</xf:breadcrumb> </xf:if>
</xf:title>
<xf:form
		 action="{{ link('info-text/save', $data) }}"
		 ajax="true"
		 class="block"
		 data-force-flash-message="true"
		 >
	<div class="block-container">
		<div class="block-body">
			<xf:textboxrow
						   name="word"
						   value="{$data.word}"
						   label="{{phrase('fs_info_text_word') }}"
						   hint="{{phrase('required') }}"
						   autosize="true"
						   row="5"
						   required="required"
						   minlength="4"
						   />

			<xf:textboxrow
						   name="link"
						   value="{$data.link}"
						   label="{{phrase('fs_info_text_link') }}"
						   autosize="true"
						   hint="{{phrase('required') }}"
						   row="5"
						   required="required"
						   minlength="10"
						   />
		</div>
		<xf:submitrow submit="" icon="save" />
	</div>
</xf:form>]]></template>
  <template type="admin" title="fs_info_text_index" version_id="1000010" version_string="1.0.0 Alpha"><![CDATA[<xf:title>{{ phrase('fs_info_text_title') }}</xf:title>

<xf:pageaction>
	<xf:button href="{{ link('info-text/add') }}" icon="add">{{ phrase('fs_info_text_add_new') }}</xf:button>
</xf:pageaction>
<xf:form action="{{ link($prefix . '/toggle') }}" class="block" ajax="true">
	<div class="block-outer">
		<xf:macro
				  template="filter_macros"
				  name="quick_filter"
				  arg-key="info-text"
				  arg-class="block-outer-opposite"
				  />
	</div>

	<div class="block-container">

		<xf:if is="$data is not empty">
			<div class="block-body">
				<xf:datalist data-xf-init="responsive-data-list">

					<xf:macro
							  name="table_list"
							  arg-data="{$data}"
							  />


				</xf:datalist>
				<div class="block-footer">
					<span class="block-footer-counter"
						  >{{ display_totals($totalReturn, $total) }}</span
						>
				</div>

			</div>
			<xf:else />
			<div class="block-body block-row">{{ phrase('no_items_have_been_created_yet') }}</div>

		</xf:if>

	</div>


	<xf:pagenav
				page="{$page}"
				perpage="{$perPage}"
				total="{$total}"
				link="info-text"
				wrapperclass="block"
				/>
</xf:form>
<xf:macro
		  name="table_list"
		  arg-data="!"
		  >
	<xf:datarow rowtype="header">
		<xf:cell> {{ phrase('fs_info_text_word_list') }} </xf:cell>
		<xf:cell> {{ phrase('fs_info_text_link_list') }} </xf:cell>
		<xf:cell class="dataList-cell--min"></xf:cell>
		<xf:cell class="dataList-cell--min"></xf:cell>
	</xf:datarow>
	<xf:foreach loop="{$data}" value="$value">
		<xf:datarow>

			<xf:cell> {$value.word} </xf:cell>
			<xf:cell> {$value.link} </xf:cell>

			<xf:action href="{{ link('info-text/edit', $value) }}" >{{ phrase('edit') }}</xf:action>
			<xf:delete
					   href="{{ link('info-text/delete', $value) }}"
					   overlay="true"
					   />
		</xf:datarow>
	</xf:foreach>
</xf:macro>]]></template>
</templates>
