{
    "src/addons/FS/BanUserChanges/addon.json": "9e91a5b8e183b4e5b8a6faad833766343998741a8f5fd76506f795bc4ac20bcb",
    "src/addons/FS/BanUserChanges/Pub/Controller/BannedUsers.php": "b75cb08395483ae7071de61e80a6b259051ab10f6422befed61426db694f7604",
    "src/addons/FS/BanUserChanges/Service/BannedUsers.php": "8dfc422c0a2047ac47a2e20e1cd7ef42553d1ba6c7bca62dddcdb4c72216172a",
    "src/addons/FS/BanUserChanges/Setup.php": "cf8eeed66444f51813fb9b4aeb4ea8ab23af4b56ba791d9122e01fcbd8d3479d",
    "src/addons/FS/BanUserChanges/XF/Admin/Controller/Banning.php": "d1dff3c350c861979459f589cc5c515e72950f75fba505880dba642e08eabae8",
    "src/addons/FS/BanUserChanges/XF/Entity/UserBan.php": "1f6fb6a31af3e6baef3525d805a8becf1ea837ab275db54b83244dda860599eb",
    "src/addons/FS/BanUserChanges/XF/Pub/Controller/Forum.php": "ee72464aca5e4880f2411c0fa9648f01e00b39c1017a8d3ecf36971bd4190366",
    "src/addons/FS/BanUserChanges/XF/Pub/Controller/Index.php": "1efe6eb28d6ad90532146fb45057347961cd1592712d3a45e57caf345abeadf9",
    "src/addons/FS/BanUserChanges/XF/Pub/Controller/Member.php": "77076ac5b759c586dc50644ca4e966c719c523f6869d5e1437547494e060c35f",
    "src/addons/FS/BanUserChanges/XF/Pub/Controller/Thread.php": "67cc62ed4846a3f56772648b991a57d0281bb98d0e757e607df99d324f3a4e62",
    "src/addons/FS/BanUserChanges/XF/Service/Thread/Creator.php": "402f41234fa78bc4e769d8fbef45f24918b37f1f931cdb51a2994467338dc950",
    "src/addons/FS/BanUserChanges/_data/activity_summary_definitions.xml": "99d8c2563a31320d66f958fc8bda78613545f5f7959bb3cf5318805e3a3c39d2",
    "src/addons/FS/BanUserChanges/_data/admin_navigation.xml": "064ec797484ac00d5ee37367b50b06846d11f480d00550997712707f8fdac8c0",
    "src/addons/FS/BanUserChanges/_data/admin_permission.xml": "ec6fb97cebf0bceb24f1ed1d5778c1db54eeb7535fbb3e31d824840e7aa9ff87",
    "src/addons/FS/BanUserChanges/_data/advertising_positions.xml": "d2f7cbe844bb1df3cf878d22ff6306249245c8ff6b0b87b9b729744bec538261",
    "src/addons/FS/BanUserChanges/_data/api_scopes.xml": "6793eaf758f140e8137187ba20e65f4faccf53410433ae3ad7a8b3b38cb6b3b7",
    "src/addons/FS/BanUserChanges/_data/bb_codes.xml": "faa4ddd5f4a365e5ac39aebdcbe2d25aedf74e7eb9ea4a812766e2fd5e13bdb1",
    "src/addons/FS/BanUserChanges/_data/bb_code_media_sites.xml": "29762987990187b33e43cfb68c08dc917b2d3f0176613d78f8e6c453f82da3f3",
    "src/addons/FS/BanUserChanges/_data/class_extensions.xml": "ffae1121e4c281943e397fb3e0e91c8d954b057f4c75d66c509bdf6822d25293",
    "src/addons/FS/BanUserChanges/_data/code_events.xml": "8370dec3df47f91df4cf79da253446ad11b29f4ea568fe76c774e97a0379f0eb",
    "src/addons/FS/BanUserChanges/_data/code_event_listeners.xml": "d6b5072f4909dee7a20ee9e44b163f95c8aa52e6ac7f573e292000cd9238c331",
    "src/addons/FS/BanUserChanges/_data/content_type_fields.xml": "c7ad5472b28f465b7ac7617627707eba1b7a39d28089460d52e1ed292fc0b06a",
    "src/addons/FS/BanUserChanges/_data/cron.xml": "323c4284742ef24329cd6db6f288eb9736d2353f36852e1db12591e1583aea26",
    "src/addons/FS/BanUserChanges/_data/help_pages.xml": "a8a0c0b06cdc550438bc8a8d385af3e1e5ab3459877dfb934c1c31be59c89163",
    "src/addons/FS/BanUserChanges/_data/member_stats.xml": "89fb2b93ff1eca7a1f6f752248edf6090dfd24037db1446fd18ff7143f08124d",
    "src/addons/FS/BanUserChanges/_data/navigation.xml": "f75e1c03a45a360bbdfcd0567121665082315068475d5b0feb8b1acbb1688651",
    "src/addons/FS/BanUserChanges/_data/options.xml": "5a37a846c57c48bbc9629323378fe06e38582c9e3c5311a462cabb4b35f7de4c",
    "src/addons/FS/BanUserChanges/_data/option_groups.xml": "7ce5005e75232a209456b72f3699d9fd372161845b07ddbef245b7f704a017ff",
    "src/addons/FS/BanUserChanges/_data/permissions.xml": "009694a9131414a1c396dda8421b6a5f41c156ff19cd156391ae75daa86d588c",
    "src/addons/FS/BanUserChanges/_data/permission_interface_groups.xml": "79b521f20667ba120c1560b3e033e18b16bfb448d5ee8751bf58585e18308d37",
    "src/addons/FS/BanUserChanges/_data/phrases.xml": "f390ece786088ad179d2f30736e5c478bcdb6a850a216540d48f26001ff6bb92",
    "src/addons/FS/BanUserChanges/_data/routes.xml": "56a7080904ca7661b6f413bdba6c0eab7638dfb47c7fa5ae637775aa4592eef7",
    "src/addons/FS/BanUserChanges/_data/style_properties.xml": "8b8690a8512f01f219dd2da76e3d0c5f62afc1f317b87794a7331c859c36a7a8",
    "src/addons/FS/BanUserChanges/_data/style_property_groups.xml": "68e1879cb3846c42d978487aa8d5145ff3335fc39e58016878824d5cf3fd684c",
    "src/addons/FS/BanUserChanges/_data/templates.xml": "a76aafaca6fbf51b8cc7deb3f69f6a56346de6a4f09f8dc64934f6cde8381c91",
    "src/addons/FS/BanUserChanges/_data/template_modifications.xml": "dff90e53d215314d3538ff2ab37c3caef03aa59f6f1f78566c962f3609818652",
    "src/addons/FS/BanUserChanges/_data/widget_definitions.xml": "37e46965256430f24004c2e7f08ba08f9b0d1cbcc4d70e84b3f4e3ffb713e64b",
    "src/addons/FS/BanUserChanges/_data/widget_positions.xml": "a29cee66134f6bc5d75ed9df1eef21096c24401915c5b5c774389c3d7bb2d5b3"
}