<?xml version="1.0" encoding="utf-8"?>
<class_extensions>
  <extension from_class="XF\AddOn\DataManager" to_class="SV\StandardLib\XF\AddOn\DataManager" execute_order="1" active="1"/>
  <extension from_class="XF\AddOn\Manager" to_class="SV\StandardLib\XF\AddOn\Manager" execute_order="1" active="1"/>
  <extension from_class="XF\Admin\Controller\Template" to_class="SV\StandardLib\XF\Admin\Controller\Template" execute_order="7915" active="1"/>
  <extension from_class="XF\CssRenderer" to_class="SV\StandardLib\XF\CssRenderer" execute_order="7915" active="1"/>
  <extension from_class="XF\InputFilterer" to_class="SV\StandardLib\XF\InputFilterer" execute_order="10" active="1"/>
  <extension from_class="XF\Mvc\Router" to_class="SV\StandardLib\XF\Mvc\Router" execute_order="10" active="1"/>
  <extension from_class="XF\Pub\Controller\Forum" to_class="SV\StandardLib\XF\Pub\Controller\Forum" execute_order="7915" active="1"/>
  <extension from_class="XF\Pub\Controller\Watched" to_class="SV\StandardLib\XF\Pub\Controller\Watched" execute_order="7915" active="1"/>
  <extension from_class="XF\Template\Templater" to_class="SV\StandardLib\XF\Template\Templater" execute_order="7915" active="1"/>
  <extension from_class="XF\Template\Templater" to_class="SV\StandardLib\XF\Template\TemplaterXF21Patch" execute_order="1" active="1"/>
</class_extensions>
