<?xml version="1.0" encoding="utf-8"?>
<template_modifications>
  <modification type="public" template="post_macros" modification_key="add_first_post_class" description="Add first post class" execution_order="10" enabled="1" action="str_replace">
    <find><![CDATA[<article class="message {{ extension_value('extra_classes') }} js-post js-inlineModContainer {{ $post.isIgnored() ? 'is-ignored' : '' }} {{ $post.isUnread() ? ' is-unread' : '' }}"
		data-author="{{ $post.User.username ?: $post.username }}"
		data-content="post-{$post.post_id}"
		id="js-post-{$post.post_id}">]]></find>
    <replace><![CDATA[<article class="message {{ extension_value('extra_classes') }} js-post js-inlineModContainer {{ $post.isIgnored() ? 'is-ignored' : '' }} {{($thread.first_post_id==$post.post_id)?'first-post-article':''}}  {{ $post.isUnread() ? ' is-unread' : '' }}"
		data-author="{{ $post.User.username ?: $post.username }}"
		data-content="post-{$post.post_id}"
		id="js-post-{$post.post_id}">]]></replace>
  </modification>
  <modification type="public" template="thread_view" modification_key="add_css_thread_article" description="Add css Thread Article" execution_order="10" enabled="1" action="str_replace">
    <find><![CDATA[<xf:title page="{$page}">{{ prefix('thread', $thread, 'escaped') }}{$thread.title}</xf:title>]]></find>
    <replace><![CDATA[$0
<xf:if is="$thread && $thread.is_view_change==1">
	<link rel="preconnect" href="https://fonts.googleapis.com">
	<link rel="preconnect" href="https://fonts.gstatic.com" crossorigin>
	<link href="https://fonts.googleapis.com/css2?family=Open+Sans:wght@400;700&display=swap" rel="stylesheet">
	<xf:css src="xc_article_view.less"/>
</xf:if>]]></replace>
  </modification>
  <modification type="public" template="thread_view" modification_key="change_thread_style" description="Change Thread Style" execution_order="10" enabled="1" action="str_replace">
    <find><![CDATA[<xf:if is="$thread.canLockUnlock()">]]></find>
    <replace><![CDATA[<xf:if is="$xf.visitor.canChangeThreadStyle()">
	<xf:include template="fs_change_thread_view"/>
</xf:if>
$0]]></replace>
  </modification>
  <modification type="public" template="thread_view" modification_key="display_header_image" description="Display header image" execution_order="10" enabled="1" action="str_replace">
    <find><![CDATA[<xf:extension name="messages_block_outer_secondary"></xf:extension>]]></find>
    <replace><![CDATA[$0
<div class="banner-slider">
	<xf:if is="$thread.getimageExit() && $thread.is_view_change">
		<img src="{$thread.getImgPath()}" style="width:100%" />
	</xf:if>
</div>]]></replace>
  </modification>
</template_modifications>
