<?xml version="1.0" encoding="utf-8"?>
<options>
  <option option_id="fs_filter_node" edit_format="callback" data_type="array" advanced="0">
    <default_value>[]</default_value>
    <edit_format_params>XF\Option\Forum::renderSelectMultiple</edit_format_params>
    <sub_options>*</sub_options>
    <relation group_id="fs_latest_thread" display_order="1"/>
  </option>
  <option option_id="prefix_group_1" edit_format="callback" data_type="integer" advanced="0">
    <default_value>0</default_value>
    <edit_format_params>FS\LatestThread\Option\Prefix::renderSelect</edit_format_params>
    <relation group_id="fs_latest_thread" display_order="2"/>
  </option>
  <option option_id="prefix_group_2" edit_format="callback" data_type="integer" advanced="0">
    <default_value>0</default_value>
    <edit_format_params>FS\LatestThread\Option\Prefix::renderSelect</edit_format_params>
    <relation group_id="fs_latest_thread" display_order="4"/>
  </option>
  <option option_id="prefix_group_3" edit_format="callback" data_type="integer" advanced="0">
    <default_value>0</default_value>
    <edit_format_params>FS\LatestThread\Option\Prefix::renderSelect</edit_format_params>
    <relation group_id="fs_latest_thread" display_order="5"/>
  </option>
</options>
