{
    "js/LogoSlider/carousel-compiled.js": "c2e8292bc677501394ea7d3cac45c3876a17abe06c50ff16f837bfe628a8cc0f",
    "js/LogoSlider/carousel.js": "1efe4603ee1d194e5321d06a1eb0d1c0bd533258ae92c05a17dc149390fb0152",
    "js/LogoSlider/carousel.min.js": "394d9a5275c768a066df780b1e45bfa0c257699844a85682a20c92c5ddcb6e2b",
    "js/LogoSlider/editor.js": "9e5e70263461aa070d3117c5d109450f96f3f996584aaca6152572cbea4cd1ce",
    "js/LogoSlider/editor.min.js": "92524dc08215b6f72269c402f0acfb7ce16c33847fc94a8660b49361a6d9a824",
    "js/LogoSlider/film_strip.js": "7b42a1cce36d453d13a7bd1554beabb782b6738a47812db9c14830c26fcf205f",
    "js/LogoSlider/film_strip.min.js": "d7f503346282e25e6fd4816c94c2c80dfb2b702ed1613a4f832bcb471b358d78",
    "js/LogoSlider/image_editor-compiled.js": "e5e8b8c53b1cbd5ad84a9069f6880b708be955983d53c9cdd5e859d3cccad414",
    "js/LogoSlider/image_editor.js": "e4ed5fadf1c520f5c377bcb8d3f4ad3926582b0fc8740637893e45905cbddde4",
    "js/LogoSlider/image_editor.min.js": "1878d085f7e59610156755b9813a206e1f58b2d42fc9eae55eb0359bba31cf9e",
    "js/LogoSlider/image_noter-compiled.js": "89f92b79d3f392ead64fd951b680227e028b0a55c4b92fd6f049b34771d34e27",
    "js/LogoSlider/image_noter.js": "1d314a810fc598ef2e3ae84da90af92e5c2babfea3ee1ec94b579a81f31824ed",
    "js/LogoSlider/image_noter.min.js": "c9fafd4b6bc593455daaf7348f55c57225adc2e99ca6c269b9560fb40b82eb98",
    "js/LogoSlider/media_add.js": "3035ad4ff39f6dd1d1d1bc0ea636ae956340c6d1799a6436fbea4a0225bc035a",
    "js/LogoSlider/media_add.min.js": "13e9c0abbaeb56cc7cd6044ae03f64c32faec749d43eb1c9505e7a626ac00799",
    "js/LogoSlider/slider.js": "dab7b9880a77e098f5ca10dc34c5f72849955ae7a0ddc454a90d7c8b835b99e7",
    "js/LogoSlider/slider.min.js": "229200bac843657a8da40e302220065006e6c67c3b89bd9f5a48bdbe340863d0",
    "js/LogoSlider/vendor/cropper/cropper.js": "a5db355dd819b57fd01ef129abc2bc7be0fca1244ff4c532aba9a562a8d73d42",
    "js/LogoSlider/vendor/cropper/cropper.min.js": "bf01351afb81a1bf57188dc69f9c3c817ffcf8cd0e83bcb0935efa2fb6a98fdb",
    "js/LogoSlider/vendor/cropper/LICENSE": "7ab0e8da12be6414831b278e0815808dd250188cd0c97b5e34eade0854213cc2",
    "src/addons/FS/LogoSlider/addon.json": "614e0ebf45e28bb26ba04d324285654da64d9fd3fbf4015ca28fc69910e88742",
    "src/addons/FS/LogoSlider/Admin/Controller/Logo.php": "ae90817e2b9e869e7d7e61350452f51aab94bf67f2a85bb91a29e06354abdf4c",
    "src/addons/FS/LogoSlider/Entity/Logo.php": "6021bb51568653118d58cbfb8b901e734e03ed469f3a575039864ca2e9b131fe",
    "src/addons/FS/LogoSlider/Install/Data/MySql.php": "c4b3e45754001095ca38177f1f935214c26ba00a55b39682d7e9a3f9ea84d731",
    "src/addons/FS/LogoSlider/Service/Upload.php": "7b8f29b40da06396682e1af92e3844a2067173365d9c770f3bec528576322894",
    "src/addons/FS/LogoSlider/Setup.php": "a984f744390f5532d42a950bf9089d6fee7c05e365e8d230a604ee5ee5f3d2bf",
    "src/addons/FS/LogoSlider/Widget/Logo.php": "fd8ff4493a0477e864ac5816a7116809bdae81cf27b83de1faf8aad4b5dded1f",
    "src/addons/FS/LogoSlider/_data/activity_summary_definitions.xml": "99d8c2563a31320d66f958fc8bda78613545f5f7959bb3cf5318805e3a3c39d2",
    "src/addons/FS/LogoSlider/_data/admin_navigation.xml": "4c23dd44da12b189993b76a683a88a7308eb193cf7c07c575025d97f5e116690",
    "src/addons/FS/LogoSlider/_data/admin_permission.xml": "ec6fb97cebf0bceb24f1ed1d5778c1db54eeb7535fbb3e31d824840e7aa9ff87",
    "src/addons/FS/LogoSlider/_data/advertising_positions.xml": "d2f7cbe844bb1df3cf878d22ff6306249245c8ff6b0b87b9b729744bec538261",
    "src/addons/FS/LogoSlider/_data/api_scopes.xml": "6793eaf758f140e8137187ba20e65f4faccf53410433ae3ad7a8b3b38cb6b3b7",
    "src/addons/FS/LogoSlider/_data/bb_codes.xml": "faa4ddd5f4a365e5ac39aebdcbe2d25aedf74e7eb9ea4a812766e2fd5e13bdb1",
    "src/addons/FS/LogoSlider/_data/bb_code_media_sites.xml": "29762987990187b33e43cfb68c08dc917b2d3f0176613d78f8e6c453f82da3f3",
    "src/addons/FS/LogoSlider/_data/class_extensions.xml": "1f548b8006e9952a3f5889f71e09fdfa6726ac1a47c1af7b2626d1a88920d5a4",
    "src/addons/FS/LogoSlider/_data/code_events.xml": "8370dec3df47f91df4cf79da253446ad11b29f4ea568fe76c774e97a0379f0eb",
    "src/addons/FS/LogoSlider/_data/code_event_listeners.xml": "d6b5072f4909dee7a20ee9e44b163f95c8aa52e6ac7f573e292000cd9238c331",
    "src/addons/FS/LogoSlider/_data/content_type_fields.xml": "c7ad5472b28f465b7ac7617627707eba1b7a39d28089460d52e1ed292fc0b06a",
    "src/addons/FS/LogoSlider/_data/cron.xml": "323c4284742ef24329cd6db6f288eb9736d2353f36852e1db12591e1583aea26",
    "src/addons/FS/LogoSlider/_data/help_pages.xml": "a8a0c0b06cdc550438bc8a8d385af3e1e5ab3459877dfb934c1c31be59c89163",
    "src/addons/FS/LogoSlider/_data/member_stats.xml": "89fb2b93ff1eca7a1f6f752248edf6090dfd24037db1446fd18ff7143f08124d",
    "src/addons/FS/LogoSlider/_data/navigation.xml": "f75e1c03a45a360bbdfcd0567121665082315068475d5b0feb8b1acbb1688651",
    "src/addons/FS/LogoSlider/_data/options.xml": "254c90c401194d61630795cd2179883551cced874433cb558280383cb0aa6b1a",
    "src/addons/FS/LogoSlider/_data/option_groups.xml": "a75ccfadd90d4dd1d4080eeccac4d7bfeaf6a97b5cdee5adcd68c01a655bb7a0",
    "src/addons/FS/LogoSlider/_data/permissions.xml": "7e4fc7d5826733d15ea2d8936b9bdd41afcaad810eb38e50da3c8d8eafda1550",
    "src/addons/FS/LogoSlider/_data/permission_interface_groups.xml": "3177224e96458b829aa7fb24866dda9e0455a4922aee3d669b53f59a1ffdf5d1",
    "src/addons/FS/LogoSlider/_data/phrases.xml": "049f78f1ddd8aa463f3365ab350bbc361390fb75bcad4002865aef8c49e14d89",
    "src/addons/FS/LogoSlider/_data/routes.xml": "9611df65dbe7bd81abe284bc20a519d53686978171b01a5974e248d82c009636",
    "src/addons/FS/LogoSlider/_data/style_properties.xml": "8b8690a8512f01f219dd2da76e3d0c5f62afc1f317b87794a7331c859c36a7a8",
    "src/addons/FS/LogoSlider/_data/style_property_groups.xml": "68e1879cb3846c42d978487aa8d5145ff3335fc39e58016878824d5cf3fd684c",
    "src/addons/FS/LogoSlider/_data/templates.xml": "49e1fbdd988400d85d2d1414c013f529854bd2933a02168ed0ed878133fc516b",
    "src/addons/FS/LogoSlider/_data/template_modifications.xml": "3b54b7df00a6a4a18c5e012b6e2588e35c23aaa13a5fc227f08646a97590d778",
    "src/addons/FS/LogoSlider/_data/widget_definitions.xml": "1201b3382fed3cdf608aa1b1e918a60682ff36fb76effa5efd7aed180cd13ec8",
    "src/addons/FS/LogoSlider/_data/widget_positions.xml": "a29cee66134f6bc5d75ed9df1eef21096c24401915c5b5c774389c3d7bb2d5b3"
}