<?xml version="1.0" encoding="utf-8"?>
<template_modifications>
  <modification type="public" template="conversation_list" modification_key="fs_l_limit_info_on_conversation_list" description="show Conversation limit info on conversation_list" execution_order="10" enabled="1" action="str_replace">
    <find><![CDATA[<xf:pageaction if="$xf.visitor.canStartConversation()">]]></find>
    <replace><![CDATA[$0
<xf:include template="fs_conversation_limits_info" />]]></replace>
  </modification>
  <modification type="public" template="forum_overview_wrapper" modification_key="fs_l_limit_info_on_forum_overview_wrapper" description="show Discussion post limit info on forum list (forum_overview_wrapper)" execution_order="10" enabled="1" action="str_replace">
    <find><![CDATA[<xf:pageaction>]]></find>
    <replace><![CDATA[$0
<xf:include template="fs_discussion_post_limits_info" />]]></replace>
  </modification>
  <modification type="public" template="forum_view" modification_key="fs_l_limit_info_on_forum_view" description="show Discussion post limit info on forum_view" execution_order="10" enabled="1" action="str_replace">
    <find><![CDATA[<xf:pageaction if="$forum.canCreateThread() OR $forum.canCreateThreadPreReg()">]]></find>
    <replace><![CDATA[$0
<xf:include template="fs_discussion_post_limits_info" />]]></replace>
  </modification>
</template_modifications>
