{
    "src/addons/FS/UserProfileAddFields/addon.json": "f0816e99d72c9d6cf3ab7187b0f683d6313383a135a0a59a56b8959cd8f12d5a",
    "src/addons/FS/UserProfileAddFields/Setup.php": "3ec24f5c0e6f6d9d69ed9bc519f41585c067de6dabe2f79deeab86ce03ed6f1a",
    "src/addons/FS/UserProfileAddFields/XF/Entity/UserProfile.php": "5e5f78f0e029e13f3bb08768e02fa2f1c971b468857cfbf37dee693c2200c6dd",
    "src/addons/FS/UserProfileAddFields/XF/Pub/Controller/Member.php": "02a58379998cb19171056bf29003de8d3e6cccaecd1e9201da34b9933e0c3886",
    "src/addons/FS/UserProfileAddFields/_data/activity_summary_definitions.xml": "99d8c2563a31320d66f958fc8bda78613545f5f7959bb3cf5318805e3a3c39d2",
    "src/addons/FS/UserProfileAddFields/_data/admin_navigation.xml": "064ec797484ac00d5ee37367b50b06846d11f480d00550997712707f8fdac8c0",
    "src/addons/FS/UserProfileAddFields/_data/admin_permission.xml": "ec6fb97cebf0bceb24f1ed1d5778c1db54eeb7535fbb3e31d824840e7aa9ff87",
    "src/addons/FS/UserProfileAddFields/_data/advertising_positions.xml": "d2f7cbe844bb1df3cf878d22ff6306249245c8ff6b0b87b9b729744bec538261",
    "src/addons/FS/UserProfileAddFields/_data/api_scopes.xml": "6793eaf758f140e8137187ba20e65f4faccf53410433ae3ad7a8b3b38cb6b3b7",
    "src/addons/FS/UserProfileAddFields/_data/bb_codes.xml": "faa4ddd5f4a365e5ac39aebdcbe2d25aedf74e7eb9ea4a812766e2fd5e13bdb1",
    "src/addons/FS/UserProfileAddFields/_data/bb_code_media_sites.xml": "29762987990187b33e43cfb68c08dc917b2d3f0176613d78f8e6c453f82da3f3",
    "src/addons/FS/UserProfileAddFields/_data/class_extensions.xml": "52b21fd88e26a0a59b420baae0a06b9f397b8ed5020459b59a9f4179203e046c",
    "src/addons/FS/UserProfileAddFields/_data/code_events.xml": "8370dec3df47f91df4cf79da253446ad11b29f4ea568fe76c774e97a0379f0eb",
    "src/addons/FS/UserProfileAddFields/_data/code_event_listeners.xml": "d6b5072f4909dee7a20ee9e44b163f95c8aa52e6ac7f573e292000cd9238c331",
    "src/addons/FS/UserProfileAddFields/_data/content_type_fields.xml": "c7ad5472b28f465b7ac7617627707eba1b7a39d28089460d52e1ed292fc0b06a",
    "src/addons/FS/UserProfileAddFields/_data/cron.xml": "323c4284742ef24329cd6db6f288eb9736d2353f36852e1db12591e1583aea26",
    "src/addons/FS/UserProfileAddFields/_data/help_pages.xml": "a8a0c0b06cdc550438bc8a8d385af3e1e5ab3459877dfb934c1c31be59c89163",
    "src/addons/FS/UserProfileAddFields/_data/member_stats.xml": "89fb2b93ff1eca7a1f6f752248edf6090dfd24037db1446fd18ff7143f08124d",
    "src/addons/FS/UserProfileAddFields/_data/navigation.xml": "f75e1c03a45a360bbdfcd0567121665082315068475d5b0feb8b1acbb1688651",
    "src/addons/FS/UserProfileAddFields/_data/options.xml": "1cea29aa5671733d85c8fc6f7c66128eacbca5643cbb38585eb82002879b51a4",
    "src/addons/FS/UserProfileAddFields/_data/option_groups.xml": "154d7a89664b243d0bd8227c22e241f934bf7e196c83230ee23d3c0c4fba1333",
    "src/addons/FS/UserProfileAddFields/_data/permissions.xml": "7e4fc7d5826733d15ea2d8936b9bdd41afcaad810eb38e50da3c8d8eafda1550",
    "src/addons/FS/UserProfileAddFields/_data/permission_interface_groups.xml": "3177224e96458b829aa7fb24866dda9e0455a4922aee3d669b53f59a1ffdf5d1",
    "src/addons/FS/UserProfileAddFields/_data/phrases.xml": "c028d96f30ce59e0ce3276275b600a31318501f6913aa52120b5878f340d7f5e",
    "src/addons/FS/UserProfileAddFields/_data/routes.xml": "550fa64f9feedf137dd877b38c2684f94474619d2d83890dbb717a91b50da8f5",
    "src/addons/FS/UserProfileAddFields/_data/style_properties.xml": "8b8690a8512f01f219dd2da76e3d0c5f62afc1f317b87794a7331c859c36a7a8",
    "src/addons/FS/UserProfileAddFields/_data/style_property_groups.xml": "68e1879cb3846c42d978487aa8d5145ff3335fc39e58016878824d5cf3fd684c",
    "src/addons/FS/UserProfileAddFields/_data/templates.xml": "3a9af211909f13180bfeb1defef2c85835cc772f69d5a26bede9b537afbac2d3",
    "src/addons/FS/UserProfileAddFields/_data/template_modifications.xml": "4935eddd076c70ffdeb4755c5732e5e7009e997070d302df2da9f96466da2b79",
    "src/addons/FS/UserProfileAddFields/_data/widget_definitions.xml": "37e46965256430f24004c2e7f08ba08f9b0d1cbcc4d70e84b3f4e3ffb713e64b",
    "src/addons/FS/UserProfileAddFields/_data/widget_positions.xml": "a29cee66134f6bc5d75ed9df1eef21096c24401915c5b5c774389c3d7bb2d5b3"
}