{
    "src/addons/FS/GenerateLink/addon.json": "30557bb75f9b5703fab10e64c450f8a7e3ddf5db00257421e53cc76226f6548f",
    "src/addons/FS/GenerateLink/Admin/Controller/GenerateLink.php": "c99385a32bc476bcac7e3e65e54114611e3aeec9527c91491a2f412d1e9cd53a",
    "src/addons/FS/GenerateLink/Setup.php": "20c4833f125b5f2222b9a4875fa194a1fceef7898e748b0516df2c0982fe4b50",
    "src/addons/FS/GenerateLink/XF/Admin/Controller/Navigation.php": "a371dfc53cf69951e176a052b1a6177950961e5564d437deb0bb731382fbc955",
    "src/addons/FS/GenerateLink/XF/Entity/Navigation.php": "ca0a198a8eb014eb421759990e0dbeb9093b23d5315e952eb9270b7d45ebf564",
    "src/addons/FS/GenerateLink/XF/Pub/Controller/Search.php": "3a916cb22bed427181305ced8862f82ad3b0b84e4c09df35dad6b1ea69368e43",
    "src/addons/FS/GenerateLink/_data/activity_summary_definitions.xml": "99d8c2563a31320d66f958fc8bda78613545f5f7959bb3cf5318805e3a3c39d2",
    "src/addons/FS/GenerateLink/_data/admin_navigation.xml": "5175301cdbc1e121e7cd0032b62ea9183309dc0c68ce2719faac356429d13dcc",
    "src/addons/FS/GenerateLink/_data/admin_permission.xml": "ec6fb97cebf0bceb24f1ed1d5778c1db54eeb7535fbb3e31d824840e7aa9ff87",
    "src/addons/FS/GenerateLink/_data/advertising_positions.xml": "d2f7cbe844bb1df3cf878d22ff6306249245c8ff6b0b87b9b729744bec538261",
    "src/addons/FS/GenerateLink/_data/api_scopes.xml": "6793eaf758f140e8137187ba20e65f4faccf53410433ae3ad7a8b3b38cb6b3b7",
    "src/addons/FS/GenerateLink/_data/bb_codes.xml": "faa4ddd5f4a365e5ac39aebdcbe2d25aedf74e7eb9ea4a812766e2fd5e13bdb1",
    "src/addons/FS/GenerateLink/_data/bb_code_media_sites.xml": "29762987990187b33e43cfb68c08dc917b2d3f0176613d78f8e6c453f82da3f3",
    "src/addons/FS/GenerateLink/_data/class_extensions.xml": "d6780a49d3ad2b1bbdccec1d770aa1d53d5b57c2590b387d91156f8011fea99b",
    "src/addons/FS/GenerateLink/_data/code_events.xml": "8370dec3df47f91df4cf79da253446ad11b29f4ea568fe76c774e97a0379f0eb",
    "src/addons/FS/GenerateLink/_data/code_event_listeners.xml": "d6b5072f4909dee7a20ee9e44b163f95c8aa52e6ac7f573e292000cd9238c331",
    "src/addons/FS/GenerateLink/_data/content_type_fields.xml": "c7ad5472b28f465b7ac7617627707eba1b7a39d28089460d52e1ed292fc0b06a",
    "src/addons/FS/GenerateLink/_data/cron.xml": "323c4284742ef24329cd6db6f288eb9736d2353f36852e1db12591e1583aea26",
    "src/addons/FS/GenerateLink/_data/help_pages.xml": "a8a0c0b06cdc550438bc8a8d385af3e1e5ab3459877dfb934c1c31be59c89163",
    "src/addons/FS/GenerateLink/_data/member_stats.xml": "89fb2b93ff1eca7a1f6f752248edf6090dfd24037db1446fd18ff7143f08124d",
    "src/addons/FS/GenerateLink/_data/navigation.xml": "9587b5e881e5a4cbd4a59ec17bff4dfef005dc84a45b47bbc816560b66de06bc",
    "src/addons/FS/GenerateLink/_data/options.xml": "1cea29aa5671733d85c8fc6f7c66128eacbca5643cbb38585eb82002879b51a4",
    "src/addons/FS/GenerateLink/_data/option_groups.xml": "154d7a89664b243d0bd8227c22e241f934bf7e196c83230ee23d3c0c4fba1333",
    "src/addons/FS/GenerateLink/_data/permissions.xml": "7e4fc7d5826733d15ea2d8936b9bdd41afcaad810eb38e50da3c8d8eafda1550",
    "src/addons/FS/GenerateLink/_data/permission_interface_groups.xml": "3177224e96458b829aa7fb24866dda9e0455a4922aee3d669b53f59a1ffdf5d1",
    "src/addons/FS/GenerateLink/_data/phrases.xml": "f1125f3de2f47641c87157a767f737a614fe9ba41a2d136f87838e413531e5b9",
    "src/addons/FS/GenerateLink/_data/routes.xml": "33e33d3c7e30f904662973cb061bd7788a2a7df1f50078f77e85d1dc2f4d886a",
    "src/addons/FS/GenerateLink/_data/style_properties.xml": "8b8690a8512f01f219dd2da76e3d0c5f62afc1f317b87794a7331c859c36a7a8",
    "src/addons/FS/GenerateLink/_data/style_property_groups.xml": "68e1879cb3846c42d978487aa8d5145ff3335fc39e58016878824d5cf3fd684c",
    "src/addons/FS/GenerateLink/_data/templates.xml": "00169db06b72e5d9e55b88e7e703403a343567aac5480fe46f1164f7b8ae021a",
    "src/addons/FS/GenerateLink/_data/template_modifications.xml": "3b54b7df00a6a4a18c5e012b6e2588e35c23aaa13a5fc227f08646a97590d778",
    "src/addons/FS/GenerateLink/_data/widget_definitions.xml": "37e46965256430f24004c2e7f08ba08f9b0d1cbcc4d70e84b3f4e3ffb713e64b",
    "src/addons/FS/GenerateLink/_data/widget_positions.xml": "a29cee66134f6bc5d75ed9df1eef21096c24401915c5b5c774389c3d7bb2d5b3"
}