<?xml version="1.0" encoding="utf-8"?>
<options>
  <option option_id="enable_first_image_url" edit_format="onoff" data_type="boolean" advanced="0">
    <default_value>0</default_value>
    <relation group_id="hematthumb" display_order="1"/>
  </option>
  <option option_id="hideuser_avtar" edit_format="onoff" data_type="boolean" advanced="0">
    <default_value>0</default_value>
    <relation group_id="hematthumb" display_order="2"/>
  </option>
  <option option_id="node_id_for_thumb" edit_format="callback" data_type="array" advanced="0">
    <default_value>[]</default_value>
    <edit_format_params>XF\Option\Forum::renderSelectMultiple</edit_format_params>
    <sub_options>*</sub_options>
    <relation group_id="hematthumb" display_order="4"/>
  </option>
  <option option_id="thumb_size_hemant" edit_format="textbox" data_type="string" advanced="0">
    <default_value>36px</default_value>
    <relation group_id="hematthumb" display_order="4"/>
  </option>
  <option option_id="thumbnail_width" edit_format="textbox" data_type="string" advanced="0">
    <default_value>100%</default_value>
    <relation group_id="hematthumb" display_order="5"/>
  </option>
  <option option_id="xb_th_default_image" edit_format="textbox" data_type="string" advanced="0">
    <default_value>https://getuikit.com/v2/docs/images/placeholder_600x400.svg</default_value>
    <relation group_id="hematthumb" display_order="100"/>
  </option>
  <option option_id="xb_th_xenbros_activation" edit_format="callback" data_type="string" validation_class="xenbros\Threadthumbnail\Option\Xenbrosverify" validation_method="verifyOption" advanced="0">
    <default_value></default_value>
    <edit_format_params>xenbros\Threadthumbnail\Option\Xenbrosverify::modify_box</edit_format_params>
    <relation group_id="hematthumb" display_order="1000"/>
  </option>
</options>
