{
    "src/addons/FS/PackageRating/addon.json": "b1988a8f346ede4ae24da0e368f8b5b7c3cdd3ea17ce4e1505a1fa9cf3dbc8a8",
    "src/addons/FS/PackageRating/Entity/PackageRating.php": "93d3c4495dc73d7ae801a626080d1f12fbf8ea47d9f0d5a550be6e23705780a9",
    "src/addons/FS/PackageRating/Install/Data/MySql.php": "34657117814480124a121b421d7c85a90f36e982775481993a4acc8f67ca1710",
    "src/addons/FS/PackageRating/Pub/Controller/PackageRating.php": "1ffa628fbe348ddc1c517a86d511edd11298f1635b2708db4f4e238773d2efb2",
    "src/addons/FS/PackageRating/Service/Upload.php": "3337d96c51f35afebc121b53d97d0de870791119aaa53ce1f97d30b41ba8c9c5",
    "src/addons/FS/PackageRating/Setup.php": "7f4e97297a8b27cee4eb0ed669297d9d503b0e6428a29159a7fc641b979ed997",
    "src/addons/FS/PackageRating/Widget/PackageRating.php": "3618f8037b02070a7a192e5c165cbe0b1f6dab09a405b21b2207f9f8eed29ceb",
    "src/addons/FS/PackageRating/_data/activity_summary_definitions.xml": "99d8c2563a31320d66f958fc8bda78613545f5f7959bb3cf5318805e3a3c39d2",
    "src/addons/FS/PackageRating/_data/admin_navigation.xml": "064ec797484ac00d5ee37367b50b06846d11f480d00550997712707f8fdac8c0",
    "src/addons/FS/PackageRating/_data/admin_permission.xml": "ec6fb97cebf0bceb24f1ed1d5778c1db54eeb7535fbb3e31d824840e7aa9ff87",
    "src/addons/FS/PackageRating/_data/advertising_positions.xml": "d2f7cbe844bb1df3cf878d22ff6306249245c8ff6b0b87b9b729744bec538261",
    "src/addons/FS/PackageRating/_data/api_scopes.xml": "6793eaf758f140e8137187ba20e65f4faccf53410433ae3ad7a8b3b38cb6b3b7",
    "src/addons/FS/PackageRating/_data/bb_codes.xml": "faa4ddd5f4a365e5ac39aebdcbe2d25aedf74e7eb9ea4a812766e2fd5e13bdb1",
    "src/addons/FS/PackageRating/_data/bb_code_media_sites.xml": "29762987990187b33e43cfb68c08dc917b2d3f0176613d78f8e6c453f82da3f3",
    "src/addons/FS/PackageRating/_data/class_extensions.xml": "1f548b8006e9952a3f5889f71e09fdfa6726ac1a47c1af7b2626d1a88920d5a4",
    "src/addons/FS/PackageRating/_data/code_events.xml": "8370dec3df47f91df4cf79da253446ad11b29f4ea568fe76c774e97a0379f0eb",
    "src/addons/FS/PackageRating/_data/code_event_listeners.xml": "d6b5072f4909dee7a20ee9e44b163f95c8aa52e6ac7f573e292000cd9238c331",
    "src/addons/FS/PackageRating/_data/content_type_fields.xml": "c7ad5472b28f465b7ac7617627707eba1b7a39d28089460d52e1ed292fc0b06a",
    "src/addons/FS/PackageRating/_data/cron.xml": "323c4284742ef24329cd6db6f288eb9736d2353f36852e1db12591e1583aea26",
    "src/addons/FS/PackageRating/_data/help_pages.xml": "a8a0c0b06cdc550438bc8a8d385af3e1e5ab3459877dfb934c1c31be59c89163",
    "src/addons/FS/PackageRating/_data/member_stats.xml": "89fb2b93ff1eca7a1f6f752248edf6090dfd24037db1446fd18ff7143f08124d",
    "src/addons/FS/PackageRating/_data/navigation.xml": "f75e1c03a45a360bbdfcd0567121665082315068475d5b0feb8b1acbb1688651",
    "src/addons/FS/PackageRating/_data/options.xml": "3812813991b13271821750b5e1b1dfeded4189c7b6d58b1f1136fc943681057f",
    "src/addons/FS/PackageRating/_data/option_groups.xml": "fa8370be8421d7a97cc16b21f9850fe74414a3d732e8300812c6b4c9a8d6cb9b",
    "src/addons/FS/PackageRating/_data/permissions.xml": "7e4fc7d5826733d15ea2d8936b9bdd41afcaad810eb38e50da3c8d8eafda1550",
    "src/addons/FS/PackageRating/_data/permission_interface_groups.xml": "3177224e96458b829aa7fb24866dda9e0455a4922aee3d669b53f59a1ffdf5d1",
    "src/addons/FS/PackageRating/_data/phrases.xml": "cb03ce1eec5bbe9cabc5cd43db9a56df232b5f44e98f6ec7845a08740ac8a520",
    "src/addons/FS/PackageRating/_data/routes.xml": "afaa7561bdcc91356591f237696f6416f2a906df2301cd121fd19e505cacba76",
    "src/addons/FS/PackageRating/_data/style_properties.xml": "8b8690a8512f01f219dd2da76e3d0c5f62afc1f317b87794a7331c859c36a7a8",
    "src/addons/FS/PackageRating/_data/style_property_groups.xml": "68e1879cb3846c42d978487aa8d5145ff3335fc39e58016878824d5cf3fd684c",
    "src/addons/FS/PackageRating/_data/templates.xml": "36e145ed619951f6b209a0295b5f246daa0fddb14749fd432717620755559553",
    "src/addons/FS/PackageRating/_data/template_modifications.xml": "3b54b7df00a6a4a18c5e012b6e2588e35c23aaa13a5fc227f08646a97590d778",
    "src/addons/FS/PackageRating/_data/widget_definitions.xml": "3cef760d9a3f81eb350602f848a9339cca76406bbcdc17033feabefaeb4f2191",
    "src/addons/FS/PackageRating/_data/widget_positions.xml": "a29cee66134f6bc5d75ed9df1eef21096c24401915c5b5c774389c3d7bb2d5b3"
}