{
    "src/addons/FS/SendMailFromTable/addon.json": "ab0390fadfc34dd9c1876a9d0c134d1bdb0214a2a85fd4c3a3fade80fb2cc7b3",
    "src/addons/FS/SendMailFromTable/Admin/Controller/EmailLogs.php": "2e1049dabcc7377fc35a3b9fbb03af6cc963ecd05f0055c3a53f6b26df2740fc",
    "src/addons/FS/SendMailFromTable/Admin/Controller/EmailTemplate.php": "5c73a49b748c7c45b816c85c72a55f3495c3b6f820b96826afcb37e313f65b18",
    "src/addons/FS/SendMailFromTable/Api/Controller/InsertEmails.php": "3c8d814ecafd13244e44ed5435eae79095b7fd8f74f3a270afb08c15a1e23fcd",
    "src/addons/FS/SendMailFromTable/Cron/MidNightEmails.php": "14fb922baa98f8814dfda4231959cf09adc39a7508b493eb35917adaadaa22c4",
    "src/addons/FS/SendMailFromTable/Entity/CronEmailLogs.php": "228a4368f9d88a59ade571b0c473fdd5990c7a948bd581f696e1b12f313c9007",
    "src/addons/FS/SendMailFromTable/Entity/EmailTemplates.php": "97f73aabef79007ac8838f7c15e7e7ebafd73b80b7072c7a1f83f3c7c5a69a14",
    "src/addons/FS/SendMailFromTable/Entity/MidNightEmails.php": "576456608be024d1066553f38250b44fa8e661dd333e0a3278c446597a3475ec",
    "src/addons/FS/SendMailFromTable/Install/Data/MySql.php": "b1834b0c0eccebd8889936da6adf5f72f133af9c0836b94b245a7913edfe5a3c",
    "src/addons/FS/SendMailFromTable/Job/SendEmails.php": "94b4d113e4ed958454f4171c0fd0bc9be42eaba5e68c82ebec6a7fd42f7a739b",
    "src/addons/FS/SendMailFromTable/Setup.php": "68aee973a1b1ae3ed3d1c7c6aa7701951635dcf1def858022f3003ee3daee160",
    "src/addons/FS/SendMailFromTable/XF/Entity/Option.php": "991de7a36adbb1f4d1fedf232f06201c0acbc3b78e9ea12e3e2651dbbf6b5350",
    "src/addons/FS/SendMailFromTable/_data/activity_summary_definitions.xml": "99d8c2563a31320d66f958fc8bda78613545f5f7959bb3cf5318805e3a3c39d2",
    "src/addons/FS/SendMailFromTable/_data/admin_navigation.xml": "a92f571791533cf49940f1bceba4cb2382be04ea0814a2f0e3aca70e1015d93a",
    "src/addons/FS/SendMailFromTable/_data/admin_permission.xml": "ec6fb97cebf0bceb24f1ed1d5778c1db54eeb7535fbb3e31d824840e7aa9ff87",
    "src/addons/FS/SendMailFromTable/_data/advertising_positions.xml": "d2f7cbe844bb1df3cf878d22ff6306249245c8ff6b0b87b9b729744bec538261",
    "src/addons/FS/SendMailFromTable/_data/api_scopes.xml": "6793eaf758f140e8137187ba20e65f4faccf53410433ae3ad7a8b3b38cb6b3b7",
    "src/addons/FS/SendMailFromTable/_data/bb_codes.xml": "faa4ddd5f4a365e5ac39aebdcbe2d25aedf74e7eb9ea4a812766e2fd5e13bdb1",
    "src/addons/FS/SendMailFromTable/_data/bb_code_media_sites.xml": "29762987990187b33e43cfb68c08dc917b2d3f0176613d78f8e6c453f82da3f3",
    "src/addons/FS/SendMailFromTable/_data/class_extensions.xml": "48bc2304c040f935fd52c8e55c1aa9c0b27c8db31f91e6a3e920d6620d42792e",
    "src/addons/FS/SendMailFromTable/_data/code_events.xml": "8370dec3df47f91df4cf79da253446ad11b29f4ea568fe76c774e97a0379f0eb",
    "src/addons/FS/SendMailFromTable/_data/code_event_listeners.xml": "d6b5072f4909dee7a20ee9e44b163f95c8aa52e6ac7f573e292000cd9238c331",
    "src/addons/FS/SendMailFromTable/_data/content_type_fields.xml": "c7ad5472b28f465b7ac7617627707eba1b7a39d28089460d52e1ed292fc0b06a",
    "src/addons/FS/SendMailFromTable/_data/cron.xml": "ebba400a783a1c52cef32aae01c29f286d08d989a15689f2f03a28b730efca00",
    "src/addons/FS/SendMailFromTable/_data/help_pages.xml": "a8a0c0b06cdc550438bc8a8d385af3e1e5ab3459877dfb934c1c31be59c89163",
    "src/addons/FS/SendMailFromTable/_data/member_stats.xml": "89fb2b93ff1eca7a1f6f752248edf6090dfd24037db1446fd18ff7143f08124d",
    "src/addons/FS/SendMailFromTable/_data/navigation.xml": "f75e1c03a45a360bbdfcd0567121665082315068475d5b0feb8b1acbb1688651",
    "src/addons/FS/SendMailFromTable/_data/options.xml": "7c6e9c6b85eebdd7e81202726ddaca0fc2cee6c159910ca6861b1f8312184832",
    "src/addons/FS/SendMailFromTable/_data/option_groups.xml": "367c0fe545f1b0308afdc2cb5c683590b7a748d1addac348db0f6add14e9f2ef",
    "src/addons/FS/SendMailFromTable/_data/permissions.xml": "7e4fc7d5826733d15ea2d8936b9bdd41afcaad810eb38e50da3c8d8eafda1550",
    "src/addons/FS/SendMailFromTable/_data/permission_interface_groups.xml": "3177224e96458b829aa7fb24866dda9e0455a4922aee3d669b53f59a1ffdf5d1",
    "src/addons/FS/SendMailFromTable/_data/phrases.xml": "dbc442316396615dac793980373aaa82c12df9c926ba60ca089aea80677a207e",
    "src/addons/FS/SendMailFromTable/_data/routes.xml": "e885336550b44c9c40ff0144f8293dae0c4b71d13e5a626ecc1c295a275d9710",
    "src/addons/FS/SendMailFromTable/_data/style_properties.xml": "8b8690a8512f01f219dd2da76e3d0c5f62afc1f317b87794a7331c859c36a7a8",
    "src/addons/FS/SendMailFromTable/_data/style_property_groups.xml": "68e1879cb3846c42d978487aa8d5145ff3335fc39e58016878824d5cf3fd684c",
    "src/addons/FS/SendMailFromTable/_data/templates.xml": "b99d16e6d11160a4bad27c22da0b84c968c1cff1d53b8540fca9256a90e9869f",
    "src/addons/FS/SendMailFromTable/_data/template_modifications.xml": "3b54b7df00a6a4a18c5e012b6e2588e35c23aaa13a5fc227f08646a97590d778",
    "src/addons/FS/SendMailFromTable/_data/widget_definitions.xml": "37e46965256430f24004c2e7f08ba08f9b0d1cbcc4d70e84b3f4e3ffb713e64b",
    "src/addons/FS/SendMailFromTable/_data/widget_positions.xml": "a29cee66134f6bc5d75ed9df1eef21096c24401915c5b5c774389c3d7bb2d5b3"
}