{
    "src/addons/FS/PaymentRedirectionV2/addon.json": "a16c9fab6fb72f195860234ae682bd4cedca30153a671d958489a339ab2da1e9",
    "src/addons/FS/PaymentRedirectionV2/Listener.php": "8f2af4316b4a054074096d379a635bd253c960eabb2b93404f4aff8df2d72369",
    "src/addons/FS/PaymentRedirectionV2/Pub/Controller/Home.php": "72a5b24d63ed920d4ae842c648848c86a20d698485d4be65ac90b3c49ab6465e",
    "src/addons/FS/PaymentRedirectionV2/Setup.php": "d1fb87d5612168a1147bc2958b4a63a284e570b8a47ee6c023983eed66751c61",
    "src/addons/FS/PaymentRedirectionV2/_data/activity_summary_definitions.xml": "99d8c2563a31320d66f958fc8bda78613545f5f7959bb3cf5318805e3a3c39d2",
    "src/addons/FS/PaymentRedirectionV2/_data/admin_navigation.xml": "064ec797484ac00d5ee37367b50b06846d11f480d00550997712707f8fdac8c0",
    "src/addons/FS/PaymentRedirectionV2/_data/admin_permission.xml": "ec6fb97cebf0bceb24f1ed1d5778c1db54eeb7535fbb3e31d824840e7aa9ff87",
    "src/addons/FS/PaymentRedirectionV2/_data/advertising_positions.xml": "d2f7cbe844bb1df3cf878d22ff6306249245c8ff6b0b87b9b729744bec538261",
    "src/addons/FS/PaymentRedirectionV2/_data/api_scopes.xml": "6793eaf758f140e8137187ba20e65f4faccf53410433ae3ad7a8b3b38cb6b3b7",
    "src/addons/FS/PaymentRedirectionV2/_data/bb_codes.xml": "faa4ddd5f4a365e5ac39aebdcbe2d25aedf74e7eb9ea4a812766e2fd5e13bdb1",
    "src/addons/FS/PaymentRedirectionV2/_data/bb_code_media_sites.xml": "29762987990187b33e43cfb68c08dc917b2d3f0176613d78f8e6c453f82da3f3",
    "src/addons/FS/PaymentRedirectionV2/_data/class_extensions.xml": "1f548b8006e9952a3f5889f71e09fdfa6726ac1a47c1af7b2626d1a88920d5a4",
    "src/addons/FS/PaymentRedirectionV2/_data/code_events.xml": "8370dec3df47f91df4cf79da253446ad11b29f4ea568fe76c774e97a0379f0eb",
    "src/addons/FS/PaymentRedirectionV2/_data/code_event_listeners.xml": "e575925f6c48f076b8352b2a8ce0e0a1391991e23da92effb1a040992833a51e",
    "src/addons/FS/PaymentRedirectionV2/_data/content_type_fields.xml": "c7ad5472b28f465b7ac7617627707eba1b7a39d28089460d52e1ed292fc0b06a",
    "src/addons/FS/PaymentRedirectionV2/_data/cron.xml": "323c4284742ef24329cd6db6f288eb9736d2353f36852e1db12591e1583aea26",
    "src/addons/FS/PaymentRedirectionV2/_data/help_pages.xml": "a8a0c0b06cdc550438bc8a8d385af3e1e5ab3459877dfb934c1c31be59c89163",
    "src/addons/FS/PaymentRedirectionV2/_data/member_stats.xml": "89fb2b93ff1eca7a1f6f752248edf6090dfd24037db1446fd18ff7143f08124d",
    "src/addons/FS/PaymentRedirectionV2/_data/navigation.xml": "f75e1c03a45a360bbdfcd0567121665082315068475d5b0feb8b1acbb1688651",
    "src/addons/FS/PaymentRedirectionV2/_data/options.xml": "42cd1c77494226e52f4479525273fa8dcb1fb6891b16f39e5e136070bdcc4c5c",
    "src/addons/FS/PaymentRedirectionV2/_data/option_groups.xml": "d21754fc1452cf5bedb3b7c468e04a93443d8f21620562b49ea2abbc9f859fe3",
    "src/addons/FS/PaymentRedirectionV2/_data/permissions.xml": "7e4fc7d5826733d15ea2d8936b9bdd41afcaad810eb38e50da3c8d8eafda1550",
    "src/addons/FS/PaymentRedirectionV2/_data/permission_interface_groups.xml": "3177224e96458b829aa7fb24866dda9e0455a4922aee3d669b53f59a1ffdf5d1",
    "src/addons/FS/PaymentRedirectionV2/_data/phrases.xml": "54bc7c87ba962c0948bb418733fa12fed3656bebf6da89e9bd1cfb08dec13db5",
    "src/addons/FS/PaymentRedirectionV2/_data/routes.xml": "f781e8c5ec2d93558d2143cad5bc7a5a4cd53f1e987ddbced828d382509e90f3",
    "src/addons/FS/PaymentRedirectionV2/_data/style_properties.xml": "8b8690a8512f01f219dd2da76e3d0c5f62afc1f317b87794a7331c859c36a7a8",
    "src/addons/FS/PaymentRedirectionV2/_data/style_property_groups.xml": "68e1879cb3846c42d978487aa8d5145ff3335fc39e58016878824d5cf3fd684c",
    "src/addons/FS/PaymentRedirectionV2/_data/templates.xml": "95d4b078b90e74e773cef6695ef94c742e74b8d62e6798738f11f0215a58faee",
    "src/addons/FS/PaymentRedirectionV2/_data/template_modifications.xml": "3b54b7df00a6a4a18c5e012b6e2588e35c23aaa13a5fc227f08646a97590d778",
    "src/addons/FS/PaymentRedirectionV2/_data/widget_definitions.xml": "37e46965256430f24004c2e7f08ba08f9b0d1cbcc4d70e84b3f4e3ffb713e64b",
    "src/addons/FS/PaymentRedirectionV2/_data/widget_positions.xml": "a29cee66134f6bc5d75ed9df1eef21096c24401915c5b5c774389c3d7bb2d5b3"
}