{
    "rzp_payment_callback.php": "980e211e00c3c2569ac48d34d278e488344d630c77ba1509c888df5e8bba60a1",
    "src/addons/FH/RazorpayIntegration/addon.json": "b442a0b63f34318f4e2cd82c9db9aee431b8227939d21fd0506e1ee05b6a061c",
    "src/addons/FH/RazorpayIntegration/Andy/PaidRegistrations/Pub/Controller/PaidRegistrations.php": "49467f9cf216a053ab7a89ba60559d441b400348b8b3352cba63a798816c7f93",
    "src/addons/FH/RazorpayIntegration/composer.json": "9e36a9edd2e6ce892cc3424b6e50021f61917027f48d85389085820a711f6531",
    "src/addons/FH/RazorpayIntegration/composer.lock": "5d03de8c36de89323fc5570fe58fd60ee9bac30f6bbad66eaa56947952c8819a",
    "src/addons/FH/RazorpayIntegration/Entity/PaidRegistrations.php": "d4400376fe183c7c276e1e985da7f2a8e43574fedcfe561e8421c591f0b6398d",
    "src/addons/FH/RazorpayIntegration/Setup.php": "de0ee783b61076b220f2b807103fa10364df98584da221087ded9a640f43aa85",
    "src/addons/FH/RazorpayIntegration/vendor/autoload.php": "7c4604e8d84a0ac747ab126f1cfe0a1978aa17cf37ebbfe2e8ec93ed37ba5e55",
    "src/addons/FH/RazorpayIntegration/vendor/composer/autoload_classmap.php": "d136a5c8b17a906c9e501e962dc76d92ea4d19da8456ba604a732be230ed4a27",
    "src/addons/FH/RazorpayIntegration/vendor/composer/autoload_files.php": "353e677cebecc16efb97768e1dfd8e94ceb137dc548ae3a55e146ab00a61842b",
    "src/addons/FH/RazorpayIntegration/vendor/composer/autoload_namespaces.php": "6d1b582b311799934568f00d45e01de7a04f8a1865a8a72c7841904ad4dac3a7",
    "src/addons/FH/RazorpayIntegration/vendor/composer/autoload_psr4.php": "7e6455a941c2296b297d72bec2836f5f5b1ba098f2e0904531f23277af0fc0a0",
    "src/addons/FH/RazorpayIntegration/vendor/composer/autoload_real.php": "bea14da42a0d61c6810b9883259f8a5c885fb61d560247f9a6191c755c861e3d",
    "src/addons/FH/RazorpayIntegration/vendor/composer/autoload_static.php": "23ff84ee7aa66a1843b1ec3a28f2bc79e211811ed5b165c0ad2dbfd6bc4f990d",
    "src/addons/FH/RazorpayIntegration/vendor/composer/ClassLoader.php": "e4fc4d4487a4d766d3ef14606fa0d8ff09dd7f3f0885425803d7aa7fc68e2c3d",
    "src/addons/FH/RazorpayIntegration/vendor/composer/installed.json": "2d72dfa378cdfde62381d099ef50159b4b3b6a3734323221c069986ec24c4b1f",
    "src/addons/FH/RazorpayIntegration/vendor/composer/LICENSE": "7855ac293067aebe7e51afdd23b9dea54b8be24187dbecc9b9142581c37f596c",
    "src/addons/FH/RazorpayIntegration/vendor/razorpay/razorpay/.github/dependabot.yml": "2aecc83a8bf3f668f7254922fcb4e7fbc75bc02abb54b6a9d93c5a133ff358cd",
    "src/addons/FH/RazorpayIntegration/vendor/razorpay/razorpay/.github/workflows/security.yml": "db0d3708ec20557b5093cfcaa6da0f75c54c7252d7ac62c94896d33d7a930c5a",
    "src/addons/FH/RazorpayIntegration/vendor/razorpay/razorpay/CHANGELOG.md": "2d9c524b9ed56facc3c84e8e0b885c7c9dc2f1c3c91e76befe5aee8305bb2d87",
    "src/addons/FH/RazorpayIntegration/vendor/razorpay/razorpay/composer.json": "6c55442a15894b928095292a08a8553c5ecb6a742daa2175b3086d1df91e0387",
    "src/addons/FH/RazorpayIntegration/vendor/razorpay/razorpay/Deprecated.php": "9068b5ff3543627f1ac2a951e03e21c4100e726cedc75d159e18bb1b84d8da3c",
    "src/addons/FH/RazorpayIntegration/vendor/razorpay/razorpay/doc.md": "644fe8f66d41ee7bf32aa4f8d6e71079f5c49dde9790a4810ed192ed1b0b0ef3",
    "src/addons/FH/RazorpayIntegration/vendor/razorpay/razorpay/documents/addon.md": "c1012d0e6e8bbf4e71f6b2b89088a58515343ad7b1a75b65de4f43fec753bab4",
    "src/addons/FH/RazorpayIntegration/vendor/razorpay/razorpay/documents/card.md": "0ed492cdff65a82f96c584d25c4b00ac84719985e68e3ca7c5e27807999ff5a5",
    "src/addons/FH/RazorpayIntegration/vendor/razorpay/razorpay/documents/customer.md": "21723068ef199407785490d15c14eebc39418d961f8109c1c09971b3115a5e42",
    "src/addons/FH/RazorpayIntegration/vendor/razorpay/razorpay/documents/emandate.md": "c39f6fe9c9f439ba275ae54df50ecffa21592a319cc93b0545c1b09ba639d0ba",
    "src/addons/FH/RazorpayIntegration/vendor/razorpay/razorpay/documents/fund.md": "1aed004ebee0600c508cf12627d05effbb90dbd31f48fa354f5d5ebe6efabc4c",
    "src/addons/FH/RazorpayIntegration/vendor/razorpay/razorpay/documents/invoice.md": "df691ec7f7fd3f4795d1ad0b2d8d06f8272d4a7cf7609a00191f64857532dd77",
    "src/addons/FH/RazorpayIntegration/vendor/razorpay/razorpay/documents/item.md": "7cc22df46c9f6a8e068c6f265c5a28b867762eed34a70df8f68e47a155be8dca",
    "src/addons/FH/RazorpayIntegration/vendor/razorpay/razorpay/documents/order.md": "5dee4aa5931223d64caf21951120a320f0100fc178079e8ed774b048bedb621a",
    "src/addons/FH/RazorpayIntegration/vendor/razorpay/razorpay/documents/papernach.md": "3d52f396acdf235118a6f3b2ca29d57d7bb185fc99c0f48f81d0084780f8f9f4",
    "src/addons/FH/RazorpayIntegration/vendor/razorpay/razorpay/documents/payment.md": "f71324ebeed06a0008c4238fc6afee0c6ea0d5fb129689927cb7911ca7095bfa",
    "src/addons/FH/RazorpayIntegration/vendor/razorpay/razorpay/documents/paymentLink.md": "4afe6e64ce22a84fd02b5acf5644fca97d4d61797909fe2167ec4e98eba8390b",
    "src/addons/FH/RazorpayIntegration/vendor/razorpay/razorpay/documents/paymentVerfication.md": "b2c20dea5f6567a00338bd5613a2ceacb920ee8cfa628cc1d36ca4e29365edc1",
    "src/addons/FH/RazorpayIntegration/vendor/razorpay/razorpay/documents/plan.md": "5b7d77f701ff7b8f2a9fc52875f6a1fc2b3031127519052d73b58c70ae2237be",
    "src/addons/FH/RazorpayIntegration/vendor/razorpay/razorpay/documents/qrcode.md": "fe77950b2ebe4bd840c2b92b58425356bfcca285d876f613d2994974aab00850",
    "src/addons/FH/RazorpayIntegration/vendor/razorpay/razorpay/documents/refund.md": "e5d5d83420553846266f36660667712dc550d3f20dae8d230204fedf9234c9d8",
    "src/addons/FH/RazorpayIntegration/vendor/razorpay/razorpay/documents/registeremandate.md": "31e7ce8cb988568810c6bdc1bc651993123dac6509ec9bed5fef9eb07d400dde",
    "src/addons/FH/RazorpayIntegration/vendor/razorpay/razorpay/documents/registernach.md": "7dbceabfa65af3e26d9cc913c5eaeff42c3c113d79085473d5e857a28d577da3",
    "src/addons/FH/RazorpayIntegration/vendor/razorpay/razorpay/documents/settlement.md": "f9aa24155b49ae56bb9b61973a37adbf0c8841a60fbe972befb2f679310e1b27",
    "src/addons/FH/RazorpayIntegration/vendor/razorpay/razorpay/documents/subscription.md": "f745e0dca460e18d5eba8c675c8c7a476161a94390b6c412f114b1a2f3a88211",
    "src/addons/FH/RazorpayIntegration/vendor/razorpay/razorpay/documents/token.md": "4f14b615bb937396e9d503a07861eb33a9381a557b2a381883766f5658cb5824",
    "src/addons/FH/RazorpayIntegration/vendor/razorpay/razorpay/documents/transfer.md": "e583218f72512b7d6110012949b011abb5de74eaed7c318f1b94524fa3d0b74d",
    "src/addons/FH/RazorpayIntegration/vendor/razorpay/razorpay/documents/upi.md": "4e5b419b4bae0bf0cc95abc4d3a82ce6893de993fb1238be4e2ca41d92d31382",
    "src/addons/FH/RazorpayIntegration/vendor/razorpay/razorpay/documents/virtualaccount.md": "7701875fcf5772f3ad5fce75a2f8db2ef558844af754a460cdd6d6b5f4fe6f44",
    "src/addons/FH/RazorpayIntegration/vendor/razorpay/razorpay/libs/Requests-2.0.0/certificates/cacert.pem": "ae31ecb3c6e9ff3154cb7a55f017090448f88482f0e94ac927c0c67a1f33b9cf",
    "src/addons/FH/RazorpayIntegration/vendor/razorpay/razorpay/libs/Requests-2.0.0/CHANGELOG.md": "8d9f833b9efe3aedef66fe9fb8543cdea986e751909b453b0e4d64ad302401ca",
    "src/addons/FH/RazorpayIntegration/vendor/razorpay/razorpay/libs/Requests-2.0.0/composer.json": "3ae570fa5dafe2b37b7a36c362353b0a054ba38259f268c4ce1d9d3486729572",
    "src/addons/FH/RazorpayIntegration/vendor/razorpay/razorpay/libs/Requests-2.0.0/library/Deprecated.php": "9aa0d828e95b5efdf8f26eb19c021db105d3f31e08a3b339391fd3586a4519a1",
    "src/addons/FH/RazorpayIntegration/vendor/razorpay/razorpay/libs/Requests-2.0.0/library/README.md": "a88a721e640e3596ebe93383ee549d04b2a376b5f51eae33071abf9003c24899",
    "src/addons/FH/RazorpayIntegration/vendor/razorpay/razorpay/libs/Requests-2.0.0/library/Requests.php": "d4c41706e60b3be66f41f3451476e55806e64bc83cd771da2ecb3d50965da8af",
    "src/addons/FH/RazorpayIntegration/vendor/razorpay/razorpay/libs/Requests-2.0.0/LICENSE": "c08c66f8037c23f20614b58c0cbab6bbacef833dfa9c6a3a00ad3dc3344c2040",
    "src/addons/FH/RazorpayIntegration/vendor/razorpay/razorpay/libs/Requests-2.0.0/README.md": "008591d2e8c34ae691cab210a0a326e35f8621ea4d7cec04ee514952c6676dcb",
    "src/addons/FH/RazorpayIntegration/vendor/razorpay/razorpay/libs/Requests-2.0.0/src/Auth.php": "55ff2df53f03e60ec04f264ebb82d190e84867fdba28df4bd67d31921f895960",
    "src/addons/FH/RazorpayIntegration/vendor/razorpay/razorpay/libs/Requests-2.0.0/src/Auth/Basic.php": "ab1c5a7a4ddb93747fbdf8d3bb50e93fa77a38762a22ed5226ca85e1fa8dfa54",
    "src/addons/FH/RazorpayIntegration/vendor/razorpay/razorpay/libs/Requests-2.0.0/src/Autoload.php": "5286f099ca8e2c15764cc6b6262639652e18665454453429832eb0a79c1807e8",
    "src/addons/FH/RazorpayIntegration/vendor/razorpay/razorpay/libs/Requests-2.0.0/src/Capability.php": "36522826ff490034ef90f6ce506496195314eff9b940c6425d183dd6bae4c4f8",
    "src/addons/FH/RazorpayIntegration/vendor/razorpay/razorpay/libs/Requests-2.0.0/src/Cookie.php": "9fbf90aef0a144c62f216d7bc8bbbddda5a38c015e317344a41d7ad30af273a4",
    "src/addons/FH/RazorpayIntegration/vendor/razorpay/razorpay/libs/Requests-2.0.0/src/Cookie/Jar.php": "900ce012b38234e9c7196070cb8f7848e0b6727689e9c73c4d52e2ba1481f747",
    "src/addons/FH/RazorpayIntegration/vendor/razorpay/razorpay/libs/Requests-2.0.0/src/Exception.php": "442a7f6f0c2f8b7b06149dc5f0aeba4eef946f84b7f2ad8907bb621d7d281066",
    "src/addons/FH/RazorpayIntegration/vendor/razorpay/razorpay/libs/Requests-2.0.0/src/Exception/ArgumentCount.php": "a6632c1a12b579783b3b3abe7f0d45d79b3c295d139146faecdd35c6622709b4",
    "src/addons/FH/RazorpayIntegration/vendor/razorpay/razorpay/libs/Requests-2.0.0/src/Exception/Http.php": "6d9dc436afb2a8658a0c8d8a89aac2c92fee66190579e1f7a625621a5ebd3ec9",
    "src/addons/FH/RazorpayIntegration/vendor/razorpay/razorpay/libs/Requests-2.0.0/src/Exception/Http/Status304.php": "d542d2012c80a832a11179e9de5f2e579f91d99f4db8a4d79aab61ff7cd538e4",
    "src/addons/FH/RazorpayIntegration/vendor/razorpay/razorpay/libs/Requests-2.0.0/src/Exception/Http/Status305.php": "e1309028d5881c1574e46df1e599854c7f4cc4c1c9f1e4a041ac7f6dd4bb9eb9",
    "src/addons/FH/RazorpayIntegration/vendor/razorpay/razorpay/libs/Requests-2.0.0/src/Exception/Http/Status306.php": "ecc19b8458bc7c8d0cc69fab293c265ad41efed11f4b9366c10d40468267ab0d",
    "src/addons/FH/RazorpayIntegration/vendor/razorpay/razorpay/libs/Requests-2.0.0/src/Exception/Http/Status400.php": "66c435f25e14672f05694e29369366bd250ed373527aaa36b7b3bf29ed1b1a89",
    "src/addons/FH/RazorpayIntegration/vendor/razorpay/razorpay/libs/Requests-2.0.0/src/Exception/Http/Status401.php": "e74cca6cef841a444c6fd368398e72615f3decb5dcd8e6b0f4152ce44a7a5fd3",
    "src/addons/FH/RazorpayIntegration/vendor/razorpay/razorpay/libs/Requests-2.0.0/src/Exception/Http/Status402.php": "43c6d092f6f3724fc02eaccc03dade942b6eb521ce1fc84747b557f51eea0133",
    "src/addons/FH/RazorpayIntegration/vendor/razorpay/razorpay/libs/Requests-2.0.0/src/Exception/Http/Status403.php": "2c54292073012c2a4ce855e3bfa6f24aa252e6dae9c27aacd352e408d1aa5409",
    "src/addons/FH/RazorpayIntegration/vendor/razorpay/razorpay/libs/Requests-2.0.0/src/Exception/Http/Status404.php": "699b6626f7d05cbf609a9b7d01190be70c8247eaf7ea0f9a76fb43e8a85a52a2",
    "src/addons/FH/RazorpayIntegration/vendor/razorpay/razorpay/libs/Requests-2.0.0/src/Exception/Http/Status405.php": "bd8027b14eeeebe6c09a8dc7a2e6369649312e2de9e1dc10cb109288df97e33d",
    "src/addons/FH/RazorpayIntegration/vendor/razorpay/razorpay/libs/Requests-2.0.0/src/Exception/Http/Status406.php": "6a17029352c63b5ac0f3500d2c9ca1148ab9f29c981db5b9dc3948249b4de625",
    "src/addons/FH/RazorpayIntegration/vendor/razorpay/razorpay/libs/Requests-2.0.0/src/Exception/Http/Status407.php": "f70a269a2fab6df136f81679e0c1acd404e114b729226ea6ee1e567c58d1b63b",
    "src/addons/FH/RazorpayIntegration/vendor/razorpay/razorpay/libs/Requests-2.0.0/src/Exception/Http/Status408.php": "e31fc6ed62d86dd9bc9818b2953532c8f1ab552fe29e943260633a04caf97f8e",
    "src/addons/FH/RazorpayIntegration/vendor/razorpay/razorpay/libs/Requests-2.0.0/src/Exception/Http/Status409.php": "c1bd72ee2ba72bbb2f9b90e63799cff0a57a7d22400429203e8fef76df0f54ef",
    "src/addons/FH/RazorpayIntegration/vendor/razorpay/razorpay/libs/Requests-2.0.0/src/Exception/Http/Status410.php": "74287f0d729910f25eb742ef2a528ff5fd34847c95f02139eef1fd66fd0564c8",
    "src/addons/FH/RazorpayIntegration/vendor/razorpay/razorpay/libs/Requests-2.0.0/src/Exception/Http/Status411.php": "f48d82b8a6bbe29b5944b9ae43b86d2dfc9b00822786f72a03fd6b43675a744e",
    "src/addons/FH/RazorpayIntegration/vendor/razorpay/razorpay/libs/Requests-2.0.0/src/Exception/Http/Status412.php": "c9b3f2cc9e8bef48a7ec2eb3512e73aa4173d09ee8f836145ee4d4ffdb352dbe",
    "src/addons/FH/RazorpayIntegration/vendor/razorpay/razorpay/libs/Requests-2.0.0/src/Exception/Http/Status413.php": "ba21191df92298b3f5e696d5bd2304de126e7079a58aafc07abaf57f08e068b3",
    "src/addons/FH/RazorpayIntegration/vendor/razorpay/razorpay/libs/Requests-2.0.0/src/Exception/Http/Status414.php": "48e76a04e4b68d923bad98c60a5780f29e5742c9612969eaa85e99178fa3bfbf",
    "src/addons/FH/RazorpayIntegration/vendor/razorpay/razorpay/libs/Requests-2.0.0/src/Exception/Http/Status415.php": "5d37e1066f55b124202131f99cd1f1a6f0c652505ce8eccc3254e54afe45441b",
    "src/addons/FH/RazorpayIntegration/vendor/razorpay/razorpay/libs/Requests-2.0.0/src/Exception/Http/Status416.php": "5431ab8de0fd2a9bf5dbd002d0b800917e0dfa8ddf76621b3539de69db5da62c",
    "src/addons/FH/RazorpayIntegration/vendor/razorpay/razorpay/libs/Requests-2.0.0/src/Exception/Http/Status417.php": "4663bdded00c5d37fbd496ea9eb02fc7c9d269e025af5d51b6b787a522e0a0f6",
    "src/addons/FH/RazorpayIntegration/vendor/razorpay/razorpay/libs/Requests-2.0.0/src/Exception/Http/Status418.php": "d35d01decab8de5009630211257f4d3dfa910e28bbe137565546380819d3631f",
    "src/addons/FH/RazorpayIntegration/vendor/razorpay/razorpay/libs/Requests-2.0.0/src/Exception/Http/Status428.php": "6fa34afab1cbb4894e9dd4caaa27467ba7ff59470f656d27f23f03e2aa7abb1e",
    "src/addons/FH/RazorpayIntegration/vendor/razorpay/razorpay/libs/Requests-2.0.0/src/Exception/Http/Status429.php": "48ecac2d984be99bc448d43c4e9bcf495c2a3ca0fa4659a7fdacc21d2ca91879",
    "src/addons/FH/RazorpayIntegration/vendor/razorpay/razorpay/libs/Requests-2.0.0/src/Exception/Http/Status431.php": "c0856154f2f7cb350baaa171e45c16300164fadd5ab846c6cde097b621d06e81",
    "src/addons/FH/RazorpayIntegration/vendor/razorpay/razorpay/libs/Requests-2.0.0/src/Exception/Http/Status500.php": "22b93daa63b7a3c20c0aa5d4d6ebe5b5c717bc351c165adf02db0628418a49f0",
    "src/addons/FH/RazorpayIntegration/vendor/razorpay/razorpay/libs/Requests-2.0.0/src/Exception/Http/Status501.php": "92db81b9a7cdb04693e6088b4532bde4a193c17cb749a6c244b53232a06966b3",
    "src/addons/FH/RazorpayIntegration/vendor/razorpay/razorpay/libs/Requests-2.0.0/src/Exception/Http/Status502.php": "5cc5893df1b8a91a3911cc4307ce4cd584aed6c065502e1744c452a3200365b4",
    "src/addons/FH/RazorpayIntegration/vendor/razorpay/razorpay/libs/Requests-2.0.0/src/Exception/Http/Status503.php": "f4e92ac83b2c0ef4c596fd18affe8ece10836d578ba8ca9df8a3e84f68152a26",
    "src/addons/FH/RazorpayIntegration/vendor/razorpay/razorpay/libs/Requests-2.0.0/src/Exception/Http/Status504.php": "c0a3a1426f32a29a418c82c6f3e2694b8fe84ec83db93b2618a3f210db039753",
    "src/addons/FH/RazorpayIntegration/vendor/razorpay/razorpay/libs/Requests-2.0.0/src/Exception/Http/Status505.php": "181d699d679ae8619048865d1dc58222e0b725820bda79881f0ba00c361b2d84",
    "src/addons/FH/RazorpayIntegration/vendor/razorpay/razorpay/libs/Requests-2.0.0/src/Exception/Http/Status511.php": "6969ddf7b24ed27cf8906e55d7f0e60417f08d942b8999f8bff43d0d72f73f66",
    "src/addons/FH/RazorpayIntegration/vendor/razorpay/razorpay/libs/Requests-2.0.0/src/Exception/Http/StatusUnknown.php": "19864167b648019581dd7906046f6dcce64dd87c09f0fb5d60016348db954eb1",
    "src/addons/FH/RazorpayIntegration/vendor/razorpay/razorpay/libs/Requests-2.0.0/src/Exception/InvalidArgument.php": "e07fece0cd8cb70aaacb9f6aea251041cd5706a711122bf947c24242d780da3b",
    "src/addons/FH/RazorpayIntegration/vendor/razorpay/razorpay/libs/Requests-2.0.0/src/Exception/Transport.php": "050498aedbbbcd3c24eb0457371aee9a061f41bd9829844a9cea4c9d82229ed5",
    "src/addons/FH/RazorpayIntegration/vendor/razorpay/razorpay/libs/Requests-2.0.0/src/Exception/Transport/Curl.php": "3e4e73c24d32a8abc038964a4c76aaf187b96698eaed47815be4d5d27bddcb3c",
    "src/addons/FH/RazorpayIntegration/vendor/razorpay/razorpay/libs/Requests-2.0.0/src/HookManager.php": "4b09da68b4f523dd9d36f047117e0c1fd442c6aebc8e4cc3632e5ac1a04ff317",
    "src/addons/FH/RazorpayIntegration/vendor/razorpay/razorpay/libs/Requests-2.0.0/src/Hooks.php": "f29a33d7fdb95752250f5fd65436f1ebb42974022b72381a57e0a186bbd75b6c",
    "src/addons/FH/RazorpayIntegration/vendor/razorpay/razorpay/libs/Requests-2.0.0/src/IdnaEncoder.php": "5ca8ef389e7cdf9bbf2e170df454476beddcbfe8e50816f8bb4dbb51dc18f72a",
    "src/addons/FH/RazorpayIntegration/vendor/razorpay/razorpay/libs/Requests-2.0.0/src/Ipv6.php": "5bfc6408b30a1cd86da50526ecc93de7f681c894c2cb8d7a4adacec9a80af1da",
    "src/addons/FH/RazorpayIntegration/vendor/razorpay/razorpay/libs/Requests-2.0.0/src/Iri.php": "8056ace1ae06d1a4c6dfe1a96f0e6a81fb5fc1ee731338f46f224bc269c04a3c",
    "src/addons/FH/RazorpayIntegration/vendor/razorpay/razorpay/libs/Requests-2.0.0/src/Port.php": "eab02dc614d84eb8e874ec743d1ede48cbac7df8f7841b664f6e97995e8d883c",
    "src/addons/FH/RazorpayIntegration/vendor/razorpay/razorpay/libs/Requests-2.0.0/src/Proxy.php": "251c12ecb0eccb1ae9b3f54a7b7a568401704c94ce05a8a1ac0443b5c71dfed0",
    "src/addons/FH/RazorpayIntegration/vendor/razorpay/razorpay/libs/Requests-2.0.0/src/Proxy/Http.php": "9596a38079fff6105ad1d757e8096dda6298232c349858800bdf81ab92c2e147",
    "src/addons/FH/RazorpayIntegration/vendor/razorpay/razorpay/libs/Requests-2.0.0/src/Requests.php": "9961ada36cd7690f1b12915fc9729a4020e37ec5df962d8bb52ccae30e773c29",
    "src/addons/FH/RazorpayIntegration/vendor/razorpay/razorpay/libs/Requests-2.0.0/src/Response.php": "a5a67e5c961117300ef4dc5d3da43c5552ae3788fcd86cce2d37494f3463cff0",
    "src/addons/FH/RazorpayIntegration/vendor/razorpay/razorpay/libs/Requests-2.0.0/src/Response/Headers.php": "afd92c6ae08a25ec5962c2cce7d1e0617d78292ba3fc25d5be4d7c9221f0f354",
    "src/addons/FH/RazorpayIntegration/vendor/razorpay/razorpay/libs/Requests-2.0.0/src/Session.php": "bca948d077b1be3a9f4256ae7a0a1214282e699ec47e2e622484a45db5905a26",
    "src/addons/FH/RazorpayIntegration/vendor/razorpay/razorpay/libs/Requests-2.0.0/src/Ssl.php": "d9a3dc1bdde30ec56cdeeddfcd685f29b75ef496f1a9669a800ccfb1d2fd1202",
    "src/addons/FH/RazorpayIntegration/vendor/razorpay/razorpay/libs/Requests-2.0.0/src/Transport.php": "ca39e25d43c50f81514d2f441f492e3fa412f932c587ba579eb5d95d91f3096b",
    "src/addons/FH/RazorpayIntegration/vendor/razorpay/razorpay/libs/Requests-2.0.0/src/Transport/Curl.php": "1153ab4f37f94fef16202079b9d3598e346d56af519f3209d5f30a074d313539",
    "src/addons/FH/RazorpayIntegration/vendor/razorpay/razorpay/libs/Requests-2.0.0/src/Transport/Fsockopen.php": "572f88aa8abbbb2037ac2d70e7dc2b9df97ddd5c8a7dd02067aab500221f2019",
    "src/addons/FH/RazorpayIntegration/vendor/razorpay/razorpay/libs/Requests-2.0.0/src/Utility/CaseInsensitiveDictionary.php": "e2bd99ab8d6a0c28d72c5dd3bbb38e5917db970564e55f816a46e0eab5aef55c",
    "src/addons/FH/RazorpayIntegration/vendor/razorpay/razorpay/libs/Requests-2.0.0/src/Utility/FilteredIterator.php": "771a4deddbbbf41cccb302127eb7928deca357d0ed86be3a8757075f3fc7473f",
    "src/addons/FH/RazorpayIntegration/vendor/razorpay/razorpay/libs/Requests-2.0.0/src/Utility/InputValidator.php": "ddbe22b3f5ed77f3dd522cac31404298cee44a61b9acc30d449c1edd0577c4e1",
    "src/addons/FH/RazorpayIntegration/vendor/razorpay/razorpay/LICENSE": "e196d96fe16f71af91142c0d7302d0df09e470a65c4779f28355499415823587",
    "src/addons/FH/RazorpayIntegration/vendor/razorpay/razorpay/non_composer_tests/RazorpayTest.php": "8d4be65f2c52145f685e846d0bda7bd2b51d9e55fbaf8ba6733284295a5a5f34",
    "src/addons/FH/RazorpayIntegration/vendor/razorpay/razorpay/phpunit.xml.dist": "1f121441310bec4f01f6f83fca24fcc552fc3c454b62ee56153e2ac9d78f3db4",
    "src/addons/FH/RazorpayIntegration/vendor/razorpay/razorpay/Razorpay.php": "a067c51fdf8971caecffb74de74b08c4346a334526400c3c52d008f32d8eef35",
    "src/addons/FH/RazorpayIntegration/vendor/razorpay/razorpay/README.md": "e53b47db7ec5c7dd9dade453feab4703ce250f70a4546359f4c3c5a1ba5f1e38",
    "src/addons/FH/RazorpayIntegration/vendor/razorpay/razorpay/release.txt": "533e0cf576303f9d28c560f1c729ca6373897d128e4c054fe03b0f5ce4d8e51c",
    "src/addons/FH/RazorpayIntegration/vendor/razorpay/razorpay/src/Addon.php": "a14f6dad9c10a830c077ff5d55cfcd42c5efdc83ced29148edd359f198f9fb02",
    "src/addons/FH/RazorpayIntegration/vendor/razorpay/razorpay/src/Api.php": "a9dd86df803c14c850bd66ea75c84caf34a7af727e0207782ceb86a22fed1591",
    "src/addons/FH/RazorpayIntegration/vendor/razorpay/razorpay/src/ArrayableInterface.php": "6a2fffc7629c586f8d01bcde8b7e5a850cb164649e385e374874767aba923359",
    "src/addons/FH/RazorpayIntegration/vendor/razorpay/razorpay/src/Card.php": "4bb5664f40a2f66e400f450d96e43e88fb0d1f883500c641ac9c9c906cd81b07",
    "src/addons/FH/RazorpayIntegration/vendor/razorpay/razorpay/src/Collection.php": "cd9cfd90b24581fb499b752ec34da6783ebe6ab4adf04ea26242f12f66290ac0",
    "src/addons/FH/RazorpayIntegration/vendor/razorpay/razorpay/src/Customer.php": "0735a0d2d6dda894208eef12dc8e1f5a4d7a6d1bc694369f43399c3656e249f0",
    "src/addons/FH/RazorpayIntegration/vendor/razorpay/razorpay/src/Entity.php": "74e720631354271f758725c106f8aea07e872d0c6733367809aed7c74c44e8da",
    "src/addons/FH/RazorpayIntegration/vendor/razorpay/razorpay/src/Errors/BadRequestError.php": "caacb2a372b708df457c22ebef4e701ab89c0893542991993438306cf9eb49d9",
    "src/addons/FH/RazorpayIntegration/vendor/razorpay/razorpay/src/Errors/Error.php": "453ad0430d9fea3a12a7d5d3d4b4497bb645ba1606ed2e8316ab4e03064102d7",
    "src/addons/FH/RazorpayIntegration/vendor/razorpay/razorpay/src/Errors/ErrorCode.php": "6a1d8f84ecae80057d8b8070ddbe9b873509dbaacbb862e00c6edf109f36b357",
    "src/addons/FH/RazorpayIntegration/vendor/razorpay/razorpay/src/Errors/GatewayError.php": "6643e87cf651d9736ff25fc913f673ac3a6dd2db356d81d42eebe4daa6087553",
    "src/addons/FH/RazorpayIntegration/vendor/razorpay/razorpay/src/Errors/ServerError.php": "a25eff1367fff6b8d056d39a5ed95c95c75d4251327ca3f5138ccd8bdb6152f6",
    "src/addons/FH/RazorpayIntegration/vendor/razorpay/razorpay/src/Errors/SignatureVerificationError.php": "91a4b93662780372fff15e511da80b2dae7215d9ce0d5af96a3662e365b2ef57",
    "src/addons/FH/RazorpayIntegration/vendor/razorpay/razorpay/src/FundAccount.php": "9db29c3cb1e38e9854e254c6c84f3edb7ff4652885671a5334b2dd7d2afd5156",
    "src/addons/FH/RazorpayIntegration/vendor/razorpay/razorpay/src/Invoice.php": "7434e7e54cdae1b46fced055f52131a748e67046c0ba3d043516d6d8576048c4",
    "src/addons/FH/RazorpayIntegration/vendor/razorpay/razorpay/src/Item.php": "d22d3d8f12d85cc77f22cbbb98c557fb6452502841ee47dc7cac3d4cce01e884",
    "src/addons/FH/RazorpayIntegration/vendor/razorpay/razorpay/src/Order.php": "855e17138fa9e9c4aa058f9f5ba3673446e0896c9204ed0b4bc26309e823dda3",
    "src/addons/FH/RazorpayIntegration/vendor/razorpay/razorpay/src/Payment.php": "7506ce6d994d00c104252d6b60eabf040deb9dfe06b47660ca13f6aa12c27c81",
    "src/addons/FH/RazorpayIntegration/vendor/razorpay/razorpay/src/PaymentLink.php": "285ef180d36fd4a0d491fc9367af1024dfd43cac539fcd2dfc5510fded284fcb",
    "src/addons/FH/RazorpayIntegration/vendor/razorpay/razorpay/src/PaymentPage.php": "2a9f6de3e60346216302fef0fab5b709b01daad1c7baff87b9e8e281e8339775",
    "src/addons/FH/RazorpayIntegration/vendor/razorpay/razorpay/src/Plan.php": "d124cec39813e1ec22f9cb31a200bd91cd4e69e3de0fa1d71b85f96a1437144c",
    "src/addons/FH/RazorpayIntegration/vendor/razorpay/razorpay/src/QrCode.php": "0b29640aee3092d7cafa09b1cea8f5ea5df1868b05d2f44d9f608c8c83287c95",
    "src/addons/FH/RazorpayIntegration/vendor/razorpay/razorpay/src/Refund.php": "97c42ac24b7c85ba68985659215e1735fcd4683e2ca92a3a5f1bd23fc7f8c610",
    "src/addons/FH/RazorpayIntegration/vendor/razorpay/razorpay/src/Request.php": "1657b34cd7dd2d06cf00ae54d6f4613d2cd147c8c4db8b7de94347de46d9c559",
    "src/addons/FH/RazorpayIntegration/vendor/razorpay/razorpay/src/Resource.php": "3b4859c058c7d9322ca69e4d7f0cae5909501e90571b13a445dcebdddb374370",
    "src/addons/FH/RazorpayIntegration/vendor/razorpay/razorpay/src/Settlement.php": "ac767ee8709ea3b7f37ec2de73badd41ef81c1ab83a3521f5934f17e2190b31e",
    "src/addons/FH/RazorpayIntegration/vendor/razorpay/razorpay/src/Subscription.php": "4b19a79bd2d6785a063622cae00e2abfc3b28fa370975d4b058e8a01f3997805",
    "src/addons/FH/RazorpayIntegration/vendor/razorpay/razorpay/src/Token.php": "436e4dd892121105e1dd1126e62e1078b276df4ca7b166a3e889963f27584b4e",
    "src/addons/FH/RazorpayIntegration/vendor/razorpay/razorpay/src/Transfer.php": "bbf15f9e98b9ba87145efd4204b76f4f4dc5d6300c1a266073da7ebc54aa5b4a",
    "src/addons/FH/RazorpayIntegration/vendor/razorpay/razorpay/src/Utility.php": "98b3c5bdfb84a4046ee0be22cfb8ad833bc0b61611978ccd579374fd51f6fc3c",
    "src/addons/FH/RazorpayIntegration/vendor/razorpay/razorpay/src/VirtualAccount.php": "dc9d2a4df4010986e3debf2078ff39ec5a4f9c31d054e60edb5de41bd9a53942",
    "src/addons/FH/RazorpayIntegration/vendor/razorpay/razorpay/src/Webhook.php": "794f246c0f0678aff3dba9d62b014ff8e4acb95e5a1bf133f5e928b573ec4dd3",
    "src/addons/FH/RazorpayIntegration/vendor/razorpay/razorpay/tests/AddonTest.php": "962261defd80731da5390d6b7be1775b02c6c7741a8a325e1d827d91b0c66d4f",
    "src/addons/FH/RazorpayIntegration/vendor/razorpay/razorpay/tests/bootstrap.php": "7e274f0a198f225b90bdcfb38de74c1170e6157f0f756d0986bafdc8056710fb",
    "src/addons/FH/RazorpayIntegration/vendor/razorpay/razorpay/tests/CustomerTest.php": "61e0d326b8edb1c5040538761a083f7d181d1c2ed2fe36a8ab27590151cec00a",
    "src/addons/FH/RazorpayIntegration/vendor/razorpay/razorpay/tests/EmandateTest.php": "14dc463f0b94b2c3c9577a0fe4fce3cba3a0b32e588a1e0ce04c1d59254d0dc4",
    "src/addons/FH/RazorpayIntegration/vendor/razorpay/razorpay/tests/FundTest.php": "5cac3aeef2788726a76cd15e6d982f4fa381549158ca7fc36639284e2d7aae20",
    "src/addons/FH/RazorpayIntegration/vendor/razorpay/razorpay/tests/InvoiceTest.php": "55f720a78681c8a18c2add63570a5f61c531480ae288f03c0634ad1c77f3552d",
    "src/addons/FH/RazorpayIntegration/vendor/razorpay/razorpay/tests/ItemTest.php": "e195d40c0e5b2c1145870dc55d545dd4dac324a43a2dbbb83dd0646da2f65c0c",
    "src/addons/FH/RazorpayIntegration/vendor/razorpay/razorpay/tests/OrdersTest.php": "76e76f36856ac4d23db833c25b19f72a012d2b079c6086518ca1c0ea1dc3d5fe",
    "src/addons/FH/RazorpayIntegration/vendor/razorpay/razorpay/tests/PaperNachTest.php": "8bd50935d13ec26629820699bb26e3f1b30483514c96e884012e892d007d1d76",
    "src/addons/FH/RazorpayIntegration/vendor/razorpay/razorpay/tests/PaymentLinkTest.php": "a5351e1ff5fd743a1ea8c13cc237864c461c358d7981abb2b2eada159b06d119",
    "src/addons/FH/RazorpayIntegration/vendor/razorpay/razorpay/tests/PaymentTest.php": "7301a347898b5986c9eb58ad534421fc10ebdfb49185861375b4abed2cb2d9da",
    "src/addons/FH/RazorpayIntegration/vendor/razorpay/razorpay/tests/PlanTest.php": "56a8fc10c10b8704a63fe129f76c7d51469564546067caaeefd6dde9744825e0",
    "src/addons/FH/RazorpayIntegration/vendor/razorpay/razorpay/tests/QrCodeTest.php": "8e7f820b1cd4b933bfc4bb0a16abb37d2743e0dcf684e7665941ac7d7a968f95",
    "src/addons/FH/RazorpayIntegration/vendor/razorpay/razorpay/tests/RefundTest.php": "c29c4e707f971e8591a30e3807bb04dc56dc7521f1c49061fb1d5e70fb931ced",
    "src/addons/FH/RazorpayIntegration/vendor/razorpay/razorpay/tests/RegisterEmandateTest.php": "a09a59bebfb912409b2623734c401b3a1cff36d6b41d5dd6ff9bf8b586b41f55",
    "src/addons/FH/RazorpayIntegration/vendor/razorpay/razorpay/tests/RegisterNachTest.php": "f384f1a4174a6865fdfb1f6799dcd4799271c91b721cea03835e45fe976e191f",
    "src/addons/FH/RazorpayIntegration/vendor/razorpay/razorpay/tests/SettlementTest.php": "76a6bd2d5ee51233da95aea17755323c0b4cf427d2c82581e85b0e32a19a6fa7",
    "src/addons/FH/RazorpayIntegration/vendor/razorpay/razorpay/tests/SignatureVerificationTest.php": "33ba90ff957bdca9436a8906df9c84e17a6062a37c7a95f5902f575806da4571",
    "src/addons/FH/RazorpayIntegration/vendor/razorpay/razorpay/tests/SubscriptionTest.php": "80459da94823b80319a575cff36e65bd0bf48e035e49219ca5396bf0bf6f4d38",
    "src/addons/FH/RazorpayIntegration/vendor/razorpay/razorpay/tests/TestCase.php": "f16758486419e05f019c0ce1f7c735311581136bbfbffa0ae2112c1b198f7a61",
    "src/addons/FH/RazorpayIntegration/vendor/razorpay/razorpay/tests/TokenTest.php": "20e00ead5994114ded1e73f1329e113863c22183218aaccd2fa7e55a5e873854",
    "src/addons/FH/RazorpayIntegration/vendor/razorpay/razorpay/tests/TransferTest.php": "93ce9d190babc0859f40e70ae8957a009ae1a720da318c8232ce6b91a736db45",
    "src/addons/FH/RazorpayIntegration/vendor/razorpay/razorpay/tests/UpiTest.php": "77258fae190969d8c15baac5a08f7228c07d518011d5fa529aad0c48d2e39924",
    "src/addons/FH/RazorpayIntegration/vendor/razorpay/razorpay/tests/VirtualAccountTest.php": "9106188d5d6b1aede636904c63cb51e80432e452552310347bfd7e2dac7a33bf",
    "src/addons/FH/RazorpayIntegration/vendor/rmccue/requests/certificates/cacert.pem": "23c2469e2a568362a62eecf1b49ed90a15621e6fa30e29947ded3436422de9b9",
    "src/addons/FH/RazorpayIntegration/vendor/rmccue/requests/certificates/cacert.pem.sha256": "a244da8f596f7d6f07b7b36ed3798eb16736e6569773ec6aa828273d81413bce",
    "src/addons/FH/RazorpayIntegration/vendor/rmccue/requests/CHANGELOG.md": "c153a2e7fad6f6f7bb386caaec4af69c0d54dd14c053f6e81dadc9eb04696753",
    "src/addons/FH/RazorpayIntegration/vendor/rmccue/requests/composer.json": "1ce1ef341d5a4430602447fb3b5cef42c765e931a2ad52011c20af9af89162ea",
    "src/addons/FH/RazorpayIntegration/vendor/rmccue/requests/library/Deprecated.php": "87f713bd41c932f684d7f0afa83ba70ff1bc9ff24ebe7112e3fb7183d2d465c7",
    "src/addons/FH/RazorpayIntegration/vendor/rmccue/requests/library/README.md": "a88a721e640e3596ebe93383ee549d04b2a376b5f51eae33071abf9003c24899",
    "src/addons/FH/RazorpayIntegration/vendor/rmccue/requests/library/Requests.php": "ba80036630999c9d445fbfca489a767dbbdcc23f960b89ab947c6eb213d9db8d",
    "src/addons/FH/RazorpayIntegration/vendor/rmccue/requests/LICENSE": "c08c66f8037c23f20614b58c0cbab6bbacef833dfa9c6a3a00ad3dc3344c2040",
    "src/addons/FH/RazorpayIntegration/vendor/rmccue/requests/README.md": "8f5a99f00f3a837815acf221313cc45fcd4cd0e006137b89224814af8b198af1",
    "src/addons/FH/RazorpayIntegration/vendor/rmccue/requests/src/Auth.php": "55ff2df53f03e60ec04f264ebb82d190e84867fdba28df4bd67d31921f895960",
    "src/addons/FH/RazorpayIntegration/vendor/rmccue/requests/src/Auth/Basic.php": "ab1c5a7a4ddb93747fbdf8d3bb50e93fa77a38762a22ed5226ca85e1fa8dfa54",
    "src/addons/FH/RazorpayIntegration/vendor/rmccue/requests/src/Autoload.php": "e5eb035b64d0fd4b6b30f582c207955dd426c4faabf3695b83be09482febb514",
    "src/addons/FH/RazorpayIntegration/vendor/rmccue/requests/src/Capability.php": "0d7c9dc6d64eeb226b77af8248775ed3903af655ffffd6796d14704e0f68802b",
    "src/addons/FH/RazorpayIntegration/vendor/rmccue/requests/src/Cookie.php": "af252d11a598507876c10aa1e7a20def779e63db38698b274d056aaedc226abb",
    "src/addons/FH/RazorpayIntegration/vendor/rmccue/requests/src/Cookie/Jar.php": "1a7e0424bffb20752ee8b8dc807bab6bf8d02257e31f23989e72f7da54e3252f",
    "src/addons/FH/RazorpayIntegration/vendor/rmccue/requests/src/Exception.php": "442a7f6f0c2f8b7b06149dc5f0aeba4eef946f84b7f2ad8907bb621d7d281066",
    "src/addons/FH/RazorpayIntegration/vendor/rmccue/requests/src/Exception/ArgumentCount.php": "a6632c1a12b579783b3b3abe7f0d45d79b3c295d139146faecdd35c6622709b4",
    "src/addons/FH/RazorpayIntegration/vendor/rmccue/requests/src/Exception/Http.php": "6d9dc436afb2a8658a0c8d8a89aac2c92fee66190579e1f7a625621a5ebd3ec9",
    "src/addons/FH/RazorpayIntegration/vendor/rmccue/requests/src/Exception/Http/Status304.php": "d542d2012c80a832a11179e9de5f2e579f91d99f4db8a4d79aab61ff7cd538e4",
    "src/addons/FH/RazorpayIntegration/vendor/rmccue/requests/src/Exception/Http/Status305.php": "e1309028d5881c1574e46df1e599854c7f4cc4c1c9f1e4a041ac7f6dd4bb9eb9",
    "src/addons/FH/RazorpayIntegration/vendor/rmccue/requests/src/Exception/Http/Status306.php": "ecc19b8458bc7c8d0cc69fab293c265ad41efed11f4b9366c10d40468267ab0d",
    "src/addons/FH/RazorpayIntegration/vendor/rmccue/requests/src/Exception/Http/Status400.php": "66c435f25e14672f05694e29369366bd250ed373527aaa36b7b3bf29ed1b1a89",
    "src/addons/FH/RazorpayIntegration/vendor/rmccue/requests/src/Exception/Http/Status401.php": "e74cca6cef841a444c6fd368398e72615f3decb5dcd8e6b0f4152ce44a7a5fd3",
    "src/addons/FH/RazorpayIntegration/vendor/rmccue/requests/src/Exception/Http/Status402.php": "43c6d092f6f3724fc02eaccc03dade942b6eb521ce1fc84747b557f51eea0133",
    "src/addons/FH/RazorpayIntegration/vendor/rmccue/requests/src/Exception/Http/Status403.php": "2c54292073012c2a4ce855e3bfa6f24aa252e6dae9c27aacd352e408d1aa5409",
    "src/addons/FH/RazorpayIntegration/vendor/rmccue/requests/src/Exception/Http/Status404.php": "699b6626f7d05cbf609a9b7d01190be70c8247eaf7ea0f9a76fb43e8a85a52a2",
    "src/addons/FH/RazorpayIntegration/vendor/rmccue/requests/src/Exception/Http/Status405.php": "bd8027b14eeeebe6c09a8dc7a2e6369649312e2de9e1dc10cb109288df97e33d",
    "src/addons/FH/RazorpayIntegration/vendor/rmccue/requests/src/Exception/Http/Status406.php": "6a17029352c63b5ac0f3500d2c9ca1148ab9f29c981db5b9dc3948249b4de625",
    "src/addons/FH/RazorpayIntegration/vendor/rmccue/requests/src/Exception/Http/Status407.php": "f70a269a2fab6df136f81679e0c1acd404e114b729226ea6ee1e567c58d1b63b",
    "src/addons/FH/RazorpayIntegration/vendor/rmccue/requests/src/Exception/Http/Status408.php": "e31fc6ed62d86dd9bc9818b2953532c8f1ab552fe29e943260633a04caf97f8e",
    "src/addons/FH/RazorpayIntegration/vendor/rmccue/requests/src/Exception/Http/Status409.php": "c1bd72ee2ba72bbb2f9b90e63799cff0a57a7d22400429203e8fef76df0f54ef",
    "src/addons/FH/RazorpayIntegration/vendor/rmccue/requests/src/Exception/Http/Status410.php": "74287f0d729910f25eb742ef2a528ff5fd34847c95f02139eef1fd66fd0564c8",
    "src/addons/FH/RazorpayIntegration/vendor/rmccue/requests/src/Exception/Http/Status411.php": "f48d82b8a6bbe29b5944b9ae43b86d2dfc9b00822786f72a03fd6b43675a744e",
    "src/addons/FH/RazorpayIntegration/vendor/rmccue/requests/src/Exception/Http/Status412.php": "c9b3f2cc9e8bef48a7ec2eb3512e73aa4173d09ee8f836145ee4d4ffdb352dbe",
    "src/addons/FH/RazorpayIntegration/vendor/rmccue/requests/src/Exception/Http/Status413.php": "ba21191df92298b3f5e696d5bd2304de126e7079a58aafc07abaf57f08e068b3",
    "src/addons/FH/RazorpayIntegration/vendor/rmccue/requests/src/Exception/Http/Status414.php": "48e76a04e4b68d923bad98c60a5780f29e5742c9612969eaa85e99178fa3bfbf",
    "src/addons/FH/RazorpayIntegration/vendor/rmccue/requests/src/Exception/Http/Status415.php": "5d37e1066f55b124202131f99cd1f1a6f0c652505ce8eccc3254e54afe45441b",
    "src/addons/FH/RazorpayIntegration/vendor/rmccue/requests/src/Exception/Http/Status416.php": "5431ab8de0fd2a9bf5dbd002d0b800917e0dfa8ddf76621b3539de69db5da62c",
    "src/addons/FH/RazorpayIntegration/vendor/rmccue/requests/src/Exception/Http/Status417.php": "4663bdded00c5d37fbd496ea9eb02fc7c9d269e025af5d51b6b787a522e0a0f6",
    "src/addons/FH/RazorpayIntegration/vendor/rmccue/requests/src/Exception/Http/Status418.php": "d35d01decab8de5009630211257f4d3dfa910e28bbe137565546380819d3631f",
    "src/addons/FH/RazorpayIntegration/vendor/rmccue/requests/src/Exception/Http/Status428.php": "6fa34afab1cbb4894e9dd4caaa27467ba7ff59470f656d27f23f03e2aa7abb1e",
    "src/addons/FH/RazorpayIntegration/vendor/rmccue/requests/src/Exception/Http/Status429.php": "48ecac2d984be99bc448d43c4e9bcf495c2a3ca0fa4659a7fdacc21d2ca91879",
    "src/addons/FH/RazorpayIntegration/vendor/rmccue/requests/src/Exception/Http/Status431.php": "c0856154f2f7cb350baaa171e45c16300164fadd5ab846c6cde097b621d06e81",
    "src/addons/FH/RazorpayIntegration/vendor/rmccue/requests/src/Exception/Http/Status500.php": "22b93daa63b7a3c20c0aa5d4d6ebe5b5c717bc351c165adf02db0628418a49f0",
    "src/addons/FH/RazorpayIntegration/vendor/rmccue/requests/src/Exception/Http/Status501.php": "92db81b9a7cdb04693e6088b4532bde4a193c17cb749a6c244b53232a06966b3",
    "src/addons/FH/RazorpayIntegration/vendor/rmccue/requests/src/Exception/Http/Status502.php": "5cc5893df1b8a91a3911cc4307ce4cd584aed6c065502e1744c452a3200365b4",
    "src/addons/FH/RazorpayIntegration/vendor/rmccue/requests/src/Exception/Http/Status503.php": "f4e92ac83b2c0ef4c596fd18affe8ece10836d578ba8ca9df8a3e84f68152a26",
    "src/addons/FH/RazorpayIntegration/vendor/rmccue/requests/src/Exception/Http/Status504.php": "c0a3a1426f32a29a418c82c6f3e2694b8fe84ec83db93b2618a3f210db039753",
    "src/addons/FH/RazorpayIntegration/vendor/rmccue/requests/src/Exception/Http/Status505.php": "181d699d679ae8619048865d1dc58222e0b725820bda79881f0ba00c361b2d84",
    "src/addons/FH/RazorpayIntegration/vendor/rmccue/requests/src/Exception/Http/Status511.php": "6969ddf7b24ed27cf8906e55d7f0e60417f08d942b8999f8bff43d0d72f73f66",
    "src/addons/FH/RazorpayIntegration/vendor/rmccue/requests/src/Exception/Http/StatusUnknown.php": "19864167b648019581dd7906046f6dcce64dd87c09f0fb5d60016348db954eb1",
    "src/addons/FH/RazorpayIntegration/vendor/rmccue/requests/src/Exception/InvalidArgument.php": "e07fece0cd8cb70aaacb9f6aea251041cd5706a711122bf947c24242d780da3b",
    "src/addons/FH/RazorpayIntegration/vendor/rmccue/requests/src/Exception/Transport.php": "050498aedbbbcd3c24eb0457371aee9a061f41bd9829844a9cea4c9d82229ed5",
    "src/addons/FH/RazorpayIntegration/vendor/rmccue/requests/src/Exception/Transport/Curl.php": "3e4e73c24d32a8abc038964a4c76aaf187b96698eaed47815be4d5d27bddcb3c",
    "src/addons/FH/RazorpayIntegration/vendor/rmccue/requests/src/HookManager.php": "4b09da68b4f523dd9d36f047117e0c1fd442c6aebc8e4cc3632e5ac1a04ff317",
    "src/addons/FH/RazorpayIntegration/vendor/rmccue/requests/src/Hooks.php": "2bb6087cb4a761715544898125471682f90033a17a9bfbd6420fef3a44c9911e",
    "src/addons/FH/RazorpayIntegration/vendor/rmccue/requests/src/IdnaEncoder.php": "a83ce8db146a5185f745182d36e8d1678b85425c3c95f5fd4a33469a3552a32a",
    "src/addons/FH/RazorpayIntegration/vendor/rmccue/requests/src/Ipv6.php": "65c4713e71e21b36109fc8d50aceaac68dfc1e7abbad72e96dccb69fb82c5725",
    "src/addons/FH/RazorpayIntegration/vendor/rmccue/requests/src/Iri.php": "7acc3c3f098cc9cf203c2a76efeea5ab5b99b3ff4e5059bc4121e587e736ce56",
    "src/addons/FH/RazorpayIntegration/vendor/rmccue/requests/src/Port.php": "eab02dc614d84eb8e874ec743d1ede48cbac7df8f7841b664f6e97995e8d883c",
    "src/addons/FH/RazorpayIntegration/vendor/rmccue/requests/src/Proxy.php": "251c12ecb0eccb1ae9b3f54a7b7a568401704c94ce05a8a1ac0443b5c71dfed0",
    "src/addons/FH/RazorpayIntegration/vendor/rmccue/requests/src/Proxy/Http.php": "4219fb6f79e9bf6cb6ccad40140ca7e58fe7929284a5f32f6a6e49967c8e6ec2",
    "src/addons/FH/RazorpayIntegration/vendor/rmccue/requests/src/Requests.php": "84e2a848dea53ed5c5b03d20b175d2868c65f0752545a0b24fd2590ce705fcdb",
    "src/addons/FH/RazorpayIntegration/vendor/rmccue/requests/src/Response.php": "e1293dcac689d3a371c88328f3d6761555c56a15702d090ad08a8d2e3cf844eb",
    "src/addons/FH/RazorpayIntegration/vendor/rmccue/requests/src/Response/Headers.php": "c8d0c3e503b6319ebf8f046e66fe32767bdb1451d1fced6083493ef6f8bbbae9",
    "src/addons/FH/RazorpayIntegration/vendor/rmccue/requests/src/Session.php": "7aa018038569e29726aca443ed7a9d8c0aea83e533c172fe3c77d8c2b0334c9d",
    "src/addons/FH/RazorpayIntegration/vendor/rmccue/requests/src/Ssl.php": "d9a3dc1bdde30ec56cdeeddfcd685f29b75ef496f1a9669a800ccfb1d2fd1202",
    "src/addons/FH/RazorpayIntegration/vendor/rmccue/requests/src/Transport.php": "ca39e25d43c50f81514d2f441f492e3fa412f932c587ba579eb5d95d91f3096b",
    "src/addons/FH/RazorpayIntegration/vendor/rmccue/requests/src/Transport/Curl.php": "80a0e943373f61f7909dd117a65c5e63e591f22e4becf328f91362d79b3723ea",
    "src/addons/FH/RazorpayIntegration/vendor/rmccue/requests/src/Transport/Fsockopen.php": "f95134b9c25722704cbaca4bc7afa75e66024c26ec32f5d5f5d6c7c3634dfc21",
    "src/addons/FH/RazorpayIntegration/vendor/rmccue/requests/src/Utility/CaseInsensitiveDictionary.php": "d3888d08b438ad224125d31fc1de6e816d50374c9af4b426b65f31c598fd7df3",
    "src/addons/FH/RazorpayIntegration/vendor/rmccue/requests/src/Utility/FilteredIterator.php": "e3c6c32f1bfbdfc67507faf583bb66e3c416243a856d1c1328a5347b7cce24f4",
    "src/addons/FH/RazorpayIntegration/vendor/rmccue/requests/src/Utility/InputValidator.php": "ddbe22b3f5ed77f3dd522cac31404298cee44a61b9acc30d449c1edd0577c4e1",
    "src/addons/FH/RazorpayIntegration/XF/Admin/Controller/UserUpgrade.php": "beb7f253ee08434260afa3e0e8af1f43f6f69a7f90cafff77c7e41f7f12ba268",
    "src/addons/FH/RazorpayIntegration/XF/Entity/User.php": "698a2382176125dca7a99d8a78ee2f5d853b9d8ba4f319b424a8064016f8c456",
    "src/addons/FH/RazorpayIntegration/XF/Entity/UserUpgrade.php": "32f15a7448b349ec9cb16a396d7d3cebd49b2525ca275a4b45bb9a59bf7dd41b",
    "src/addons/FH/RazorpayIntegration/XF/Pub/Controller/Register.php": "8b39f4ee5ea1a1a46121c013f838dc87472a179eb25d94c953e7503b87ed62c2",
    "src/addons/FH/RazorpayIntegration/_data/activity_summary_definitions.xml": "99d8c2563a31320d66f958fc8bda78613545f5f7959bb3cf5318805e3a3c39d2",
    "src/addons/FH/RazorpayIntegration/_data/admin_navigation.xml": "064ec797484ac00d5ee37367b50b06846d11f480d00550997712707f8fdac8c0",
    "src/addons/FH/RazorpayIntegration/_data/admin_permission.xml": "ec6fb97cebf0bceb24f1ed1d5778c1db54eeb7535fbb3e31d824840e7aa9ff87",
    "src/addons/FH/RazorpayIntegration/_data/advertising_positions.xml": "d2f7cbe844bb1df3cf878d22ff6306249245c8ff6b0b87b9b729744bec538261",
    "src/addons/FH/RazorpayIntegration/_data/api_scopes.xml": "6793eaf758f140e8137187ba20e65f4faccf53410433ae3ad7a8b3b38cb6b3b7",
    "src/addons/FH/RazorpayIntegration/_data/bb_codes.xml": "faa4ddd5f4a365e5ac39aebdcbe2d25aedf74e7eb9ea4a812766e2fd5e13bdb1",
    "src/addons/FH/RazorpayIntegration/_data/bb_code_media_sites.xml": "29762987990187b33e43cfb68c08dc917b2d3f0176613d78f8e6c453f82da3f3",
    "src/addons/FH/RazorpayIntegration/_data/class_extensions.xml": "a247cd60ebd340d979fc75b449bf7f8b876f835ad5b36d2e8ace85d0819c1651",
    "src/addons/FH/RazorpayIntegration/_data/code_events.xml": "8370dec3df47f91df4cf79da253446ad11b29f4ea568fe76c774e97a0379f0eb",
    "src/addons/FH/RazorpayIntegration/_data/code_event_listeners.xml": "d6b5072f4909dee7a20ee9e44b163f95c8aa52e6ac7f573e292000cd9238c331",
    "src/addons/FH/RazorpayIntegration/_data/content_type_fields.xml": "c7ad5472b28f465b7ac7617627707eba1b7a39d28089460d52e1ed292fc0b06a",
    "src/addons/FH/RazorpayIntegration/_data/cron.xml": "323c4284742ef24329cd6db6f288eb9736d2353f36852e1db12591e1583aea26",
    "src/addons/FH/RazorpayIntegration/_data/help_pages.xml": "a8a0c0b06cdc550438bc8a8d385af3e1e5ab3459877dfb934c1c31be59c89163",
    "src/addons/FH/RazorpayIntegration/_data/member_stats.xml": "89fb2b93ff1eca7a1f6f752248edf6090dfd24037db1446fd18ff7143f08124d",
    "src/addons/FH/RazorpayIntegration/_data/navigation.xml": "f75e1c03a45a360bbdfcd0567121665082315068475d5b0feb8b1acbb1688651",
    "src/addons/FH/RazorpayIntegration/_data/options.xml": "70ae4888dedd7e267eb7c980db31753c5fa14e6042c0419f9a240495d16a85fb",
    "src/addons/FH/RazorpayIntegration/_data/option_groups.xml": "ed1794041a769f35a7e06ea8d56ca0572e2a319351a0e658f972fe862b64b2ee",
    "src/addons/FH/RazorpayIntegration/_data/permissions.xml": "7e4fc7d5826733d15ea2d8936b9bdd41afcaad810eb38e50da3c8d8eafda1550",
    "src/addons/FH/RazorpayIntegration/_data/permission_interface_groups.xml": "3177224e96458b829aa7fb24866dda9e0455a4922aee3d669b53f59a1ffdf5d1",
    "src/addons/FH/RazorpayIntegration/_data/phrases.xml": "140d1b41f6fc14d605b2a5ebfe99c0ffa5ba76eed6d62749c1618a9f5ea9081a",
    "src/addons/FH/RazorpayIntegration/_data/routes.xml": "550fa64f9feedf137dd877b38c2684f94474619d2d83890dbb717a91b50da8f5",
    "src/addons/FH/RazorpayIntegration/_data/style_properties.xml": "8b8690a8512f01f219dd2da76e3d0c5f62afc1f317b87794a7331c859c36a7a8",
    "src/addons/FH/RazorpayIntegration/_data/style_property_groups.xml": "68e1879cb3846c42d978487aa8d5145ff3335fc39e58016878824d5cf3fd684c",
    "src/addons/FH/RazorpayIntegration/_data/templates.xml": "714535d62cbf7103dd74ed6c75f57375863c7a7fcb55c95ce31edc82b0c9edbf",
    "src/addons/FH/RazorpayIntegration/_data/template_modifications.xml": "2bb44997d02c73f1d1a66b56ce8cb09368c50dff405c9d64818a6b1e5fd4f403",
    "src/addons/FH/RazorpayIntegration/_data/widget_definitions.xml": "37e46965256430f24004c2e7f08ba08f9b0d1cbcc4d70e84b3f4e3ffb713e64b",
    "src/addons/FH/RazorpayIntegration/_data/widget_positions.xml": "a29cee66134f6bc5d75ed9df1eef21096c24401915c5b5c774389c3d7bb2d5b3"
}