{
    "js/threadcall/call-log.js": "9d738ce75000e2c09823e500d50e06b8aa50f31144dc76fd602644b92fe0004a",
    "src/addons/FS/CallWhatsApp/addon.json": "fe571ecab6587d08c836b95d4c5de61cfeee672c7d9ecbf97ab5066392608135",
    "src/addons/FS/CallWhatsApp/Admin/Controller/CallCounter.php": "4ec797508b623d6b40dbd5a8c25556a9f18f65ff8c57167f96a67f107e2bc1a3",
    "src/addons/FS/CallWhatsApp/Admin/Controller/CallLog.php": "a46fd123cbdd61b97572ab375557c3f38daa59f40c8ab5a7d8eaac41c12474a0",
    "src/addons/FS/CallWhatsApp/Entity/CallWhatsAppCounter.php": "dfe3a905ac6b31a4f75f1e7e022e6379ab93b6a23109fc61b31a3a245b299819",
    "src/addons/FS/CallWhatsApp/Entity/CallWhatsAppLog.php": "fe5c4b335c8adc0ce4d07b6fa1a584711a97cd3cb8fca5382be5177ef52a8787",
    "src/addons/FS/CallWhatsApp/Install/Data/MySql.php": "cf34ebf81db396452d1c63d1f4ed9e3ea1ddf49eb94226d0310f2a92c277690e",
    "src/addons/FS/CallWhatsApp/Setup.php": "28552857e45550f15636f310d2581ed213b74bec90a5d9d97139abe0e86174d0",
    "src/addons/FS/CallWhatsApp/XF/Entity/Thread.php": "1471185b667ddb713750e4e70930f3b52a41efb8f9cef811d38dc83af1a35ac7",
    "src/addons/FS/CallWhatsApp/XF/Entity/User.php": "f223707827a680d9dd06e9edec327490d8d7fc94b0099aff25dfdfcc2882ff5c",
    "src/addons/FS/CallWhatsApp/XF/Pub/Controller/Thread.php": "3ff7c4f9091d2178dba0c40e5fe5443c69da65f20ee5003314ae761836b2bbf3",
    "src/addons/FS/CallWhatsApp/_data/activity_summary_definitions.xml": "99d8c2563a31320d66f958fc8bda78613545f5f7959bb3cf5318805e3a3c39d2",
    "src/addons/FS/CallWhatsApp/_data/admin_navigation.xml": "57ba414ef5cfa8f7c903122c72afacfde355f5b5f0f740ede129c97dc4cd79a9",
    "src/addons/FS/CallWhatsApp/_data/admin_permission.xml": "ec6fb97cebf0bceb24f1ed1d5778c1db54eeb7535fbb3e31d824840e7aa9ff87",
    "src/addons/FS/CallWhatsApp/_data/advertising_positions.xml": "d2f7cbe844bb1df3cf878d22ff6306249245c8ff6b0b87b9b729744bec538261",
    "src/addons/FS/CallWhatsApp/_data/api_scopes.xml": "6793eaf758f140e8137187ba20e65f4faccf53410433ae3ad7a8b3b38cb6b3b7",
    "src/addons/FS/CallWhatsApp/_data/bb_codes.xml": "faa4ddd5f4a365e5ac39aebdcbe2d25aedf74e7eb9ea4a812766e2fd5e13bdb1",
    "src/addons/FS/CallWhatsApp/_data/bb_code_media_sites.xml": "29762987990187b33e43cfb68c08dc917b2d3f0176613d78f8e6c453f82da3f3",
    "src/addons/FS/CallWhatsApp/_data/class_extensions.xml": "242f55393edbc0ba942a4b6f06e0d1221fe10b43ea22372ad8c1ce6cd11e1edf",
    "src/addons/FS/CallWhatsApp/_data/code_events.xml": "8370dec3df47f91df4cf79da253446ad11b29f4ea568fe76c774e97a0379f0eb",
    "src/addons/FS/CallWhatsApp/_data/code_event_listeners.xml": "d6b5072f4909dee7a20ee9e44b163f95c8aa52e6ac7f573e292000cd9238c331",
    "src/addons/FS/CallWhatsApp/_data/content_type_fields.xml": "c7ad5472b28f465b7ac7617627707eba1b7a39d28089460d52e1ed292fc0b06a",
    "src/addons/FS/CallWhatsApp/_data/cron.xml": "323c4284742ef24329cd6db6f288eb9736d2353f36852e1db12591e1583aea26",
    "src/addons/FS/CallWhatsApp/_data/help_pages.xml": "a8a0c0b06cdc550438bc8a8d385af3e1e5ab3459877dfb934c1c31be59c89163",
    "src/addons/FS/CallWhatsApp/_data/member_stats.xml": "89fb2b93ff1eca7a1f6f752248edf6090dfd24037db1446fd18ff7143f08124d",
    "src/addons/FS/CallWhatsApp/_data/navigation.xml": "f75e1c03a45a360bbdfcd0567121665082315068475d5b0feb8b1acbb1688651",
    "src/addons/FS/CallWhatsApp/_data/options.xml": "ad63f100f4629b3d4fcf58cdbb6525e82924f229d6f4b9e2039f3a876caf3ed2",
    "src/addons/FS/CallWhatsApp/_data/option_groups.xml": "d4b7853e5d4bb9642f950988b43a794a5fd10d7312b9c76d297d03a16abb67f2",
    "src/addons/FS/CallWhatsApp/_data/permissions.xml": "fa07b30e2ac9c5aa5c5961fc46c4cc3dc30e7ae2ecd9975f86e1930de5400ccd",
    "src/addons/FS/CallWhatsApp/_data/permission_interface_groups.xml": "014a136adddcaae3a77fbe844eb209be649ded6cbfdf671ba75c1f4ada8184e7",
    "src/addons/FS/CallWhatsApp/_data/phrases.xml": "23f206f3da843cb2d00b98326a701a8f6d717452bc7049ddba7d15426168d14b",
    "src/addons/FS/CallWhatsApp/_data/routes.xml": "6aaa1aca86daa2b9c1f49c1dfe4c49506834619b757ede5f1cf262a2127d59ec",
    "src/addons/FS/CallWhatsApp/_data/style_properties.xml": "8b8690a8512f01f219dd2da76e3d0c5f62afc1f317b87794a7331c859c36a7a8",
    "src/addons/FS/CallWhatsApp/_data/style_property_groups.xml": "68e1879cb3846c42d978487aa8d5145ff3335fc39e58016878824d5cf3fd684c",
    "src/addons/FS/CallWhatsApp/_data/templates.xml": "96fef3d24cb42c81c24ec1b8f85535f73e81cef5f07e18ce6030c57d1677bb31",
    "src/addons/FS/CallWhatsApp/_data/template_modifications.xml": "0c5856bd9b3c37f60fb0987ef7ffd6b92e22e002aaee86b2ade3808d90ca1c53",
    "src/addons/FS/CallWhatsApp/_data/widget_definitions.xml": "37e46965256430f24004c2e7f08ba08f9b0d1cbcc4d70e84b3f4e3ffb713e64b",
    "src/addons/FS/CallWhatsApp/_data/widget_positions.xml": "a29cee66134f6bc5d75ed9df1eef21096c24401915c5b5c774389c3d7bb2d5b3"
}