{
    "legacy_addon_id": "",
    "title": "[AddonFlare] AJAX Advanced Forum Stats",
    "description": "Boost user engagement with the Latest / Top X stats",
    "version_id": 1070470,
    "version_string": "1.7.4",
    "dev": "AddonFlare",
    "dev_url": "https://www.addonflare.com",
    "faq_url": "https://www.addonflare.com",
    "support_url": "https://www.addonflare.com",
    "extra_urls": [],
    "require": {
        "XF": [
            "2020070",
            "XenForo 2.2.0+"
        ]
    },
    "icon": "icon.png"
}