{
    "src/addons/AddonFlare/ForumStats/addon.json": "9fa73907dc2f5760a9d8b0df5c78f9acd5ec4b59e4d246df19e9283dc7077e2e",
    "src/addons/AddonFlare/ForumStats/Admin/Controller/ForumStats.php": "70f8cc42a992c0ce0dfff9e437288d6a4cd0e3aa3fb0740bd3f2cf0b92633ef3",
    "src/addons/AddonFlare/ForumStats/Entity/ForumStat.php": "76bb434145f92f89b07b33d0cebab82ee9c77b4118c4aaeecb046af6fa938589",
    "src/addons/AddonFlare/ForumStats/Entity/ForumStatDefinition.php": "52cec99a5368c172134da07372aef2d3979a4a755e7cf1e479d00c10795613ca",
    "src/addons/AddonFlare/ForumStats/ForumStat/AbstractForumStat.php": "c534707a17ca4bacb958a094a33d63fb5b61bc81112d7eb92d45e8ee4aba5d2b",
    "src/addons/AddonFlare/ForumStats/ForumStat/ForumStatConfig.php": "c6857067b306b3175a832faed245d0623f97dbb7a6157fe219fad8ab20da32c8",
    "src/addons/AddonFlare/ForumStats/ForumStat/HottestThreads.php": "8e111fc2047cf779c8ea2f50c03acb177ef32d427415674e77b98024f7b641ba",
    "src/addons/AddonFlare/ForumStats/ForumStat/LatestForumNews.php": "5211d12d8eb1b18b52c6da72601899d29a716c2cdbc5f53725f4e96aad039fca",
    "src/addons/AddonFlare/ForumStats/ForumStat/MostLikedThreads.php": "921ce871f268aa40f999625537cd6e7af1b07bfa0ab9a873d098c9ec8e39d4cc",
    "src/addons/AddonFlare/ForumStats/ForumStat/MostLikedUsers.php": "7811d207a4653a85c381d7a4a7eb5574975185b492015f5fc31db67b94dbec88",
    "src/addons/AddonFlare/ForumStats/ForumStat/MostPopularForums.php": "688c6732f2075d616ab19688a7d6185afb665dc9be511115999a39fd89494fb4",
    "src/addons/AddonFlare/ForumStats/ForumStat/MostReactedThreads.php": "c05000a41be20fe411cc96d1b8ab757d43cd0cee7a14baffb41d5f586f7e58de",
    "src/addons/AddonFlare/ForumStats/ForumStat/MostReactedUsers.php": "ab2f9addcc73797551a95f46ebd16953ac35151d091ad3483e26742c30f5b6d6",
    "src/addons/AddonFlare/ForumStats/ForumStat/MostViewedThreads.php": "db85ac52f7a1a37b027384939a6489b8d5f8f9b6a11006d081ec2e949b2a87ca",
    "src/addons/AddonFlare/ForumStats/ForumStat/NewMembers.php": "2e954673d9b3d952be81688fd9f3a52580456b971c726804d19f0394e834fa0f",
    "src/addons/AddonFlare/ForumStats/ForumStat/NewPosts.php": "85326cc1392df3397e25747b536f5d1b7bb1d324bccbe343fb601f2806c986d4",
    "src/addons/AddonFlare/ForumStats/ForumStat/NewResources.php": "ac4b1b9504fc1262a26025f774cc40440ad79f39f5208fd1ce161b673ca162e5",
    "src/addons/AddonFlare/ForumStats/ForumStat/NewThreads.php": "c07a8c8efadb4a9410fac083cbed9b1dc19d0b7ce4080728a6b99790e31ce4e4",
    "src/addons/AddonFlare/ForumStats/ForumStat/TopResources.php": "aa22ffa9f756aca9e1094c919c1d01c9ef2e93b481f1f4bcf17a8e921ae1dbde",
    "src/addons/AddonFlare/ForumStats/ForumStat/TopThreadStarters.php": "0253dfe887ab71d6ad235c098045bad4e9fb90fcc9171d1dbd7a705a4ff9bb78",
    "src/addons/AddonFlare/ForumStats/icon.png": "c43e507cd97535281929f02bf6806787ded4bc88d20e30c9c271517481c83ed9",
    "src/addons/AddonFlare/ForumStats/IDs.php": "012319dff37b0227b5e0586e7403ae69794b0c43c5c609b483637c37b9bd3641",
    "src/addons/AddonFlare/ForumStats/Listener.php": "b73756d2af5836fa53b9ec386dc02e83552c8164b2fa150626a3eac816f963e5",
    "src/addons/AddonFlare/ForumStats/Pub/Controller/ForumStats.php": "16c9c2854ba1674d4033b8a0dfbd549431442fd7a01d38a8946f64260d380de1",
    "src/addons/AddonFlare/ForumStats/Repository/ForumStat.php": "b011202606ee6c9441c00eaa110cc5ae66b9698ed1f820fa9f5bc5e7a3f8ac2a",
    "src/addons/AddonFlare/ForumStats/Setup.php": "d612020e29487cc1742a3b0a4ef6cb0adc54bb84eda15e7b21a2949147e74faf",
    "src/addons/AddonFlare/ForumStats/XF/Template/Templater.php": "b175f6040eba34554ba065b4b6af2954643704dde210036a064644e280026c82",
    "src/addons/AddonFlare/ForumStats/_data/activity_summary_definitions.xml": "99d8c2563a31320d66f958fc8bda78613545f5f7959bb3cf5318805e3a3c39d2",
    "src/addons/AddonFlare/ForumStats/_data/admin_navigation.xml": "20e6ec240e72674f249aaa369a88f143a69d45b92d23bf0868ae95f1bc8aa213",
    "src/addons/AddonFlare/ForumStats/_data/admin_permission.xml": "ec6fb97cebf0bceb24f1ed1d5778c1db54eeb7535fbb3e31d824840e7aa9ff87",
    "src/addons/AddonFlare/ForumStats/_data/advertising_positions.xml": "d2f7cbe844bb1df3cf878d22ff6306249245c8ff6b0b87b9b729744bec538261",
    "src/addons/AddonFlare/ForumStats/_data/api_scopes.xml": "6793eaf758f140e8137187ba20e65f4faccf53410433ae3ad7a8b3b38cb6b3b7",
    "src/addons/AddonFlare/ForumStats/_data/bb_codes.xml": "faa4ddd5f4a365e5ac39aebdcbe2d25aedf74e7eb9ea4a812766e2fd5e13bdb1",
    "src/addons/AddonFlare/ForumStats/_data/bb_code_media_sites.xml": "29762987990187b33e43cfb68c08dc917b2d3f0176613d78f8e6c453f82da3f3",
    "src/addons/AddonFlare/ForumStats/_data/class_extensions.xml": "b4c2e06d72d614aedf670ac3bf48d024fb2c530a5215196f6f933bf751041ac9",
    "src/addons/AddonFlare/ForumStats/_data/code_events.xml": "8370dec3df47f91df4cf79da253446ad11b29f4ea568fe76c774e97a0379f0eb",
    "src/addons/AddonFlare/ForumStats/_data/code_event_listeners.xml": "8b7251338970180d904b4c4878292fbe481c1c51855e61c7a399e652532ea542",
    "src/addons/AddonFlare/ForumStats/_data/content_type_fields.xml": "c7ad5472b28f465b7ac7617627707eba1b7a39d28089460d52e1ed292fc0b06a",
    "src/addons/AddonFlare/ForumStats/_data/cron.xml": "323c4284742ef24329cd6db6f288eb9736d2353f36852e1db12591e1583aea26",
    "src/addons/AddonFlare/ForumStats/_data/help_pages.xml": "a8a0c0b06cdc550438bc8a8d385af3e1e5ab3459877dfb934c1c31be59c89163",
    "src/addons/AddonFlare/ForumStats/_data/member_stats.xml": "89fb2b93ff1eca7a1f6f752248edf6090dfd24037db1446fd18ff7143f08124d",
    "src/addons/AddonFlare/ForumStats/_data/navigation.xml": "f75e1c03a45a360bbdfcd0567121665082315068475d5b0feb8b1acbb1688651",
    "src/addons/AddonFlare/ForumStats/_data/options.xml": "f1e97747f3b7a20cc152510ff883bca79b5e253979fc2eb9d85bb619e9674ec9",
    "src/addons/AddonFlare/ForumStats/_data/option_groups.xml": "dc7827df1d0872d332542e5f4b8d9affc00c8b62bc10d2030f63dbe1036486c0",
    "src/addons/AddonFlare/ForumStats/_data/permissions.xml": "7e4fc7d5826733d15ea2d8936b9bdd41afcaad810eb38e50da3c8d8eafda1550",
    "src/addons/AddonFlare/ForumStats/_data/permission_interface_groups.xml": "3177224e96458b829aa7fb24866dda9e0455a4922aee3d669b53f59a1ffdf5d1",
    "src/addons/AddonFlare/ForumStats/_data/phrases.xml": "005c832fb10a2d5c0dab0579cf23f00ce561820af3816ffeefeee982d1e7bacc",
    "src/addons/AddonFlare/ForumStats/_data/routes.xml": "54c574832b43bff9d46bea1aa98466eba342ced4b62fb99326e1cd036dc9239e",
    "src/addons/AddonFlare/ForumStats/_data/style_properties.xml": "84eb61c200fc8aa4d38e140450f69d61733d1fd7034cebe856db65061e928940",
    "src/addons/AddonFlare/ForumStats/_data/style_property_groups.xml": "8aafae60a4e77d2ca3d4913adb7ba309a95e35ff2d4e68f58814d72710675db1",
    "src/addons/AddonFlare/ForumStats/_data/templates.xml": "64485fd2a7bf36354d3fa04d90f32eda36a47d6ee5ffbbbd1fb368ab766af50d",
    "src/addons/AddonFlare/ForumStats/_data/template_modifications.xml": "4d0d285a1849804da1f5c349ff950c6fe8968e8638bec93bc3e4141b8573a1bd",
    "src/addons/AddonFlare/ForumStats/_data/widget_definitions.xml": "37e46965256430f24004c2e7f08ba08f9b0d1cbcc4d70e84b3f4e3ffb713e64b",
    "src/addons/AddonFlare/ForumStats/_data/widget_positions.xml": "a29cee66134f6bc5d75ed9df1eef21096c24401915c5b5c774389c3d7bb2d5b3"
}