<?xml version="1.0" encoding="utf-8"?>
<options>
  <option option_id="ca_applicable_forum" edit_format="callback" data_type="array">
    <default_value>[]</default_value>
    <edit_format_params>XF\Option\Forum::renderSelectMultiple</edit_format_params>
    <sub_options>*</sub_options>
    <relation group_id="checkAttachment" display_order="1"/>
  </option>
  <option option_id="fs_ca_atleast_attachment_forum" edit_format="callback" data_type="array">
    <default_value>[]</default_value>
    <edit_format_params>XF\Option\Forum::renderSelectMultiple</edit_format_params>
    <sub_options>*</sub_options>
    <relation group_id="checkAttachment" display_order="3"/>
  </option>
  <option option_id="fs_ca_exclude_forum" edit_format="callback" data_type="array">
    <default_value>[]</default_value>
    <edit_format_params>XF\Option\Forum::renderSelectMultiple</edit_format_params>
    <sub_options>*</sub_options>
    <relation group_id="checkAttachment" display_order="2"/>
  </option>
</options>
