{
    "src/addons/nick97/WatchList/addon.json": "fe4f88bac240169949846020467ab1969dc81ea7a0f097c41c44297ba9da08c1",
    "src/addons/nick97/WatchList/ConnectedAccount/Provider/Trakt.php": "c9aa4bf7978d1cb62545fd3c15d14c36dec38494643a919da0fc16c0ff0464a8",
    "src/addons/nick97/WatchList/ConnectedAccount/ProviderData/Trakt.php": "184feb1c630b3236b6dfbb788c1cc495c5673173b7f02ec62cca99402bc0698e",
    "src/addons/nick97/WatchList/ConnectedAccount/Service/Trakt.php": "7441f11815c6feae7c2648720bfe22becc605902f4dfc26e5167254055e4a325",
    "src/addons/nick97/WatchList/ForumType/Movie.php": "fae93263777952f0aa2545061b4fa3256b202cb95836c48a199074295322219d",
    "src/addons/nick97/WatchList/ForumType/TV.php": "ec98156be0ab56bf9f7e3cbbc257b9a1624a73b918363434851b8d7684de53c5",
    "src/addons/nick97/WatchList/Helper/Tmdb.php": "ea7aca9ac2b63a8f68a26600ceffb38609a129733b5a6b02cb1c1bb7d3988094",
    "src/addons/nick97/WatchList/Service/Movie/Creator.php": "b65fe42abc311a544bf66886c29f1ba0242437efd8ce53e37c1f711ce56a4f5a",
    "src/addons/nick97/WatchList/Service/Movie/Preparer.php": "04bc59b29ce2d7c8c6949de7cc6ca11b7f6098989ee374a3ca39d5c96a02a2ec",
    "src/addons/nick97/WatchList/Setup.php": "503e889cbc246cf1a0e0d0f90b787d7b699ae9e1e5c179516e4cc1ba614974da",
    "src/addons/nick97/WatchList/ThreadType/Movie.php": "f7079ae5eb0d3015467d58298652a7e712f81e66230e21bdcdb2a9d22e6d6c4a",
    "src/addons/nick97/WatchList/ThreadType/TV.php": "8703e21f8ee30a6e125d5a631392af1a3ed15335666e0addef562d886d363f2f",
    "src/addons/nick97/WatchList/XF/ForumType/Discussion.php": "673dc82bd3024ac26e39e7f94d7c9cda9e8b4792d07c7f9f4d3df9277d4bf70d",
    "src/addons/nick97/WatchList/XF/Service/Thread/Creator.php": "61b4ae1b777dfae90787a36cc68665f32b2cb111b66d33d0bb1d1213e9924ea2",
    "src/addons/nick97/WatchList/_data/activity_summary_definitions.xml": "99d8c2563a31320d66f958fc8bda78613545f5f7959bb3cf5318805e3a3c39d2",
    "src/addons/nick97/WatchList/_data/admin_navigation.xml": "064ec797484ac00d5ee37367b50b06846d11f480d00550997712707f8fdac8c0",
    "src/addons/nick97/WatchList/_data/admin_permission.xml": "ec6fb97cebf0bceb24f1ed1d5778c1db54eeb7535fbb3e31d824840e7aa9ff87",
    "src/addons/nick97/WatchList/_data/advertising_positions.xml": "d2f7cbe844bb1df3cf878d22ff6306249245c8ff6b0b87b9b729744bec538261",
    "src/addons/nick97/WatchList/_data/api_scopes.xml": "6793eaf758f140e8137187ba20e65f4faccf53410433ae3ad7a8b3b38cb6b3b7",
    "src/addons/nick97/WatchList/_data/bb_codes.xml": "faa4ddd5f4a365e5ac39aebdcbe2d25aedf74e7eb9ea4a812766e2fd5e13bdb1",
    "src/addons/nick97/WatchList/_data/bb_code_media_sites.xml": "29762987990187b33e43cfb68c08dc917b2d3f0176613d78f8e6c453f82da3f3",
    "src/addons/nick97/WatchList/_data/class_extensions.xml": "c6a691804e85c8fabeec3d3d7ecafcebfdafdfe067dc842c8a7683f8a5b92f51",
    "src/addons/nick97/WatchList/_data/code_events.xml": "8370dec3df47f91df4cf79da253446ad11b29f4ea568fe76c774e97a0379f0eb",
    "src/addons/nick97/WatchList/_data/code_event_listeners.xml": "d6b5072f4909dee7a20ee9e44b163f95c8aa52e6ac7f573e292000cd9238c331",
    "src/addons/nick97/WatchList/_data/content_type_fields.xml": "c7ad5472b28f465b7ac7617627707eba1b7a39d28089460d52e1ed292fc0b06a",
    "src/addons/nick97/WatchList/_data/cron.xml": "323c4284742ef24329cd6db6f288eb9736d2353f36852e1db12591e1583aea26",
    "src/addons/nick97/WatchList/_data/help_pages.xml": "a8a0c0b06cdc550438bc8a8d385af3e1e5ab3459877dfb934c1c31be59c89163",
    "src/addons/nick97/WatchList/_data/member_stats.xml": "89fb2b93ff1eca7a1f6f752248edf6090dfd24037db1446fd18ff7143f08124d",
    "src/addons/nick97/WatchList/_data/navigation.xml": "f75e1c03a45a360bbdfcd0567121665082315068475d5b0feb8b1acbb1688651",
    "src/addons/nick97/WatchList/_data/options.xml": "1cea29aa5671733d85c8fc6f7c66128eacbca5643cbb38585eb82002879b51a4",
    "src/addons/nick97/WatchList/_data/option_groups.xml": "154d7a89664b243d0bd8227c22e241f934bf7e196c83230ee23d3c0c4fba1333",
    "src/addons/nick97/WatchList/_data/permissions.xml": "7e4fc7d5826733d15ea2d8936b9bdd41afcaad810eb38e50da3c8d8eafda1550",
    "src/addons/nick97/WatchList/_data/permission_interface_groups.xml": "3177224e96458b829aa7fb24866dda9e0455a4922aee3d669b53f59a1ffdf5d1",
    "src/addons/nick97/WatchList/_data/phrases.xml": "0351d02d47a7e5703c1606db3201df4ab98fd1b8e840b61dc5672ff304bd1a6b",
    "src/addons/nick97/WatchList/_data/routes.xml": "550fa64f9feedf137dd877b38c2684f94474619d2d83890dbb717a91b50da8f5",
    "src/addons/nick97/WatchList/_data/style_properties.xml": "8b8690a8512f01f219dd2da76e3d0c5f62afc1f317b87794a7331c859c36a7a8",
    "src/addons/nick97/WatchList/_data/style_property_groups.xml": "68e1879cb3846c42d978487aa8d5145ff3335fc39e58016878824d5cf3fd684c",
    "src/addons/nick97/WatchList/_data/templates.xml": "877ac9c0c3fda57f7394b991f466964affb246a7cae0ac8a8856ba8191c3d986",
    "src/addons/nick97/WatchList/_data/template_modifications.xml": "3b54b7df00a6a4a18c5e012b6e2588e35c23aaa13a5fc227f08646a97590d778",
    "src/addons/nick97/WatchList/_data/widget_definitions.xml": "37e46965256430f24004c2e7f08ba08f9b0d1cbcc4d70e84b3f4e3ffb713e64b",
    "src/addons/nick97/WatchList/_data/widget_positions.xml": "a29cee66134f6bc5d75ed9df1eef21096c24401915c5b5c774389c3d7bb2d5b3"
}