{
    "src/addons/nick97/WatchList/addon.json": "fe4f88bac240169949846020467ab1969dc81ea7a0f097c41c44297ba9da08c1",
    "src/addons/nick97/WatchList/ConnectedAccount/Provider/Trakt.php": "c9aa4bf7978d1cb62545fd3c15d14c36dec38494643a919da0fc16c0ff0464a8",
    "src/addons/nick97/WatchList/ConnectedAccount/ProviderData/Trakt.php": "184feb1c630b3236b6dfbb788c1cc495c5673173b7f02ec62cca99402bc0698e",
    "src/addons/nick97/WatchList/ConnectedAccount/Service/Trakt.php": "7441f11815c6feae7c2648720bfe22becc605902f4dfc26e5167254055e4a325",
    "src/addons/nick97/WatchList/Pub/Controller/WatchList.php": "c05ecc2fdce01ca3eacbb550e95d4d69946ec41914110bad5a759b74b2bfb5dd",
    "src/addons/nick97/WatchList/Setup.php": "32ae396a496a31a07e60081360e3ecdb737d37e1742c71249cab7c35ff3cda76",
    "src/addons/nick97/WatchList/XF/Entity/Thread.php": "4b2ab17be13436e54120e4e2f52ff29823e60929103f058fee680c1115ab2b36",
    "src/addons/nick97/WatchList/XF/Pub/Controller/Thread.php": "357b9c301fc140ca6531bf39080990612911ba9a782df328417bb85cb40f4d1e",
    "src/addons/nick97/WatchList/_data/activity_summary_definitions.xml": "99d8c2563a31320d66f958fc8bda78613545f5f7959bb3cf5318805e3a3c39d2",
    "src/addons/nick97/WatchList/_data/admin_navigation.xml": "064ec797484ac00d5ee37367b50b06846d11f480d00550997712707f8fdac8c0",
    "src/addons/nick97/WatchList/_data/admin_permission.xml": "ec6fb97cebf0bceb24f1ed1d5778c1db54eeb7535fbb3e31d824840e7aa9ff87",
    "src/addons/nick97/WatchList/_data/advertising_positions.xml": "d2f7cbe844bb1df3cf878d22ff6306249245c8ff6b0b87b9b729744bec538261",
    "src/addons/nick97/WatchList/_data/api_scopes.xml": "6793eaf758f140e8137187ba20e65f4faccf53410433ae3ad7a8b3b38cb6b3b7",
    "src/addons/nick97/WatchList/_data/bb_codes.xml": "faa4ddd5f4a365e5ac39aebdcbe2d25aedf74e7eb9ea4a812766e2fd5e13bdb1",
    "src/addons/nick97/WatchList/_data/bb_code_media_sites.xml": "29762987990187b33e43cfb68c08dc917b2d3f0176613d78f8e6c453f82da3f3",
    "src/addons/nick97/WatchList/_data/class_extensions.xml": "6382b83cc1665ae09064450e9762838ad5b8bc36b3cf3d4f9bc5eb2dd44c77f6",
    "src/addons/nick97/WatchList/_data/code_events.xml": "8370dec3df47f91df4cf79da253446ad11b29f4ea568fe76c774e97a0379f0eb",
    "src/addons/nick97/WatchList/_data/code_event_listeners.xml": "d6b5072f4909dee7a20ee9e44b163f95c8aa52e6ac7f573e292000cd9238c331",
    "src/addons/nick97/WatchList/_data/content_type_fields.xml": "c7ad5472b28f465b7ac7617627707eba1b7a39d28089460d52e1ed292fc0b06a",
    "src/addons/nick97/WatchList/_data/cron.xml": "323c4284742ef24329cd6db6f288eb9736d2353f36852e1db12591e1583aea26",
    "src/addons/nick97/WatchList/_data/help_pages.xml": "a8a0c0b06cdc550438bc8a8d385af3e1e5ab3459877dfb934c1c31be59c89163",
    "src/addons/nick97/WatchList/_data/member_stats.xml": "89fb2b93ff1eca7a1f6f752248edf6090dfd24037db1446fd18ff7143f08124d",
    "src/addons/nick97/WatchList/_data/navigation.xml": "e6bd9f4326dd28dc5d11e21b4764b36ff734f2f6a8f417cdb3f9f4a1255b7af3",
    "src/addons/nick97/WatchList/_data/options.xml": "1cea29aa5671733d85c8fc6f7c66128eacbca5643cbb38585eb82002879b51a4",
    "src/addons/nick97/WatchList/_data/option_groups.xml": "154d7a89664b243d0bd8227c22e241f934bf7e196c83230ee23d3c0c4fba1333",
    "src/addons/nick97/WatchList/_data/permissions.xml": "7e4fc7d5826733d15ea2d8936b9bdd41afcaad810eb38e50da3c8d8eafda1550",
    "src/addons/nick97/WatchList/_data/permission_interface_groups.xml": "3177224e96458b829aa7fb24866dda9e0455a4922aee3d669b53f59a1ffdf5d1",
    "src/addons/nick97/WatchList/_data/phrases.xml": "17138d4b169635b9abebfac7fead8d7ab99714c03382491bbbfc904fbe5815cc",
    "src/addons/nick97/WatchList/_data/routes.xml": "ff561c780db30c77a1d6fa4d6e36ddfddf3623380c89094d9609fa48c1f3e4cd",
    "src/addons/nick97/WatchList/_data/style_properties.xml": "8b8690a8512f01f219dd2da76e3d0c5f62afc1f317b87794a7331c859c36a7a8",
    "src/addons/nick97/WatchList/_data/style_property_groups.xml": "68e1879cb3846c42d978487aa8d5145ff3335fc39e58016878824d5cf3fd684c",
    "src/addons/nick97/WatchList/_data/templates.xml": "e912fe2a8455768dcb4526844980327b34ba4efc172a79984b1665a2587c5e46",
    "src/addons/nick97/WatchList/_data/template_modifications.xml": "d57bbebe7585b95621ef1815bd8960cff67163a7019af60064dd9aa16b96ef4f",
    "src/addons/nick97/WatchList/_data/widget_definitions.xml": "37e46965256430f24004c2e7f08ba08f9b0d1cbcc4d70e84b3f4e3ffb713e64b",
    "src/addons/nick97/WatchList/_data/widget_positions.xml": "a29cee66134f6bc5d75ed9df1eef21096c24401915c5b5c774389c3d7bb2d5b3"
}