{
    "src/addons/FS/ThreadScoringSystem/addon.json": "c36178f54fcfccc27a9c8684d59a925719cbb1ffd9de461d0b49a13f8a73cf3c",
    "src/addons/FS/ThreadScoringSystem/Cron/ScoringSystem.php": "6e49cabccf3cb9a07ceeaab5c56b7359162dc055d412e2e5d0988d44547582b7",
    "src/addons/FS/ThreadScoringSystem/Entity/ScoringSystem.php": "fcec62a8c1f23188a02eaaeb341d7b1d2370bc4ef6d8b175790602b28934fe00",
    "src/addons/FS/ThreadScoringSystem/Entity/TotalScoringCustom.php": "6f171812af9b761dba0df66ea4dd089b7548f9c3c18ea22b0b17e9e9b0385ada",
    "src/addons/FS/ThreadScoringSystem/Entity/TotalScoringSystem.php": "4e0878e160cdb64501302c13cefb0a756f21b309383d62fa1e01007369eaadf9",
    "src/addons/FS/ThreadScoringSystem/Install/Data/MySql.php": "a6e202ec1c71f567ad5c812d4f451edb755f527db430f7b6bebc531b50adbe00",
    "src/addons/FS/ThreadScoringSystem/Job/ExcludeForumsThreadsDelete.php": "e71df29a43307c595eab4166e1e96de0dc8f24cc866d29c877ea305b0ec6e114",
    "src/addons/FS/ThreadScoringSystem/Job/MonthWiseScore.php": "c7e2e02b4e29ccedecd669377a28d629eb0bb1ba678da99ccf729e0b41568594",
    "src/addons/FS/ThreadScoringSystem/Job/NotableMemberTotalPoints.php": "aa71a43301e90b0b6a86f2c76a6168317f3675a32c5b72b40dddf8193df68b36",
    "src/addons/FS/ThreadScoringSystem/Job/ReplyPoints.php": "0e3cbbe7262014d8af43660eeda0771ad00ca21c7306dc85a1b96478ff41c85f",
    "src/addons/FS/ThreadScoringSystem/Job/ReplyPointsPerv.php": "25b772411bf99d10b6d5b2c14488955a534c851e0d984d1af635ec2d153c2566",
    "src/addons/FS/ThreadScoringSystem/Job/SolutionPoints.php": "3591cca623a03e47eeacf0c09852bccfb1d5357a1f5f56d16d6f829d0d8b09ef",
    "src/addons/FS/ThreadScoringSystem/Job/ThreadDelete.php": "cfce85b5c0e852b22cf3dff0ad8310822900449c643e35de2bdbf14cc669ff09",
    "src/addons/FS/ThreadScoringSystem/Job/ThreadStarter.php": "39eb1742c8d4a7d9d00011eac3b9ad80e5ea3b1d9e8d31eedf062bbe22f04517",
    "src/addons/FS/ThreadScoringSystem/Job/ThreadStarterPerv.php": "3209f3e61547b4bea1892d8f68f3dc95fcc373a64fbfde3778d5ae9340605b74",
    "src/addons/FS/ThreadScoringSystem/Service/ReplyPoints.php": "904d9c525cb665ab18f81ced100aaf6fcf8aaba8354c4579a57037f99c09c873",
    "src/addons/FS/ThreadScoringSystem/Setup.php": "85071ce6932c8ceac357f82b8df049796539cde8e0ee60aff6f9ddf6d84391b9",
    "src/addons/FS/ThreadScoringSystem/Widget/MonthWiseScore.php": "d7614713a08514db64bff8caace5ad2804913e137bf768903a7b67a6dd865dd7",
    "src/addons/FS/ThreadScoringSystem/XF/Entity/Post.php": "4225c3c06801029ed54796fd7a2ab5b604455fe37b5782b7bbf1963843f2ce8d",
    "src/addons/FS/ThreadScoringSystem/XF/Entity/Thread.php": "83ce7cc4aa6f5657fbd3668bd60bdc22e1600ec67987e475d277f8e2b52a463a",
    "src/addons/FS/ThreadScoringSystem/XF/Entity/ThreadQuestion.php": "d469878c5877148cec8ed4591e7f896fc8a88bffd1d69eedc6747b10d4227bbb",
    "src/addons/FS/ThreadScoringSystem/XF/Entity/User.php": "d83c31645ba464b5031e085615e62da807eef7697c7ecf7e53995397b4eb0e76",
    "src/addons/FS/ThreadScoringSystem/XF/Pub/Controller/Member.php": "a3f1a17cfcd8f332131dc1718036a4c9181fcdf3555cd81ce84748d45f839cef",
    "src/addons/FS/ThreadScoringSystem/_data/activity_summary_definitions.xml": "99d8c2563a31320d66f958fc8bda78613545f5f7959bb3cf5318805e3a3c39d2",
    "src/addons/FS/ThreadScoringSystem/_data/admin_navigation.xml": "064ec797484ac00d5ee37367b50b06846d11f480d00550997712707f8fdac8c0",
    "src/addons/FS/ThreadScoringSystem/_data/admin_permission.xml": "ec6fb97cebf0bceb24f1ed1d5778c1db54eeb7535fbb3e31d824840e7aa9ff87",
    "src/addons/FS/ThreadScoringSystem/_data/advertising_positions.xml": "d2f7cbe844bb1df3cf878d22ff6306249245c8ff6b0b87b9b729744bec538261",
    "src/addons/FS/ThreadScoringSystem/_data/api_scopes.xml": "6793eaf758f140e8137187ba20e65f4faccf53410433ae3ad7a8b3b38cb6b3b7",
    "src/addons/FS/ThreadScoringSystem/_data/bb_codes.xml": "faa4ddd5f4a365e5ac39aebdcbe2d25aedf74e7eb9ea4a812766e2fd5e13bdb1",
    "src/addons/FS/ThreadScoringSystem/_data/bb_code_media_sites.xml": "29762987990187b33e43cfb68c08dc917b2d3f0176613d78f8e6c453f82da3f3",
    "src/addons/FS/ThreadScoringSystem/_data/class_extensions.xml": "a9ba3ebdbcd099c188715cab24e00552575643aa3d3d4d126ab543db67d26553",
    "src/addons/FS/ThreadScoringSystem/_data/code_events.xml": "8370dec3df47f91df4cf79da253446ad11b29f4ea568fe76c774e97a0379f0eb",
    "src/addons/FS/ThreadScoringSystem/_data/code_event_listeners.xml": "d6b5072f4909dee7a20ee9e44b163f95c8aa52e6ac7f573e292000cd9238c331",
    "src/addons/FS/ThreadScoringSystem/_data/content_type_fields.xml": "c7ad5472b28f465b7ac7617627707eba1b7a39d28089460d52e1ed292fc0b06a",
    "src/addons/FS/ThreadScoringSystem/_data/cron.xml": "869953792f7805372be3281039b6e7d18fb98a0a4f4420e5d0fe9412ba3c65c9",
    "src/addons/FS/ThreadScoringSystem/_data/help_pages.xml": "a8a0c0b06cdc550438bc8a8d385af3e1e5ab3459877dfb934c1c31be59c89163",
    "src/addons/FS/ThreadScoringSystem/_data/member_stats.xml": "89fb2b93ff1eca7a1f6f752248edf6090dfd24037db1446fd18ff7143f08124d",
    "src/addons/FS/ThreadScoringSystem/_data/navigation.xml": "f75e1c03a45a360bbdfcd0567121665082315068475d5b0feb8b1acbb1688651",
    "src/addons/FS/ThreadScoringSystem/_data/options.xml": "86c2da311de415b2d9f54f4452a911fe5c06e033acac4d1582f38c045c79c667",
    "src/addons/FS/ThreadScoringSystem/_data/option_groups.xml": "a448ff5f07f20426ee1ac41ed9d02ea13c3de12fef7409cfe46b32d500b8660f",
    "src/addons/FS/ThreadScoringSystem/_data/permissions.xml": "6be5bdca6ecb7430beeabc5eb624b7a2d023ec808337f396da10c89c3b3e2511",
    "src/addons/FS/ThreadScoringSystem/_data/permission_interface_groups.xml": "9954496bd9aff0c04f6709c360870f6f676b6f2b1908276fbf61d3c75cc9f8fb",
    "src/addons/FS/ThreadScoringSystem/_data/phrases.xml": "f16ca667a3edb0db13acd031ede300d516baf745456e45a7a9a604667118f0f7",
    "src/addons/FS/ThreadScoringSystem/_data/routes.xml": "550fa64f9feedf137dd877b38c2684f94474619d2d83890dbb717a91b50da8f5",
    "src/addons/FS/ThreadScoringSystem/_data/style_properties.xml": "8b8690a8512f01f219dd2da76e3d0c5f62afc1f317b87794a7331c859c36a7a8",
    "src/addons/FS/ThreadScoringSystem/_data/style_property_groups.xml": "68e1879cb3846c42d978487aa8d5145ff3335fc39e58016878824d5cf3fd684c",
    "src/addons/FS/ThreadScoringSystem/_data/templates.xml": "dd72f68eaf6abbecc2363daa4ac043ba888bc903e82038116697dfd5dad9ff4a",
    "src/addons/FS/ThreadScoringSystem/_data/template_modifications.xml": "77f3d912b4b6ec0cb6535a9ec76c735bb539f8e2feeabf1371e2c322f1bb3964",
    "src/addons/FS/ThreadScoringSystem/_data/widget_definitions.xml": "86609b3f2828fd34f5146fc074654d9abf7cab7416815a5b275f924e68c83ef5",
    "src/addons/FS/ThreadScoringSystem/_data/widget_positions.xml": "a29cee66134f6bc5d75ed9df1eef21096c24401915c5b5c774389c3d7bb2d5b3"
}