<?xml version="1.0" encoding="utf-8"?>
<phrases>
  <phrase title="add_meeting" version_id="1000010" version_string="1.0.0 Alpha"><![CDATA[Add Meeting]]></phrase>
  <phrase title="admin_navigation.zoom" version_id="1000010" version_string="1.0.0 Alpha"><![CDATA[Zoom Meetings]]></phrase>
  <phrase title="admin_navigation.zoom_categories" version_id="1000010" version_string="1.0.0 Alpha"><![CDATA[Categories]]></phrase>
  <phrase title="admin_navigation.zoom_meetings" version_id="1000010" version_string="1.0.0 Alpha"><![CDATA[Meetings]]></phrase>
  <phrase title="after_register_you_will_get_join_url" version_id="1000510" version_string="1.0.5 Alpha"><![CDATA[After the Register You will get the Join Url.]]></phrase>
  <phrase title="alert_before_meeting_start" version_id="1000510" version_string="1.0.5 Alpha"><![CDATA[Alert Register Users.]]></phrase>
  <phrase title="alert_send" version_id="1000510" version_string="1.0.5 Alpha"><![CDATA[Alert Minute]]></phrase>
  <phrase title="alert_send_explain" version_id="1000510" version_string="1.0.5 Alpha"><![CDATA[Enter the minute to send alert before the meeting start.]]></phrase>
  <phrase title="built_zoom_auth_system" version_id="1000010" version_string="1.0.0 Alpha"><![CDATA[Zoom Auth]]></phrase>
  <phrase title="continuing_will_redirect_you_to_zoom_to_confirm_account_you_want_to" version_id="1000010" version_string="1.0.0 Alpha"><![CDATA[Continuing will redirect you to Zoom to confirm the account you want to connect with.]]></phrase>
  <phrase title="copy_join_url" version_id="1000510" version_string="1.0.5 Alpha"><![CDATA[Copy Join Url]]></phrase>
  <phrase title="cron_entry.alert_meeting_registers" version_id="1000510" version_string="1.0.5 Alpha"><![CDATA[Alert Zoom Meeting Registers Users.]]></phrase>
  <phrase title="cron_entry.zoom_meeting_fresh_token" version_id="1000010" version_string="1.0.0 Alpha"><![CDATA[Zoom refresh Token]]></phrase>
  <phrase title="discussion_title" version_id="1000010" version_string="1.0.0 Alpha"><![CDATA[Discussion Title]]></phrase>
  <phrase title="discussion_title_explain" version_id="1000010" version_string="1.0.0 Alpha"><![CDATA[Empty will be consider the meeting topic as title of discussion.]]></phrase>
  <phrase title="disucssion" version_id="1000010" version_string="1.0.0 Alpha"><![CDATA[Discussion]]></phrase>
  <phrase title="duration" version_id="1000010" version_string="1.0.0 Alpha"><![CDATA[Duration]]></phrase>
  <phrase title="duration_explain" version_id="1000010" version_string="1.0.0 Alpha"><![CDATA[Duration should be count in minutes.]]></phrase>
  <phrase title="edit_meeting" version_id="1000410" version_string="1.0.4 Alpha"><![CDATA[Edit Meeting]]></phrase>
  <phrase title="join_meeting" version_id="1000510" version_string="1.0.5 Alpha"><![CDATA[Join Meeting]]></phrase>
  <phrase title="join_meeting_validation" version_id="1000410" version_string="1.0.4 Alpha"><![CDATA[Join Meeting Validation]]></phrase>
  <phrase title="join_url" version_id="1000010" version_string="1.0.0 Alpha"><![CDATA[Join Url]]></phrase>
  <phrase title="join_url_copy_successfully" version_id="1000510" version_string="1.0.5 Alpha"><![CDATA[Join Url Copy successfully.]]></phrase>
  <phrase title="left_time" version_id="1000110" version_string="1.0.1 Alpha"><![CDATA[Left Time]]></phrase>
  <phrase title="meetimg_date" version_id="1000210" version_string="1.0.2 Alpha"><![CDATA[Meeting Time]]></phrase>
  <phrase title="meeting_DD" version_id="1000110" version_string="1.0.1 Alpha"><![CDATA[DD]]></phrase>
  <phrase title="meeting_HH" version_id="1000110" version_string="1.0.1 Alpha"><![CDATA[HH]]></phrase>
  <phrase title="meeting_MM" version_id="1000110" version_string="1.0.1 Alpha"><![CDATA[MM]]></phrase>
  <phrase title="meeting_SS" version_id="1000110" version_string="1.0.1 Alpha"><![CDATA[SS]]></phrase>
  <phrase title="meeting_closed" version_id="1000110" version_string="1.0.1 Alpha"><![CDATA[Closed]]></phrase>
  <phrase title="meeting_discussion" version_id="1000010" version_string="1.0.0 Alpha"><![CDATA[Discussion]]></phrase>
  <phrase title="meeting_duration" version_id="1000210" version_string="1.0.2 Alpha"><![CDATA[Duration]]></phrase>
  <phrase title="meeting_duration_min" version_id="1000210" version_string="1.0.2 Alpha"><![CDATA[{duration} mints]]></phrase>
  <phrase title="meeting_end" version_id="1000110" version_string="1.0.1 Alpha"><![CDATA[Meeting End]]></phrase>
  <phrase title="meeting_info" version_id="1000210" version_string="1.0.2 Alpha"><![CDATA[Meeting Info]]></phrase>
  <phrase title="meeting_join" version_id="1000210" version_string="1.0.2 Alpha"><![CDATA[Meeting Join]]></phrase>
  <phrase title="meeting_join_url" version_id="1000210" version_string="1.0.2 Alpha"><![CDATA[Join Url]]></phrase>
  <phrase title="meeting_list" version_id="1000010" version_string="1.0.0 Alpha"><![CDATA[Meeting list]]></phrase>
  <phrase title="meeting_owner" version_id="1000510" version_string="1.0.5 Alpha"><![CDATA[Meeting Owner]]></phrase>
  <phrase title="meeting_start" version_id="1000210" version_string="1.0.2 Alpha"><![CDATA[Start]]></phrase>
  <phrase title="meeting_start_time" version_id="1000110" version_string="1.0.1 Alpha"><![CDATA[Start Time]]></phrase>
  <phrase title="meeting_status" version_id="1000210" version_string="1.0.2 Alpha"><![CDATA[Status]]></phrase>
  <phrase title="meeting_timing" version_id="1000010" version_string="1.0.0 Alpha"><![CDATA[Timing]]></phrase>
  <phrase title="meeting_zoom_joined" version_id="1000210" version_string="1.0.2 Alpha"><![CDATA[Users ]]></phrase>
  <phrase title="minut_left_to_start_meeting" version_id="1000510" version_string="1.0.5 Alpha"><![CDATA[{mint} mints left to start meeting {title}.]]></phrase>
  <phrase title="nav.zoom_meetings" version_id="1000110" version_string="1.0.1 Alpha"><![CDATA[Zoom]]></phrase>
  <phrase title="no_meeting_found" version_id="1000510" version_string="1.0.5 Alpha"><![CDATA[No Meeting Found.]]></phrase>
  <phrase title="no_user_found" version_id="1000710" version_string="1.0.7 Alpha"><![CDATA[No User Found...!]]></phrase>
  <phrase title="option.webhook_secret_key" version_id="1000710" version_string="1.0.7 Alpha"><![CDATA[Webhook Secret Token]]></phrase>
  <phrase title="option.zoom_access_token" version_id="1000010" version_string="1.0.0 Alpha"><![CDATA[Zoom Access Token]]></phrase>
  <phrase title="option.zoom_client_id" version_id="1000010" version_string="1.0.0 Alpha"><![CDATA[Client ID]]></phrase>
  <phrase title="option.zoom_client_secret" version_id="1000010" version_string="1.0.0 Alpha"><![CDATA[Client Secret]]></phrase>
  <phrase title="option.zoom_credentials_change" version_id="1000010" version_string="1.0.0 Alpha"><![CDATA[Zoom Auth System]]></phrase>
  <phrase title="option.zoom_refresh_token" version_id="1000010" version_string="1.0.0 Alpha"><![CDATA[Zoom Refresh Token]]></phrase>
  <phrase title="option_explain.webhook_secret_key" version_id="1000710" version_string="1.0.7 Alpha"><![CDATA[Must Required for webhook validate.]]></phrase>
  <phrase title="option_explain.zoom_access_token" version_id="1000010" version_string="1.0.0 Alpha"><![CDATA[Do not need to change or insert any thing.]]></phrase>
  <phrase title="option_explain.zoom_client_id" version_id="1000010" version_string="1.0.0 Alpha"><![CDATA[]]></phrase>
  <phrase title="option_explain.zoom_client_secret" version_id="1000010" version_string="1.0.0 Alpha"><![CDATA[]]></phrase>
  <phrase title="option_explain.zoom_credentials_change" version_id="1000010" version_string="1.0.0 Alpha"><![CDATA[]]></phrase>
  <phrase title="option_explain.zoom_refresh_token" version_id="1000010" version_string="1.0.0 Alpha"><![CDATA[Do not need to change or insert any thing.]]></phrase>
  <phrase title="option_group.zoom_api_credentials" version_id="1000010" version_string="1.0.0 Alpha"><![CDATA[Zoom Api Credentials]]></phrase>
  <phrase title="option_group.zoom_meeting" version_id="1000010" version_string="1.0.0 Alpha"><![CDATA[[FS] Zoom Api Auth]]></phrase>
  <phrase title="option_group_description.zoom_api_credentials" version_id="1000010" version_string="1.0.0 Alpha"><![CDATA[]]></phrase>
  <phrase title="option_group_description.zoom_meeting" version_id="1000010" version_string="1.0.0 Alpha"><![CDATA[]]></phrase>
  <phrase title="other_meeting" version_id="1000210" version_string="1.0.2 Alpha"><![CDATA[Other Meetings]]></phrase>
  <phrase title="permission.zoom_meeting_zoom_meeting_view" version_id="1000510" version_string="1.0.5 Alpha"><![CDATA[Can View Zoom Meetings]]></phrase>
  <phrase title="permission_interface.zoom_meeting" version_id="1000510" version_string="1.0.5 Alpha"><![CDATA[[FS] Zoom Meeting]]></phrase>
  <phrase title="start_time" version_id="1000010" version_string="1.0.0 Alpha"><![CDATA[Start Time]]></phrase>
  <phrase title="start_url" version_id="1000010" version_string="1.0.0 Alpha"><![CDATA[Start Url]]></phrase>
  <phrase title="status_closed" version_id="1000210" version_string="1.0.2 Alpha"><![CDATA[Closed]]></phrase>
  <phrase title="status_live" version_id="1000210" version_string="1.0.2 Alpha"><![CDATA[Live]]></phrase>
  <phrase title="status_waiting" version_id="1000210" version_string="1.0.2 Alpha"><![CDATA[Waiting]]></phrase>
  <phrase title="user_groups_allow_join" version_id="1000410" version_string="1.0.4 Alpha"><![CDATA[UserGroups]]></phrase>
  <phrase title="user_groups_allow_join_explain" version_id="1000410" version_string="1.0.4 Alpha"><![CDATA[User Groups Allow to join url.]]></phrase>
  <phrase title="user_joined" version_id="1000710" version_string="1.0.7 Alpha"><![CDATA[Users]]></phrase>
  <phrase title="you_have_alread_join_meeting" version_id="1000510" version_string="1.0.5 Alpha"><![CDATA[You have Already Join this meeting.]]></phrase>
  <phrase title="zoom_meeting_description" version_id="1000010" version_string="1.0.0 Alpha"><![CDATA[Description]]></phrase>
  <phrase title="zoom_meeting_discussion" version_id="1000210" version_string="1.0.2 Alpha"><![CDATA[Discussion]]></phrase>
  <phrase title="zoom_meeting_join_date" version_id="1000710" version_string="1.0.7 Alpha"><![CDATA[Join]]></phrase>
  <phrase title="zoom_meeting_joined" version_id="1000710" version_string="1.0.7 Alpha"><![CDATA[Joined]]></phrase>
  <phrase title="zoom_meeting_left_date" version_id="1000710" version_string="1.0.7 Alpha"><![CDATA[Left]]></phrase>
  <phrase title="zoom_meeting_overview" version_id="1000210" version_string="1.0.2 Alpha"><![CDATA[Overview]]></phrase>
  <phrase title="zoom_meeting_topic" version_id="1000010" version_string="1.0.0 Alpha"><![CDATA[Topic]]></phrase>
  <phrase title="zoom_meeting_username" version_id="1000510" version_string="1.0.5 Alpha"><![CDATA[Username]]></phrase>
  <phrase title="zoom_meetings" version_id="1000110" version_string="1.0.1 Alpha"><![CDATA[Zoom Meetings]]></phrase>
  <phrase title="zoom_setup_explain" version_id="1000010" version_string="1.0.0 Alpha"><![CDATA[You will need to navigate to Zoom <a href="https://marketplace.zoom.us/develop/applications/" target="_blank">App</a> and setup a new project with OAuth 2.0 credentials for a web application., creating an app with get the client id and client secret also set the redirect url.]]></phrase>
  <phrase title="zoom_topic" version_id="1000010" version_string="1.0.0 Alpha"><![CDATA[Topic]]></phrase>
</phrases>
