{
    "js/XenBulletin/AvatarGallery/gallery_avatar.js": "43cc90aa8be8718a4e9de04f2b942f5fece01a0bb8c22f72ecb777b9d7f26eb6",
    "js/XenBulletin/AvatarGallery/gallery_avatar.min.js": "e4c19d71b2a8064125d8bd20bf468d82238a7459516056cf11fb9a3292c177e1",
    "src/addons/XenBulletin/AvatarGallery/addon.json": "74894081f0c0623ae37511bef5948c73974b6bbf9d0e94be266cf1e61d2caaf0",
    "src/addons/XenBulletin/AvatarGallery/Admin/Controller/AvatarGallery.php": "50719de8dca3580a9fa9c4180d5695b3a0744188f559db2309f5b5b923317f8a",
    "src/addons/XenBulletin/AvatarGallery/Entity/AvatarGallery.php": "4738313bd0c88e3ef3d69f979e10df2b2fc50d32df5ac711943c8e21e799ec7d",
    "src/addons/XenBulletin/AvatarGallery/Service/Upload.php": "f33494b94496b96a64ac657e155e9cbd0b834c4fe3be55276396f88bd7f7275b",
    "src/addons/XenBulletin/AvatarGallery/Setup.php": "62efc11eab5e7cff67259e0aee9a2159ad21d070798d4ba21ceed8f537ff1adf",
    "src/addons/XenBulletin/AvatarGallery/XF/Entity/User.php": "3669ff260a5830f61ab49a89061c8ff353132c1a6af8efbfe780d73ee3c89f5d",
    "src/addons/XenBulletin/AvatarGallery/XF/Pub/Controller/Account.php": "3dc33c2c156a4dd0c648c6610dc155d40c5704441965ba39c7d5bf287bf080af",
    "src/addons/XenBulletin/AvatarGallery/XF/Pub/Controller/Register.php": "3c862df0f159ac78742acae88482fd4758a19dc1a21292c80f94e6bb32c56867",
    "src/addons/XenBulletin/AvatarGallery/_data/activity_summary_definitions.xml": "99d8c2563a31320d66f958fc8bda78613545f5f7959bb3cf5318805e3a3c39d2",
    "src/addons/XenBulletin/AvatarGallery/_data/admin_navigation.xml": "3af9c30c9ded62937dbf9842618bea0857522de3918c5329b2be7e9128d4f046",
    "src/addons/XenBulletin/AvatarGallery/_data/admin_permission.xml": "ec6fb97cebf0bceb24f1ed1d5778c1db54eeb7535fbb3e31d824840e7aa9ff87",
    "src/addons/XenBulletin/AvatarGallery/_data/advertising_positions.xml": "d2f7cbe844bb1df3cf878d22ff6306249245c8ff6b0b87b9b729744bec538261",
    "src/addons/XenBulletin/AvatarGallery/_data/api_scopes.xml": "6793eaf758f140e8137187ba20e65f4faccf53410433ae3ad7a8b3b38cb6b3b7",
    "src/addons/XenBulletin/AvatarGallery/_data/bb_codes.xml": "faa4ddd5f4a365e5ac39aebdcbe2d25aedf74e7eb9ea4a812766e2fd5e13bdb1",
    "src/addons/XenBulletin/AvatarGallery/_data/bb_code_media_sites.xml": "29762987990187b33e43cfb68c08dc917b2d3f0176613d78f8e6c453f82da3f3",
    "src/addons/XenBulletin/AvatarGallery/_data/class_extensions.xml": "964a2c9e2ee607ff19d522ee87f9a32648304b9f6c8c85b4350e081030fb0ad4",
    "src/addons/XenBulletin/AvatarGallery/_data/code_events.xml": "8370dec3df47f91df4cf79da253446ad11b29f4ea568fe76c774e97a0379f0eb",
    "src/addons/XenBulletin/AvatarGallery/_data/code_event_listeners.xml": "d6b5072f4909dee7a20ee9e44b163f95c8aa52e6ac7f573e292000cd9238c331",
    "src/addons/XenBulletin/AvatarGallery/_data/content_type_fields.xml": "c7ad5472b28f465b7ac7617627707eba1b7a39d28089460d52e1ed292fc0b06a",
    "src/addons/XenBulletin/AvatarGallery/_data/cron.xml": "323c4284742ef24329cd6db6f288eb9736d2353f36852e1db12591e1583aea26",
    "src/addons/XenBulletin/AvatarGallery/_data/help_pages.xml": "a8a0c0b06cdc550438bc8a8d385af3e1e5ab3459877dfb934c1c31be59c89163",
    "src/addons/XenBulletin/AvatarGallery/_data/member_stats.xml": "89fb2b93ff1eca7a1f6f752248edf6090dfd24037db1446fd18ff7143f08124d",
    "src/addons/XenBulletin/AvatarGallery/_data/navigation.xml": "f75e1c03a45a360bbdfcd0567121665082315068475d5b0feb8b1acbb1688651",
    "src/addons/XenBulletin/AvatarGallery/_data/options.xml": "9ce180b280ef471e3bd79fc21222824e89d3995e3ce03b334bd15e7a52569a08",
    "src/addons/XenBulletin/AvatarGallery/_data/option_groups.xml": "314e5f504741bc6e1769420a3c4cdc7d76551e5d2f76a879f04ba2c5b898dfa2",
    "src/addons/XenBulletin/AvatarGallery/_data/permissions.xml": "27dc812c25f70555d6988f4cbe93f769d1d76cf490f7fa72bdf0b82f40f7c625",
    "src/addons/XenBulletin/AvatarGallery/_data/permission_interface_groups.xml": "b819b47fe4dd056f180ab51e94f72c6ca54b31de1c8d7d74dfbc6aaeafa5612b",
    "src/addons/XenBulletin/AvatarGallery/_data/phrases.xml": "fd4bceda4dbf204c55a9293f857a871ea2e7a5ee8f3c29fd766652063de43add",
    "src/addons/XenBulletin/AvatarGallery/_data/routes.xml": "9df976e3fc9dc4224b9bcc53a8ee359544c1a0977f56e8b4ac8d29896fdd8ce1",
    "src/addons/XenBulletin/AvatarGallery/_data/style_properties.xml": "8b8690a8512f01f219dd2da76e3d0c5f62afc1f317b87794a7331c859c36a7a8",
    "src/addons/XenBulletin/AvatarGallery/_data/style_property_groups.xml": "68e1879cb3846c42d978487aa8d5145ff3335fc39e58016878824d5cf3fd684c",
    "src/addons/XenBulletin/AvatarGallery/_data/templates.xml": "1bac63419f5bd345f79987bb17f64fee925d1cf7fefacdec679bde0baeabc40d",
    "src/addons/XenBulletin/AvatarGallery/_data/template_modifications.xml": "b31ac9a96ffc531cf3f91bd2674463f0acbdb0c6ddea0f3fe4d13c44dd175660",
    "src/addons/XenBulletin/AvatarGallery/_data/widget_definitions.xml": "37e46965256430f24004c2e7f08ba08f9b0d1cbcc4d70e84b3f4e3ffb713e64b",
    "src/addons/XenBulletin/AvatarGallery/_data/widget_positions.xml": "a29cee66134f6bc5d75ed9df1eef21096c24401915c5b5c774389c3d7bb2d5b3"
}