{
    "js/FS/SwbFemaleVerify/female_queue.js": "620d6ebe4e736daed4982e4ac1e0fd368ff728812a6b34df2c1ce25b8b01bb97",
    "js/FS/SwbFemaleVerify/female_queue.min.js": "6c93b9fd3953d18cb4ba952bdbe013446291b710cb7e3d31a1fa4836513b15f3",
    "js/FS/SwbFemaleVerify/payout.js": "54c4b302ffaf50ab5c687dc4b3537114db3e61d7765d1bc1d8f5eaccbd53f4c2",
    "js/FS/SwbFemaleVerify/payout.min.js": "980447e3ddabbf1ea1a1edc7c35fb752d11fdb2dae5a28b2051eaca567947e9c",
    "src/addons/FS/SwbFemaleVerify/addon.json": "85416b6a8a06e6718009ca0ba0ae335ea89e1432bc1720a7fb2f6403bd4dac2d",
    "src/addons/FS/SwbFemaleVerify/Addon.php": "66fb7671a7e6a972d5cea55c376e764834179fb0b5514e000d57d4240b5aec76",
    "src/addons/FS/SwbFemaleVerify/Alert/Female.php": "b5470b9215f29d2462c6f4d6ad3d3d00a0ba2cc742b5d19e3586ed2c2d15c99e",
    "src/addons/FS/SwbFemaleVerify/Entity/FemaleVerification.php": "082153eb4e1c4d4401e98ff8b77e4ae6e3bbcdc1d3c015d63fc3856c910614ef",
    "src/addons/FS/SwbFemaleVerify/Finder/FemaleVerify.php": "ba1439df4cf2705a7677a6de9775e909fd93d493b50cb33329fe9c58d3350cb0",
    "src/addons/FS/SwbFemaleVerify/Install/Data/MySql.php": "e973a02a64400ea352fc782daa332f964c50ae6ef7e8f887e0bf88c5e1dddfae",
    "src/addons/FS/SwbFemaleVerify/Listener.php": "8b63af88fba9b0623d9cbe43545c2338db4e44c297c7b691c0a6bfab110f0938",
    "src/addons/FS/SwbFemaleVerify/Notifier/Complete.php": "360860e65e83ededbf771d2ef977c4fe41a9b7ed85ec1c90db9db8ae6de20b0c",
    "src/addons/FS/SwbFemaleVerify/Notifier/Reject.php": "629d35e26b11daae8c69b770beb5d20510decf7b4d03eaf4460e1b8f418ba1c9",
    "src/addons/FS/SwbFemaleVerify/Pub/Controller/FemaleVerification.php": "00b499ba7b834eed0953425cee7d0a707613837a7e332ca799ee39b63b741109",
    "src/addons/FS/SwbFemaleVerify/Pub/Controller/Queue.php": "de6fd74f2b2f8ff75d630f0ad3ae0ecf848777935828f4a4386988bbd11f772c",
    "src/addons/FS/SwbFemaleVerify/Repository/FemaleVerify.php": "4f454c59594d7615906efbf4a548976262e3fe099795197e22b9b0f07a9c8a14",
    "src/addons/FS/SwbFemaleVerify/Service/Editor.php": "59da15fe4f5c16de449e37a9f49e342ab924c5dfae7a134169ff963d6169250f",
    "src/addons/FS/SwbFemaleVerify/Service/Notifier.php": "9f2d8f5d03cc32fb20129deee506eb1ed2be3bcdbc6c66c77fbdaf6e1e9a769d",
    "src/addons/FS/SwbFemaleVerify/Service/Upload.php": "84ededc2234da2008d2193a058a5122048b06beb2670bb006e558725707d6533",
    "src/addons/FS/SwbFemaleVerify/Setup.php": "9d9dc1ba5c05193d94183616215ce05ab02fe71b6958fa76635fb52c257e4aef",
    "src/addons/FS/SwbFemaleVerify/XF/Entity/User.php": "83cf061d9c636ad3059e3b6f705e0ba0145dd772a1f96b8a7ba9d5f199616fa5",
    "src/addons/FS/SwbFemaleVerify/XF/Pub/Controller/Register.php": "14902d37739c9977056ad62a85238fdd41e1e163232e920b36a5a3b927837f09",
    "src/addons/FS/SwbFemaleVerify/_data/activity_summary_definitions.xml": "99d8c2563a31320d66f958fc8bda78613545f5f7959bb3cf5318805e3a3c39d2",
    "src/addons/FS/SwbFemaleVerify/_data/admin_navigation.xml": "064ec797484ac00d5ee37367b50b06846d11f480d00550997712707f8fdac8c0",
    "src/addons/FS/SwbFemaleVerify/_data/admin_permission.xml": "ec6fb97cebf0bceb24f1ed1d5778c1db54eeb7535fbb3e31d824840e7aa9ff87",
    "src/addons/FS/SwbFemaleVerify/_data/advertising_positions.xml": "d2f7cbe844bb1df3cf878d22ff6306249245c8ff6b0b87b9b729744bec538261",
    "src/addons/FS/SwbFemaleVerify/_data/api_scopes.xml": "6793eaf758f140e8137187ba20e65f4faccf53410433ae3ad7a8b3b38cb6b3b7",
    "src/addons/FS/SwbFemaleVerify/_data/bb_codes.xml": "faa4ddd5f4a365e5ac39aebdcbe2d25aedf74e7eb9ea4a812766e2fd5e13bdb1",
    "src/addons/FS/SwbFemaleVerify/_data/bb_code_media_sites.xml": "29762987990187b33e43cfb68c08dc917b2d3f0176613d78f8e6c453f82da3f3",
    "src/addons/FS/SwbFemaleVerify/_data/class_extensions.xml": "b3d27526f73bf22e71952f203be75fe2cdea58690033e7dbcd9b4e2dd1762cdc",
    "src/addons/FS/SwbFemaleVerify/_data/code_events.xml": "8370dec3df47f91df4cf79da253446ad11b29f4ea568fe76c774e97a0379f0eb",
    "src/addons/FS/SwbFemaleVerify/_data/code_event_listeners.xml": "c27e6bc81f86eff8025e9137cabf5e0f3fd48113ecf3d67b2a108dbd9b6d9ff5",
    "src/addons/FS/SwbFemaleVerify/_data/content_type_fields.xml": "4026fedead2390b6bc717a1ed07fcceeb5fad412d6c39dc20c6e4a512bd8ece2",
    "src/addons/FS/SwbFemaleVerify/_data/cron.xml": "323c4284742ef24329cd6db6f288eb9736d2353f36852e1db12591e1583aea26",
    "src/addons/FS/SwbFemaleVerify/_data/help_pages.xml": "a8a0c0b06cdc550438bc8a8d385af3e1e5ab3459877dfb934c1c31be59c89163",
    "src/addons/FS/SwbFemaleVerify/_data/member_stats.xml": "89fb2b93ff1eca7a1f6f752248edf6090dfd24037db1446fd18ff7143f08124d",
    "src/addons/FS/SwbFemaleVerify/_data/navigation.xml": "f75e1c03a45a360bbdfcd0567121665082315068475d5b0feb8b1acbb1688651",
    "src/addons/FS/SwbFemaleVerify/_data/options.xml": "bb1d31c6990daa17d78e884b8cf67526990a8d97db709c221669b78ed93d2d5d",
    "src/addons/FS/SwbFemaleVerify/_data/option_groups.xml": "cdc6d4d26b013daf6cbf4e0c538102f750e544de56f66449689e9ceadf1f35cf",
    "src/addons/FS/SwbFemaleVerify/_data/permissions.xml": "7e4fc7d5826733d15ea2d8936b9bdd41afcaad810eb38e50da3c8d8eafda1550",
    "src/addons/FS/SwbFemaleVerify/_data/permission_interface_groups.xml": "3177224e96458b829aa7fb24866dda9e0455a4922aee3d669b53f59a1ffdf5d1",
    "src/addons/FS/SwbFemaleVerify/_data/phrases.xml": "623774ff371a7895a7836358e5edda796618b48c171ef0a4c47ae03354978844",
    "src/addons/FS/SwbFemaleVerify/_data/routes.xml": "4d8b8deeb099623daf0aa28e1b03797151af425d74e6f81fb5ad72f8c577d496",
    "src/addons/FS/SwbFemaleVerify/_data/style_properties.xml": "8b8690a8512f01f219dd2da76e3d0c5f62afc1f317b87794a7331c859c36a7a8",
    "src/addons/FS/SwbFemaleVerify/_data/style_property_groups.xml": "68e1879cb3846c42d978487aa8d5145ff3335fc39e58016878824d5cf3fd684c",
    "src/addons/FS/SwbFemaleVerify/_data/templates.xml": "312618fefe1c564a53d5c6af35d8d47fe2cdd110002baff2d4caf57c400e80e2",
    "src/addons/FS/SwbFemaleVerify/_data/template_modifications.xml": "1911e55e045d1f6a7b8c96ab9dc1d113d3f1a8cd5d4c8ce5b35012e3435dcf87",
    "src/addons/FS/SwbFemaleVerify/_data/widget_definitions.xml": "37e46965256430f24004c2e7f08ba08f9b0d1cbcc4d70e84b3f4e3ffb713e64b",
    "src/addons/FS/SwbFemaleVerify/_data/widget_positions.xml": "a29cee66134f6bc5d75ed9df1eef21096c24401915c5b5c774389c3d7bb2d5b3"
}