{
    "src/addons/FS/SwbFemaleVerify/addon.json": "85416b6a8a06e6718009ca0ba0ae335ea89e1432bc1720a7fb2f6403bd4dac2d",
    "src/addons/FS/SwbFemaleVerify/Addon.php": "66fb7671a7e6a972d5cea55c376e764834179fb0b5514e000d57d4240b5aec76",
    "src/addons/FS/SwbFemaleVerify/Entity/FemaleVerification.php": "53e61dc0dbd9789b4ba4d73004439f9107c760fdbe83f2787f5d2339039e384a",
    "src/addons/FS/SwbFemaleVerify/Finder/FemaleVerify.php": "ba1439df4cf2705a7677a6de9775e909fd93d493b50cb33329fe9c58d3350cb0",
    "src/addons/FS/SwbFemaleVerify/Install/Data/MySql.php": "cb71a6a3a55f572c66eef38707834c7b92847de6303fcfde903cd62dd00809d5",
    "src/addons/FS/SwbFemaleVerify/Listener.php": "8b63af88fba9b0623d9cbe43545c2338db4e44c297c7b691c0a6bfab110f0938",
    "src/addons/FS/SwbFemaleVerify/Pub/Controller/FemaleVerification.php": "6dd3bb334e79e6e7cde0ddeffbb8bd6a0fffd08e120ddb8ed68b2af97fdbd80e",
    "src/addons/FS/SwbFemaleVerify/Pub/Controller/Queue.php": "de6fd74f2b2f8ff75d630f0ad3ae0ecf848777935828f4a4386988bbd11f772c",
    "src/addons/FS/SwbFemaleVerify/Repository/FemaleVerify.php": "4f454c59594d7615906efbf4a548976262e3fe099795197e22b9b0f07a9c8a14",
    "src/addons/FS/SwbFemaleVerify/Service/Editor.php": "e0fab9ac6c9a7e8cd0655b844db674bc12eb8ccfce354d8eae3f443f166a10f4",
    "src/addons/FS/SwbFemaleVerify/Service/Notifier.php": "1aeb850f065b08d944112c342252d91fa6f58527c8208719f55868b9fe1aab24",
    "src/addons/FS/SwbFemaleVerify/Service/Upload.php": "84ededc2234da2008d2193a058a5122048b06beb2670bb006e558725707d6533",
    "src/addons/FS/SwbFemaleVerify/Setup.php": "d815c6a62e3bfbfc90851d958bd9c12e33ce336d476efc03fbf231b9abd12591",
    "src/addons/FS/SwbFemaleVerify/_data/activity_summary_definitions.xml": "99d8c2563a31320d66f958fc8bda78613545f5f7959bb3cf5318805e3a3c39d2",
    "src/addons/FS/SwbFemaleVerify/_data/admin_navigation.xml": "064ec797484ac00d5ee37367b50b06846d11f480d00550997712707f8fdac8c0",
    "src/addons/FS/SwbFemaleVerify/_data/admin_permission.xml": "ec6fb97cebf0bceb24f1ed1d5778c1db54eeb7535fbb3e31d824840e7aa9ff87",
    "src/addons/FS/SwbFemaleVerify/_data/advertising_positions.xml": "d2f7cbe844bb1df3cf878d22ff6306249245c8ff6b0b87b9b729744bec538261",
    "src/addons/FS/SwbFemaleVerify/_data/api_scopes.xml": "6793eaf758f140e8137187ba20e65f4faccf53410433ae3ad7a8b3b38cb6b3b7",
    "src/addons/FS/SwbFemaleVerify/_data/bb_codes.xml": "faa4ddd5f4a365e5ac39aebdcbe2d25aedf74e7eb9ea4a812766e2fd5e13bdb1",
    "src/addons/FS/SwbFemaleVerify/_data/bb_code_media_sites.xml": "29762987990187b33e43cfb68c08dc917b2d3f0176613d78f8e6c453f82da3f3",
    "src/addons/FS/SwbFemaleVerify/_data/class_extensions.xml": "1f548b8006e9952a3f5889f71e09fdfa6726ac1a47c1af7b2626d1a88920d5a4",
    "src/addons/FS/SwbFemaleVerify/_data/code_events.xml": "8370dec3df47f91df4cf79da253446ad11b29f4ea568fe76c774e97a0379f0eb",
    "src/addons/FS/SwbFemaleVerify/_data/code_event_listeners.xml": "c27e6bc81f86eff8025e9137cabf5e0f3fd48113ecf3d67b2a108dbd9b6d9ff5",
    "src/addons/FS/SwbFemaleVerify/_data/content_type_fields.xml": "c7ad5472b28f465b7ac7617627707eba1b7a39d28089460d52e1ed292fc0b06a",
    "src/addons/FS/SwbFemaleVerify/_data/cron.xml": "323c4284742ef24329cd6db6f288eb9736d2353f36852e1db12591e1583aea26",
    "src/addons/FS/SwbFemaleVerify/_data/help_pages.xml": "a8a0c0b06cdc550438bc8a8d385af3e1e5ab3459877dfb934c1c31be59c89163",
    "src/addons/FS/SwbFemaleVerify/_data/member_stats.xml": "89fb2b93ff1eca7a1f6f752248edf6090dfd24037db1446fd18ff7143f08124d",
    "src/addons/FS/SwbFemaleVerify/_data/navigation.xml": "f75e1c03a45a360bbdfcd0567121665082315068475d5b0feb8b1acbb1688651",
    "src/addons/FS/SwbFemaleVerify/_data/options.xml": "4214039aecf9fb19e0161881870fb5f9938df7c6ba5f5aa564ee09a8b48cfd52",
    "src/addons/FS/SwbFemaleVerify/_data/option_groups.xml": "cdc6d4d26b013daf6cbf4e0c538102f750e544de56f66449689e9ceadf1f35cf",
    "src/addons/FS/SwbFemaleVerify/_data/permissions.xml": "7e4fc7d5826733d15ea2d8936b9bdd41afcaad810eb38e50da3c8d8eafda1550",
    "src/addons/FS/SwbFemaleVerify/_data/permission_interface_groups.xml": "3177224e96458b829aa7fb24866dda9e0455a4922aee3d669b53f59a1ffdf5d1",
    "src/addons/FS/SwbFemaleVerify/_data/phrases.xml": "45334546ffb97be6b14fb3e0c1c2d161376698d15af331845eadb91dedb8479a",
    "src/addons/FS/SwbFemaleVerify/_data/routes.xml": "4d8b8deeb099623daf0aa28e1b03797151af425d74e6f81fb5ad72f8c577d496",
    "src/addons/FS/SwbFemaleVerify/_data/style_properties.xml": "8b8690a8512f01f219dd2da76e3d0c5f62afc1f317b87794a7331c859c36a7a8",
    "src/addons/FS/SwbFemaleVerify/_data/style_property_groups.xml": "68e1879cb3846c42d978487aa8d5145ff3335fc39e58016878824d5cf3fd684c",
    "src/addons/FS/SwbFemaleVerify/_data/templates.xml": "f9603aef5fd891dc672ee327508ceaa63d1466407874fe7def861dc808de334c",
    "src/addons/FS/SwbFemaleVerify/_data/template_modifications.xml": "dd4150ffd7cca77fb7e254c4e8d913180bcf6d44c769e935e3beb0b29d4626c0",
    "src/addons/FS/SwbFemaleVerify/_data/widget_definitions.xml": "37e46965256430f24004c2e7f08ba08f9b0d1cbcc4d70e84b3f4e3ffb713e64b",
    "src/addons/FS/SwbFemaleVerify/_data/widget_positions.xml": "a29cee66134f6bc5d75ed9df1eef21096c24401915c5b5c774389c3d7bb2d5b3"
}