{
    "src/addons/FS/ThreadMultiTag/addon.json": "3c2b40ca750af7e872af6d1e3075693abd7a67dca4cda1c71e018844b0da6b1c",
    "src/addons/FS/ThreadMultiTag/Setup.php": "e65b5466c2bf3da090b308f2303ffc4aaf7b04630420cf1eed52c8183e61f76d",
    "src/addons/FS/ThreadMultiTag/XF/Entity/TagContent.php": "233940caab82865dda3c6a18a1b0068721cf8f98709322b074272d103a90c22a",
    "src/addons/FS/ThreadMultiTag/XF/Entity/Thread.php": "72985639899db35ce996fd5a32ba4d7db2b5c9e5294e2e526da0f1f263d3c0dc",
    "src/addons/FS/ThreadMultiTag/XF/Pub/Controller/Forum.php": "854e173fb6f6ca38233112af16a5395d70cd14e8779e23d5d1da0812273d1ce6",
    "src/addons/FS/ThreadMultiTag/XF/Pub/Controller/Post.php": "ae68be9b890cdcf821222459359a0cfe97c8dde9935b59dad8a6c23663625418",
    "src/addons/FS/ThreadMultiTag/XF/Repository/Tag.php": "272b622a1c2dfe295599b8ee1916909c2794d4e043f13e830d7fdc80494cb415",
    "src/addons/FS/ThreadMultiTag/XF/Service/Tag/Changer.php": "3c6aa249cd5e8864d48db2400a75b6c22848cccbaf351c231faa84279271e97c",
    "src/addons/FS/ThreadMultiTag/_data/activity_summary_definitions.xml": "99d8c2563a31320d66f958fc8bda78613545f5f7959bb3cf5318805e3a3c39d2",
    "src/addons/FS/ThreadMultiTag/_data/admin_navigation.xml": "064ec797484ac00d5ee37367b50b06846d11f480d00550997712707f8fdac8c0",
    "src/addons/FS/ThreadMultiTag/_data/admin_permission.xml": "ec6fb97cebf0bceb24f1ed1d5778c1db54eeb7535fbb3e31d824840e7aa9ff87",
    "src/addons/FS/ThreadMultiTag/_data/advertising_positions.xml": "d2f7cbe844bb1df3cf878d22ff6306249245c8ff6b0b87b9b729744bec538261",
    "src/addons/FS/ThreadMultiTag/_data/api_scopes.xml": "6793eaf758f140e8137187ba20e65f4faccf53410433ae3ad7a8b3b38cb6b3b7",
    "src/addons/FS/ThreadMultiTag/_data/bb_codes.xml": "faa4ddd5f4a365e5ac39aebdcbe2d25aedf74e7eb9ea4a812766e2fd5e13bdb1",
    "src/addons/FS/ThreadMultiTag/_data/bb_code_media_sites.xml": "29762987990187b33e43cfb68c08dc917b2d3f0176613d78f8e6c453f82da3f3",
    "src/addons/FS/ThreadMultiTag/_data/class_extensions.xml": "481930b0322d2abc9168fe09764e92f7c929c7e7590d9c92e6013b4c9825efa0",
    "src/addons/FS/ThreadMultiTag/_data/code_events.xml": "8370dec3df47f91df4cf79da253446ad11b29f4ea568fe76c774e97a0379f0eb",
    "src/addons/FS/ThreadMultiTag/_data/code_event_listeners.xml": "d6b5072f4909dee7a20ee9e44b163f95c8aa52e6ac7f573e292000cd9238c331",
    "src/addons/FS/ThreadMultiTag/_data/content_type_fields.xml": "c7ad5472b28f465b7ac7617627707eba1b7a39d28089460d52e1ed292fc0b06a",
    "src/addons/FS/ThreadMultiTag/_data/cron.xml": "323c4284742ef24329cd6db6f288eb9736d2353f36852e1db12591e1583aea26",
    "src/addons/FS/ThreadMultiTag/_data/help_pages.xml": "a8a0c0b06cdc550438bc8a8d385af3e1e5ab3459877dfb934c1c31be59c89163",
    "src/addons/FS/ThreadMultiTag/_data/member_stats.xml": "89fb2b93ff1eca7a1f6f752248edf6090dfd24037db1446fd18ff7143f08124d",
    "src/addons/FS/ThreadMultiTag/_data/navigation.xml": "f75e1c03a45a360bbdfcd0567121665082315068475d5b0feb8b1acbb1688651",
    "src/addons/FS/ThreadMultiTag/_data/options.xml": "5e29912c8a10805fbf962fdb4cd3729379d1897259782b6d03469e42dc56b4e8",
    "src/addons/FS/ThreadMultiTag/_data/option_groups.xml": "e3039135ce406dc46924399e1fe718a55fd0d234a6b04bb2a6daeb9c82adb33a",
    "src/addons/FS/ThreadMultiTag/_data/permissions.xml": "7e4fc7d5826733d15ea2d8936b9bdd41afcaad810eb38e50da3c8d8eafda1550",
    "src/addons/FS/ThreadMultiTag/_data/permission_interface_groups.xml": "3177224e96458b829aa7fb24866dda9e0455a4922aee3d669b53f59a1ffdf5d1",
    "src/addons/FS/ThreadMultiTag/_data/phrases.xml": "1883d332e79518782ce863b461e9496348f576d509251cd0afe435452273fe0f",
    "src/addons/FS/ThreadMultiTag/_data/routes.xml": "550fa64f9feedf137dd877b38c2684f94474619d2d83890dbb717a91b50da8f5",
    "src/addons/FS/ThreadMultiTag/_data/style_properties.xml": "8b8690a8512f01f219dd2da76e3d0c5f62afc1f317b87794a7331c859c36a7a8",
    "src/addons/FS/ThreadMultiTag/_data/style_property_groups.xml": "68e1879cb3846c42d978487aa8d5145ff3335fc39e58016878824d5cf3fd684c",
    "src/addons/FS/ThreadMultiTag/_data/templates.xml": "95d4b078b90e74e773cef6695ef94c742e74b8d62e6798738f11f0215a58faee",
    "src/addons/FS/ThreadMultiTag/_data/template_modifications.xml": "3b54b7df00a6a4a18c5e012b6e2588e35c23aaa13a5fc227f08646a97590d778",
    "src/addons/FS/ThreadMultiTag/_data/widget_definitions.xml": "37e46965256430f24004c2e7f08ba08f9b0d1cbcc4d70e84b3f4e3ffb713e64b",
    "src/addons/FS/ThreadMultiTag/_data/widget_positions.xml": "a29cee66134f6bc5d75ed9df1eef21096c24401915c5b5c774389c3d7bb2d5b3"
}