<?xml version="1.0" encoding="utf-8"?>
<template_modifications>
  <modification type="public" template="thread_view" modification_key="fs_download_attachment_btn" description="Add Download all Attachment Button on thread-view" execution_order="10" enabled="1" action="str_replace">
    <find><![CDATA[<xf:if is="$canInlineMod">]]></find>
    <replace><![CDATA[<xf:if is="$thread.canViewAttachments() && $thread.getAttachmentPostIds()">
	<xf:button href="{{ link('threads/exportAttachments', $thread) }}" class="button--link" overlay="true" icon="export">
		{{ phrase('fs_download_all_attachments') }}
	</xf:button>
</xf:if>
$0]]></replace>
  </modification>
</template_modifications>
