{
    "src/addons/FS/LatestThread/addon.json": "41b67f5586ca3c1d784d373e386c4a9adce77ca9b49ec8c40743730fb7547001",
    "src/addons/FS/LatestThread/Option/Prefix.php": "bb634c2bc0f617f9907accb9250b53ab4c9c7e6fa8e0a0aab1012cce27831270",
    "src/addons/FS/LatestThread/Pub/Controller/ThreadContent.php": "b1e97ea592b860056f30ea484108d4caab881b8acac1f7893d1d9e8c4f3dc278",
    "src/addons/FS/LatestThread/Setup.php": "ff0c02d2465b45cbc6873576e80c355e92551756dd51ec6619fc9f970d2b379d",
    "src/addons/FS/LatestThread/XF/Entity/Thread.php": "b17e49386f2dc7cfe51d11d0a00850b11c027320b361f81d24693c19ae19994b",
    "src/addons/FS/LatestThread/_data/activity_summary_definitions.xml": "99d8c2563a31320d66f958fc8bda78613545f5f7959bb3cf5318805e3a3c39d2",
    "src/addons/FS/LatestThread/_data/admin_navigation.xml": "064ec797484ac00d5ee37367b50b06846d11f480d00550997712707f8fdac8c0",
    "src/addons/FS/LatestThread/_data/admin_permission.xml": "ec6fb97cebf0bceb24f1ed1d5778c1db54eeb7535fbb3e31d824840e7aa9ff87",
    "src/addons/FS/LatestThread/_data/advertising_positions.xml": "d2f7cbe844bb1df3cf878d22ff6306249245c8ff6b0b87b9b729744bec538261",
    "src/addons/FS/LatestThread/_data/api_scopes.xml": "6793eaf758f140e8137187ba20e65f4faccf53410433ae3ad7a8b3b38cb6b3b7",
    "src/addons/FS/LatestThread/_data/bb_codes.xml": "faa4ddd5f4a365e5ac39aebdcbe2d25aedf74e7eb9ea4a812766e2fd5e13bdb1",
    "src/addons/FS/LatestThread/_data/bb_code_media_sites.xml": "29762987990187b33e43cfb68c08dc917b2d3f0176613d78f8e6c453f82da3f3",
    "src/addons/FS/LatestThread/_data/class_extensions.xml": "aaaf21c464d78b1244b31d6062da513851119277baea5bb98e558aed4e6e45c1",
    "src/addons/FS/LatestThread/_data/code_events.xml": "8370dec3df47f91df4cf79da253446ad11b29f4ea568fe76c774e97a0379f0eb",
    "src/addons/FS/LatestThread/_data/code_event_listeners.xml": "d6b5072f4909dee7a20ee9e44b163f95c8aa52e6ac7f573e292000cd9238c331",
    "src/addons/FS/LatestThread/_data/content_type_fields.xml": "c7ad5472b28f465b7ac7617627707eba1b7a39d28089460d52e1ed292fc0b06a",
    "src/addons/FS/LatestThread/_data/cron.xml": "323c4284742ef24329cd6db6f288eb9736d2353f36852e1db12591e1583aea26",
    "src/addons/FS/LatestThread/_data/help_pages.xml": "a8a0c0b06cdc550438bc8a8d385af3e1e5ab3459877dfb934c1c31be59c89163",
    "src/addons/FS/LatestThread/_data/member_stats.xml": "89fb2b93ff1eca7a1f6f752248edf6090dfd24037db1446fd18ff7143f08124d",
    "src/addons/FS/LatestThread/_data/navigation.xml": "a3697fb034cd21a586a8d8231446b2cd884ed6a4de4aaa04a7869118ad8a16e0",
    "src/addons/FS/LatestThread/_data/options.xml": "9550a242996358721642fa628ecc33b0ffa96109656ca3ac736d565c012ab11e",
    "src/addons/FS/LatestThread/_data/option_groups.xml": "c14baff54c7e6fa4aff1bbde66bcc48bad800dbbfa740cf8ba45e0e891f98d08",
    "src/addons/FS/LatestThread/_data/permissions.xml": "597591030612b5ddbea4c95bdbfabcf031db9ba3eb2f5fa3debf40388dcfc01b",
    "src/addons/FS/LatestThread/_data/permission_interface_groups.xml": "46d34d4386beda464404140cb3afbee7effe4f25ff57781b647d1d4af30b5a05",
    "src/addons/FS/LatestThread/_data/phrases.xml": "4a26d078b7669933efd90cfb03342f66f406ab979d0d23b1d60a9e1ddb40e190",
    "src/addons/FS/LatestThread/_data/routes.xml": "cd239152b7d1e9017b0db6016d9922209829400a175ee39e0ec484aa41fc6126",
    "src/addons/FS/LatestThread/_data/style_properties.xml": "8b8690a8512f01f219dd2da76e3d0c5f62afc1f317b87794a7331c859c36a7a8",
    "src/addons/FS/LatestThread/_data/style_property_groups.xml": "68e1879cb3846c42d978487aa8d5145ff3335fc39e58016878824d5cf3fd684c",
    "src/addons/FS/LatestThread/_data/templates.xml": "18ab09b94d09124427dd0ac6bdb735087dff9649f3d86886ded5ae91b9bd52ac",
    "src/addons/FS/LatestThread/_data/template_modifications.xml": "0d0b8a1cc4d248165510427794e0740e5fccd24f0faf9fa032d35f6ee09a186e",
    "src/addons/FS/LatestThread/_data/widget_definitions.xml": "37e46965256430f24004c2e7f08ba08f9b0d1cbcc4d70e84b3f4e3ffb713e64b",
    "src/addons/FS/LatestThread/_data/widget_positions.xml": "a29cee66134f6bc5d75ed9df1eef21096c24401915c5b5c774389c3d7bb2d5b3"
}