<?xml version="1.0" encoding="utf-8"?>
<admin_navigation>
  <admin_navigation_entry navigation_id="bh_ads" parent_navigation_id="brand_hub" display_order="6" link="bh-ads" debug_only="0" development_only="0" hide_no_children="0"/>
  <admin_navigation_entry navigation_id="bh_brand" parent_navigation_id="brand_hub" display_order="1" link="bh_brand" debug_only="0" development_only="0" hide_no_children="0"/>
  <admin_navigation_entry navigation_id="bh_brand_hub_oprions" parent_navigation_id="brand_hub" display_order="5" link="options/groups/bh_brand_hub/" debug_only="0" development_only="0" hide_no_children="0"/>
  <admin_navigation_entry navigation_id="bh_category" parent_navigation_id="brand_hub" display_order="3" link="bh_category" debug_only="0" development_only="0" hide_no_children="0"/>
  <admin_navigation_entry navigation_id="bh_item" parent_navigation_id="brand_hub" display_order="2" link="bh_item" debug_only="0" development_only="0" hide_no_children="0"/>
  <admin_navigation_entry navigation_id="bh_rebuild_review_stats" parent_navigation_id="brand_hub" display_order="7" link="bh-rebuild-reviews" debug_only="0" development_only="0" hide_no_children="0"/>
  <admin_navigation_entry navigation_id="brand_hub" display_order="1" icon="fab fa-hubspot" debug_only="0" development_only="0" hide_no_children="0"/>
  <admin_navigation_entry navigation_id="custom_item_fields" parent_navigation_id="brand_hub" display_order="4" link="item-field/fields" debug_only="0" development_only="0" hide_no_children="0"/>
</admin_navigation>
