<?xml version="1.0" encoding="utf-8"?>
<content_type_fields>
  <field content_type="bh_item" field_name="alert_handler_class">XenBulletins\BrandHub\Alert\Item</field>
  <field content_type="bh_item" field_name="attachment_handler_class">XenBulletins\BrandHub\Attachment\Item</field>
  <field content_type="bh_item" field_name="bookmark_handler_class">XenBulletins\BrandHub\Bookmark\Item</field>
  <field content_type="bh_item" field_name="entity">XenBulletins\BrandHub:Item</field>
  <field content_type="bh_item" field_name="reaction_handler_class">XenBulletins\BrandHub\Reaction\Item</field>
  <field content_type="bh_ownerPage_post" field_name="alert_handler_class">XenBulletins\BrandHub\Alert\OwnerPagePost</field>
  <field content_type="bh_ownerPage_post" field_name="approval_queue_handler_class">XenBulletins\BrandHub\ApprovalQueue\OwnerPagePost</field>
  <field content_type="bh_ownerPage_post" field_name="attachment_handler_class">XenBulletins\BrandHub\Attachment\OwnerPagePost</field>
  <field content_type="bh_ownerPage_post" field_name="entity">XenBulletins\BrandHub:OwnerPagePost</field>
  <field content_type="bh_ownerPage_post" field_name="inline_mod_handler_class">XenBulletins\BrandHub\InlineMod\OwnerPagePost</field>
  <field content_type="bh_ownerPage_post" field_name="moderator_log_handler_class">XenBulletins\BrandHub\ModeratorLog\OwnerPagePost</field>
  <field content_type="bh_ownerPage_post" field_name="reaction_handler_class">XenBulletins\BrandHub\Reaction\OwnerPagePost</field>
  <field content_type="bh_ownerPage_post" field_name="report_handler_class">XenBulletins\BrandHub\Report\OwnerPagePost</field>
  <field content_type="bh_ownerPage_post" field_name="spam_handler_class">XenBulletins\BrandHub\Spam\Cleaner\OwnerPagePost</field>
  <field content_type="bh_ownerPage_post" field_name="stats_handler_class">XenBulletins\BrandHub\Stats\OwnerPagePost</field>
  <field content_type="bh_ownerPage_post" field_name="warning_handler_class">XenBulletins\BrandHub\Warning\OwnerPagePost</field>
  <field content_type="bh_ownerPage_post_comment" field_name="alert_handler_class">XenBulletins\BrandHub\Alert\OwnerPagePostComment</field>
  <field content_type="bh_ownerPage_post_comment" field_name="approval_queue_handler_class">XenBulletins\BrandHub\ApprovalQueue\OwnerPagePostComment</field>
  <field content_type="bh_ownerPage_post_comment" field_name="attachment_handler_class">XenBulletins\BrandHub\Attachment\OwnerPagePostComment</field>
  <field content_type="bh_ownerPage_post_comment" field_name="entity">XenBulletins\BrandHub:OwnerPagePostComment</field>
  <field content_type="bh_ownerPage_post_comment" field_name="moderator_log_handler_class">XenBulletins\BrandHub\ModeratorLog\OwnerPagePostComment</field>
  <field content_type="bh_ownerPage_post_comment" field_name="reaction_handler_class">XenBulletins\BrandHub\Reaction\OwnerPagePostComment</field>
  <field content_type="bh_ownerPage_post_comment" field_name="report_handler_class">XenBulletins\BrandHub\Report\OwnerPagePostComment</field>
  <field content_type="bh_ownerPage_post_comment" field_name="spam_handler_class">XenBulletins\BrandHub\Spam\Cleaner\OwnerPagePostComment</field>
  <field content_type="bh_ownerPage_post_comment" field_name="stats_handler_class">XenBulletins\BrandHub\Stats\OwnerPagePostComment</field>
  <field content_type="bh_ownerPage_post_comment" field_name="warning_handler_class">XenBulletins\BrandHub\Warning\OwnerPagePostComment</field>
  <field content_type="bh_ownerpage" field_name="alert_handler_class">XenBulletins\BrandHub\Alert\Page</field>
  <field content_type="bh_ownerpage" field_name="attachment_handler_class">XenBulletins\BrandHub\Attachment\OwnerPage</field>
  <field content_type="bh_ownerpage" field_name="entity">XenBulletins\BrandHub:OwnerPage</field>
  <field content_type="bh_ownerpage" field_name="reaction_handler_class">XenBulletins\BrandHub\Reaction\Page</field>
  <field content_type="bh_review" field_name="attachment_handler_class">XenBulletins\BrandHub\Attachment\Review</field>
  <field content_type="bh_review" field_name="entity">XenBulletins\BrandHub:ItemRating</field>
  <field content_type="bh_review" field_name="reaction_handler_class">XenBulletins\BrandHub\Reaction\ItemReview</field>
</content_type_fields>
