{
    "js/sv/multiprefix/prefix_menu.js": "79a9006c737b0be4f52a9c7d3d7e673390f8c5ff87a1ea989453a8aff83042ed",
    "js/sv/multiprefix/prefix_menu.min.js": "b71b910d36f8fbdbef15776ceb00cfce3501d548bc39846422c3ee00f6a6652c",
    "src/addons/SV/MultiPrefix/addon.json": "08b1f1c9854e306e7b0f7c4326198db13e2837888d95d54ec121d5b1a84c728b",
    "src/addons/SV/MultiPrefix/AVForums/PrefixEssentials/Pub/Controller/PrefixEss.php": "76d9fa35f29447c29db8a940a254fa223058a7d391e0d74ebbde0ae454c7cb62",
    "src/addons/SV/MultiPrefix/AVForums/PrefixEssentials/Repository/PrefixEssentials.php": "0d7044cc47ab4f0f2dfbc117d6a0176116c20e742b16b2d2c7d647f8536441d7",
    "src/addons/SV/MultiPrefix/Behavior/MultiPrefixable.php": "12a4f339fcc3f75f99a97f084f634479e082f13a656254b26ad937b2d3098257",
    "src/addons/SV/MultiPrefix/DBTech/eCommerce/Admin/Controller/Category.php": "3afbcc81ef7ace1e2281b4a3cf3d4f3d974350077e66b15caf5f7d3b028bcf5f",
    "src/addons/SV/MultiPrefix/DBTech/eCommerce/Admin/Controller/Product.php": "fe566b20edac2366feb6e9189f8dc4b6b244e92549ca187461095eb8fdc1fb0a",
    "src/addons/SV/MultiPrefix/DBTech/eCommerce/Api/Controller/Product.php": "4602c1c347c813209f8d16f4c7908921c66959204acc5106edef7a4703282ec1",
    "src/addons/SV/MultiPrefix/DBTech/eCommerce/ControllerPlugin/Overview.php": "06e5c0ba89fb2e346d65987c6c6758a4dca94d0c17b5b0a369a64395d2a05790",
    "src/addons/SV/MultiPrefix/DBTech/eCommerce/Entity/Category.php": "6c313874a005eb4c131b8b8c8fa7eddb959276f081bf1e2ce60a406e112e25ac",
    "src/addons/SV/MultiPrefix/DBTech/eCommerce/Entity/Product.php": "13de01756b409687eef1ceb875b4c6db7354d103dd60dd8533fe44971d2036d8",
    "src/addons/SV/MultiPrefix/DBTech/eCommerce/Entity/ProductPrefix.php": "d24902764a6df95a67b682f0fa3d1fad803671a5e9f5740a6ae266981f6569d6",
    "src/addons/SV/MultiPrefix/DBTech/eCommerce/Finder/Product.php": "ae63a80e0bffe06f6e33906cda94b66717f52fde3f47001b5d9bbf8ac3908e6f",
    "src/addons/SV/MultiPrefix/DBTech/eCommerce/InlineMod/Product/ApplyPrefix.php": "ff038edda92910ec7ce52faf49ce59aa18490ee8eb5c77135703c69c3e929564",
    "src/addons/SV/MultiPrefix/DBTech/eCommerce/InlineMod/Product/Move.php": "be8e16a2af95f901cf43adeedb98c7533a0bbbd8a811e25f46852c958594d447",
    "src/addons/SV/MultiPrefix/DBTech/eCommerce/Pub/Controller/Product.php": "16f53c21a83c26126e79171f44c1c7d029a0c87afffffe8c33648f2eb40ab043",
    "src/addons/SV/MultiPrefix/DBTech/eCommerce/Repository/CategoryPrefix.php": "abb141673cd4062b1ed7c25cdbf790b120a8ed07fdc06959684ea58349ffe470",
    "src/addons/SV/MultiPrefix/DBTech/eCommerce/Search/Data/Product.php": "d7e2be20798783a0f6f289c1421efc0adbff361a02298467d473f52e1ec3d2ac",
    "src/addons/SV/MultiPrefix/DBTech/eCommerce/Service/Product/Create.php": "abc4d4dfc99b52fc720b8b35262dd66b1ef24c775e8f94b06a3e6b8987badb0b",
    "src/addons/SV/MultiPrefix/DBTech/eCommerce/Service/Product/Edit.php": "f1d0bb3dc19e3b07d2eddd80668930fa3096f22abe75ee2c0f7049eabc19b4ee",
    "src/addons/SV/MultiPrefix/DBTech/eCommerce/Service/Product/Move.php": "dd74da5adf03d2abb529654d8b61456f2a8ceb8fe72976dbc14e3d19e4dc03a5",
    "src/addons/SV/MultiPrefix/DBTech/Shop/Admin/Controller/Category.php": "ea7931dc18ef41bfde0dd44a99ca46409506d9b05f3b660fbf2c5868bae132a2",
    "src/addons/SV/MultiPrefix/DBTech/Shop/Admin/Controller/Item.php": "2d20b9bbe79ec70d841c4a44014f550a43c5034d2939a82659b034bde25616da",
    "src/addons/SV/MultiPrefix/DBTech/Shop/ControllerPlugin/Overview.php": "fb21523b8833c313e57c5a383f8e95ede1b476564ed7cf9686fdfee01bab43bc",
    "src/addons/SV/MultiPrefix/DBTech/Shop/Entity/Category.php": "e89959870d4cad618cad5015c2ddab77cc6c42a1153239b9889997f4230c84f3",
    "src/addons/SV/MultiPrefix/DBTech/Shop/Entity/Item.php": "182802f2369687d0d43f0a13d33c33f47fa93c74ba9717fe6d546e2b4219909f",
    "src/addons/SV/MultiPrefix/DBTech/Shop/Entity/ItemPrefix.php": "ec1a46b88ea0f1a373d1b2696a385d9674036e06da9d5f6cea7f5038ab9382ee",
    "src/addons/SV/MultiPrefix/DBTech/Shop/Finder/Item.php": "5dadbcf1b3f457ac2a04d42898f5e5f4658f042c8ea48cd623a0074710dd1c8b",
    "src/addons/SV/MultiPrefix/DBTech/Shop/InlineMod/Item/ApplyPrefix.php": "53028f70fe79c984b2ffa0aa5ad974c1911b3ee35c8b99bd6839bd848731c959",
    "src/addons/SV/MultiPrefix/DBTech/Shop/InlineMod/Item/Move.php": "009f65ea206e93dcbbea227d4a3d5c5b3a307ab2671c8ab4b70091ad648e22a1",
    "src/addons/SV/MultiPrefix/DBTech/Shop/Pub/Controller/Item.php": "bc5329c05697c4bc8217a7de0016c7d9fa5a58faf1201b3bd4d4be70e5dc0ac4",
    "src/addons/SV/MultiPrefix/DBTech/Shop/Repository/CategoryPrefix.php": "4ff65090e1fa1578cd94d5c54cfc232a04f869cba6597e0ad63ec63717b20d84",
    "src/addons/SV/MultiPrefix/DBTech/Shop/Search/Data/Item.php": "b5e05d8ba97446e098ca71616d75391c86f18c6f1cbe59dc4693e94dc461143d",
    "src/addons/SV/MultiPrefix/DBTech/Shop/Service/Item/Create.php": "8d8d48520d5e039ae82ff424386790edd14e7414be0e74ebeb34c2fd0b7ee86a",
    "src/addons/SV/MultiPrefix/DBTech/Shop/Service/Item/Edit.php": "998540d48187f1e81a26bd6902b668cf44474bf2ae1d98c1b2a69a6196e7c752",
    "src/addons/SV/MultiPrefix/DBTech/Shop/Service/Item/Move.php": "5a3ed5a4bf25c6790eaf92b7d0323dc483ca19b2c31ed98cc265aba6b60c7537",
    "src/addons/SV/MultiPrefix/Entity/DBTecheCommerceProductPrefixLink.php": "8514a688893de13a6b51c34aef16716159deb755b05e3cf0fae1dc32369e8cd8",
    "src/addons/SV/MultiPrefix/Entity/DBTechShopItemPrefixLink.php": "533f49640f7f65083dace168c3c5393965ffbdd49e238c394cde64b7c74c2dbf",
    "src/addons/SV/MultiPrefix/Entity/ResourcePrefixLink.php": "48a0e3008cb90516ac44b6850b2653c605526c523bb1dd2bc75b94ea708e0065",
    "src/addons/SV/MultiPrefix/Entity/ThreadPrefixLink.php": "dce69b35d013f3a072cb992f557ebe4af656cb2c3470d2acc2a3294f2f189d0c",
    "src/addons/SV/MultiPrefix/Entity/XCProjectPrefixLink.php": "f9a342ff56a40cb01af75b85e87aac5f14313460e93346d9faf3906405f6ca15",
    "src/addons/SV/MultiPrefix/Entity/XCProjectTaskPrefixLink.php": "7331b8afe45a2bc37ef8104f1e20d7efaca8ca0f97bc1d74582afb1671f1988f",
    "src/addons/SV/MultiPrefix/ILinkablePrefix.php": "ed91f18c52a3e920b1abc2cfe06c34022c1d481c16d6630a7fc77017fdca55f8",
    "src/addons/SV/MultiPrefix/InstallerListener.php": "8545eded3f7a601baba5037c9f0854cae5d0dd59b13d17df2c29c85fcb0598fa",
    "src/addons/SV/MultiPrefix/Listener.php": "f0c64a25252f5d40bca7bf9640c486f2e6b1959f64e620dbdc23facd43828589",
    "src/addons/SV/MultiPrefix/Repository/AbstractPrefixMapExtender.php": "ad77cb07d6ad7118b295b5650ddf862a22f7e35ab362c47c223ad43ba25ce8f9",
    "src/addons/SV/MultiPrefix/Repository/IMultiPrefixFinder.php": "b58d690f7ad07eb09afc815e8cde01984d7378a86fd1616cdc3c8127f48dc805",
    "src/addons/SV/MultiPrefix/Repository/MultiPrefix.php": "0d85397a91ad23d9198c7f8c24234370451720efb9ebcdf4846ea7c62a5cf35e",
    "src/addons/SV/MultiPrefix/Repository/MultiPrefixRepoTrait.php": "381a92fea8fdfce6161fff55b45f519ec1bca5d3292c80008299fc0a66eaece6",
    "src/addons/SV/MultiPrefix/Setup.php": "a1f9b3163aa1cb99d4b61e842d102998c159b5aa49099966270e337b2d72b073",
    "src/addons/SV/MultiPrefix/SV/ConversationEssentials/XF/InlineMod/Conversation/CopyToThread.php": "da2c2d1303d3359737b5cdddf13824fc561b5ce24f4cf689ae2d2fde21be89b3",
    "src/addons/SV/MultiPrefix/XenConcept/ProjectManager/Admin/Controller/Category.php": "7284be85a63967f85babbcab934730c87f5e71abe1af482322763d82074ed3ba",
    "src/addons/SV/MultiPrefix/XenConcept/ProjectManager/Api/Controller/ProjectItem.php": "d966b7291dad4c4f63e2bffa4e607dafc36cc9259a69b12eda77f02cd6c68235",
    "src/addons/SV/MultiPrefix/XenConcept/ProjectManager/Api/Controller/ProjectItems.php": "48e7d859cb02902cdde54e8e01abaffe9338d7484cf53601d0fc2f9be7634f93",
    "src/addons/SV/MultiPrefix/XenConcept/ProjectManager/Api/Controller/ProjectTask.php": "7769a4c4a1fb0f8e60aef3934f83717b50612ee1937b72bfefe6cc5e1e922424",
    "src/addons/SV/MultiPrefix/XenConcept/ProjectManager/Api/Controller/ProjectTasks.php": "e46beb6c9c12db4d3d93808d545de9d4bae005946dc12f9ed97a65397b85207e",
    "src/addons/SV/MultiPrefix/XenConcept/ProjectManager/ControllerPlugin/Overview.php": "c300e42d73db78d86bc858302dc585a8bc999bf6c0d1e9440b0111cf16731e84",
    "src/addons/SV/MultiPrefix/XenConcept/ProjectManager/Entity/Category.php": "089fdaa8b7e7c08794e57ec1f6dd809c0b5f0c4a4960df4f77f21246de282bfb",
    "src/addons/SV/MultiPrefix/XenConcept/ProjectManager/Entity/ProjectItem.php": "dcb4c364d8979990bee7321834855c0227d9630765fa4534257a6b4380cff9c7",
    "src/addons/SV/MultiPrefix/XenConcept/ProjectManager/Entity/ProjectPrefix.php": "c80b8bb758b35242ff73cd488d9daf3c0609dab10f8bd7fe312d4c70f281a6dd",
    "src/addons/SV/MultiPrefix/XenConcept/ProjectManager/Entity/ProjectTask.php": "4f3d93380a91135da69dccd6cc8a71e91de8edf662da2732093f19611d781644",
    "src/addons/SV/MultiPrefix/XenConcept/ProjectManager/Entity/ProjectTaskPrefix.php": "520d6a9113a9e32d76e1c6e9f399a48bcc2d6767d1ccb790d73757a380239996",
    "src/addons/SV/MultiPrefix/XenConcept/ProjectManager/Finder/ProjectItem.php": "4138b3d641cae0aaa20af17eba5079a940c1eb614e2dcbb226ca0237f82eff6a",
    "src/addons/SV/MultiPrefix/XenConcept/ProjectManager/Finder/ProjectTask.php": "9cb850e18a9cfd61ffa6cb3808ad3d65e57b5dfa5a9eac1c6ded6086e2712daf",
    "src/addons/SV/MultiPrefix/XenConcept/ProjectManager/InlineMod/ProjectItem/ApplyPrefix.php": "830d2f3f39cfd979cbde0f26171e3d3633488046cc70ea0b581a129a575e5bb2",
    "src/addons/SV/MultiPrefix/XenConcept/ProjectManager/InlineMod/ProjectItem/Move.php": "11506d9ed17f4fcb5299b13031e424d322360a1ffcfa982d6dc0819838b6b20c",
    "src/addons/SV/MultiPrefix/XenConcept/ProjectManager/Pub/Controller/Category.php": "aa098504fafc382f28a19c7db7a1d21cec9028d062dbaf5801f7e85de9a4c07d",
    "src/addons/SV/MultiPrefix/XenConcept/ProjectManager/Pub/Controller/ProjectItem.php": "709a3419e55ea5317381350e002e76d90ef781f2301dc83d5c796302de41fea0",
    "src/addons/SV/MultiPrefix/XenConcept/ProjectManager/Pub/Controller/ProjectTask.php": "c0bb716f62ac2c60813757b8f7876384dd405fda47b9260ac95d0d48b1089cc1",
    "src/addons/SV/MultiPrefix/XenConcept/ProjectManager/Repository/CategoryPrefix.php": "3eecf097504f5ce990ab96ff065fd5d4db0b24db01eb72a8e3673c0846ae550c",
    "src/addons/SV/MultiPrefix/XenConcept/ProjectManager/Search/Data/ProjectItem.php": "0981d816d792c4f7b6c46ca874896258dcb633ae38a0498820a245bae4aafa91",
    "src/addons/SV/MultiPrefix/XenConcept/ProjectManager/Service/ProjectItem/Create.php": "32584305c6bbe8a5a2a413e35e8c0ca71b67ca3e55e0a9455e02f918daee0620",
    "src/addons/SV/MultiPrefix/XenConcept/ProjectManager/Service/ProjectItem/Edit.php": "7ad924a0e33f4fb5d12d7585c76481c1bb3bfad713cf2ebb632d86733e701b72",
    "src/addons/SV/MultiPrefix/XenConcept/ProjectManager/Service/ProjectItem/Move.php": "e2be7dd21a73dc1b14998326146b28d3f14a85a986d16fe320ea4b8513bc20e7",
    "src/addons/SV/MultiPrefix/XenConcept/ProjectManager/Service/ProjectTask/Create.php": "ae98e16236c8a53dfdb4d2a53822ed4872281fb6ab775f5fd5755e55b785eef3",
    "src/addons/SV/MultiPrefix/XenConcept/ProjectManager/Service/ProjectTask/Edit.php": "c13fe3a9f0310b1467d0a4edd999acf7bd65d45c60c091293f84cd1739a833d8",
    "src/addons/SV/MultiPrefix/XF/Admin/Controller/Feed.php": "183b3e6b1c9aa4f4fa99b68c32dfbd79c2b52b3c8770600da260ea40a1d3a732",
    "src/addons/SV/MultiPrefix/XF/Admin/Controller/Forum.php": "eef33780f30b0e256c2d4187bcff11b6f09adc1acc876fd3312abdac4d81c1e2",
    "src/addons/SV/MultiPrefix/XF/Alert/User.php": "6aeab297fa835ef65ecfc2d8ae79eb7a10517894be0ad0b684a57b382a47ad0a",
    "src/addons/SV/MultiPrefix/XF/Api/Controller/Thread.php": "f71048b8809acb7ccb166e1e6ba827cfd19e668fe725b5efa5fdd778563e76b3",
    "src/addons/SV/MultiPrefix/XF/Api/Controller/Threads.php": "282681d7b58ddf52d848d615aadd11a9553a5d7a8afc77d22205951d7ee50f36",
    "src/addons/SV/MultiPrefix/XF/ControllerPlugin/Draft.php": "f1ffffe2a9d47d4b1379d87236bf3c45587cc946fedd5aa5e10388ab650503e0",
    "src/addons/SV/MultiPrefix/XF/Entity/Feed.php": "16951d9eedfcbf78246b185a1a3164d5f75a2d855b96c9bd9b0738f4e593a263",
    "src/addons/SV/MultiPrefix/XF/Entity/Forum.php": "60295e3f7a24cff4e987d979d94dcc8dc50683870d620ee068dcb502cd8160cd",
    "src/addons/SV/MultiPrefix/XF/Entity/Thread.php": "8124a26590f87baf763a1d44093108276b2f5a0a5504d2b62441f34649abb0bc",
    "src/addons/SV/MultiPrefix/XF/Entity/ThreadPrefix.php": "1acc782300cbcecc4eaee5123448731b6bd216137eacacdafecbc868bfb3bae1",
    "src/addons/SV/MultiPrefix/XF/Finder/Thread.php": "77653396887c263489d88c48182b91aca7d66c2a1114690889e96d058dafa3ac",
    "src/addons/SV/MultiPrefix/XF/ForumType/Suggestion.php": "6ecc8951d974657ce036be97d445a299940b0d978c5c73220ba8105c309ab10f",
    "src/addons/SV/MultiPrefix/XF/InlineMod/Post/Copy.php": "3b2042774767c17140380ac1493a74f2c20de835446bfdbc9a9747c01e30614b",
    "src/addons/SV/MultiPrefix/XF/InlineMod/Post/Move.php": "6256dcedd21abd798c01559e90d80ef48716d852713bd87cb41d23c2a8fb4228",
    "src/addons/SV/MultiPrefix/XF/InlineMod/Thread/ApplyPrefix.php": "7f53c20f4c6950ead4be2dddaf58f24a753b9ed3d24237032cabc2125af0bb73",
    "src/addons/SV/MultiPrefix/XF/InlineMod/Thread/Move.php": "66fdfdaaf9c913497d46387e2e5a8ec601a29be555f51d31d4155ed905c30e8b",
    "src/addons/SV/MultiPrefix/XF/Job/ThreadAction.php": "042e976b60d9d4465c2605e83c69dadec8d1b0b92975d217613f34e1128b1b49",
    "src/addons/SV/MultiPrefix/XF/Mail/Templater.php": "b6621135bef33e02fc3d6daca54fa3db2fdc7d4ebde657b3f00246864aada38a",
    "src/addons/SV/MultiPrefix/XF/Pub/Controller/Conversation.php": "886271ab8664b3e8a43a0740bde5da57e13df499692e4e76c4e113d0e659cf33",
    "src/addons/SV/MultiPrefix/XF/Pub/Controller/Forum.php": "3b9cf7b13f70b1aee81dc6e7f9511fe2e8a5bca2c7de65b4e66cf6ac0311453d",
    "src/addons/SV/MultiPrefix/XF/Pub/Controller/Post.php": "1ed2ee0ae2d3e12512a717addf64871a2db5e02e0018b378f320f989a2dae6f9",
    "src/addons/SV/MultiPrefix/XF/Pub/Controller/Thread.php": "636a9eb9c73801d18b05af48b279b3d007dad3196ff469ff35ed09ad51f9334f",
    "src/addons/SV/MultiPrefix/XF/Repository/ForumPrefix.php": "f508635c9f25fa7b4228ccac51e42634b2c80c8163111aad4b00103dbd599639",
    "src/addons/SV/MultiPrefix/XF/Repository/Post.php": "b942fc45538f60d9dfa6974a775a56f5722ef1c6155783a435b57935d18590b0",
    "src/addons/SV/MultiPrefix/XF/Repository/Thread.php": "be86958d36b070bd8837ab72823130f1345dc8199d193f2daeda3290eeede85c",
    "src/addons/SV/MultiPrefix/XF/Search/Data/Thread.php": "5143ad0842626c91138c862dbba8cfbee23b91ec76a8aa7040da20885aae8052",
    "src/addons/SV/MultiPrefix/XF/Searcher/Thread.php": "5749f741d517f8d528cb66e564f161c6245d236092baf770a65f0106e4dafc51",
    "src/addons/SV/MultiPrefix/XF/Service/Feed/Feeder.php": "710201debc052b29e8e302a8184541f2e3d5047ad15896b41ae717b1bf18e5cb",
    "src/addons/SV/MultiPrefix/XF/Service/Post/Copier.php": "0e79fc9c5ceebdec684656a9bfbc484f8c9bf4ac6d74a92e3a53a9925bca3aa1",
    "src/addons/SV/MultiPrefix/XF/Service/Post/Mover.php": "d408258c06cdd0fc37e362584d8cc528ee4cdd64eed670c86dba4a64d4149dd1",
    "src/addons/SV/MultiPrefix/XF/Service/Report/Creator.php": "8984a45dab55ac339c9a590eb10cc711cbe634c29e23791939175f6c7bc40dbb",
    "src/addons/SV/MultiPrefix/XF/Service/Thread/Creator.php": "506e535ee6ea30dcf543ee5f3f900bf715a6ecb9ba4ee670976e12435452536e",
    "src/addons/SV/MultiPrefix/XF/Service/Thread/Editor.php": "9dbd3aa5f7cbe2a463b888d6bebe51b709d52ac7c252e9a7efaaccc4a006524f",
    "src/addons/SV/MultiPrefix/XF/Service/Thread/Mover.php": "e2c19f5d800346d83be1749314b5abb7ea2a16a481afa076c5264d37a437d3a9",
    "src/addons/SV/MultiPrefix/XF/Template/Templater.php": "7440aed209882dfc72fbf276338f6f8f1d40e343d4bb9a4d7759f0f272242de0",
    "src/addons/SV/MultiPrefix/XF/ThreadType/Suggestion.php": "8b7b6161d0a7219e2d48ff576304952e87aa41d38b1323782c9a9e87dd7d9542",
    "src/addons/SV/MultiPrefix/XFRM/Admin/Controller/Category.php": "bf65afacd74990d552da94a7a5818caf6ec378e655ff56695d205f0e0f314340",
    "src/addons/SV/MultiPrefix/XFRM/Api/Controller/ResourceItem.php": "8a8e75932d82e137ec2155260856957f41c30fc0be1cbd3c89b298989f02888a",
    "src/addons/SV/MultiPrefix/XFRM/Api/Controller/ResourceItems.php": "3225cb105a8ba6f7c5208d6f58f656bec8f61f4b1e65a2dd7db9cab6ab70472c",
    "src/addons/SV/MultiPrefix/XFRM/ControllerPlugin/Overview.php": "c74a59bc2305156c93a1cd7dd2c77df3783ac785756fb54626bcf5abfc7a181a",
    "src/addons/SV/MultiPrefix/XFRM/Entity/Category.php": "b234a09bfce1a03d240a56670ec73e9dd8c0d58f7f8d1cd5f31ce2641e3b6731",
    "src/addons/SV/MultiPrefix/XFRM/Entity/ResourceItem.php": "3e6c861485914373f2685df0df9bda9faf8d77df34292d988bf24592f2e5c596",
    "src/addons/SV/MultiPrefix/XFRM/Entity/ResourcePrefix.php": "70ff8ee36f2fa14486c0481e39ccaaec8d71aa2a855975d29391896275336759",
    "src/addons/SV/MultiPrefix/XFRM/Finder/ResourceItem.php": "95bfe26d02f24caab5450f4ee7bed437cc52de8f3ba25ba3d4b61a4d190fb5db",
    "src/addons/SV/MultiPrefix/XFRM/InlineMod/ResourceItem/ApplyPrefix.php": "4d9a0646f21a8a67173ba7cbbab153527f5f8b13ea88b37d56be84023dee3adb",
    "src/addons/SV/MultiPrefix/XFRM/InlineMod/ResourceItem/Move.php": "2a57d28ce11a739514f74bb0c182da96d0ee3f5a7b11329ab9a3b66e69aaf641",
    "src/addons/SV/MultiPrefix/XFRM/Pub/Controller/Category.php": "17261565c2185574777c85a44d6c98bd55f10d39fa0534236baff22fe44b2fa4",
    "src/addons/SV/MultiPrefix/XFRM/Pub/Controller/ResourceItem.php": "1896497f07bbc2d0ac474ac384dce2493c4be1c6fa4416a5844fbeca3c19ef5d",
    "src/addons/SV/MultiPrefix/XFRM/Repository/CategoryPrefix.php": "e4d153d7ad424f484d9f3e974abb1fa8d42fe01697e8fd1ba1c14a7544b63cd8",
    "src/addons/SV/MultiPrefix/XFRM/Search/Data/ResourceItem.php": "9a44d7edeede7f7c1c3161207bd1831598f9dcb828b996b7595c3a6ca8838054",
    "src/addons/SV/MultiPrefix/XFRM/Service/ResourceItem/Create.php": "00d49b8403b1c4c3e29eec5c61d3b0c3fbbe2e11cf2c1201ec5e201f1abb6025",
    "src/addons/SV/MultiPrefix/XFRM/Service/ResourceItem/Edit.php": "30cc2e28697a620191294ae841a0e8ff1f4b4bca78e2a06b3289b16e3e80a4ff",
    "src/addons/SV/MultiPrefix/XFRM/Service/ResourceItem/Move.php": "9d23fe7052273913f14163e70cb97bdc550d8a3f63029df48fbb74b7cdf1f6ca",
    "src/addons/SV/MultiPrefix/_data/activity_summary_definitions.xml": "99d8c2563a31320d66f958fc8bda78613545f5f7959bb3cf5318805e3a3c39d2",
    "src/addons/SV/MultiPrefix/_data/admin_navigation.xml": "064ec797484ac00d5ee37367b50b06846d11f480d00550997712707f8fdac8c0",
    "src/addons/SV/MultiPrefix/_data/admin_permission.xml": "ec6fb97cebf0bceb24f1ed1d5778c1db54eeb7535fbb3e31d824840e7aa9ff87",
    "src/addons/SV/MultiPrefix/_data/advertising_positions.xml": "d2f7cbe844bb1df3cf878d22ff6306249245c8ff6b0b87b9b729744bec538261",
    "src/addons/SV/MultiPrefix/_data/api_scopes.xml": "6793eaf758f140e8137187ba20e65f4faccf53410433ae3ad7a8b3b38cb6b3b7",
    "src/addons/SV/MultiPrefix/_data/bb_codes.xml": "faa4ddd5f4a365e5ac39aebdcbe2d25aedf74e7eb9ea4a812766e2fd5e13bdb1",
    "src/addons/SV/MultiPrefix/_data/bb_code_media_sites.xml": "29762987990187b33e43cfb68c08dc917b2d3f0176613d78f8e6c453f82da3f3",
    "src/addons/SV/MultiPrefix/_data/class_extensions.xml": "8781e1d204fd050df3df431d3988058e849f55f06c62e1c3fe387b0ee53080d8",
    "src/addons/SV/MultiPrefix/_data/code_events.xml": "8370dec3df47f91df4cf79da253446ad11b29f4ea568fe76c774e97a0379f0eb",
    "src/addons/SV/MultiPrefix/_data/code_event_listeners.xml": "31541605b1fd2e991a4a8d1fbe8a66dceff336e1b271b0d08382a456fdc45e43",
    "src/addons/SV/MultiPrefix/_data/content_type_fields.xml": "8192407b68a157bb4bc6904ded6cd9d5d080a3c7cc4f84f37f2fa07f8afb4f87",
    "src/addons/SV/MultiPrefix/_data/cron.xml": "323c4284742ef24329cd6db6f288eb9736d2353f36852e1db12591e1583aea26",
    "src/addons/SV/MultiPrefix/_data/help_pages.xml": "a8a0c0b06cdc550438bc8a8d385af3e1e5ab3459877dfb934c1c31be59c89163",
    "src/addons/SV/MultiPrefix/_data/member_stats.xml": "89fb2b93ff1eca7a1f6f752248edf6090dfd24037db1446fd18ff7143f08124d",
    "src/addons/SV/MultiPrefix/_data/navigation.xml": "f75e1c03a45a360bbdfcd0567121665082315068475d5b0feb8b1acbb1688651",
    "src/addons/SV/MultiPrefix/_data/options.xml": "72c46bb7fcc20d3c261cc11ed9592e1453808ead80e5ac7ec8af6696a11376db",
    "src/addons/SV/MultiPrefix/_data/option_groups.xml": "0c0a74383e6656a85159ea5de8bc1def1d9509a8724e860b9ab888c5257d974b",
    "src/addons/SV/MultiPrefix/_data/permissions.xml": "7e4fc7d5826733d15ea2d8936b9bdd41afcaad810eb38e50da3c8d8eafda1550",
    "src/addons/SV/MultiPrefix/_data/permission_interface_groups.xml": "3177224e96458b829aa7fb24866dda9e0455a4922aee3d669b53f59a1ffdf5d1",
    "src/addons/SV/MultiPrefix/_data/phrases.xml": "213840914c8bd512c12f745ad530872ac43b5992dd6deaeaf514332bee454f60",
    "src/addons/SV/MultiPrefix/_data/routes.xml": "550fa64f9feedf137dd877b38c2684f94474619d2d83890dbb717a91b50da8f5",
    "src/addons/SV/MultiPrefix/_data/style_properties.xml": "2c3043bef998c646846f0bc863292e29be41f54e4b400c3300de7d6764ffe9bb",
    "src/addons/SV/MultiPrefix/_data/style_property_groups.xml": "68e1879cb3846c42d978487aa8d5145ff3335fc39e58016878824d5cf3fd684c",
    "src/addons/SV/MultiPrefix/_data/templates.xml": "342b37c8be5b399677aaa58e8dda88a9e7fcd7c7fd816312bb31f09a23422ab6",
    "src/addons/SV/MultiPrefix/_data/template_modifications.xml": "5df4529ee7bd192ab4cc53bcbaa367e63cb38956e248caab42347653a5c294ac",
    "src/addons/SV/MultiPrefix/_data/widget_definitions.xml": "37e46965256430f24004c2e7f08ba08f9b0d1cbcc4d70e84b3f4e3ffb713e64b",
    "src/addons/SV/MultiPrefix/_data/widget_positions.xml": "a29cee66134f6bc5d75ed9df1eef21096c24401915c5b5c774389c3d7bb2d5b3"
}