<?xml version="1.0" encoding="utf-8"?>
<options>
  <option option_id="rs_applicable_forums" edit_format="callback" data_type="array" advanced="0">
    <default_value>[]</default_value>
    <edit_format_params>XF\Option\Forum::renderSelectMultiple</edit_format_params>
    <sub_options>*</sub_options>
    <relation group_id="fs_review_system" display_order="1"/>
  </option>
  <option option_id="rs_hide_button_userGroups" edit_format="callback" data_type="array" advanced="0">
    <default_value>[]</default_value>
    <edit_format_params>XF\Option\UserGroup::renderSelectMultiple</edit_format_params>
    <sub_options>*</sub_options>
    <relation group_id="fs_review_system" display_order="2"/>
  </option>
  <option option_id="rs_view_ros_content_userGroups" edit_format="callback" data_type="array" advanced="0">
    <default_value>[]</default_value>
    <edit_format_params>XF\Option\UserGroup::renderSelectMultiple</edit_format_params>
    <sub_options>*</sub_options>
    <relation group_id="fs_review_system" display_order="3"/>
  </option>
</options>
