{
    "src/addons/FS/HideUsernames/addon.json": "59ad72070f161d6f2c545b9284b5a7979369488a4c4c594f7324de9c2b63ed1b",
    "src/addons/FS/HideUsernames/Cron/HideUsernamesCron.php": "b36078b42c9bba54cca64cefe9f580f9c8d3ab1cc54855867bbc15a53d8d7193",
    "src/addons/FS/HideUsernames/Job/RandomUsername.php": "9852a27c0912453dcd658f690de141e764a3dc5e0bfbdf619eba5e67738a0036",
    "src/addons/FS/HideUsernames/Service/HideUserNames.php": "afdf6014b66a5f5fe5cb42e6c9ea5e71a74f938a70e37f590bcb034056b11d5a",
    "src/addons/FS/HideUsernames/Setup.php": "75b2dc203c2186bb4ccdab27a4e938bbf1895db0007f5c52c5b1ddc4f43e5289",
    "src/addons/FS/HideUsernames/XF/Entity/User.php": "5a572dbfe6c25edce5844f6f7c202aa6c8965fa851fd0515a0521141a5a6f130",
    "src/addons/FS/HideUsernames/XF/NewsFeed/Post.php": "48f34aeae073bc94f9c207ad5cfefcbbc3c82a0b5ece131013241bef79bfa007",
    "src/addons/FS/HideUsernames/XF/NewsFeed/ProfilePost.php": "fc3148a16d59f05bffec4ba6029467fadcb0c45db6fb959eb1ac41711014d400",
    "src/addons/FS/HideUsernames/XF/NewsFeed/ProfilePostComment.php": "a98e5bc3204c5acc4f5ba3a04696818333ad2f1ece53965213b1fdfb320ea60d",
    "src/addons/FS/HideUsernames/XF/NewsFeed/Thread.php": "2edcc96aa96e7534397c30b97da8e4225e77109efbd2ca94defd7563659f9d14",
    "src/addons/FS/HideUsernames/XF/Pub/Controller/Member.php": "3a08812d197ea4da12475d92461fb730fbc9c659f3307cb14f4d0f7e272d9d0c",
    "src/addons/FS/HideUsernames/XF/Pub/Controller/Thread.php": "17382365f18f16052aa8f83fdbbbdc3072d913bf5f80b6272d2702d19f4aa1db",
    "src/addons/FS/HideUsernames/XF/Repository/User.php": "baf3cf6b8ed130947f54c05323435e53ca9baf47e5a609876cc920d2040e74a3",
    "src/addons/FS/HideUsernames/XF/Str/MentionFormatter.php": "5b77c12551a07c4fbed8e6fde5d5b43cd98cd763640f0926201cee4436a99722",
    "src/addons/FS/HideUsernames/XF/Template/Templater.php": "ffd82ab014d4f70b588879d210cdd78744e360534b5c25b1bd9727a8b480f162",
    "src/addons/FS/HideUsernames/_data/activity_summary_definitions.xml": "99d8c2563a31320d66f958fc8bda78613545f5f7959bb3cf5318805e3a3c39d2",
    "src/addons/FS/HideUsernames/_data/admin_navigation.xml": "064ec797484ac00d5ee37367b50b06846d11f480d00550997712707f8fdac8c0",
    "src/addons/FS/HideUsernames/_data/admin_permission.xml": "ec6fb97cebf0bceb24f1ed1d5778c1db54eeb7535fbb3e31d824840e7aa9ff87",
    "src/addons/FS/HideUsernames/_data/advertising_positions.xml": "d2f7cbe844bb1df3cf878d22ff6306249245c8ff6b0b87b9b729744bec538261",
    "src/addons/FS/HideUsernames/_data/api_scopes.xml": "6793eaf758f140e8137187ba20e65f4faccf53410433ae3ad7a8b3b38cb6b3b7",
    "src/addons/FS/HideUsernames/_data/bb_codes.xml": "faa4ddd5f4a365e5ac39aebdcbe2d25aedf74e7eb9ea4a812766e2fd5e13bdb1",
    "src/addons/FS/HideUsernames/_data/bb_code_media_sites.xml": "29762987990187b33e43cfb68c08dc917b2d3f0176613d78f8e6c453f82da3f3",
    "src/addons/FS/HideUsernames/_data/class_extensions.xml": "23f3ff5b27703b11c887410c90baa80d88fd88a6d2067362f0146f7f44aec25d",
    "src/addons/FS/HideUsernames/_data/code_events.xml": "8370dec3df47f91df4cf79da253446ad11b29f4ea568fe76c774e97a0379f0eb",
    "src/addons/FS/HideUsernames/_data/code_event_listeners.xml": "d6b5072f4909dee7a20ee9e44b163f95c8aa52e6ac7f573e292000cd9238c331",
    "src/addons/FS/HideUsernames/_data/content_type_fields.xml": "c7ad5472b28f465b7ac7617627707eba1b7a39d28089460d52e1ed292fc0b06a",
    "src/addons/FS/HideUsernames/_data/cron.xml": "d785d324cb79efbdf64d4859f40c4f990e46916be07f0d76639b984611621d98",
    "src/addons/FS/HideUsernames/_data/help_pages.xml": "a8a0c0b06cdc550438bc8a8d385af3e1e5ab3459877dfb934c1c31be59c89163",
    "src/addons/FS/HideUsernames/_data/member_stats.xml": "89fb2b93ff1eca7a1f6f752248edf6090dfd24037db1446fd18ff7143f08124d",
    "src/addons/FS/HideUsernames/_data/navigation.xml": "f75e1c03a45a360bbdfcd0567121665082315068475d5b0feb8b1acbb1688651",
    "src/addons/FS/HideUsernames/_data/options.xml": "030ae15addda4980f78f83788932594a656639eb7d96ff1a21e7f1f74c699983",
    "src/addons/FS/HideUsernames/_data/option_groups.xml": "0cc77a544eb6a488631d2f45ec057b64d0be96a8b7ff1df82bef98d7a3dfed5e",
    "src/addons/FS/HideUsernames/_data/permissions.xml": "97d2ab977ccce88fdfc048d202096c76530a9c1e97a76644cd9576f078a94133",
    "src/addons/FS/HideUsernames/_data/permission_interface_groups.xml": "f8898b67d6850d718dd0c0e20175cb6243e0dd1f6428e680ac5ec8c2d7bb754b",
    "src/addons/FS/HideUsernames/_data/phrases.xml": "d45eab3f765c09172d6d6e6e1b36a6282999e91a7e05379034379b6edc612002",
    "src/addons/FS/HideUsernames/_data/routes.xml": "550fa64f9feedf137dd877b38c2684f94474619d2d83890dbb717a91b50da8f5",
    "src/addons/FS/HideUsernames/_data/style_properties.xml": "8b8690a8512f01f219dd2da76e3d0c5f62afc1f317b87794a7331c859c36a7a8",
    "src/addons/FS/HideUsernames/_data/style_property_groups.xml": "68e1879cb3846c42d978487aa8d5145ff3335fc39e58016878824d5cf3fd684c",
    "src/addons/FS/HideUsernames/_data/templates.xml": "95d4b078b90e74e773cef6695ef94c742e74b8d62e6798738f11f0215a58faee",
    "src/addons/FS/HideUsernames/_data/template_modifications.xml": "3b54b7df00a6a4a18c5e012b6e2588e35c23aaa13a5fc227f08646a97590d778",
    "src/addons/FS/HideUsernames/_data/widget_definitions.xml": "37e46965256430f24004c2e7f08ba08f9b0d1cbcc4d70e84b3f4e3ffb713e64b",
    "src/addons/FS/HideUsernames/_data/widget_positions.xml": "a29cee66134f6bc5d75ed9df1eef21096c24401915c5b5c774389c3d7bb2d5b3"
}