<?xml version="1.0" encoding="utf-8"?>
<class_extensions>
  <extension from_class="ThemeHouse\Covers\Pub\Controller\Cover" to_class="Snog\Movies\ThemeHouse\Covers\Pub\Controller\Cover" execute_order="10" active="1"/>
  <extension from_class="XF\Admin\Controller\User" to_class="Snog\Movies\XF\Admin\Controller\User" execute_order="10" active="1"/>
  <extension from_class="XF\Entity\Forum" to_class="Snog\Movies\XF\Entity\Forum" execute_order="10" active="1"/>
  <extension from_class="XF\Entity\Thread" to_class="Snog\Movies\XF\Entity\Thread" execute_order="10" active="1"/>
  <extension from_class="XF\Entity\User" to_class="Snog\Movies\XF\Entity\User" execute_order="10" active="1"/>
  <extension from_class="XF\Entity\UserOption" to_class="Snog\Movies\XF\Entity\UserOption" execute_order="10" active="1"/>
  <extension from_class="XF\ForumType\Discussion" to_class="Snog\Movies\XF\ForumType\Discussion" execute_order="10" active="1"/>
  <extension from_class="XF\Pub\Controller\Account" to_class="Snog\Movies\XF\Pub\Controller\Account" execute_order="10" active="1"/>
  <extension from_class="XF\Pub\Controller\Forum" to_class="Snog\Movies\XF\Pub\Controller\Forum" execute_order="10" active="1"/>
  <extension from_class="XF\Pub\Controller\Post" to_class="Snog\Movies\XF\Pub\Controller\Post" execute_order="10" active="1"/>
  <extension from_class="XF\Pub\Controller\Thread" to_class="Snog\Movies\XF\Pub\Controller\Thread" execute_order="10" active="1"/>
  <extension from_class="XF\Search\Data\Thread" to_class="Snog\Movies\XF\Search\Data\Thread" execute_order="10" active="1"/>
  <extension from_class="XF\Service\Thread\Creator" to_class="Snog\Movies\XF\Service\Thread\Creator" execute_order="10" active="1"/>
  <extension from_class="XF\Tag\Thread" to_class="Snog\Movies\XF\Tag\Thread" execute_order="10" active="1"/>
</class_extensions>
