<?xml version="1.0" encoding="utf-8"?>
<phrases>
  <phrase title="is_review_balance" version_id="1" version_string="1.0.0"><![CDATA[Use for review balance]]></phrase>
  <phrase title="payrexx_instance_label" version_id="1" version_string="1.0.0"><![CDATA[Instance]]></phrase>
  <phrase title="payrexx_secret_key_label" version_id="1" version_string="1.0.0"><![CDATA[Secret Key]]></phrase>
  <phrase title="you_must_provide_instance_name" version_id="1" version_string="1.0.0"><![CDATA[Instance value is empty]]></phrase>
  <phrase title="you_must_provide_secret_key" version_id="1" version_string="1.0.0"><![CDATA[Secret key is empty]]></phrase>
</phrases>
