<?xml version="1.0" encoding="utf-8"?>
<phrases>
  <phrase title="admin_navigation.bh_ads" version_id="3000100" version_string="3.0.1 Alpha"><![CDATA[Ads]]></phrase>
  <phrase title="admin_navigation.bh_brand" version_id="1000010" version_string="1.0.0 Alpha"><![CDATA[Brands]]></phrase>
  <phrase title="admin_navigation.bh_brand_hub_oprions" version_id="3000100" version_string="3.0.1 Alpha"><![CDATA[Options]]></phrase>
  <phrase title="admin_navigation.bh_category" version_id="1000010" version_string="1.0.0 Alpha"><![CDATA[Categories]]></phrase>
  <phrase title="admin_navigation.bh_item" version_id="1000100" version_string="1.0.1 Alpha"><![CDATA[Items]]></phrase>
  <phrase title="admin_navigation.bh_rebuild_review_stats" version_id="3000400" version_string="3.0.4 Alpha"><![CDATA[Rebuild Review Stats]]></phrase>
  <phrase title="admin_navigation.brand_hub" version_id="3000100" version_string="3.0.1 Alpha"><![CDATA[Brand Hub]]></phrase>
  <phrase title="admin_navigation.custom_item_fields" version_id="1000010" version_string="1.0.0 Alpha"><![CDATA[Item Custom FIelds]]></phrase>
  <phrase title="admin_permission.brandhub" version_id="3000400" version_string="3.0.4 Alpha"><![CDATA[Manage BrandHub]]></phrase>
  <phrase title="alert_owner_page_post_insert" version_id="3000900" version_string="3.0.9 Alpha"><![CDATA[{username} wrote a message on <a {profilePageLinkAttributes}>your owner-page</a>.]]></phrase>
  <phrase title="are_sure_to_unsub" version_id="1010900" version_string="1.1.9 Alpha"><![CDATA[Are You Sure To Unsubcribe]]></phrase>
  <phrase title="bh_about_the_x_item" version_id="1000400" version_string="1.0.4 Alpha"><![CDATA[About the {brandTitle} {itemTitle}]]></phrase>
  <phrase title="bh_ad_code" version_id="3000100" version_string="3.0.1 Alpha"><![CDATA[Ad Code]]></phrase>
  <phrase title="bh_ad_location" version_id="3000100" version_string="3.0.1 Alpha"><![CDATA[Location]]></phrase>
  <phrase title="bh_add_brand" version_id="1000010" version_string="1.0.0 Alpha"><![CDATA[Add Brand]]></phrase>
  <phrase title="bh_add_category" version_id="1000010" version_string="1.0.0 Alpha"><![CDATA[Add Category]]></phrase>
  <phrase title="bh_add_description" version_id="1020900" version_string="1.2.9 Alpha"><![CDATA[Add description]]></phrase>
  <phrase title="bh_add_item" version_id="1000010" version_string="1.0.0 Alpha"><![CDATA[Add item]]></phrase>
  <phrase title="bh_add_items" version_id="1000100" version_string="1.0.1 Alpha"><![CDATA[Add Item]]></phrase>
  <phrase title="bh_add_owner_page" version_id="1000600" version_string="1.0.6 Alpha"><![CDATA[Add Owner Page]]></phrase>
  <phrase title="bh_ads" version_id="3000100" version_string="3.0.1 Alpha"><![CDATA[Ads]]></phrase>
  <phrase title="bh_all" version_id="1000100" version_string="1.0.1 Alpha"><![CDATA[All]]></phrase>
  <phrase title="bh_apply_to_these_items" version_id="3000100" version_string="3.0.1 Alpha"><![CDATA[Apply to these items]]></phrase>
  <phrase title="bh_assign_item_desc" version_id="3000700" version_string="3.0.7 Alpha"><![CDATA[Select item to assign this thread. (you can find item quickly by typing the name of item)]]></phrase>
  <phrase title="bh_bookmark" version_id="1020300" version_string="1.2.3 Alpha"><![CDATA[Bookmark]]></phrase>
  <phrase title="bh_brand" version_id="1000100" version_string="1.0.1 Alpha"><![CDATA[Brand]]></phrase>
  <phrase title="bh_brand_about" version_id="1010100" version_string="1.1.1 Alpha"><![CDATA[About {brandTitle}]]></phrase>
  <phrase title="bh_brand_categories" version_id="1000100" version_string="1.0.1 Alpha"><![CDATA[Categories]]></phrase>
  <phrase title="bh_brand_for_sale_link" version_id="1000400" version_string="1.0.4 Alpha"><![CDATA[Used for sale link]]></phrase>
  <phrase title="bh_brand_forums_link" version_id="1000400" version_string="1.0.4 Alpha"><![CDATA[Forums link]]></phrase>
  <phrase title="bh_brand_id" version_id="3000500" version_string="3.0.5 Alpha"><![CDATA[Brand id]]></phrase>
  <phrase title="bh_brand_intro_link" version_id="1000400" version_string="1.0.4 Alpha"><![CDATA[Introduction link]]></phrase>
  <phrase title="bh_brand_lists" version_id="1000100" version_string="1.0.1 Alpha"><![CDATA[Brand list]]></phrase>
  <phrase title="bh_brand_title" version_id="1000010" version_string="1.0.0 Alpha"><![CDATA[Title]]></phrase>
  <phrase title="bh_brand_website_link" version_id="1000400" version_string="1.0.4 Alpha"><![CDATA[Website link]]></phrase>
  <phrase title="bh_brands" version_id="1000010" version_string="1.0.0 Alpha"><![CDATA[Brands]]></phrase>
  <phrase title="bh_cannot_update_review_while_your_previous_review_exists_in_deleted_state" version_id="3000700" version_string="3.0.7 Alpha"><![CDATA[Cannot update the review while your previous review exists in a deleted state. Please wait until the admin takes action on this.]]></phrase>
  <phrase title="bh_category" version_id="1000010" version_string="1.0.0 Alpha"><![CDATA[Category]]></phrase>
  <phrase title="bh_category_title" version_id="1000010" version_string="1.0.0 Alpha"><![CDATA[Title]]></phrase>
  <phrase title="bh_create_date" version_id="3050200" version_string="3.5.2 Alpha"><![CDATA[Date]]></phrase>
  <phrase title="bh_create_owner_page" version_id="3000700" version_string="3.0.7 Alpha"><![CDATA[Create your own {itemTitle} owner page]]></phrase>
  <phrase title="bh_delete_owner_page" version_id="1020900" version_string="1.2.9 Alpha"><![CDATA[Delete Owner Page]]></phrase>
  <phrase title="bh_delete_review" version_id="1000800" version_string="1.0.8 Alpha"><![CDATA[Delete review]]></phrase>
  <phrase title="bh_delete_these_brands" version_id="3000100" version_string="3.0.1 Alpha"><![CDATA[These Brands will be deleted]]></phrase>
  <phrase title="bh_delete_these_items" version_id="3000100" version_string="3.0.1 Alpha"><![CDATA[These Items will be deleted]]></phrase>
  <phrase title="bh_description" version_id="1000010" version_string="1.0.0 Alpha"><![CDATA[Description]]></phrase>
  <phrase title="bh_discussion" version_id="1000400" version_string="1.0.4 Alpha"><![CDATA[Discussion]]></phrase>
  <phrase title="bh_discussions" version_id="1000010" version_string="1.0.0 Alpha"><![CDATA[Discussions]]></phrase>
  <phrase title="bh_edit_ad" version_id="3000100" version_string="3.0.1 Alpha"><![CDATA[Edit Ad]]></phrase>
  <phrase title="bh_edit_brand" version_id="1000010" version_string="1.0.0 Alpha"><![CDATA[Edit Brand]]></phrase>
  <phrase title="bh_edit_category" version_id="1000010" version_string="1.0.0 Alpha"><![CDATA[Edit Category]]></phrase>
  <phrase title="bh_edit_description" version_id="1020900" version_string="1.2.9 Alpha"><![CDATA[Edit description]]></phrase>
  <phrase title="bh_edit_item" version_id="1000100" version_string="1.0.1 Alpha"><![CDATA[Edit Item]]></phrase>
  <phrase title="bh_edit_owner_page" version_id="1000600" version_string="1.0.6 Alpha"><![CDATA[Edit Owner Page]]></phrase>
  <phrase title="bh_edit_this_item" version_id="3000100" version_string="3.0.1 Alpha"><![CDATA[Edit this Item]]></phrase>
  <phrase title="bh_explain_why_youre_giving_this_rating" version_id="1000700" version_string="1.0.7 Alpha"><![CDATA[Explain why you're giving this rating. Reviews which are not constructive may be removed without notice.]]></phrase>
  <phrase title="bh_follow_owner_page" version_id="1000700" version_string="1.0.7 Alpha"><![CDATA[Follow The Owner Page]]></phrase>
  <phrase title="bh_here_are_the_most_recent_x_item_topics_from_our_community" version_id="1000400" version_string="1.0.4 Alpha"><![CDATA[Here are the most recent {itemTitle} topics from our community.]]></phrase>
  <phrase title="bh_highest_discussions" version_id="3000700" version_string="3.0.7 Alpha"><![CDATA[Highest discussions]]></phrase>
  <phrase title="bh_highest_rated" version_id="1000100" version_string="1.0.1 Alpha"><![CDATA[Highest Rated]]></phrase>
  <phrase title="bh_highest_rated_in_this_category" version_id="1000800" version_string="1.0.8 Alpha"><![CDATA[Highest Rated in This Category]]></phrase>
  <phrase title="bh_highest_rating" version_id="3000700" version_string="3.0.7 Alpha"><![CDATA[Highest Rating]]></phrase>
  <phrase title="bh_highest_reaction" version_id="3000700" version_string="3.0.7 Alpha"><![CDATA[Highest Reactions]]></phrase>
  <phrase title="bh_highest_views" version_id="3000800" version_string="3.0.8 Alpha"><![CDATA[Highest views]]></phrase>
  <phrase title="bh_inline_moderation_thread_link_to_brand_hub" version_id="1000800" version_string="1.0.8 Alpha"><![CDATA[Thread link to BrandHub (Inline moderation)]]></phrase>
  <phrase title="bh_introduction_x_brand" version_id="1000400" version_string="1.0.4 Alpha"><![CDATA[Introduction to {brandTitle}]]></phrase>
  <phrase title="bh_item" version_id="1000400" version_string="1.0.4 Alpha"><![CDATA[Item]]></phrase>
  <phrase title="bh_item_fields" version_id="1000100" version_string="1.0.1 Alpha"><![CDATA[Item Fields]]></phrase>
  <phrase title="bh_item_id" version_id="3000500" version_string="3.0.5 Alpha"><![CDATA[Item id]]></phrase>
  <phrase title="bh_item_list_sub" version_id="1010600" version_string="1.1.6 Alpha"><![CDATA[Subscribe Items]]></phrase>
  <phrase title="bh_item_make" version_id="1000010" version_string="1.0.0 Alpha"><![CDATA[Make]]></phrase>
  <phrase title="bh_item_model" version_id="1000010" version_string="1.0.0 Alpha"><![CDATA[Model]]></phrase>
  <phrase title="bh_item_subscribe" version_id="1010600" version_string="1.1.6 Alpha"><![CDATA[Subscribe Items]]></phrase>
  <phrase title="bh_item_title" version_id="1000400" version_string="1.0.4 Alpha"><![CDATA[Title]]></phrase>
  <phrase title="bh_items" version_id="1000100" version_string="1.0.1 Alpha"><![CDATA[Items]]></phrase>
  <phrase title="bh_link_to_brand_hub" version_id="1000800" version_string="1.0.8 Alpha"><![CDATA[Link to Brand-Hub...]]></phrase>
  <phrase title="bh_load_more_owner_pages" version_id="1000800" version_string="1.0.8 Alpha"><![CDATA[Load more Owner Pages]]></phrase>
  <phrase title="bh_load_more_x_item_reviews" version_id="1000700" version_string="1.0.7 Alpha"><![CDATA[Load more {brandTitle} {itemTitle} reviews]]></phrase>
  <phrase title="bh_lowest_discussions" version_id="3000700" version_string="3.0.7 Alpha"><![CDATA[lowest discussions]]></phrase>
  <phrase title="bh_lowest_rating" version_id="3000700" version_string="3.0.7 Alpha"><![CDATA[Lowest Rating]]></phrase>
  <phrase title="bh_lowest_reaction" version_id="3000700" version_string="3.0.7 Alpha"><![CDATA[Lowest Reactions]]></phrase>
  <phrase title="bh_lowest_views" version_id="3000800" version_string="3.0.8 Alpha"><![CDATA[Lowest views]]></phrase>
  <phrase title="bh_main_container_item" version_id="1000100" version_string="1.0.1 Alpha"><![CDATA[Main Container]]></phrase>
  <phrase title="bh_main_photo" version_id="1010500" version_string="1.1.5 Alpha"><![CDATA[Main Photo]]></phrase>
  <phrase title="bh_main_route_options_can_not_be_empty" version_id="1020700" version_string="1.2.7 Alpha"><![CDATA[Main route options can't be empty. please Enter value of these options.]]></phrase>
  <phrase title="bh_most_discussed" version_id="1000100" version_string="1.0.1 Alpha"><![CDATA[Most Discussed]]></phrase>
  <phrase title="bh_most_owners" version_id="3000100" version_string="3.0.1 Alpha"><![CDATA[Most Owners]]></phrase>
  <phrase title="bh_most_recent_x_item_reviews" version_id="1000700" version_string="1.0.7 Alpha"><![CDATA[Most recent {brandTitle} {itemTitle} reviews]]></phrase>
  <phrase title="bh_most_viewed" version_id="1000100" version_string="1.0.1 Alpha"><![CDATA[Most Viewed]]></phrase>
  <phrase title="bh_my_x_page_topics" version_id="3000700" version_string="3.0.7 Alpha"><![CDATA[{username}'s {brandTitle} {itemTitle} Topics]]></phrase>
  <phrase title="bh_newest" version_id="3000700" version_string="3.0.7 Alpha"><![CDATA[Newest]]></phrase>
  <phrase title="bh_newest_rating" version_id="3000700" version_string="3.0.7 Alpha"><![CDATA[Newest Rating]]></phrase>
  <phrase title="bh_no_brand_assign_to_selected_forum" version_id="1000800" version_string="1.0.8 Alpha"><![CDATA[Brand not assign to selected forum.]]></phrase>
  <phrase title="bh_no_items_available_for_selected_brand" version_id="1000800" version_string="1.0.8 Alpha"><![CDATA[No items are available for specified Brand.]]></phrase>
  <phrase title="bh_oldest" version_id="3000700" version_string="3.0.7 Alpha"><![CDATA[Oldest]]></phrase>
  <phrase title="bh_oldest_rating" version_id="3000700" version_string="3.0.7 Alpha"><![CDATA[Oldest Rating]]></phrase>
  <phrase title="bh_overview" version_id="1000400" version_string="1.0.4 Alpha"><![CDATA[Overview]]></phrase>
  <phrase title="bh_ownerPage_post" version_id="3000900" version_string="3.0.9 Alpha"><![CDATA[Owner page post]]></phrase>
  <phrase title="bh_ownerPage_post_comment" version_id="3000900" version_string="3.0.9 Alpha"><![CDATA[Owner page post comment]]></phrase>
  <phrase title="bh_ownerPage_posts" version_id="3010000" version_string="3.1.0 Alpha"><![CDATA[Owner page posts]]></phrase>
  <phrase title="bh_ownerPage_title" version_id="3000700" version_string="3.0.7 Alpha"><![CDATA[{username}'s {brandTitle} {itemTitle} ]]></phrase>
  <phrase title="bh_owner_page" version_id="3000100" version_string="3.0.1 Alpha"><![CDATA[Owner Pages]]></phrase>
  <phrase title="bh_owner_page_photos" version_id="1000600" version_string="1.0.6 Alpha"><![CDATA[Photos]]></phrase>
  <phrase title="bh_owner_page_post_comment_reactions" version_id="3010000" version_string="3.1.0 Alpha"><![CDATA[Owner page post comment reactions]]></phrase>
  <phrase title="bh_owner_page_post_comments" version_id="3010000" version_string="3.1.0 Alpha"><![CDATA[owner page post comments]]></phrase>
  <phrase title="bh_owner_page_post_reactions" version_id="3010000" version_string="3.1.0 Alpha"><![CDATA[Owner page post reactions]]></phrase>
  <phrase title="bh_owner_page_posts" version_id="3010000" version_string="3.1.0 Alpha"><![CDATA[Owner page posts]]></phrase>
  <phrase title="bh_owner_pages" version_id="1010500" version_string="1.1.5 Alpha"><![CDATA[Owner Pages]]></phrase>
  <phrase title="bh_page_about" version_id="1000600" version_string="1.0.6 Alpha"><![CDATA[About]]></phrase>
  <phrase title="bh_page_about_my_x_item" version_id="3000700" version_string="3.0.7 Alpha"><![CDATA[About {username}'s {brandTitle} {itemTitle}]]></phrase>
  <phrase title="bh_page_attachment" version_id="1000600" version_string="1.0.6 Alpha"><![CDATA[Attachment]]></phrase>
  <phrase title="bh_page_customizations" version_id="1000600" version_string="1.0.6 Alpha"><![CDATA[Customization]]></phrase>
  <phrase title="bh_page_id" version_id="3000800" version_string="3.0.8 Alpha"><![CDATA[Page id]]></phrase>
  <phrase title="bh_page_rank_my_X_owner_page" version_id="3000700" version_string="3.0.7 Alpha"><![CDATA[{username}'s {brandTitle} {itemTitle} Rankings]]></phrase>
  <phrase title="bh_photos" version_id="1000400" version_string="1.0.4 Alpha"><![CDATA[Photos]]></phrase>
  <phrase title="bh_please_provide_review_with_your_rating" version_id="1010300" version_string="1.1.3 Alpha"><![CDATA[Please provide a review with your rating.]]></phrase>
  <phrase title="bh_please_select_star_rating" version_id="1010300" version_string="1.1.3 Alpha"><![CDATA[Please select a star rating.]]></phrase>
  <phrase title="bh_quick_delete_explain" version_id="3000100" version_string="3.0.1 Alpha"><![CDATA[you can deselect from these if you don't want to delete them]]></phrase>
  <phrase title="bh_quick_ownerPage" version_id="3000800" version_string="3.0.8 Alpha"><![CDATA[Quick Owner-Page]]></phrase>
  <phrase title="bh_quick_review" version_id="3000800" version_string="3.0.8 Alpha"><![CDATA[Quick Review]]></phrase>
  <phrase title="bh_quick_review_and_ownerPage" version_id="3000700" version_string="3.0.7 Alpha"><![CDATA[Quick Review and Owner-Page]]></phrase>
  <phrase title="bh_quick_set_items" version_id="3000100" version_string="3.0.1 Alpha"><![CDATA[Quick set items]]></phrase>
  <phrase title="bh_quick_unlink_explain" version_id="3000100" version_string="3.0.1 Alpha"><![CDATA[you can deselect from these if you don't want to Remove them]]></phrase>
  <phrase title="bh_rate_this_item" version_id="1000700" version_string="1.0.7 Alpha"><![CDATA[Rate this Item]]></phrase>
  <phrase title="bh_rating" version_id="3000700" version_string="3.0.7 Alpha"><![CDATA[Rating]]></phrase>
  <phrase title="bh_rating_avg" version_id="1000010" version_string="1.0.0 Alpha"><![CDATA[Rating average]]></phrase>
  <phrase title="bh_rating_date" version_id="3000700" version_string="3.0.7 Alpha"><![CDATA[Rating Date]]></phrase>
  <phrase title="bh_ratings" version_id="1000010" version_string="1.0.0 Alpha"><![CDATA[Ratings]]></phrase>
  <phrase title="bh_react_to_the_item" version_id="1010600" version_string="1.1.6 Alpha"><![CDATA[{name} reacted to <a {posterParams}>{title}</a> with {reaction}]]></phrase>
  <phrase title="bh_react_to_the_page" version_id="1010900" version_string="1.1.9 Alpha"><![CDATA[{name} reacted to owner page <a {posterParams}>{title}</a> with {reaction}]]></phrase>
  <phrase title="bh_reaction_score" version_id="3000700" version_string="3.0.7 Alpha"><![CDATA[Reaction Score]]></phrase>
  <phrase title="bh_read_what_tractor_by_net_members_thinkabout_the_x_item" version_id="1000700" version_string="1.0.7 Alpha"><![CDATA[Read what TractorByNet members think about the {brandTitle} {itemTitle} Subcompact Tractor]]></phrase>
  <phrase title="bh_rebuild_review_explain" version_id="3000400" version_string="3.0.4 Alpha"><![CDATA[If you import reviews or notice any inaccuracies in review/rating statistics, please rebuild the review stats.]]></phrase>
  <phrase title="bh_rebuild_review_stats" version_id="3000400" version_string="3.0.4 Alpha"><![CDATA[Rebuild Review / Rating Stats]]></phrase>
  <phrase title="bh_rebuild_stats" version_id="3000400" version_string="3.0.4 Alpha"><![CDATA[Rebuild Stats]]></phrase>
  <phrase title="bh_recent_photos" version_id="3000600" version_string="3.0.6 Alpha"><![CDATA[Recent Photos]]></phrase>
  <phrase title="bh_recent_reviews" version_id="3000400" version_string="3.0.4 Alpha"><![CDATA[Recent Reviews]]></phrase>
  <phrase title="bh_related_x_links" version_id="1000400" version_string="1.0.4 Alpha"><![CDATA[Related {brandTitle} Links]]></phrase>
  <phrase title="bh_remove_bookmark" version_id="1020300" version_string="1.2.3 Alpha"><![CDATA[Remove Bookmark]]></phrase>
  <phrase title="bh_requested_item_not_found" version_id="1000900" version_string="1.0.9 Alpha"><![CDATA[Requested item not found]]></phrase>
  <phrase title="bh_requested_media_item_not_found" version_id="1010100" version_string="1.1.1 Alpha"><![CDATA[Requested media item not found.]]></phrase>
  <phrase title="bh_requested_review_not_found" version_id="1010100" version_string="1.1.1 Alpha"><![CDATA[Requested review not found.]]></phrase>
  <phrase title="bh_review" version_id="1000700" version_string="1.0.7 Alpha"><![CDATA[Review]]></phrase>
  <phrase title="bh_review_in_x_item" version_id="1000800" version_string="1.0.8 Alpha"><![CDATA[ Review in '{itemTitle}' Item]]></phrase>
  <phrase title="bh_review_is_required" version_id="1010300" version_string="1.1.3 Alpha"><![CDATA[Review is required]]></phrase>
  <phrase title="bh_reviews" version_id="1000010" version_string="1.0.0 Alpha"><![CDATA[Reviews]]></phrase>
  <phrase title="bh_route_already_exist_please_enter_different_route" version_id="1020700" version_string="1.2.7 Alpha"><![CDATA[Route already exist. So you can't set this route to option mian route.]]></phrase>
  <phrase title="bh_route_not_found_by_this_route_id" version_id="1020700" version_string="1.2.7 Alpha"><![CDATA[Route by this route id does not exist  in BrandHub addon. Please Enter the route id of BrandHub addon's main route of public side.]]></phrase>
  <phrase title="bh_select_brand" version_id="1000100" version_string="1.0.1 Alpha"><![CDATA[Select a Brand]]></phrase>
  <phrase title="bh_select_brand_desc" version_id="3000800" version_string="3.0.8 Alpha"><![CDATA[Select Brand (you can find Brand quickly by typing the name of the brand)]]></phrase>
  <phrase title="bh_select_item" version_id="3000700" version_string="3.0.7 Alpha"><![CDATA[Select item]]></phrase>
  <phrase title="bh_select_item_desc" version_id="3000700" version_string="3.0.7 Alpha"><![CDATA[Select Item (you can find Item quickly by typing the name of the item)]]></phrase>
  <phrase title="bh_side_bar_item" version_id="1000100" version_string="1.0.1 Alpha"><![CDATA[Side Bar ]]></phrase>
  <phrase title="bh_specifications" version_id="1000400" version_string="1.0.4 Alpha"><![CDATA[Specifications]]></phrase>
  <phrase title="bh_start_a_discussion_about_x_item" version_id="3040000" version_string="3.4.0 Alpha"><![CDATA[Start a discussion about {itemTitle} here

]]></phrase>
  <phrase title="bh_subscribe" version_id="3000100" version_string="3.0.1 Alpha"><![CDATA[Subscribe]]></phrase>
  <phrase title="bh_subscribe_x_item" version_id="1000400" version_string="1.0.4 Alpha"><![CDATA[Subscribe to the {brandTitle} {itemTitle}]]></phrase>
  <phrase title="bh_subscribed" version_id="1000800" version_string="1.0.8 Alpha"><![CDATA[You have Subscribed {itemTitle}]]></phrase>
  <phrase title="bh_thread_description" version_id="1020900" version_string="1.2.9 Alpha"><![CDATA[Discussion Description]]></phrase>
  <phrase title="bh_unlink_these_discussions" version_id="3000100" version_string="3.0.1 Alpha"><![CDATA[These discussions will be Removed]]></phrase>
  <phrase title="bh_unsubscribe" version_id="3000100" version_string="3.0.1 Alpha"><![CDATA[Unsubscribe]]></phrase>
  <phrase title="bh_upload_photos" version_id="1000900" version_string="1.0.9 Alpha"><![CDATA[Upload Photos]]></phrase>
  <phrase title="bh_user_reviews" version_id="1000700" version_string="1.0.7 Alpha"><![CDATA[User Reviews]]></phrase>
  <phrase title="bh_user_x_item_review" version_id="3000700" version_string="3.0.7 Alpha"><![CDATA[{username}'s {brandTitle} {itemTitle} Review ]]></phrase>
  <phrase title="bh_view_all_x_item_topics" version_id="1000800" version_string="1.0.8 Alpha"><![CDATA[View all {brandTitle} {itemTitle} Topics]]></phrase>
  <phrase title="bh_view_all_x_reviews" version_id="1000700" version_string="1.0.7 Alpha"><![CDATA[View all {total} reviews]]></phrase>
  <phrase title="bh_view_more_threads" version_id="1000800" version_string="1.0.8 Alpha"><![CDATA[View More Threads]]></phrase>
  <phrase title="bh_view_owner_pages_to_see_photos_customizations" version_id="1000600" version_string="1.0.6 Alpha"><![CDATA[View owner pages to see photos, customization and comments  about member-owner {brandTitle} {itemTitle}s]]></phrase>
  <phrase title="bh_views" version_id="1000010" version_string="1.0.0 Alpha"><![CDATA[Views]]></phrase>
  <phrase title="bh_write_a_review" version_id="1000700" version_string="1.0.7 Alpha"><![CDATA[Write a review  >]]></phrase>
  <phrase title="bh_x_brand_for_sale" version_id="1000400" version_string="1.0.4 Alpha"><![CDATA[Used {brandTitle} for sale]]></phrase>
  <phrase title="bh_x_brand_forums" version_id="1000400" version_string="1.0.4 Alpha"><![CDATA[{brandTitle} Forums]]></phrase>
  <phrase title="bh_x_brand_website" version_id="1000400" version_string="1.0.4 Alpha"><![CDATA[{brandTitle} Website]]></phrase>
  <phrase title="bh_x_item_community_rankings" version_id="1000400" version_string="1.0.4 Alpha"><![CDATA[{brandTitle} {itemTitle} Community Rankings]]></phrase>
  <phrase title="bh_x_item_descussion" version_id="1000400" version_string="1.0.4 Alpha"><![CDATA[{brandTitle} {itemTitle} Discussions]]></phrase>
  <phrase title="bh_x_item_owner_pages" version_id="1000600" version_string="1.0.6 Alpha"><![CDATA[{brandTitle} {itemTitle} Owner Pages]]></phrase>
  <phrase title="bh_x_user_x_item_ownerPage" version_id="3000700" version_string="3.0.7 Alpha"><![CDATA[{username}'s {brandTitle} {itemTitle} Owner Page]]></phrase>
  <phrase title="bh_you_have_already_rated_this_item_rerating_remove_existing" version_id="1000700" version_string="1.0.7 Alpha"><![CDATA[You have already rated this Item. Re-rating it will remove your existing rating or review.]]></phrase>
  <phrase title="bh_you_have_selected_threads_from_multiple_forums" version_id="1000800" version_string="1.0.8 Alpha"><![CDATA[You have selected threads from Multiple forums. Please select from one forum at a time.]]></phrase>
  <phrase title="bh_you_sure_you_want_to_assign_item_x_threads" version_id="1000800" version_string="1.0.8 Alpha"><![CDATA[Are you sure you want to assign the Item specified below to the {count} selected threads?]]></phrase>
  <phrase title="bh_your_review_must_be_at_least_x_characters" version_id="1010300" version_string="1.1.3 Alpha"><![CDATA[Your review must be at least {min} characters.]]></phrase>
  <phrase title="bh_your_x_item_reviews" version_id="3000700" version_string="3.0.7 Alpha"><![CDATA[Your {brandTitle} {itemTitle} review]]></phrase>
  <phrase title="cron_entry.bh_updateBrandDiscussionC" version_id="3040000" version_string="3.4.0 Alpha"><![CDATA[Update brand discussion count]]></phrase>
  <phrase title="cron_entry.bh_updateItemDiscussionCo" version_id="3040000" version_string="3.4.0 Alpha"><![CDATA[Update item discussion count]]></phrase>
  <phrase title="cron_entry.bh_updateOwnerPageDisCoun" version_id="3040000" version_string="3.4.0 Alpha"><![CDATA[Update OwnerPage Discussion Count]]></phrase>
  <phrase title="cron_entry.bh_views" version_id="3020000" version_string="3.2.0 Alpha"><![CDATA[BrandHub: Update view counters]]></phrase>
  <phrase title="data_are_added_to" version_id="1000700" version_string="1.0.7 Alpha"><![CDATA[Item <a href="{link}">{title}</a> {detail}  updated check it ]]></phrase>
  <phrase title="data_are_added_to_page" version_id="1000700" version_string="1.0.7 Alpha"><![CDATA[Item <a href="{link}">{title}</a> Onwer Page {detail}  updated check it ]]></phrase>
  <phrase title="delete_owner_page_post" version_id="3000900" version_string="3.0.9 Alpha"><![CDATA[Delete owner page post]]></phrase>
  <phrase title="delete_owner_page_post_comment" version_id="3000900" version_string="3.0.9 Alpha"><![CDATA[Delete owner-page post comment]]></phrase>
  <phrase title="edit_ad_code" version_id="3000100" version_string="3.0.1 Alpha"><![CDATA[Edit Code]]></phrase>
  <phrase title="edit_owner_page_post" version_id="3000900" version_string="3.0.9 Alpha"><![CDATA[Edit owner-page post]]></phrase>
  <phrase title="edit_owner_page_post_comment" version_id="3000900" version_string="3.0.9 Alpha"><![CDATA[Edit owner-page post comment]]></phrase>
  <phrase title="inline_moderation_delete_owner_page_posts" version_id="3000900" version_string="3.0.9 Alpha"><![CDATA[Inline moderation - Delete owner-page posts]]></phrase>
  <phrase title="item_description" version_id="1000010" version_string="1.0.0 Alpha"><![CDATA[Description]]></phrase>
  <phrase title="leave_a_comment" version_id="3000900" version_string="3.0.9 Alpha"><![CDATA[Leave a comment]]></phrase>
  <phrase title="leave_update" version_id="3000900" version_string="3.0.9 Alpha"><![CDATA[Leave update]]></phrase>
  <phrase title="nav.bh_brand_hub" version_id="3050200" version_string="3.5.2 Alpha"><![CDATA[Brand Hub]]></phrase>
  <phrase title="nav.bh_quick_ownerPage" version_id="3000800" version_string="3.0.8 Alpha"><![CDATA[Quick Owner-Page]]></phrase>
  <phrase title="nav.bh_quick_review" version_id="3000800" version_string="3.0.8 Alpha"><![CDATA[Quick Review]]></phrase>
  <phrase title="nav.bh_recent_photos" version_id="3000400" version_string="3.0.4 Alpha"><![CDATA[Recent photos]]></phrase>
  <phrase title="nav.bh_recent_reviews" version_id="3000400" version_string="3.0.4 Alpha"><![CDATA[Recent reviews]]></phrase>
  <phrase title="nav.fs_a" version_id="3000100" version_string="3.0.1 Alpha"><![CDATA[Test A]]></phrase>
  <phrase title="no_discussions_tagged" version_id="3040000" version_string="3.4.0 Alpha"><![CDATA[No discussions tagged.]]></phrase>
  <phrase title="option.bh_ImageExtensions" version_id="1000200" version_string="1.0.2 Alpha"><![CDATA[Allowed image extensions]]></phrase>
  <phrase title="option.bh_MinimumReviewLength" version_id="1000700" version_string="1.0.7 Alpha"><![CDATA[Minimum review length]]></phrase>
  <phrase title="option.bh_RecentReviewsCount" version_id="1000700" version_string="1.0.7 Alpha"><![CDATA[Recent reviews count]]></phrase>
  <phrase title="option.bh_ReviewRequired" version_id="1000700" version_string="1.0.7 Alpha"><![CDATA[Review Required]]></phrase>
  <phrase title="option.bh_ReviewsPerPage" version_id="1000800" version_string="1.0.8 Alpha"><![CDATA[Reviews per page]]></phrase>
  <phrase title="option.bh_brandListDefaultOrder" version_id="3000500" version_string="3.0.5 Alpha"><![CDATA[Default Sort Order (Brands)]]></phrase>
  <phrase title="option.bh_breadCrumSlug" version_id="3050100" version_string="3.5.1 Alpha"><![CDATA[Breadcrum Slug]]></phrase>
  <phrase title="option.bh_defaultSortOrderOfDiscussions" version_id="3040000" version_string="3.4.0 Alpha"><![CDATA[Default sort order of tagged threads]]></phrase>
  <phrase title="option.bh_default_direction" version_id="3050200" version_string="3.5.2 Alpha"><![CDATA[Default Direction]]></phrase>
  <phrase title="option.bh_default_tab" version_id="3000100" version_string="3.0.1 Alpha"><![CDATA[Default Tab]]></phrase>
  <phrase title="option.bh_discussions_on_item" version_id="3040000" version_string="3.4.0 Alpha"><![CDATA[Number of Discussions display on Item]]></phrase>
  <phrase title="option.bh_displayExcerpt" version_id="3040000" version_string="3.4.0 Alpha"><![CDATA[Display Excerpt]]></phrase>
  <phrase title="option.bh_dropdownItemListDefaultOrder" version_id="3000700" version_string="3.0.7 Alpha"><![CDATA[Default Sort Order (drop-down Items List)]]></phrase>
  <phrase title="option.bh_excerptLength" version_id="3040000" version_string="3.4.0 Alpha"><![CDATA[Excerpt length in characters]]></phrase>
  <phrase title="option.bh_highest_rated_items" version_id="1000800" version_string="1.0.8 Alpha"><![CDATA[Highest Rated items in Widget]]></phrase>
  <phrase title="option.bh_itemListDefaultOrder" version_id="3000500" version_string="3.0.5 Alpha"><![CDATA[Default Sort Order (Items)]]></phrase>
  <phrase title="option.bh_itemsPerPage" version_id="3000500" version_string="3.0.5 Alpha"><![CDATA[Items Per Page]]></phrase>
  <phrase title="option.bh_main_route" version_id="1020700" version_string="1.2.7 Alpha"><![CDATA[Main Route]]></phrase>
  <phrase title="option.bh_main_route_id" version_id="1020700" version_string="1.2.7 Alpha"><![CDATA[main Route ID]]></phrase>
  <phrase title="option.bh_makesPerPage" version_id="3000500" version_string="3.0.5 Alpha"><![CDATA[Makes Per Page]]></phrase>
  <phrase title="option.bh_ownerPageDefaultOrder" version_id="3000700" version_string="3.0.7 Alpha"><![CDATA[Default Sort Order (OwnerPages)]]></phrase>
  <phrase title="option.bh_reviewsDefaultOrder" version_id="3000700" version_string="3.0.7 Alpha"><![CDATA[Default Sort Order (Reviews)]]></phrase>
  <phrase title="option.forum_items_display" version_id="1000800" version_string="1.0.8 Alpha"><![CDATA[Items display on forum]]></phrase>
  <phrase title="option.hide_forum_items" version_id="1000800" version_string="1.0.8 Alpha"><![CDATA[Hide items block on forum]]></phrase>
  <phrase title="option_explain.bh_ImageExtensions" version_id="1000200" version_string="1.0.2 Alpha"><![CDATA[List the file extensions that are allowed to be uploaded for images. Use spaces or line breaks between extensions.]]></phrase>
  <phrase title="option_explain.bh_MinimumReviewLength" version_id="1000700" version_string="1.0.7 Alpha"><![CDATA[If a review is entered, it will not be accepted unless it is at least this long. If a review is not required, this setting will be ignored if no review is entered.]]></phrase>
  <phrase title="option_explain.bh_RecentReviewsCount" version_id="1000800" version_string="1.0.8 Alpha"><![CDATA[The maximum number of recent reviews to display on the Item page.]]></phrase>
  <phrase title="option_explain.bh_ReviewRequired" version_id="1000700" version_string="1.0.7 Alpha"><![CDATA[If enabled, users must submit a review when rating a item.]]></phrase>
  <phrase title="option_explain.bh_ReviewsPerPage" version_id="1000800" version_string="1.0.8 Alpha"><![CDATA[Number of reviews show on per page]]></phrase>
  <phrase title="option_explain.bh_brandListDefaultOrder" version_id="3000500" version_string="3.0.5 Alpha"><![CDATA[Select the default sort order for brand list (list will be sorted by this column)]]></phrase>
  <phrase title="option_explain.bh_breadCrumSlug" version_id="3050100" version_string="3.5.1 Alpha"><![CDATA[Root breadcrumb to replace with a slug (e.g Forums to Datebase)]]></phrase>
  <phrase title="option_explain.bh_defaultSortOrderOfDiscussions" version_id="3040000" version_string="3.4.0 Alpha"><![CDATA[Default sort order of discussions (tagged threads) on item page.]]></phrase>
  <phrase title="option_explain.bh_default_direction" version_id="3050200" version_string="3.5.2 Alpha"><![CDATA[Select the default direction for brand list (list will be sorted by this direction)]]></phrase>
  <phrase title="option_explain.bh_default_tab" version_id="3000100" version_string="3.0.1 Alpha"><![CDATA[Select the default tab for brand list (list will be sorted by this tab)]]></phrase>
  <phrase title="option_explain.bh_discussions_on_item" version_id="3040000" version_string="3.4.0 Alpha"><![CDATA[Number of discussions (tagged threads) to display on item page.]]></phrase>
  <phrase title="option_explain.bh_displayExcerpt" version_id="3040000" version_string="3.4.0 Alpha"><![CDATA[Display Excerpt message of discussions (tagged threads) on item page]]></phrase>
  <phrase title="option_explain.bh_dropdownItemListDefaultOrder" version_id="3000700" version_string="3.0.7 Alpha"><![CDATA[Select the default sort order for 'select menu dropdown' item list When assigning thread to item (list will be sorted by this column)]]></phrase>
  <phrase title="option_explain.bh_excerptLength" version_id="3040000" version_string="3.4.0 Alpha"><![CDATA[The maximum number of characters of discussion (tagged threads) content to display on item page. (0 will disable content from being display on item page).]]></phrase>
  <phrase title="option_explain.bh_highest_rated_items" version_id="1000800" version_string="1.0.8 Alpha"><![CDATA[Number of items show in Highest Rated Category widget]]></phrase>
  <phrase title="option_explain.bh_itemListDefaultOrder" version_id="3000500" version_string="3.0.5 Alpha"><![CDATA[Select the default sort order for item list (list will be sorted by this column)]]></phrase>
  <phrase title="option_explain.bh_itemsPerPage" version_id="3000500" version_string="3.0.5 Alpha"><![CDATA[]]></phrase>
  <phrase title="option_explain.bh_main_route" version_id="1020700" version_string="1.2.7 Alpha"><![CDATA[addon's main route (route prefix)]]></phrase>
  <phrase title="option_explain.bh_main_route_id" version_id="1020700" version_string="1.2.7 Alpha"><![CDATA[addon's main route id (id of  public route bh-brands). We set this automatically when install this addon, so don't change this option's value.]]></phrase>
  <phrase title="option_explain.bh_makesPerPage" version_id="3000500" version_string="3.0.5 Alpha"><![CDATA[]]></phrase>
  <phrase title="option_explain.bh_ownerPageDefaultOrder" version_id="3000700" version_string="3.0.7 Alpha"><![CDATA[Select the default sort order for owner-pages (Owner-pages will be sorted by this column)]]></phrase>
  <phrase title="option_explain.bh_reviewsDefaultOrder" version_id="3000700" version_string="3.0.7 Alpha"><![CDATA[Select the default sort order for reviews (Reviews will be sorted by this column)]]></phrase>
  <phrase title="option_explain.forum_items_display" version_id="1010100" version_string="1.1.1 Alpha"><![CDATA[Number of items display in items-Block on forum]]></phrase>
  <phrase title="option_explain.hide_forum_items" version_id="1000800" version_string="1.0.8 Alpha"><![CDATA[Hide items block on forum-view page]]></phrase>
  <phrase title="option_group.bh_brand_hub" version_id="1000200" version_string="1.0.2 Alpha"><![CDATA[[XB] Brand Hub]]></phrase>
  <phrase title="option_group_description.bh_brand_hub" version_id="1000200" version_string="1.0.2 Alpha"><![CDATA[]]></phrase>
  <phrase title="owner_page" version_id="3000900" version_string="3.0.9 Alpha"><![CDATA[Owner page]]></phrase>
  <phrase title="owner_page_post" version_id="3000900" version_string="3.0.9 Alpha"><![CDATA[Owner-page post]]></phrase>
  <phrase title="owner_page_post_by_x" version_id="3000900" version_string="3.0.9 Alpha"><![CDATA[Owner-page post by {name}]]></phrase>
  <phrase title="owner_page_post_comment_by_x" version_id="3000900" version_string="3.0.9 Alpha"><![CDATA[Owner-page post comment by {username}]]></phrase>
  <phrase title="owner_page_post_for_x" version_id="3000900" version_string="3.0.9 Alpha"><![CDATA[Owner-page post for {username}]]></phrase>
  <phrase title="owner_page_update_by_x" version_id="3000900" version_string="3.0.9 Alpha"><![CDATA[Owner-page update by {username}]]></phrase>
  <phrase title="permission.bh_brand_hub_bh_canEditDiscussionDesc" version_id="1020900" version_string="1.2.9 Alpha"><![CDATA[Can Add/Edit discussion Description]]></phrase>
  <phrase title="permission.bh_brand_hub_bh_canSetItemMainPhoto" version_id="1010500" version_string="1.1.5 Alpha"><![CDATA[Can Set Item Main-Photo]]></phrase>
  <phrase title="permission.bh_brand_hub_bh_canUploadPhotos" version_id="1000900" version_string="1.0.9 Alpha"><![CDATA[Can Upload Photos into Hub]]></phrase>
  <phrase title="permission.bh_brand_hub_bh_canViewOwnerPageTab" version_id="1000900" version_string="1.0.9 Alpha"><![CDATA[Can View owner page tab on Profile]]></phrase>
  <phrase title="permission.bh_brand_hub_bh_can_assignThreadsToHub" version_id="1000800" version_string="1.0.8 Alpha"><![CDATA[Can Assign Threads to HUB]]></phrase>
  <phrase title="permission.bh_brand_hub_bh_can_delete_Ownerpage" version_id="1020900" version_string="1.2.9 Alpha"><![CDATA[Can Delete OwnerPage]]></phrase>
  <phrase title="permission.bh_brand_hub_bh_can_edit_brandDescript" version_id="1000800" version_string="1.0.8 Alpha"><![CDATA[Can Edit Brand-Description]]></phrase>
  <phrase title="permission.bh_brand_hub_bh_can_edit_itemDescript" version_id="1000800" version_string="1.0.8 Alpha"><![CDATA[Can Edit Item Description]]></phrase>
  <phrase title="permission.bh_brand_hub_bh_can_edit_ownerpage" version_id="1000800" version_string="1.0.8 Alpha"><![CDATA[Can Edit Owner-Page]]></phrase>
  <phrase title="permission.bh_brand_hub_bh_rate_item" version_id="1000700" version_string="1.0.7 Alpha"><![CDATA[Can Rate/Review Items]]></phrase>
  <phrase title="permission.bh_brand_hub_bh_reactToReviews" version_id="3000700" version_string="3.0.7 Alpha"><![CDATA[Can React to Reviews]]></phrase>
  <phrase title="permission.bh_brand_hub_canViewRecentContent" version_id="3000400" version_string="3.0.4 Alpha"><![CDATA[Can View Recent Content pages (reviews and Photos)]]></phrase>
  <phrase title="permission.bh_brand_hub_can_view_subscribe_items" version_id="1010600" version_string="1.1.6 Alpha"><![CDATA[Can View Subscribe items on Profile]]></phrase>
  <phrase title="permission.bh_brand_hub_create_bookmark" version_id="1010600" version_string="1.1.6 Alpha"><![CDATA[Create bookmark]]></phrase>
  <phrase title="permission.bh_brand_hub_deleteAnyReview" version_id="1000800" version_string="1.0.8 Alpha"><![CDATA[Can Delete any Item reviews]]></phrase>
  <phrase title="permission.bh_brand_hub_hardDelete" version_id="1000800" version_string="1.0.8 Alpha"><![CDATA[Can Hard-delete review]]></phrase>
  <phrase title="permission.bh_brand_hub_react" version_id="1010600" version_string="1.1.6 Alpha"><![CDATA[React to item]]></phrase>
  <phrase title="permission.bh_brand_hub_react_page" version_id="1010900" version_string="1.1.9 Alpha"><![CDATA[React to OwnerPage]]></phrase>
  <phrase title="permission.bh_brand_hub_undelete" version_id="1000800" version_string="1.0.8 Alpha"><![CDATA[Can Undelete reviews]]></phrase>
  <phrase title="permission.bh_brand_hub_viewDeleted" version_id="1000800" version_string="1.0.8 Alpha"><![CDATA[Can View Deleted reviews]]></phrase>
  <phrase title="permission.ownerPagePost_approveUnapprove" version_id="3000900" version_string="3.0.9 Alpha"><![CDATA[Approve / unapprove ownerPage posts]]></phrase>
  <phrase title="permission.ownerPagePost_comment" version_id="3000900" version_string="3.0.9 Alpha"><![CDATA[Comment on ownerPage posts]]></phrase>
  <phrase title="permission.ownerPagePost_deleteAny" version_id="3000900" version_string="3.0.9 Alpha"><![CDATA[Delete any ownerPage posts]]></phrase>
  <phrase title="permission.ownerPagePost_deleteOwn" version_id="3000900" version_string="3.0.9 Alpha"><![CDATA[Delete own ownerPage posts]]></phrase>
  <phrase title="permission.ownerPagePost_editAny" version_id="3000900" version_string="3.0.9 Alpha"><![CDATA[Edit any ownerPage posts]]></phrase>
  <phrase title="permission.ownerPagePost_editOwn" version_id="3000900" version_string="3.0.9 Alpha"><![CDATA[Edit own ownerPage posts]]></phrase>
  <phrase title="permission.ownerPagePost_hardDeleteAny" version_id="3000900" version_string="3.0.9 Alpha"><![CDATA[Hard-delete any ownerPage posts]]></phrase>
  <phrase title="permission.ownerPagePost_inlineMod" version_id="3000900" version_string="3.0.9 Alpha"><![CDATA[Can use inline moderation on ownerPage posts]]></phrase>
  <phrase title="permission.ownerPagePost_manageOwn" version_id="3010000" version_string="3.1.0 Alpha"><![CDATA[Manage ownerPage posts on own owner-page]]></phrase>
  <phrase title="permission.ownerPagePost_post" version_id="3000900" version_string="3.0.9 Alpha"><![CDATA[Post new ownerPage posts]]></phrase>
  <phrase title="permission.ownerPagePost_react" version_id="3000900" version_string="3.0.9 Alpha"><![CDATA[React to ownerPage posts]]></phrase>
  <phrase title="permission.ownerPagePost_undelete" version_id="3000900" version_string="3.0.9 Alpha"><![CDATA[Undelete ownerPage posts]]></phrase>
  <phrase title="permission.ownerPagePost_uploadAttachment" version_id="3000900" version_string="3.0.9 Alpha"><![CDATA[Upload attachments to ownerPage posts and comments]]></phrase>
  <phrase title="permission.ownerPagePost_uploadVideo" version_id="3000900" version_string="3.0.9 Alpha"><![CDATA[Upload video/audio to ownerPage posts and comments]]></phrase>
  <phrase title="permission.ownerPagePost_view" version_id="3000900" version_string="3.0.9 Alpha"><![CDATA[View ownerPage posts]]></phrase>
  <phrase title="permission.ownerPagePost_viewAttachment" version_id="3000900" version_string="3.0.9 Alpha"><![CDATA[View attachments to ownerPage posts and comments]]></phrase>
  <phrase title="permission.ownerPagePost_viewDeleted" version_id="3000900" version_string="3.0.9 Alpha"><![CDATA[View deleted ownerPage posts]]></phrase>
  <phrase title="permission.ownerPagePost_viewModerated" version_id="3000900" version_string="3.0.9 Alpha"><![CDATA[View unapproved ownerPage posts]]></phrase>
  <phrase title="permission.ownerPagePost_warn" version_id="3000900" version_string="3.0.9 Alpha"><![CDATA[Give warnings on ownerPage posts]]></phrase>
  <phrase title="permission_interface.OwnerPagePostModeratorPermissions" version_id="3000900" version_string="3.0.9 Alpha"><![CDATA[OwnerPage post moderator permissions]]></phrase>
  <phrase title="permission_interface.OwnerPagePostPermissions" version_id="3000900" version_string="3.0.9 Alpha"><![CDATA[OwnerPage post permissions]]></phrase>
  <phrase title="permission_interface.bh_brand_hub" version_id="1000700" version_string="1.0.7 Alpha"><![CDATA[[XB] Brand-Hub]]></phrase>
  <phrase title="please_confirm_that_you_want_to_delete_x_brands" version_id="3000100" version_string="3.0.1 Alpha"><![CDATA[Please confirm that you want to delete the following selected brands]]></phrase>
  <phrase title="please_confirm_that_you_want_to_unlink_x_discussions_from_x_item" version_id="3000100" version_string="3.0.1 Alpha"><![CDATA[Please confirm that you want to Remove (unlink) the following selected discussions from <strong> {itemTitle} </strong>]]></phrase>
  <phrase title="please_select_a_x" version_id="1000600" version_string="1.0.6 Alpha"><![CDATA[Please select a {type}]]></phrase>
  <phrase title="popular_items" version_id="1000800" version_string="1.0.8 Alpha"><![CDATA[Popular items]]></phrase>
  <phrase title="posted_on_owner_page_post_by_x" version_id="3000900" version_string="3.0.9 Alpha"><![CDATA[Posted on owner-page post by <a href="{commentLink}">{user}</a>]]></phrase>
  <phrase title="posted_on_owner_page_x" version_id="3000900" version_string="3.0.9 Alpha"><![CDATA[Posted on owner page <a href="{ownerPagePostLink}">{ownerPage}</a>]]></phrase>
  <phrase title="push_alert_owner_page_post_insert" version_id="3000900" version_string="3.0.9 Alpha"><![CDATA[{username} wrote a message on your owner-page.]]></phrase>
  <phrase title="push_x_also_commented_on_ys_owner_page_post" version_id="3000900" version_string="3.0.9 Alpha"><![CDATA[{name} also commented on {ownerPage}'s owner-page post.]]></phrase>
  <phrase title="push_x_also_commented_on_ys_owner_page_update" version_id="3000900" version_string="3.0.9 Alpha"><![CDATA[{name} also commented on {ownerPage}'s owner-page update.]]></phrase>
  <phrase title="push_x_commented_on_your_owner_page_update" version_id="3000900" version_string="3.0.9 Alpha"><![CDATA[{name} commented on your update.]]></phrase>
  <phrase title="push_x_commented_on_your_post_on_ys_owner_page" version_id="3000900" version_string="3.0.9 Alpha"><![CDATA[{name} commented on your post on {ownerPage} owner-page.]]></phrase>
  <phrase title="push_x_commented_on_ys_post_on_your_owner_page" version_id="3000900" version_string="3.0.9 Alpha"><![CDATA[{name} commented on {poster}'s post on your owner-page.]]></phrase>
  <phrase title="push_x_mentioned_you_comment_on_ys_owner_page" version_id="3000900" version_string="3.0.9 Alpha"><![CDATA[{name} mentioned you in a comment on {ownerPage} owner-page.]]></phrase>
  <phrase title="push_x_mentioned_you_message_on_ys_owner_page" version_id="3000900" version_string="3.0.9 Alpha"><![CDATA[{name} mentioned you in a message on {ownerPage}'s owner-page.]]></phrase>
  <phrase title="push_x_reacted_to_your_comment_on_your_owner_page_post" version_id="3000900" version_string="3.0.9 Alpha"><![CDATA[{name} reacted to your comment on your owner-page post with {reaction}.]]></phrase>
  <phrase title="push_x_reacted_to_your_comment_on_ys_owner_page_post" version_id="3000900" version_string="3.0.9 Alpha"><![CDATA[{name} reacted to your comment on {ownerPage}'s owner-page post with {reaction}.]]></phrase>
  <phrase title="push_x_reacted_to_your_owner_page_update" version_id="3000900" version_string="3.0.9 Alpha"><![CDATA[{name} reacted to your owner-page update with {reaction}.]]></phrase>
  <phrase title="push_x_reacted_to_your_post_on_ys_owner_page" version_id="3000900" version_string="3.0.9 Alpha"><![CDATA[{name} reacted to your post on {ownerPage} owner-page with {reaction}.]]></phrase>
  <phrase title="related_links" version_id="1000400" version_string="1.0.4 Alpha"><![CDATA[Related Links]]></phrase>
  <phrase title="requested_owner_page_post_not_found" version_id="3000900" version_string="3.0.9 Alpha"><![CDATA[Requested owner-page post not found.]]></phrase>
  <phrase title="style_prop.ownerPagePostCommentToggle" version_id="3000900" version_string="3.0.9 Alpha"><![CDATA[Enable OwnerPage post comment input toggle]]></phrase>
  <phrase title="style_prop_desc.ownerPagePostCommentToggle" version_id="3000900" version_string="3.0.9 Alpha"><![CDATA[If enabled, the input for a owner-page post comment will only be displayed after the toggle is clicked.]]></phrase>
  <phrase title="style_prop_group.bh_brand_hub" version_id="3000900" version_string="3.0.9 Alpha"><![CDATA[[XB] Brand-Hub]]></phrase>
  <phrase title="style_prop_group_desc.bh_brand_hub" version_id="3000900" version_string="3.0.9 Alpha"><![CDATA[Elements for the special page on BrandHub are styled here.]]></phrase>
  <phrase title="subcribe_date" version_id="1010600" version_string="1.1.6 Alpha"><![CDATA[Subcribe Date]]></phrase>
  <phrase title="there_no_messages_on_xs_owner_page_yet" version_id="3000900" version_string="3.0.9 Alpha"><![CDATA[There are no messages on {name} owner-page yet.]]></phrase>
  <phrase title="widget_def.highestRatedInCategory" version_id="1000800" version_string="1.0.8 Alpha"><![CDATA[Highest rated Item in Category]]></phrase>
  <phrase title="widget_def_desc.highestRatedInCategory" version_id="1000800" version_string="1.0.8 Alpha"><![CDATA[]]></phrase>
  <phrase title="x_also_commented_on_ys_owner_page_post" version_id="3000900" version_string="3.0.9 Alpha"><![CDATA[{name} also commented on <a {poster_params}>{ownerPage}'s owner-page post</a>.]]></phrase>
  <phrase title="x_also_commented_on_ys_owner_page_update" version_id="3000900" version_string="3.0.9 Alpha"><![CDATA[{name} also commented on <a {poster_params}>{ownerPage}'s update</a>.]]></phrase>
  <phrase title="x_commented_on_your_owner_page_update" version_id="3000900" version_string="3.0.9 Alpha"><![CDATA[{name} commented on <a {status_attributes}>your owner-page update</a>.]]></phrase>
  <phrase title="x_commented_on_your_post_on_ys_owner_page" version_id="3000900" version_string="3.0.9 Alpha"><![CDATA[{name} commented on <a {post_params}>your post</a> on {ownerPage}'s owner-page.]]></phrase>
  <phrase title="x_commented_on_ys_post_on_your_owner_page" version_id="3000900" version_string="3.0.9 Alpha"><![CDATA[{name} commented on <a {post_attributes}>{ownerPage}'s post</a> on your owner-page.]]></phrase>
  <phrase title="x_mentioned_you_comment_on_ys_owner_page" version_id="3000900" version_string="3.0.9 Alpha"><![CDATA[{name} mentioned you in <a {post_attributes}>a comment</a> on {ownerPage} owner-page.]]></phrase>
  <phrase title="x_mentioned_you_message_on_ys_owner_page" version_id="3000900" version_string="3.0.9 Alpha"><![CDATA[{name} mentioned you in <a {post_attributes}>a message</a> on {ownerPage}'s owner-page.]]></phrase>
  <phrase title="x_reacted_to_your_comment_on_your_owner_page_post" version_id="3000900" version_string="3.0.9 Alpha"><![CDATA[{name} reacted to <a {post_attributes}>your comment</a> on your owner-page post with {reaction}.]]></phrase>
  <phrase title="x_reacted_to_your_comment_on_ys_owner_page_post" version_id="3000900" version_string="3.0.9 Alpha"><![CDATA[{name} reacted to <a {post_attributes}>your comment</a> on {ownerPage}'s owner-page post with {reaction}.]]></phrase>
  <phrase title="x_reacted_to_your_owner_page_update" version_id="3000900" version_string="3.0.9 Alpha"><![CDATA[{name} reacted to your <a {status_attributes}> {ownerPage} update</a> with {reaction}.]]></phrase>
  <phrase title="x_reacted_to_your_post_on_ys_owner_page" version_id="3000900" version_string="3.0.9 Alpha"><![CDATA[{name} reacted to <a {post_attributes}>your post</a> on {ownerPage} owner-page with {reaction}.]]></phrase>
  <phrase title="x_user_has_not_created_an_owner_page_yet" version_id="3000700" version_string="3.0.7 Alpha"><![CDATA[{username} has not created an owner page yet.]]></phrase>
  <phrase title="x_user_has_not_posted_a_review_yet" version_id="3000700" version_string="3.0.7 Alpha"><![CDATA[{username} has not posted a review yet.]]></phrase>
  <phrase title="you_have_followed" version_id="1000900" version_string="1.0.9 Alpha"><![CDATA[You have Followed]]></phrase>
  <phrase title="you_sure_you_want_to_delete_x_owner_page_posts" version_id="3000900" version_string="3.0.9 Alpha"><![CDATA[Are you sure you want to delete {count} owner-page post(s)?]]></phrase>
</phrases>
