<?xml version="1.0" encoding="utf-8"?>
<phrases>
  <phrase title="admin_navigation.siropuReferralSystem" version_id="1000070" version_string="1.0.0"><![CDATA[Referral System]]></phrase>
  <phrase title="admin_navigation.siropuReferralSystemReferralTools" version_id="1000070" version_string="1.0.0"><![CDATA[Referral tools]]></phrase>
  <phrase title="admin_navigation.siropuReferralSystemReferrals" version_id="1000070" version_string="1.0.0"><![CDATA[Referrals]]></phrase>
  <phrase title="admin_navigation.siropuReferralSystemReferrerDecrypt" version_id="1000070" version_string="1.0.0"><![CDATA[Decrypt referrer ID]]></phrase>
  <phrase title="admin_navigation.siropuReferralSystemReferrerLog" version_id="1000070" version_string="1.0.0"><![CDATA[Referrer log]]></phrase>
  <phrase title="admin_navigation.siropuReferralSystemRewardType" version_id="1000070" version_string="1.0.0"><![CDATA[Reward types]]></phrase>
  <phrase title="admin_permission.siropuReferralSystem" version_id="1000470" version_string="1.0.4"><![CDATA[Manage Referral System]]></phrase>
  <phrase title="cron_entry.siropuRSDailyCleanUp" version_id="1000370" version_string="1.0.3"><![CDATA[Referral System: Daily clean up]]></phrase>
  <phrase title="member_stat.siropuReferralSystemMostReferrals" version_id="1000070" version_string="1.0.0"><![CDATA[Most referrals]]></phrase>
  <phrase title="option.siropuReferralSystemApplyRefLinkToSocialMedia" version_id="1000070" version_string="1.0.0"><![CDATA[Apply referral link to social media share icon]]></phrase>
  <phrase title="option.siropuReferralSystemDisplayReferralCount" version_id="1000070" version_string="1.0.0"><![CDATA[Display referral count]]></phrase>
  <phrase title="option.siropuReferralSystemDisplayReferrer" version_id="1000070" version_string="1.0.0"><![CDATA[Display referrer username]]></phrase>
  <phrase title="option.siropuReferralSystemEncryptUserId" version_id="1000070" version_string="1.0.0"><![CDATA[Encrypt user ID]]></phrase>
  <phrase title="option.siropuReferralSystemGenerarteLink" version_id="1000070" version_string="1.0.0"><![CDATA[Enable custom referral link generator]]></phrase>
  <phrase title="option.siropuReferralSystemGuestMessage" version_id="1000070" version_string="1.0.0"><![CDATA[Display invitation message to referral]]></phrase>
  <phrase title="option.siropuReferralSystemMemberProfileReferralTab" version_id="1000070" version_string="1.0.0"><![CDATA[Display referrals tab on member profile page]]></phrase>
  <phrase title="option.siropuReferralSystemProfilePageAsReferralLink" version_id="1000070" version_string="1.0.0"><![CDATA[Use profile page as referral link]]></phrase>
  <phrase title="option.siropuReferralSystemReferralLinkWidget" version_id="1000070" version_string="1.0.0"><![CDATA[Enable referral link widget]]></phrase>
  <phrase title="option.siropuReferralSystemReferralRegistrationReward" version_id="1000070" version_string="1.0.0"><![CDATA[Referral registration reward]]></phrase>
  <phrase title="option.siropuReferralSystemReferralUpgradeReward" version_id="1000070" version_string="1.0.0"><![CDATA[Referral account upgrade reward]]></phrase>
  <phrase title="option.siropuReferralSystemReferralUrlParameter" version_id="1000070" version_string="1.0.0"><![CDATA[Referral URL parameter]]></phrase>
  <phrase title="option.siropuReferralSystemReferrerAutoFollow" version_id="1000570" version_string="1.0.5"><![CDATA[Enable referral auto-follow referrer]]></phrase>
  <phrase title="option.siropuReferralSystemRewardMinPosts" version_id="1000570" version_string="1.0.5"><![CDATA[Referral registration reward minimum posts]]></phrase>
  <phrase title="option.siropuReferralSystemTopReferrersWidget" version_id="1000070" version_string="1.0.0"><![CDATA[Enable top referrers widget]]></phrase>
  <phrase title="option.siropuReferralSystemTrackHttpReferrer" version_id="1000070" version_string="1.0.0"><![CDATA[Track HTTP referrer]]></phrase>
  <phrase title="option_explain.siropuReferralSystemApplyRefLinkToSocialMedia" version_id="1000070" version_string="1.0.0"><![CDATA[This option allows you to transform the links for social media share icons into referral links.]]></phrase>
  <phrase title="option_explain.siropuReferralSystemDisplayReferralCount" version_id="1000070" version_string="1.0.0"><![CDATA[If enabled, referral count will be displayed in member card and profile.]]></phrase>
  <phrase title="option_explain.siropuReferralSystemDisplayReferrer" version_id="1000070" version_string="1.0.0"><![CDATA[If enabled, referrer username will be displayed in member card and profile.]]></phrase>
  <phrase title="option_explain.siropuReferralSystemEncryptUserId" version_id="1000070" version_string="1.0.0"><![CDATA[This option allows you to generate referral links with the user ID encrypted.]]></phrase>
  <phrase title="option_explain.siropuReferralSystemGenerarteLink" version_id="1000070" version_string="1.0.0"><![CDATA[If enabled, an option to generate custom referral links will be added on the referral tools page.]]></phrase>
  <phrase title="option_explain.siropuReferralSystemGuestMessage" version_id="1000070" version_string="1.0.0"><![CDATA[If enabled, guests who have referred by a member will see a message to register.]]></phrase>
  <phrase title="option_explain.siropuReferralSystemMemberProfileReferralTab" version_id="1000070" version_string="1.0.0"><![CDATA[If enabled, a referrals tab will be displayed on member profile page.]]></phrase>
  <phrase title="option_explain.siropuReferralSystemProfilePageAsReferralLink" version_id="1000070" version_string="1.0.0"><![CDATA[If enabled, the user profile page will become the referral link.]]></phrase>
  <phrase title="option_explain.siropuReferralSystemReferralLinkWidget" version_id="1000070" version_string="1.0.0"><![CDATA[This option allows you to toggle on/off the widget that displays the referral link for the current visitor.]]></phrase>
  <phrase title="option_explain.siropuReferralSystemReferralRegistrationReward" version_id="1000070" version_string="1.0.0"><![CDATA[The reward a referrer will receive for each referred member upon registration. You can set the reward amount in the user group permissions.]]></phrase>
  <phrase title="option_explain.siropuReferralSystemReferralUpgradeReward" version_id="1000070" version_string="1.0.0"><![CDATA[The reward a referrer will receive when a referred member upgrades his/her account. You can set the reward amount in the user group permissions.]]></phrase>
  <phrase title="option_explain.siropuReferralSystemReferralUrlParameter" version_id="1000070" version_string="1.0.0"><![CDATA[The URL parameter used in the referral links.]]></phrase>
  <phrase title="option_explain.siropuReferralSystemReferrerAutoFollow" version_id="1000570" version_string="1.0.5"><![CDATA[This option will allow the referral to auto-follow the referrer after registration.]]></phrase>
  <phrase title="option_explain.siropuReferralSystemRewardMinPosts" version_id="1000070" version_string="1.0.0"><![CDATA[If set, the referral will have to post the set amount of posts in order for the referrer to get the registration reward.]]></phrase>
  <phrase title="option_explain.siropuReferralSystemTopReferrersWidget" version_id="1000070" version_string="1.0.0"><![CDATA[This option allows you to toggle on/off the widget that displays the top referrers.]]></phrase>
  <phrase title="option_explain.siropuReferralSystemTrackHttpReferrer" version_id="1000070" version_string="1.0.0"><![CDATA[Track the address of the page (if any) which referred the user to the referral link.]]></phrase>
  <phrase title="option_group.siropuReferralSystem" version_id="1000070" version_string="1.0.0"><![CDATA[Referral System]]></phrase>
  <phrase title="option_group_description.siropuReferralSystem" version_id="1000070" version_string="1.0.0"><![CDATA[Options for Referral System by Siropu.]]></phrase>
  <phrase title="permission.siropuReferralSystem_refer" version_id="1000070" version_string="1.0.0"><![CDATA[Use referral link]]></phrase>
  <phrase title="permission.siropuReferralSystem_referralRegRewardAmount" version_id="1000070" version_string="1.0.0"><![CDATA[Referral registration reward amount]]></phrase>
  <phrase title="permission.siropuReferralSystem_referralRewardAmountLimit" version_id="1000070" version_string="1.0.0"><![CDATA[Referral reward amount limit]]></phrase>
  <phrase title="permission.siropuReferralSystem_referralUpgRewardAmount" version_id="1000070" version_string="1.0.0"><![CDATA[Referral account upgrade reward amount]]></phrase>
  <phrase title="permission.siropuReferralSystem_spamCleaner" version_id="1000070" version_string="1.0.0"><![CDATA[Use the spam cleaner to remove referrer/referrals]]></phrase>
  <phrase title="permission_interface.siropuReferralSystem" version_id="1000070" version_string="1.0.0"><![CDATA[Referral System Permissions]]></phrase>
  <phrase title="permission_interface.siropuReferralSystemModerator" version_id="1000070" version_string="1.0.0"><![CDATA[Referral System Moderator Permissions]]></phrase>
  <phrase title="siropu_referral_system_add_banner" version_id="1000070" version_string="1.0.0"><![CDATA[Add banner]]></phrase>
  <phrase title="siropu_referral_system_add_referral" version_id="1000070" version_string="1.0.0"><![CDATA[Add referral]]></phrase>
  <phrase title="siropu_referral_system_add_reward_type" version_id="1000070" version_string="1.0.0"><![CDATA[Add reward type]]></phrase>
  <phrase title="siropu_referral_system_add_text_link" version_id="1000070" version_string="1.0.0"><![CDATA[Add text link]]></phrase>
  <phrase title="siropu_referral_system_add_tool" version_id="1000070" version_string="1.0.0"><![CDATA[Add tool]]></phrase>
  <phrase title="siropu_referral_system_all_time" version_id="1000070" version_string="1.0.0"><![CDATA[All time]]></phrase>
  <phrase title="siropu_referral_system_are_you_sure_you_want_to_clear_log" version_id="1000070" version_string="1.0.0"><![CDATA[Are you sure you want to clear the log?]]></phrase>
  <phrase title="siropu_referral_system_banner_size" version_id="1000070" version_string="1.0.0"><![CDATA[Banner size]]></phrase>
  <phrase title="siropu_referral_system_banners" version_id="1000070" version_string="1.0.0"><![CDATA[Banners]]></phrase>
  <phrase title="siropu_referral_system_bb_code" version_id="1000070" version_string="1.0.0"><![CDATA[BB code]]></phrase>
  <phrase title="siropu_referral_system_clear_log" version_id="1000070" version_string="1.0.0"><![CDATA[Clear log]]></phrase>
  <phrase title="siropu_referral_system_click_to_view" version_id="1000070" version_string="1.0.0"><![CDATA[Click to view]]></phrase>
  <phrase title="siropu_referral_system_clicks" version_id="1000070" version_string="1.0.0"><![CDATA[Clicks]]></phrase>
  <phrase title="siropu_referral_system_currency" version_id="1000070" version_string="1.0.0"><![CDATA[Currency]]></phrase>
  <phrase title="siropu_referral_system_current_banner" version_id="1000070" version_string="1.0.0"><![CDATA[Current banner]]></phrase>
  <phrase title="siropu_referral_system_current_month" version_id="1000070" version_string="1.0.0"><![CDATA[Current month]]></phrase>
  <phrase title="siropu_referral_system_current_page_referral_link" version_id="1000070" version_string="1.0.0"><![CDATA[Current page referral link]]></phrase>
  <phrase title="siropu_referral_system_dbtech_credits_not_installed" version_id="1000070" version_string="1.0.0"><![CDATA[[DBTech] Credits add-on is not installed.]]></phrase>
  <phrase title="siropu_referral_system_decrypt" version_id="1000070" version_string="1.0.0"><![CDATA[Decrypt]]></phrase>
  <phrase title="siropu_referral_system_decrypt_referrer_id" version_id="1000070" version_string="1.0.0"><![CDATA[Decrypt referrer ID]]></phrase>
  <phrase title="siropu_referral_system_edit_reward_type" version_id="1000070" version_string="1.0.0"><![CDATA[Edit reward type]]></phrase>
  <phrase title="siropu_referral_system_edit_tool" version_id="1000070" version_string="1.0.0"><![CDATA[Edit tool]]></phrase>
  <phrase title="siropu_referral_system_enable_current_page_link" version_id="1000070" version_string="1.0.0"><![CDATA[Enable current page referral link]]></phrase>
  <phrase title="siropu_referral_system_enable_current_page_link_explain" version_id="1000070" version_string="1.0.0"><![CDATA[This option allows you to display the referral link of the current page viewed.]]></phrase>
  <phrase title="siropu_referral_system_enable_tool" version_id="1000070" version_string="1.0.0"><![CDATA[Enable tool]]></phrase>
  <phrase title="siropu_referral_system_encrypted_id" version_id="1000070" version_string="1.0.0"><![CDATA[Encrypted ID]]></phrase>
  <phrase title="siropu_referral_system_faq" version_id="1000070" version_string="1.0.0"><![CDATA[<p><b>What is a referral?</b></p>
<p>A referral is a person you have referred (invited) to join our community.</p>

<p><b>What is a referral link?</b></p>
<p>A referral link is a link to our community that contains your unique member ID. You can use your referral link to invite others to register. Send them your link and when they register, they will automatically become your referrals.</p>

<p><b>How does the referring process work?</b></p>
<p>When someone visits us via your referral link, a cookie containing your unique member ID will be placed in the visitor's browser and when that visitor registers, automatically becomes your referral.</p>]]></phrase>
  <phrase title="siropu_referral_system_find_referrals" version_id="1000070" version_string="1.0.0"><![CDATA[Find referrals]]></phrase>
  <phrase title="siropu_referral_system_generate" version_id="1000070" version_string="1.0.0"><![CDATA[Generate]]></phrase>
  <phrase title="siropu_referral_system_generate_referral_link" version_id="1000070" version_string="1.0.0"><![CDATA[Generate referral link]]></phrase>
  <phrase title="siropu_referral_system_generate_referral_link_explain" version_id="1000070" version_string="1.0.0"><![CDATA[Paste the link from one of our community pages to generate a referral link from it.]]></phrase>
  <phrase title="siropu_referral_system_html" version_id="1000070" version_string="1.0.0"><![CDATA[HTML]]></phrase>
  <phrase title="siropu_referral_system_link_text" version_id="1000070" version_string="1.0.0"><![CDATA[Link text]]></phrase>
  <phrase title="siropu_referral_system_members_referred_by_x" version_id="1000070" version_string="1.0.0"><![CDATA[Members referred by {user}]]></phrase>
  <phrase title="siropu_referral_system_new_referral" version_id="1000070" version_string="1.0.0"><![CDATA[{name} has registered using your referral link!]]></phrase>
  <phrase title="siropu_referral_system_please_provide_valid_banner" version_id="1000070" version_string="1.0.0"><![CDATA[Please provide a valid banner]]></phrase>
  <phrase title="siropu_referral_system_rebuild_user_referral_count" version_id="1000370" version_string="1.0.3"><![CDATA[Rebuild user referral count]]></phrase>
  <phrase title="siropu_referral_system_rebuilding_referral_count" version_id="1000370" version_string="1.0.3"><![CDATA[Rebuilding referral count]]></phrase>
  <phrase title="siropu_referral_system_referral" version_id="1000070" version_string="1.0.0"><![CDATA[Referral]]></phrase>
  <phrase title="siropu_referral_system_referral_dupe" version_id="1000470" version_string="1.0.4"><![CDATA[{name} was referred by {referrer} and have been found using the same IP(s).]]></phrase>
  <phrase title="siropu_referral_system_referral_tools" version_id="1000070" version_string="1.0.0"><![CDATA[Referral tools]]></phrase>
  <phrase title="siropu_referral_system_referral_tools_explain" version_id="1000070" version_string="1.0.0"><![CDATA[You can use the HTML code on your website or blog and the BB Code in your signature and threads on other forum communities (Please do not SPAM).]]></phrase>
  <phrase title="siropu_referral_system_referrals" version_id="1000070" version_string="1.0.0"><![CDATA[Referrals]]></phrase>
  <phrase title="siropu_referral_system_referrer" version_id="1000070" version_string="1.0.0"><![CDATA[Referrer]]></phrase>
  <phrase title="siropu_referral_system_referrer_log" version_id="1000070" version_string="1.0.0"><![CDATA[Referrer log]]></phrase>
  <phrase title="siropu_referral_system_referrer_url" version_id="1000070" version_string="1.0.0"><![CDATA[Referrer URL]]></phrase>
  <phrase title="siropu_referral_system_referrer_username" version_id="1000070" version_string="1.0.0"><![CDATA[Referrer username]]></phrase>
  <phrase title="siropu_referral_system_remove_referrals" version_id="1000070" version_string="1.0.0"><![CDATA[Remove referrals]]></phrase>
  <phrase title="siropu_referral_system_remove_referrer" version_id="1000070" version_string="1.0.0"><![CDATA[Remove referrer]]></phrase>
  <phrase title="siropu_referral_system_requested_referral_not_found" version_id="1000070" version_string="1.0.0"><![CDATA[The requested referral clould not be found,]]></phrase>
  <phrase title="siropu_referral_system_reward_for_referral_upgrade" version_id="1000070" version_string="1.0.0"><![CDATA[Reward for referral account upgrade.]]></phrase>
  <phrase title="siropu_referral_system_reward_for_referring_new_member" version_id="1000070" version_string="1.0.0"><![CDATA[Reward for refrring a new member.]]></phrase>
  <phrase title="siropu_referral_system_reward_type.dbtech_credits" version_id="1000070" version_string="1.0.0"><![CDATA[[DBTech] Credits]]></phrase>
  <phrase title="siropu_referral_system_reward_type.trophy_points" version_id="1000070" version_string="1.0.0"><![CDATA[Trophy points]]></phrase>
  <phrase title="siropu_referral_system_reward_type_name" version_id="1000070" version_string="1.0.0"><![CDATA[Reward type name]]></phrase>
  <phrase title="siropu_referral_system_reward_types" version_id="1000070" version_string="1.0.0"><![CDATA[Reward types]]></phrase>
  <phrase title="siropu_referral_system_target_url" version_id="1000070" version_string="1.0.0"><![CDATA[Target URL]]></phrase>
  <phrase title="siropu_referral_system_target_url_explain" version_id="1000070" version_string="1.0.0"><![CDATA[If not provided, the target URL will be the main board URL.]]></phrase>
  <phrase title="siropu_referral_system_text_links" version_id="1000070" version_string="1.0.0"><![CDATA[Text links]]></phrase>
  <phrase title="siropu_referral_system_tool_name" version_id="1000070" version_string="1.0.0"><![CDATA[Tool name]]></phrase>
  <phrase title="siropu_referral_system_tools" version_id="1000070" version_string="1.0.0"><![CDATA[Tools]]></phrase>
  <phrase title="siropu_referral_system_type.banner" version_id="1000070" version_string="1.0.0"><![CDATA[Banner]]></phrase>
  <phrase title="siropu_referral_system_type.text" version_id="1000070" version_string="1.0.0"><![CDATA[Text]]></phrase>
  <phrase title="siropu_referral_system_upload_banner" version_id="1000070" version_string="1.0.0"><![CDATA[Upload banner]]></phrase>
  <phrase title="siropu_referral_system_use_compact_mode" version_id="1000070" version_string="1.0.0"><![CDATA[Use compact mode]]></phrase>
  <phrase title="siropu_referral_system_user_has_at_least_x_referrals" version_id="1000070" version_string="1.0.0"><![CDATA[User has at least X referrals]]></phrase>
  <phrase title="siropu_referral_system_user_has_registered_using_referral_link" version_id="1000070" version_string="1.0.0"><![CDATA[User has registered using a referral link]]></phrase>
  <phrase title="siropu_referral_system_whats_is_this" version_id="1000070" version_string="1.0.0"><![CDATA[What is this?]]></phrase>
  <phrase title="siropu_referral_system_x_cannot_be_referral_of_y" version_id="1000070" version_string="1.0.0"><![CDATA[{referral} cannot be the referral of {referrer} because has registered first.]]></phrase>
  <phrase title="siropu_referral_system_x_does_not_have_any_referrals" version_id="1000070" version_string="1.0.0"><![CDATA[{user} doesn't have any referrals yet.]]></phrase>
  <phrase title="siropu_referral_system_x_is_referral_of_y" version_id="1000070" version_string="1.0.0"><![CDATA[{referral} is already the referral of {referrer}.]]></phrase>
  <phrase title="siropu_referral_system_you_do_not_have_any_referrals" version_id="1000070" version_string="1.0.0"><![CDATA[You do not have any referrals yet.]]></phrase>
  <phrase title="siropu_referral_system_you_have_been_invited_by_x_to_join_please_click_to_register" version_id="1000070" version_string="1.0.0"><![CDATA[Welcome! You have been invited by <b>{username}</b> to join our community. Please click <a href="{registrationUrl}" data-xf-click="overlay">here</a> to register.]]></phrase>
  <phrase title="siropu_referral_system_you_have_received_x_trophy_points_for_new_referral" version_id="1000070" version_string="1.0.0"><![CDATA[You have received {points} trophy points for referring a new user.]]></phrase>
  <phrase title="siropu_referral_system_you_have_received_x_trophy_points_for_referral_account_upgrade" version_id="1000070" version_string="1.0.0"><![CDATA[You have received {points} trophy points for referral account upgrade.]]></phrase>
  <phrase title="siropu_referral_system_your_referral_link" version_id="1000070" version_string="1.0.0"><![CDATA[Your referral link]]></phrase>
  <phrase title="siropu_referral_system_your_referrals" version_id="1000070" version_string="1.0.0"><![CDATA[Your referrals]]></phrase>
  <phrase title="siropu_referral_sytem_referral_count" version_id="1000070" version_string="1.0.0"><![CDATA[Referral count]]></phrase>
  <phrase title="widget_def.siropu_referral_link" version_id="1000070" version_string="1.0.0"><![CDATA[Referral System: Referral link]]></phrase>
  <phrase title="widget_def.siropu_referral_top_ref" version_id="1000070" version_string="1.0.0"><![CDATA[Referral System: Top referrers]]></phrase>
  <phrase title="widget_def_desc.siropu_referral_link" version_id="1000070" version_string="1.0.0"><![CDATA[Display the referral link.]]></phrase>
  <phrase title="widget_def_desc.siropu_referral_top_ref" version_id="1000070" version_string="1.0.0"><![CDATA[Display top referrers.]]></phrase>
</phrases>
