{
    "embed_zoom_callback.php": "1a1e31ca5f500c5a9e99a15ccd55dc15e0f12ec27f69231a59d604caa5af4b7f",
    "src/addons/FS/EmbedZoomMeeting/addon.json": "c3fc30650e290d8c389b146241db396d0f172d0bd600d98184955c460cb0bce9",
    "src/addons/FS/EmbedZoomMeeting/Admin/Controller/Meeting.php": "805304251d31a69f9ce8802a986459a08fc3b0895ea11d205b77570d9f89c2fd",
    "src/addons/FS/EmbedZoomMeeting/composer.json": "e0e59d1912f0a992987e17f1df8a57c4383c7711bb0b8075f4f24d9b956a4d3c",
    "src/addons/FS/EmbedZoomMeeting/composer.lock": "643cd83ee6b4ded0115f06035f1448512e6f1a423741c766432c76c194d36ed7",
    "src/addons/FS/EmbedZoomMeeting/Cron/Meeting.php": "f8b5546accd97cf97f3e5903fb5d1d5cf946d433baf0a0ab935f3cdaecadc41e",
    "src/addons/FS/EmbedZoomMeeting/Entity/Meeting.php": "98846a761dd99da34f29b57c856cd7705004ecc9720a6bd395cf41ca5e8eca33",
    "src/addons/FS/EmbedZoomMeeting/Entity/Register.php": "4e7f800bfb355959e2d63572a80c22da5546af5d9cf6f44d2e999ffb1b8cc3a8",
    "src/addons/FS/EmbedZoomMeeting/Install/Data/MySql.php": "281a96a7499a23dd914b0c76518cf8ea7dd3971fdb9004c3b38fc8a4a3698d70",
    "src/addons/FS/EmbedZoomMeeting/Pub/Controller/Meeting.php": "2bcf889ab184f8305bea4cf62ca4a7d91e676303b45f8f664739317803851d12",
    "src/addons/FS/EmbedZoomMeeting/Repository/Meeting.php": "08bbe1fb08dcd65ace83ee45cfc0454d2669bbe889bf257abcf6ff39d57945f9",
    "src/addons/FS/EmbedZoomMeeting/Service/Meeting.php": "140c6de20533d068362c5cbeebcf9f56430729186a0221c793c313119139ed2d",
    "src/addons/FS/EmbedZoomMeeting/Service/MeetingSdk.php": "02b9d57322600aa382e9e1c41626d6ac95f339bea4bbda19ba89840a767ad58f",
    "src/addons/FS/EmbedZoomMeeting/Setup.php": "9e08d072aa6d3f6c037499d6f011af096e9c496a270abfc8dba6c7c714843634",
    "src/addons/FS/EmbedZoomMeeting/vendor/autoload.php": "3f02de2bec1fe3b9ea7b96f98894608397570a0e9a5cf833c2a535128b32a09f",
    "src/addons/FS/EmbedZoomMeeting/vendor/composer/autoload_classmap.php": "375085d0d6690301081436cd75755cb2c882f8a7f6fc385c8814a11734fc413a",
    "src/addons/FS/EmbedZoomMeeting/vendor/composer/autoload_namespaces.php": "ede505407590638a435137f4e060136f1008de79fc169b3de9793423b0cea38c",
    "src/addons/FS/EmbedZoomMeeting/vendor/composer/autoload_psr4.php": "010bea58c17e7b41f9ae1ea6ebdf2580cdbd19a578e6243299a172fc10e6e958",
    "src/addons/FS/EmbedZoomMeeting/vendor/composer/autoload_real.php": "4488990eb81b395909fabd47a05ccc90d07da1b0db2ec009b83e1280be0d400b",
    "src/addons/FS/EmbedZoomMeeting/vendor/composer/autoload_static.php": "b7dffafa147c75fdec6e5cb28196b7a6260fa59bc20a4775de8bda9176516ce0",
    "src/addons/FS/EmbedZoomMeeting/vendor/composer/ClassLoader.php": "d4b2313e562edf942838ec316d983c1a3459ca67da3e5658e861200b0b3693c2",
    "src/addons/FS/EmbedZoomMeeting/vendor/composer/installed.json": "e2f0ff5410d0fcd8b2a3dab78b722664317726ccd8489bc47cb6dcc433fd4c72",
    "src/addons/FS/EmbedZoomMeeting/vendor/composer/installed.php": "6b3026c5a587d3bc99330eccb787b8f49870d890bc1acf653dcad54d596d445e",
    "src/addons/FS/EmbedZoomMeeting/vendor/composer/InstalledVersions.php": "21f4ba19e7859cb3f85b8b1680c970ee25d972546c1606dcae0e7e5f43f626f0",
    "src/addons/FS/EmbedZoomMeeting/vendor/composer/LICENSE": "c8cce4b6b9729f264ffdf9296d505d63432497feeed1f586d1902b942197e024",
    "src/addons/FS/EmbedZoomMeeting/vendor/composer/platform_check.php": "09bf21fd3d36cece041141c0d9bf37fdb4a5a8344cb4d6859b0e89a4bf585de0",
    "src/addons/FS/EmbedZoomMeeting/vendor/firebase/php-jwt/CHANGELOG.md": "89e85fae2c2109f98dfc03da6651ffc6d234dd4d783d03f1d8278aeea41894f7",
    "src/addons/FS/EmbedZoomMeeting/vendor/firebase/php-jwt/composer.json": "8bf7fef6bde1a537a3acef69dc2de7f09109cac3532b895f6bcd07c4e986b27b",
    "src/addons/FS/EmbedZoomMeeting/vendor/firebase/php-jwt/LICENSE": "00e641cb185172e752bb3ab744925502c099dca06c9ecf53ea6fba941a65910c",
    "src/addons/FS/EmbedZoomMeeting/vendor/firebase/php-jwt/README.md": "c52f988278a145556bd65d9739a1d8efc09f0bb979493ca2270bce45338db4ba",
    "src/addons/FS/EmbedZoomMeeting/vendor/firebase/php-jwt/src/BeforeValidException.php": "77fe003a44eb941bfd2fac7399f8ca761511a2ad49117f093ef12489b6f09cd0",
    "src/addons/FS/EmbedZoomMeeting/vendor/firebase/php-jwt/src/CachedKeySet.php": "be27ec508d9866ee6f71ad17a7759a85254d9c18761b4f0558a6e6d5ec94e262",
    "src/addons/FS/EmbedZoomMeeting/vendor/firebase/php-jwt/src/ExpiredException.php": "ead9a40f09beb5c237cfdc4856db3ae88367bd230ed5a1b7d4b242169c08ad85",
    "src/addons/FS/EmbedZoomMeeting/vendor/firebase/php-jwt/src/JWK.php": "ad397a81e4c4562e2a638d6f81b0c7b1abe4d9dd5a57996bea53fe8220396539",
    "src/addons/FS/EmbedZoomMeeting/vendor/firebase/php-jwt/src/JWT.php": "c1b97ba8fbf2e922e5cdeac5b145410a22485455ee49b3ea5892616a3d773ac7",
    "src/addons/FS/EmbedZoomMeeting/vendor/firebase/php-jwt/src/JWTExceptionWithPayloadInterface.php": "899678f85fe560248895cf921b70ec95ad87b68d5c4da4ff561870d6942cacac",
    "src/addons/FS/EmbedZoomMeeting/vendor/firebase/php-jwt/src/Key.php": "0b5c499ca2fc7103cf50118647626f02c10806f05f76d58cb29a58101b549ff8",
    "src/addons/FS/EmbedZoomMeeting/vendor/firebase/php-jwt/src/SignatureInvalidException.php": "fc624b17bf730387079c3b25dd282743259bd3c6c20920e007879412c85ebdee",
    "src/addons/FS/EmbedZoomMeeting/Widget/MeetingMembersOnline.php": "3f142c097269067989c3fb1cafd2a5327ca05d2ccb46d7a65051d91cff52012a",
    "src/addons/FS/EmbedZoomMeeting/XF/Admin/Controller/Misc.php": "251e8de05d765aa1745f65810a1a15797af5aa37a56828605a4fe80ea64625f0",
    "src/addons/FS/EmbedZoomMeeting/XF/Admin/Controller/Option.php": "4a642bcf3d0dc2e63fbc99477fa21fa00f1d1bed6128458a4d983ba074adee87",
    "src/addons/FS/EmbedZoomMeeting/XF/Entity/User.php": "0169a0d7309731707b0067a74530fa68c2c3d16adc9a10ad28521598b2cb4b26",
    "src/addons/FS/EmbedZoomMeeting/_data/activity_summary_definitions.xml": "99d8c2563a31320d66f958fc8bda78613545f5f7959bb3cf5318805e3a3c39d2",
    "src/addons/FS/EmbedZoomMeeting/_data/admin_navigation.xml": "50ca7d0ae68203f7aebe2756e22e1e7e16e9ea2bde89d029b7b72938ea596026",
    "src/addons/FS/EmbedZoomMeeting/_data/admin_permission.xml": "ec6fb97cebf0bceb24f1ed1d5778c1db54eeb7535fbb3e31d824840e7aa9ff87",
    "src/addons/FS/EmbedZoomMeeting/_data/advertising_positions.xml": "d2f7cbe844bb1df3cf878d22ff6306249245c8ff6b0b87b9b729744bec538261",
    "src/addons/FS/EmbedZoomMeeting/_data/api_scopes.xml": "6793eaf758f140e8137187ba20e65f4faccf53410433ae3ad7a8b3b38cb6b3b7",
    "src/addons/FS/EmbedZoomMeeting/_data/bb_codes.xml": "faa4ddd5f4a365e5ac39aebdcbe2d25aedf74e7eb9ea4a812766e2fd5e13bdb1",
    "src/addons/FS/EmbedZoomMeeting/_data/bb_code_media_sites.xml": "29762987990187b33e43cfb68c08dc917b2d3f0176613d78f8e6c453f82da3f3",
    "src/addons/FS/EmbedZoomMeeting/_data/class_extensions.xml": "c179eb6c9e87cdc2e9b015be9cff5262773ee8c54444d138c496838b67f4646a",
    "src/addons/FS/EmbedZoomMeeting/_data/code_events.xml": "8370dec3df47f91df4cf79da253446ad11b29f4ea568fe76c774e97a0379f0eb",
    "src/addons/FS/EmbedZoomMeeting/_data/code_event_listeners.xml": "d6b5072f4909dee7a20ee9e44b163f95c8aa52e6ac7f573e292000cd9238c331",
    "src/addons/FS/EmbedZoomMeeting/_data/content_type_fields.xml": "c7ad5472b28f465b7ac7617627707eba1b7a39d28089460d52e1ed292fc0b06a",
    "src/addons/FS/EmbedZoomMeeting/_data/cron.xml": "b09983da352ee5bb28e4d0b705dc231a8fd6a3ef26556086f64edd6929227c61",
    "src/addons/FS/EmbedZoomMeeting/_data/help_pages.xml": "a8a0c0b06cdc550438bc8a8d385af3e1e5ab3459877dfb934c1c31be59c89163",
    "src/addons/FS/EmbedZoomMeeting/_data/member_stats.xml": "89fb2b93ff1eca7a1f6f752248edf6090dfd24037db1446fd18ff7143f08124d",
    "src/addons/FS/EmbedZoomMeeting/_data/navigation.xml": "076db4b583cda40175a19128f902728b36ec4a5eddc4536cef56703f7250f87d",
    "src/addons/FS/EmbedZoomMeeting/_data/options.xml": "4458abca4b72ccb2c1dc022115e1cc9fb7d8f82f8e69ebf693e71c77f01653f4",
    "src/addons/FS/EmbedZoomMeeting/_data/option_groups.xml": "78152360815f491cca4af379d450fd6ca5b48ef805e429dd25f1a70266344e35",
    "src/addons/FS/EmbedZoomMeeting/_data/permissions.xml": "3fbf66fd74e458e7f96a728fa7eadf7d1f4caa4dd36be1e7a115ad7459eb2b96",
    "src/addons/FS/EmbedZoomMeeting/_data/permission_interface_groups.xml": "7f028c44955db4a2208aad998f7734d64b317259fd4645e6bd797a6cb4a1b58e",
    "src/addons/FS/EmbedZoomMeeting/_data/phrases.xml": "8624c1f2819e2a14f139f0c9d064511562ea9241aca221b364ffbf35e0ba0064",
    "src/addons/FS/EmbedZoomMeeting/_data/routes.xml": "91d3d6c2a6642b387d01fa395f7021648bb059106c9e5137974397319363933f",
    "src/addons/FS/EmbedZoomMeeting/_data/style_properties.xml": "8b8690a8512f01f219dd2da76e3d0c5f62afc1f317b87794a7331c859c36a7a8",
    "src/addons/FS/EmbedZoomMeeting/_data/style_property_groups.xml": "68e1879cb3846c42d978487aa8d5145ff3335fc39e58016878824d5cf3fd684c",
    "src/addons/FS/EmbedZoomMeeting/_data/templates.xml": "2a297b6a2881c69326817e8bf5fb49f04b1b2f3992f51178b550b5c2cb3699e8",
    "src/addons/FS/EmbedZoomMeeting/_data/template_modifications.xml": "3b54b7df00a6a4a18c5e012b6e2588e35c23aaa13a5fc227f08646a97590d778",
    "src/addons/FS/EmbedZoomMeeting/_data/widget_definitions.xml": "acc54c30ef15428889a92bdc3ac5bfaa95b19c31c6afe2fda22ce41673e3c9c9",
    "src/addons/FS/EmbedZoomMeeting/_data/widget_positions.xml": "a29cee66134f6bc5d75ed9df1eef21096c24401915c5b5c774389c3d7bb2d5b3"
}