{
    "src/addons/FS/ApproveRejectedUser/addon.json": "2787619340b64f95ce43c600c853d7965f3bae8548eee1fa49fd099c7fe114f3",
    "src/addons/FS/ApproveRejectedUser/ApprovalQueue/RejectedUser.php": "c23311de0d947fb440bf363a3e9372570c39afc55d60f72ff9f5b3813b4d6fb0",
    "src/addons/FS/ApproveRejectedUser/Setup.php": "ba347144ddf4a30fbfe7cc10f3bd9ebaa3787c512315606ea51db7dd7ff04ffa",
    "src/addons/FS/ApproveRejectedUser/XF/ApprovalQueue/User.php": "c63fd77aab335d551e4ee3c5578746ee1d0a140df0e7e233538cb03085f851f8",
    "src/addons/FS/ApproveRejectedUser/XF/Pub/Controller/ApprovalQueue.php": "c55065488d7b4e548e038747293b9eec71141bf4f3375d845eaf07e36bcca807",
    "src/addons/FS/ApproveRejectedUser/XF/Repository/ApprovalQueue.php": "8b999a52da81905569f22bedf3197c8cbe7d4864a769f4c94a99e06fce45326c",
    "src/addons/FS/ApproveRejectedUser/_data/activity_summary_definitions.xml": "99d8c2563a31320d66f958fc8bda78613545f5f7959bb3cf5318805e3a3c39d2",
    "src/addons/FS/ApproveRejectedUser/_data/admin_navigation.xml": "064ec797484ac00d5ee37367b50b06846d11f480d00550997712707f8fdac8c0",
    "src/addons/FS/ApproveRejectedUser/_data/admin_permission.xml": "ec6fb97cebf0bceb24f1ed1d5778c1db54eeb7535fbb3e31d824840e7aa9ff87",
    "src/addons/FS/ApproveRejectedUser/_data/advertising_positions.xml": "d2f7cbe844bb1df3cf878d22ff6306249245c8ff6b0b87b9b729744bec538261",
    "src/addons/FS/ApproveRejectedUser/_data/api_scopes.xml": "6793eaf758f140e8137187ba20e65f4faccf53410433ae3ad7a8b3b38cb6b3b7",
    "src/addons/FS/ApproveRejectedUser/_data/bb_codes.xml": "faa4ddd5f4a365e5ac39aebdcbe2d25aedf74e7eb9ea4a812766e2fd5e13bdb1",
    "src/addons/FS/ApproveRejectedUser/_data/bb_code_media_sites.xml": "29762987990187b33e43cfb68c08dc917b2d3f0176613d78f8e6c453f82da3f3",
    "src/addons/FS/ApproveRejectedUser/_data/class_extensions.xml": "575154b99e32c02a908aa40592276db75be629934b42825206b7f535400e1f8e",
    "src/addons/FS/ApproveRejectedUser/_data/code_events.xml": "8370dec3df47f91df4cf79da253446ad11b29f4ea568fe76c774e97a0379f0eb",
    "src/addons/FS/ApproveRejectedUser/_data/code_event_listeners.xml": "d6b5072f4909dee7a20ee9e44b163f95c8aa52e6ac7f573e292000cd9238c331",
    "src/addons/FS/ApproveRejectedUser/_data/content_type_fields.xml": "67e3695d01665e4f2b9078179976abe4fd9b61a80f5e0348c7a6ba1e07753c16",
    "src/addons/FS/ApproveRejectedUser/_data/cron.xml": "323c4284742ef24329cd6db6f288eb9736d2353f36852e1db12591e1583aea26",
    "src/addons/FS/ApproveRejectedUser/_data/help_pages.xml": "a8a0c0b06cdc550438bc8a8d385af3e1e5ab3459877dfb934c1c31be59c89163",
    "src/addons/FS/ApproveRejectedUser/_data/member_stats.xml": "89fb2b93ff1eca7a1f6f752248edf6090dfd24037db1446fd18ff7143f08124d",
    "src/addons/FS/ApproveRejectedUser/_data/navigation.xml": "f75e1c03a45a360bbdfcd0567121665082315068475d5b0feb8b1acbb1688651",
    "src/addons/FS/ApproveRejectedUser/_data/options.xml": "297350d1d8794f9bbca35789cc64d9496d091f2671d0d20e3a023ba9ac6b5e6d",
    "src/addons/FS/ApproveRejectedUser/_data/option_groups.xml": "d25ae21e55be02c8021467e0e8e48ece77a41a140eb2e0c5e0c8dda814ae77b6",
    "src/addons/FS/ApproveRejectedUser/_data/permissions.xml": "7e4fc7d5826733d15ea2d8936b9bdd41afcaad810eb38e50da3c8d8eafda1550",
    "src/addons/FS/ApproveRejectedUser/_data/permission_interface_groups.xml": "3177224e96458b829aa7fb24866dda9e0455a4922aee3d669b53f59a1ffdf5d1",
    "src/addons/FS/ApproveRejectedUser/_data/phrases.xml": "5c4be8602f18b8547aa79a7fc6174790ebca07ae440dd96599d0e16654d7c07c",
    "src/addons/FS/ApproveRejectedUser/_data/routes.xml": "550fa64f9feedf137dd877b38c2684f94474619d2d83890dbb717a91b50da8f5",
    "src/addons/FS/ApproveRejectedUser/_data/style_properties.xml": "8b8690a8512f01f219dd2da76e3d0c5f62afc1f317b87794a7331c859c36a7a8",
    "src/addons/FS/ApproveRejectedUser/_data/style_property_groups.xml": "68e1879cb3846c42d978487aa8d5145ff3335fc39e58016878824d5cf3fd684c",
    "src/addons/FS/ApproveRejectedUser/_data/templates.xml": "aae3cf4c28bcebd21ffa127eb9b591cd21b4c45c131e97e7d00fef4b796f4d67",
    "src/addons/FS/ApproveRejectedUser/_data/template_modifications.xml": "a6b64e760d0d51e6743aaef21e75c217d2cdc37a094a433a6aaf74f38aa204d1",
    "src/addons/FS/ApproveRejectedUser/_data/widget_definitions.xml": "37e46965256430f24004c2e7f08ba08f9b0d1cbcc4d70e84b3f4e3ffb713e64b",
    "src/addons/FS/ApproveRejectedUser/_data/widget_positions.xml": "a29cee66134f6bc5d75ed9df1eef21096c24401915c5b5c774389c3d7bb2d5b3"
}