[
    {
        "name": "aws/aws-sdk-php",
        "version": "3.71.6",
        "version_normalized": "3.71.6.0",
        "source": {
            "type": "git",
            "url": "https://github.com/aws/aws-sdk-php.git",
            "reference": "59e2efc13ce4c8d58351cda27696c16e15662f8c"
        },
        "dist": {
            "type": "zip",
            "url": "https://api.github.com/repos/aws/aws-sdk-php/zipball/59e2efc13ce4c8d58351cda27696c16e15662f8c",
            "reference": "59e2efc13ce4c8d58351cda27696c16e15662f8c",
            "shasum": ""
        },
        "require": {
            "ext-json": "*",
            "ext-pcre": "*",
            "ext-simplexml": "*",
            "ext-spl": "*",
            "guzzlehttp/guzzle": "^5.3.3|^6.2.1",
            "guzzlehttp/promises": "~1.0",
            "guzzlehttp/psr7": "^1.4.1",
            "mtdowling/jmespath.php": "~2.2",
            "php": ">=5.5"
        },
        "require-dev": {
            "andrewsville/php-token-reflection": "^1.4",
            "aws/aws-php-sns-message-validator": "~1.0",
            "behat/behat": "~3.0",
            "doctrine/cache": "~1.4",
            "ext-dom": "*",
            "ext-openssl": "*",
            "ext-pcntl": "*",
            "ext-sockets": "*",
            "nette/neon": "^2.3",
            "phpunit/phpunit": "^4.8.35|^5.4.3",
            "psr/cache": "^1.0"
        },
        "suggest": {
            "aws/aws-php-sns-message-validator": "To validate incoming SNS notifications",
            "doctrine/cache": "To use the DoctrineCacheAdapter",
            "ext-curl": "To send requests using cURL",
            "ext-openssl": "Allows working with CloudFront private distributions and verifying received SNS messages",
            "ext-sockets": "To use client-side monitoring"
        },
        "time": "2018-11-14T22:36:13+00:00",
        "type": "library",
        "extra": {
            "branch-alias": {
                "dev-master": "3.0-dev"
            }
        },
        "installation-source": "dist",
        "autoload": {
            "psr-4": {
                "Aws\\": "src/"
            },
            "files": [
                "src/functions.php"
            ]
        },
        "notification-url": "https://packagist.org/downloads/",
        "license": [
            "Apache-2.0"
        ],
        "authors": [
            {
                "name": "Amazon Web Services",
                "homepage": "http://aws.amazon.com"
            }
        ],
        "description": "AWS SDK for PHP - Use Amazon Web Services in your PHP project",
        "homepage": "http://aws.amazon.com/sdkforphp",
        "keywords": [
            "amazon",
            "aws",
            "cloud",
            "dynamodb",
            "ec2",
            "glacier",
            "s3",
            "sdk"
        ]
    },
    {
        "name": "league/flysystem-aws-s3-v3",
        "version": "1.0.21",
        "version_normalized": "1.0.21.0",
        "source": {
            "type": "git",
            "url": "https://github.com/thephpleague/flysystem-aws-s3-v3.git",
            "reference": "43523fec10a831ea48bedb3277e3f3fa218f4e49"
        },
        "dist": {
            "type": "zip",
            "url": "https://api.github.com/repos/thephpleague/flysystem-aws-s3-v3/zipball/43523fec10a831ea48bedb3277e3f3fa218f4e49",
            "reference": "43523fec10a831ea48bedb3277e3f3fa218f4e49",
            "shasum": ""
        },
        "require": {
            "aws/aws-sdk-php": "^3.0.0",
            "league/flysystem": "^1.0.40",
            "php": ">=5.5.0"
        },
        "require-dev": {
            "henrikbjorn/phpspec-code-coverage": "~1.0.1",
            "phpspec/phpspec": "^2.0.0"
        },
        "time": "2018-10-08T07:53:55+00:00",
        "type": "library",
        "extra": {
            "branch-alias": {
                "dev-master": "1.0-dev"
            }
        },
        "installation-source": "dist",
        "autoload": {
            "psr-4": {
                "League\\Flysystem\\AwsS3v3\\": "src/"
            }
        },
        "notification-url": "https://packagist.org/downloads/",
        "license": [
            "MIT"
        ],
        "authors": [
            {
                "name": "Frank de Jonge",
                "email": "info@frenky.net"
            }
        ],
        "description": "Flysystem adapter for the AWS S3 SDK v3.x"
    },
    {
        "name": "mtdowling/jmespath.php",
        "version": "2.4.0",
        "version_normalized": "2.4.0.0",
        "source": {
            "type": "git",
            "url": "https://github.com/jmespath/jmespath.php.git",
            "reference": "adcc9531682cf87dfda21e1fd5d0e7a41d292fac"
        },
        "dist": {
            "type": "zip",
            "url": "https://api.github.com/repos/jmespath/jmespath.php/zipball/adcc9531682cf87dfda21e1fd5d0e7a41d292fac",
            "reference": "adcc9531682cf87dfda21e1fd5d0e7a41d292fac",
            "shasum": ""
        },
        "require": {
            "php": ">=5.4.0"
        },
        "require-dev": {
            "phpunit/phpunit": "~4.0"
        },
        "time": "2016-12-03T22:08:25+00:00",
        "bin": [
            "bin/jp.php"
        ],
        "type": "library",
        "extra": {
            "branch-alias": {
                "dev-master": "2.0-dev"
            }
        },
        "installation-source": "dist",
        "autoload": {
            "psr-4": {
                "JmesPath\\": "src/"
            },
            "files": [
                "src/JmesPath.php"
            ]
        },
        "notification-url": "https://packagist.org/downloads/",
        "license": [
            "MIT"
        ],
        "authors": [
            {
                "name": "Michael Dowling",
                "email": "mtdowling@gmail.com",
                "homepage": "https://github.com/mtdowling"
            }
        ],
        "description": "Declaratively specify how to extract elements from a JSON document",
        "keywords": [
            "json",
            "jsonpath"
        ]
    }
]
