<?xml version="1.0" encoding="utf-8"?>
<template_modifications>
  <modification type="admin" template="user_batch_update" modification_key="fs_batch_user_batch_update" description="fs_batch_user_batch_update" execution_order="10" enabled="1" action="str_replace">
    <find><![CDATA[helper_user_search_criteria]]></find>
    <replace><![CDATA[fs_batch_helper_user_search_criteria]]></replace>
  </modification>
  <modification type="admin" template="user_batch_update_confirm" modification_key="fs_batch_user_batch_update_confirm" description="fs_batch_user_batch_update_confirm" execution_order="10" enabled="1" action="str_replace">
    <find><![CDATA[is="!$userIds"]]></find>
    <replace><![CDATA[is="count($criteria.userIds) || !$userIds"]]></replace>
  </modification>
</template_modifications>
