{
    "src/addons/FS/AttachmentsQueue/addon.json": "1cf08a95f4071512be614c93b1b4922954035a92550991f758fc12685d86c6f2",
    "src/addons/FS/AttachmentsQueue/BbCode/Renderer/FsCheckTrait.php": "2a8901ad733e98316b036f0fe4f08a0bf27c6fab2fca224d822645677f1ab72a",
    "src/addons/FS/AttachmentsQueue/Listener.php": "f905e743acd562ed4e87f7e2be3eeb3a9da441909b601b5bf047567cd45de355",
    "src/addons/FS/AttachmentsQueue/Pub/Controller/Queue.php": "8c1e5acdb387dcc75d54068de9ef9486ed409b0e74d8c5933a5a4a878675c0f6",
    "src/addons/FS/AttachmentsQueue/Repository/AttachmentQueueRepo.php": "12eaa887ad300bd45f3d7d92dd3c8b207e05bf1ba245ebafb80a3047f1f0361d",
    "src/addons/FS/AttachmentsQueue/Setup.php": "45e870e8205ee119e054bae0385df23a6fe4a87b00da7b4caa40d6de224d7260",
    "src/addons/FS/AttachmentsQueue/XF/BbCode/Renderer/Html.php": "1beae9d24242e4830d558e1c22bd2106230275f05b1a9b7940f019d041b0a432",
    "src/addons/FS/AttachmentsQueue/XF/Entity/Attachment.php": "ef710ed18382bb401ca1e8b104c52ed46b5e847d5e431c2647f03fe12d874122",
    "src/addons/FS/AttachmentsQueue/XF/Entity/Post.php": "eca83cdfb7e7bb63368df8b5ccac2d20f397a53cb79b3be7a67b258220a0f485",
    "src/addons/FS/AttachmentsQueue/XF/Pub/Controller/Attachment.php": "edb95bf03e24292f79bdb692869065389293857638076391fbe52fd41394f25d",
    "src/addons/FS/AttachmentsQueue/_data/activity_summary_definitions.xml": "99d8c2563a31320d66f958fc8bda78613545f5f7959bb3cf5318805e3a3c39d2",
    "src/addons/FS/AttachmentsQueue/_data/admin_navigation.xml": "064ec797484ac00d5ee37367b50b06846d11f480d00550997712707f8fdac8c0",
    "src/addons/FS/AttachmentsQueue/_data/admin_permission.xml": "ec6fb97cebf0bceb24f1ed1d5778c1db54eeb7535fbb3e31d824840e7aa9ff87",
    "src/addons/FS/AttachmentsQueue/_data/advertising_positions.xml": "d2f7cbe844bb1df3cf878d22ff6306249245c8ff6b0b87b9b729744bec538261",
    "src/addons/FS/AttachmentsQueue/_data/api_scopes.xml": "6793eaf758f140e8137187ba20e65f4faccf53410433ae3ad7a8b3b38cb6b3b7",
    "src/addons/FS/AttachmentsQueue/_data/bb_codes.xml": "faa4ddd5f4a365e5ac39aebdcbe2d25aedf74e7eb9ea4a812766e2fd5e13bdb1",
    "src/addons/FS/AttachmentsQueue/_data/bb_code_media_sites.xml": "29762987990187b33e43cfb68c08dc917b2d3f0176613d78f8e6c453f82da3f3",
    "src/addons/FS/AttachmentsQueue/_data/class_extensions.xml": "fa9caf5701810a85b5e48ad597d7f11ea79ec15a383de04a6f65191fd7c0a3d5",
    "src/addons/FS/AttachmentsQueue/_data/code_events.xml": "8370dec3df47f91df4cf79da253446ad11b29f4ea568fe76c774e97a0379f0eb",
    "src/addons/FS/AttachmentsQueue/_data/code_event_listeners.xml": "282f0ec8b69abfc7518203be330aead0ede7f2e35d2c0709cd1129dc7a98ad14",
    "src/addons/FS/AttachmentsQueue/_data/content_type_fields.xml": "c7ad5472b28f465b7ac7617627707eba1b7a39d28089460d52e1ed292fc0b06a",
    "src/addons/FS/AttachmentsQueue/_data/cron.xml": "323c4284742ef24329cd6db6f288eb9736d2353f36852e1db12591e1583aea26",
    "src/addons/FS/AttachmentsQueue/_data/help_pages.xml": "a8a0c0b06cdc550438bc8a8d385af3e1e5ab3459877dfb934c1c31be59c89163",
    "src/addons/FS/AttachmentsQueue/_data/member_stats.xml": "89fb2b93ff1eca7a1f6f752248edf6090dfd24037db1446fd18ff7143f08124d",
    "src/addons/FS/AttachmentsQueue/_data/navigation.xml": "f75e1c03a45a360bbdfcd0567121665082315068475d5b0feb8b1acbb1688651",
    "src/addons/FS/AttachmentsQueue/_data/options.xml": "92d6455ed5b01b7b123e85dc56d30ce4310e4f6cb09b29b872e58f9fc7e816a8",
    "src/addons/FS/AttachmentsQueue/_data/option_groups.xml": "bab4b9a263bbcc803f9c797610f9ddc4b25050e46f9047ac4d1862ffe7047a1d",
    "src/addons/FS/AttachmentsQueue/_data/permissions.xml": "7e4fc7d5826733d15ea2d8936b9bdd41afcaad810eb38e50da3c8d8eafda1550",
    "src/addons/FS/AttachmentsQueue/_data/permission_interface_groups.xml": "3177224e96458b829aa7fb24866dda9e0455a4922aee3d669b53f59a1ffdf5d1",
    "src/addons/FS/AttachmentsQueue/_data/phrases.xml": "593e03e118c3fdbe6422b3bb94bdb408efcd2518fea5358c3360c057ff76e130",
    "src/addons/FS/AttachmentsQueue/_data/routes.xml": "b4785678c70491f8c2fe58eb48b6c7903d3a310506a7dacb1e27c060ca1f0029",
    "src/addons/FS/AttachmentsQueue/_data/style_properties.xml": "9229c78ab01b9c8daaf0de8669e1e43b13cff2fab0c4ff162b3a7a724cda8f23",
    "src/addons/FS/AttachmentsQueue/_data/style_property_groups.xml": "d07e14ab2f94c80a09d086a84149fd1e2eca34470b2a91560da86dc3402ae6d3",
    "src/addons/FS/AttachmentsQueue/_data/templates.xml": "a11c71057f35ccfd2aa1831134171ecd0bbfb53616ac5360477045eeddc764d0",
    "src/addons/FS/AttachmentsQueue/_data/template_modifications.xml": "c68f207d7441baedb77f881d2ab95d0c7eab67dc0c2c52a8eaf3f397ec759b8b",
    "src/addons/FS/AttachmentsQueue/_data/widget_definitions.xml": "37e46965256430f24004c2e7f08ba08f9b0d1cbcc4d70e84b3f4e3ffb713e64b",
    "src/addons/FS/AttachmentsQueue/_data/widget_positions.xml": "a29cee66134f6bc5d75ed9df1eef21096c24401915c5b5c774389c3d7bb2d5b3"
}