<?xml version="1.0" encoding="utf-8"?>
<template_modifications>
  <modification type="admin" template="widget_def_options_new_posts" modification_key="node_limit" description="Forum limit base" execution_order="10" enabled="1" action="str_replace">
    <find><![CDATA[<xf:selectrow name="options[node_ids][]" value="{{ $options.node_ids ?: '' }}" multiple="multiple" size="7"
	label="{{ phrase('forum_limit') }}"
	explain="{{ phrase('only_include_threads_in_selected_forums') }}">

	<xf:option value="">{{ phrase('all_forums') }}</xf:option>
	<xf:foreach loop="$nodeTree.getFlattened(0)" value="$treeEntry">
		<xf:option value="{$treeEntry.record.node_id}" disabled="{{ $treeEntry.record.node_type_id != 'Forum' }}">
			{{ repeat('&nbsp;&nbsp;', $treeEntry.depth)|raw }} {$treeEntry.record.title}
		</xf:option>
	</xf:foreach>
</xf:selectrow>]]></find>
    <replace><![CDATA[<xf:include template="limit_node_selection"/>]]></replace>
  </modification>
</template_modifications>
