<?xml version="1.0" encoding="utf-8"?>
<templates>
  <template type="public" title="xfmg_set_image_confirm" version_id="100010" version_string="1"><![CDATA[<xf:title>Confirm Image</xf:title>

<xf:breadcrumb source="$mediaItem.getBreadcrumbs()" />

<xf:form action="{{ link('media/SavingImage', $mediaItem) }}" class="block" ajax="true" method="post">
	<div class="block-container">
		<div class="formInfoRow formInfoRow--confirm">
			Are you sure you want to set this image thumbnail?
		</div>
		<xf:submitrow icon="save" />
	</div>
</xf:form>]]></template>
</templates>
