{
    "src/addons/FS/UserCarDetails/addon.json": "d451106b1926df44d30ba4e28e8ecabfb30ed604aec2b4f3f8d30ecdc83d3fa0",
    "src/addons/FS/UserCarDetails/Admin/Controller/Location.php": "69ec144e526d6219e9e3a8754e5215acc8e2cdf060077e67d0b0caf6c20be0a3",
    "src/addons/FS/UserCarDetails/Admin/Controller/Model.php": "9a3153297e8b5249489383848fd56257e35fba9315af323b3e8ad6049ad0ff05",
    "src/addons/FS/UserCarDetails/Admin/Controller/UserCarDetail.php": "275ee7d8c2f6282a155c0659d181a6a830ad4e489576baa3c1906015f92c3bc9",
    "src/addons/FS/UserCarDetails/Entity/Location.php": "62ccda90dc4fa1a3a199edff6c84239b548a2ddd1b512515e7c10d1518edc652",
    "src/addons/FS/UserCarDetails/Entity/Model.php": "ca64963368213d569a220e99570526d7a91c480f567d425192b0a47a250355a5",
    "src/addons/FS/UserCarDetails/Entity/UserCarDetail.php": "5400bb5d773acb0ad16dcbd8a0e631a3aa00a7f5e8ce04d24023071cf698d17c",
    "src/addons/FS/UserCarDetails/Install/Data/MySql.php": "91f3e351dff27d5d9b3f9d3bef70ce280046e2c3d6c311282ab091d81ee136b6",
    "src/addons/FS/UserCarDetails/Job/CarDetails.php": "44b9d58ba45f899dcd1dc7b29a5b887e687e96e84bc6593eab9a908bcb39a7e5",
    "src/addons/FS/UserCarDetails/Pub/Controller/CarDetails.php": "f33db02697429f042804a4f1e97bc3eb7cd5e966c0a22a831d5214420803796a",
    "src/addons/FS/UserCarDetails/Pub/Controller/CarsList.php": "577494579ea433d7ab2dbfc205450b2b6e4369547f781708d376325dd0e29cd9",
    "src/addons/FS/UserCarDetails/Repository/Models.php": "2e996830e3b64b2b362fe547217004d1e8e236ee6bd25ac86a23430566b8c616",
    "src/addons/FS/UserCarDetails/Service/AddEditCarDetails.php": "57eaf8c0266d60d1f2140ffe0f9be84a87f2c873ee7be1e5fcc0d6c771251c66",
    "src/addons/FS/UserCarDetails/Setup.php": "a05b2888bc4bd33ef88d762f3f5b9543f7a9b73dde026f8997dec8570f6c3484",
    "src/addons/FS/UserCarDetails/XF/Admin/Controller/User.php": "7c434cf12d40155863d9c4b5ba9384cd27516d4af2baeba57bafcafdb0cd4120",
    "src/addons/FS/UserCarDetails/XF/Entity/User.php": "d732afb8321255ebec3fb0f0a70064d79a5f98b8b74e0777718f5ae56be83638",
    "src/addons/FS/UserCarDetails/_data/activity_summary_definitions.xml": "99d8c2563a31320d66f958fc8bda78613545f5f7959bb3cf5318805e3a3c39d2",
    "src/addons/FS/UserCarDetails/_data/admin_navigation.xml": "6e2b8aa8edf7c60564ff44b3e9526b2bdc6de4652d882eb7ee136e56b5eecd8e",
    "src/addons/FS/UserCarDetails/_data/admin_permission.xml": "ec6fb97cebf0bceb24f1ed1d5778c1db54eeb7535fbb3e31d824840e7aa9ff87",
    "src/addons/FS/UserCarDetails/_data/advertising_positions.xml": "d2f7cbe844bb1df3cf878d22ff6306249245c8ff6b0b87b9b729744bec538261",
    "src/addons/FS/UserCarDetails/_data/api_scopes.xml": "6793eaf758f140e8137187ba20e65f4faccf53410433ae3ad7a8b3b38cb6b3b7",
    "src/addons/FS/UserCarDetails/_data/bb_codes.xml": "faa4ddd5f4a365e5ac39aebdcbe2d25aedf74e7eb9ea4a812766e2fd5e13bdb1",
    "src/addons/FS/UserCarDetails/_data/bb_code_media_sites.xml": "29762987990187b33e43cfb68c08dc917b2d3f0176613d78f8e6c453f82da3f3",
    "src/addons/FS/UserCarDetails/_data/class_extensions.xml": "4ea6a9c752e250c43aff3e05533f8c103dea35ce2b81ba09c7b6b760a59ef146",
    "src/addons/FS/UserCarDetails/_data/code_events.xml": "8370dec3df47f91df4cf79da253446ad11b29f4ea568fe76c774e97a0379f0eb",
    "src/addons/FS/UserCarDetails/_data/code_event_listeners.xml": "d6b5072f4909dee7a20ee9e44b163f95c8aa52e6ac7f573e292000cd9238c331",
    "src/addons/FS/UserCarDetails/_data/content_type_fields.xml": "c7ad5472b28f465b7ac7617627707eba1b7a39d28089460d52e1ed292fc0b06a",
    "src/addons/FS/UserCarDetails/_data/cron.xml": "323c4284742ef24329cd6db6f288eb9736d2353f36852e1db12591e1583aea26",
    "src/addons/FS/UserCarDetails/_data/help_pages.xml": "a8a0c0b06cdc550438bc8a8d385af3e1e5ab3459877dfb934c1c31be59c89163",
    "src/addons/FS/UserCarDetails/_data/member_stats.xml": "89fb2b93ff1eca7a1f6f752248edf6090dfd24037db1446fd18ff7143f08124d",
    "src/addons/FS/UserCarDetails/_data/navigation.xml": "897e73520d06f7ec6c83e25b8c6c4851cc65fc681dbc67c18005d9a90da8ffa6",
    "src/addons/FS/UserCarDetails/_data/options.xml": "1cea29aa5671733d85c8fc6f7c66128eacbca5643cbb38585eb82002879b51a4",
    "src/addons/FS/UserCarDetails/_data/option_groups.xml": "154d7a89664b243d0bd8227c22e241f934bf7e196c83230ee23d3c0c4fba1333",
    "src/addons/FS/UserCarDetails/_data/permissions.xml": "7e4fc7d5826733d15ea2d8936b9bdd41afcaad810eb38e50da3c8d8eafda1550",
    "src/addons/FS/UserCarDetails/_data/permission_interface_groups.xml": "3177224e96458b829aa7fb24866dda9e0455a4922aee3d669b53f59a1ffdf5d1",
    "src/addons/FS/UserCarDetails/_data/phrases.xml": "65e83ed96b24bd83daf0da866f83c323b17308763974230454a3a5b13176f9cc",
    "src/addons/FS/UserCarDetails/_data/routes.xml": "4e9ee9593ad66819268713f01e0e656d1d7270f1b91542e9a8ae850cd06c6752",
    "src/addons/FS/UserCarDetails/_data/style_properties.xml": "8b8690a8512f01f219dd2da76e3d0c5f62afc1f317b87794a7331c859c36a7a8",
    "src/addons/FS/UserCarDetails/_data/style_property_groups.xml": "68e1879cb3846c42d978487aa8d5145ff3335fc39e58016878824d5cf3fd684c",
    "src/addons/FS/UserCarDetails/_data/templates.xml": "fd782d7582d65235fa5d9554fc48d6aec4da02a2efd0965db47695f0fba86d43",
    "src/addons/FS/UserCarDetails/_data/template_modifications.xml": "5c3a4740d0a3f0d50fc8d822cd58b1dcf24166a80734e0a782cbf4bff69dcaa1",
    "src/addons/FS/UserCarDetails/_data/widget_definitions.xml": "37e46965256430f24004c2e7f08ba08f9b0d1cbcc4d70e84b3f4e3ffb713e64b",
    "src/addons/FS/UserCarDetails/_data/widget_positions.xml": "a29cee66134f6bc5d75ed9df1eef21096c24401915c5b5c774389c3d7bb2d5b3"
}