{
    "src/addons/xenbros/Threadthumbnail/addon.json": "ed9e32e2be234f8365369f699d920262af0dcfcd6acc1a5bb875d67e2e2d3a1e",
    "src/addons/xenbros/Threadthumbnail/Entity/Thread.php": "f2db4eb0e2fc1a6ca22ec354d6d64897bb620bac61da6d68b30a88b0dbb146ad",
    "src/addons/xenbros/Threadthumbnail/Listener.php": "a475c802161643aa15426a451d2f99b93a808155bb1d80611c3374806dad64ec",
    "src/addons/xenbros/Threadthumbnail/Option/Xenbrosverify.php": "3d52824126863dd0072d5b901325828cf981b7108d43fde3bca220b0d4aa16fb",
    "src/addons/xenbros/Threadthumbnail/Setup.php": "0169447e1af32a6f76c96be564e7a3e534de4805555e44d3e46c065b21d4bcbc",
    "src/addons/xenbros/Threadthumbnail/XF/Admin/Controller/Forum.php": "1bd8634191e36e6017a2a05b89731d73a6d983b17670394cc56a686a332cdc1f",
    "src/addons/xenbros/Threadthumbnail/_data/activity_summary_definitions.xml": "99d8c2563a31320d66f958fc8bda78613545f5f7959bb3cf5318805e3a3c39d2",
    "src/addons/xenbros/Threadthumbnail/_data/admin_navigation.xml": "064ec797484ac00d5ee37367b50b06846d11f480d00550997712707f8fdac8c0",
    "src/addons/xenbros/Threadthumbnail/_data/admin_permission.xml": "ec6fb97cebf0bceb24f1ed1d5778c1db54eeb7535fbb3e31d824840e7aa9ff87",
    "src/addons/xenbros/Threadthumbnail/_data/advertising_positions.xml": "d2f7cbe844bb1df3cf878d22ff6306249245c8ff6b0b87b9b729744bec538261",
    "src/addons/xenbros/Threadthumbnail/_data/api_scopes.xml": "6793eaf758f140e8137187ba20e65f4faccf53410433ae3ad7a8b3b38cb6b3b7",
    "src/addons/xenbros/Threadthumbnail/_data/bb_codes.xml": "faa4ddd5f4a365e5ac39aebdcbe2d25aedf74e7eb9ea4a812766e2fd5e13bdb1",
    "src/addons/xenbros/Threadthumbnail/_data/bb_code_media_sites.xml": "29762987990187b33e43cfb68c08dc917b2d3f0176613d78f8e6c453f82da3f3",
    "src/addons/xenbros/Threadthumbnail/_data/class_extensions.xml": "fb33345c068079d12b73dca63ea72129f24bc2a7d48c477a3d4634c3b3d88caf",
    "src/addons/xenbros/Threadthumbnail/_data/code_events.xml": "8370dec3df47f91df4cf79da253446ad11b29f4ea568fe76c774e97a0379f0eb",
    "src/addons/xenbros/Threadthumbnail/_data/code_event_listeners.xml": "a06f8b7353cb160294bb277e06e2173cb5d82a20a14a55c29183aaea618d779d",
    "src/addons/xenbros/Threadthumbnail/_data/content_type_fields.xml": "c7ad5472b28f465b7ac7617627707eba1b7a39d28089460d52e1ed292fc0b06a",
    "src/addons/xenbros/Threadthumbnail/_data/cron.xml": "323c4284742ef24329cd6db6f288eb9736d2353f36852e1db12591e1583aea26",
    "src/addons/xenbros/Threadthumbnail/_data/help_pages.xml": "a8a0c0b06cdc550438bc8a8d385af3e1e5ab3459877dfb934c1c31be59c89163",
    "src/addons/xenbros/Threadthumbnail/_data/member_stats.xml": "89fb2b93ff1eca7a1f6f752248edf6090dfd24037db1446fd18ff7143f08124d",
    "src/addons/xenbros/Threadthumbnail/_data/navigation.xml": "f75e1c03a45a360bbdfcd0567121665082315068475d5b0feb8b1acbb1688651",
    "src/addons/xenbros/Threadthumbnail/_data/options.xml": "01fc50fda61e95cf0c64dd6c8954396354802b947a67738103d22999fab3ab41",
    "src/addons/xenbros/Threadthumbnail/_data/option_groups.xml": "5e929d28d299ba160206d478e783f24a02d14c5f185237e2388e27ea3a6e5093",
    "src/addons/xenbros/Threadthumbnail/_data/permissions.xml": "7e4fc7d5826733d15ea2d8936b9bdd41afcaad810eb38e50da3c8d8eafda1550",
    "src/addons/xenbros/Threadthumbnail/_data/permission_interface_groups.xml": "3177224e96458b829aa7fb24866dda9e0455a4922aee3d669b53f59a1ffdf5d1",
    "src/addons/xenbros/Threadthumbnail/_data/phrases.xml": "5493e58a250260cfcfc7d49834dffbeadd313600a2d47514789f6138ae401fe1",
    "src/addons/xenbros/Threadthumbnail/_data/routes.xml": "550fa64f9feedf137dd877b38c2684f94474619d2d83890dbb717a91b50da8f5",
    "src/addons/xenbros/Threadthumbnail/_data/style_properties.xml": "8b8690a8512f01f219dd2da76e3d0c5f62afc1f317b87794a7331c859c36a7a8",
    "src/addons/xenbros/Threadthumbnail/_data/style_property_groups.xml": "68e1879cb3846c42d978487aa8d5145ff3335fc39e58016878824d5cf3fd684c",
    "src/addons/xenbros/Threadthumbnail/_data/templates.xml": "95d4b078b90e74e773cef6695ef94c742e74b8d62e6798738f11f0215a58faee",
    "src/addons/xenbros/Threadthumbnail/_data/template_modifications.xml": "a9c03bf08b53b7eb56a522ef18a7f73e272ef07cdbe560219358854377c8dff5",
    "src/addons/xenbros/Threadthumbnail/_data/widget_definitions.xml": "37e46965256430f24004c2e7f08ba08f9b0d1cbcc4d70e84b3f4e3ffb713e64b",
    "src/addons/xenbros/Threadthumbnail/_data/widget_positions.xml": "a29cee66134f6bc5d75ed9df1eef21096c24401915c5b5c774389c3d7bb2d5b3"
}