{
    "js/FS/LatestUpdateSlider/editor.js": "55df37ecb281776fa0256c983fd932e7572b81582d2a77b1cf8c298a268bc610",
    "js/FS/LatestUpdateSlider/editor.min.js": "91ccd8c4fce0e8e653bfe7a61441e7dd15f62ffb0313a4acdab06cc47ea8ba5d",
    "js/FS/LatestUpdateSlider/film_strip.js": "e2a604f65128398c631be061469a621edf531b41bb5db8a7430bbd7aa6de3181",
    "js/FS/LatestUpdateSlider/film_strip.min.js": "be45debdc3a2aff4059e7f5759047fcbd5684657cf6890d8d56cdc62d6709a28",
    "js/FS/LatestUpdateSlider/image_editor-compiled.js": "afff85508fcc8b433d07e3363286577287dc62786964836d9456fa89fe277fa5",
    "js/FS/LatestUpdateSlider/image_editor.js": "a43e3605f84d920d99ff54df47cdb8e876f0aca74cadd9233c1260a19ebaf7d9",
    "js/FS/LatestUpdateSlider/image_editor.min.js": "0d9cda32c6e14727f5db9f4a7cd6165921f79a41a4b34c0153906ce748c54c6f",
    "js/FS/LatestUpdateSlider/image_noter-compiled.js": "96c050419f0dfb932882b1ec796888772a3ec5e9a0c500babd47a6ea3ffb37b6",
    "js/FS/LatestUpdateSlider/image_noter.js": "99787960b886d85dbbc24fe12f5443b17aed65a2aba77b18edc719c4abe4709b",
    "js/FS/LatestUpdateSlider/image_noter.min.js": "131d81a70f88bf944a8c8bfb1e90c20a6d4793bb3d053da9f1beb82173a2e23f",
    "js/FS/LatestUpdateSlider/media_add.js": "aa38919b7e419bc07c7c10b9dbbd2719fd3c61e4b9fd11bac577fc9d40497e7d",
    "js/FS/LatestUpdateSlider/media_add.min.js": "ffc68e08602553ee2c89baf61f290aaf3a15dcaf788f314c425f650befc646a3",
    "js/FS/LatestUpdateSlider/slider.js": "e469886884ee8108ab2487798aa9d783e93fdd7733b5f9ef09b5202a8164f7b0",
    "js/FS/LatestUpdateSlider/slider.min.js": "5a04e57353c8649dc6a682182cbf45224aa10444e9017639257cd4adfb254ea1",
    "js/FS/LatestUpdateSlider/vendor/cropper/cropper.js": "cff32eca4bda1350850e64f322fb66f9c446cc74598e23c810da2c58537987e0",
    "js/FS/LatestUpdateSlider/vendor/cropper/cropper.min.js": "b5fcf332f9fc834362c12b87f857414a328f7a6a823d36f83b9df97e3555e26f",
    "js/FS/LatestUpdateSlider/vendor/cropper/LICENSE": "7ab0e8da12be6414831b278e0815808dd250188cd0c97b5e34eade0854213cc2",
    "src/addons/FS/LatestThread/addon.json": "bcad69948dc720faf914ea38df096e4c4d3baec14f72c442a1f19d0544ad424f",
    "src/addons/FS/LatestThread/Cron/RatingAvg.php": "2af127e1f850925dd4ff1245b6c8d73a446c4c09fa2b1dd0f736106357fd8abc",
    "src/addons/FS/LatestThread/Option/Prefix.php": "bb634c2bc0f617f9907accb9250b53ab4c9c7e6fa8e0a0aab1012cce27831270",
    "src/addons/FS/LatestThread/Pub/Controller/ThreadContent.php": "3a7b71c94c5b65d585217d906db4c815d4e12fd8ece37d8c2c09ec83c2f36915",
    "src/addons/FS/LatestThread/Setup.php": "d468355a6b69fae335065ee6db784f58ee0bb312efd1d59af39b049fb3a81a84",
    "src/addons/FS/LatestThread/XF/Entity/Thread.php": "7993c6a31c43c8af3aa5ca69a97340fdfef07067877b798810a7dfab1c4dc6ef",
    "src/addons/FS/LatestThread/XF/Entity/User.php": "5032716acbdcfe6f58f20586bfb541cc91f70ce8779dfb4cf60a04e6f2aaa684",
    "src/addons/FS/LatestThread/XF/Pub/Controller/Thread.php": "347a2eec327c2ea47beaa77db133b010a5214a7404ca87ef86cb828b6cf53b9f",
    "src/addons/FS/LatestThread/_data/activity_summary_definitions.xml": "99d8c2563a31320d66f958fc8bda78613545f5f7959bb3cf5318805e3a3c39d2",
    "src/addons/FS/LatestThread/_data/admin_navigation.xml": "064ec797484ac00d5ee37367b50b06846d11f480d00550997712707f8fdac8c0",
    "src/addons/FS/LatestThread/_data/admin_permission.xml": "ec6fb97cebf0bceb24f1ed1d5778c1db54eeb7535fbb3e31d824840e7aa9ff87",
    "src/addons/FS/LatestThread/_data/advertising_positions.xml": "d2f7cbe844bb1df3cf878d22ff6306249245c8ff6b0b87b9b729744bec538261",
    "src/addons/FS/LatestThread/_data/api_scopes.xml": "6793eaf758f140e8137187ba20e65f4faccf53410433ae3ad7a8b3b38cb6b3b7",
    "src/addons/FS/LatestThread/_data/bb_codes.xml": "faa4ddd5f4a365e5ac39aebdcbe2d25aedf74e7eb9ea4a812766e2fd5e13bdb1",
    "src/addons/FS/LatestThread/_data/bb_code_media_sites.xml": "29762987990187b33e43cfb68c08dc917b2d3f0176613d78f8e6c453f82da3f3",
    "src/addons/FS/LatestThread/_data/class_extensions.xml": "3cb8f8ca6f5bdda951a9307b6f480ad67e5c7e040b46b1467069fbe5aaba64d3",
    "src/addons/FS/LatestThread/_data/code_events.xml": "8370dec3df47f91df4cf79da253446ad11b29f4ea568fe76c774e97a0379f0eb",
    "src/addons/FS/LatestThread/_data/code_event_listeners.xml": "d6b5072f4909dee7a20ee9e44b163f95c8aa52e6ac7f573e292000cd9238c331",
    "src/addons/FS/LatestThread/_data/content_type_fields.xml": "c7ad5472b28f465b7ac7617627707eba1b7a39d28089460d52e1ed292fc0b06a",
    "src/addons/FS/LatestThread/_data/cron.xml": "25a220199c915121c652c7f466497744ae933c6bb8ebc86e11717e8661c99296",
    "src/addons/FS/LatestThread/_data/help_pages.xml": "a8a0c0b06cdc550438bc8a8d385af3e1e5ab3459877dfb934c1c31be59c89163",
    "src/addons/FS/LatestThread/_data/member_stats.xml": "89fb2b93ff1eca7a1f6f752248edf6090dfd24037db1446fd18ff7143f08124d",
    "src/addons/FS/LatestThread/_data/navigation.xml": "a3697fb034cd21a586a8d8231446b2cd884ed6a4de4aaa04a7869118ad8a16e0",
    "src/addons/FS/LatestThread/_data/options.xml": "884f2e22e36800e2a1e2fb23e6379ba05da70f426512acf8f17faee24cf08bbb",
    "src/addons/FS/LatestThread/_data/option_groups.xml": "c14baff54c7e6fa4aff1bbde66bcc48bad800dbbfa740cf8ba45e0e891f98d08",
    "src/addons/FS/LatestThread/_data/permissions.xml": "c48c98e13bcc76e12fb674d19c4c0207381976aa658fe3c8a561ff734dbbc13e",
    "src/addons/FS/LatestThread/_data/permission_interface_groups.xml": "46d34d4386beda464404140cb3afbee7effe4f25ff57781b647d1d4af30b5a05",
    "src/addons/FS/LatestThread/_data/phrases.xml": "a2a431398a46c1cfd52feec70cc2f4a402ff915f8e0b57b05bf5f91e97c04ec5",
    "src/addons/FS/LatestThread/_data/routes.xml": "cd239152b7d1e9017b0db6016d9922209829400a175ee39e0ec484aa41fc6126",
    "src/addons/FS/LatestThread/_data/style_properties.xml": "8b8690a8512f01f219dd2da76e3d0c5f62afc1f317b87794a7331c859c36a7a8",
    "src/addons/FS/LatestThread/_data/style_property_groups.xml": "68e1879cb3846c42d978487aa8d5145ff3335fc39e58016878824d5cf3fd684c",
    "src/addons/FS/LatestThread/_data/templates.xml": "039b84fd7bd21beef2910f7bb6ad424c2af46e4b71bf013954cfacc097dd2aba",
    "src/addons/FS/LatestThread/_data/template_modifications.xml": "5d5a770a559354e2a3a57d2f93e205f479a8f09f2259203a192c494196a1f4e1",
    "src/addons/FS/LatestThread/_data/widget_definitions.xml": "37e46965256430f24004c2e7f08ba08f9b0d1cbcc4d70e84b3f4e3ffb713e64b",
    "src/addons/FS/LatestThread/_data/widget_positions.xml": "a29cee66134f6bc5d75ed9df1eef21096c24401915c5b5c774389c3d7bb2d5b3"
}