{
    "js/sv/lib/ajaxPagination.js": "36426abe1a66c38a3a9cd752e971eb2014a83864a598d0099e7814ada1493df5",
    "js/sv/lib/ajaxPagination.min.js": "a52352a1f7a74a9ed121f3c12f840fdd51e0f2c16ef7c443c25b88ffb102096c",
    "js/sv/lib/dropdownSubmit.js": "6788b8388864b0e84cb116521b5d7aeba5588a51bfb16bc79ce81a252ec747a0",
    "js/sv/lib/dropdownSubmit.min.js": "6c021f10a534871cb7070f9490cc67fb2304872e4464c03c49df95ad9bfd1908",
    "js/sv/lib/relative_timestamp.js": "dd59c0e43f9a9b69054715e034e86cde7c6a609b193aab63b10ba32829d78303",
    "js/sv/lib/relative_timestamp.min.js": "a93e0104a208d69cec7ba1765c4060bd4225d3e9eac71fe6d0128e20505b9caa",
    "js/sv/lib/select.js": "d161978b889f397c1f2d31b4d0b3235f6ea48ffb057a55edd33d43d625ef6ab4",
    "js/sv/lib/select.min.js": "b158ba77f06ff836a69c6e624acfef360a8d3e4c616ae8840ac5485d28509e60",
    "js/sv/lib/storage.js": "602ff408307f2089b2d74196618b41c6322b4f501f8918b32c0b57863670367f",
    "js/sv/lib/storage.min.js": "6d800bc86a33666691e46d760d93253f75594872f9dd5007912cfc427a7c09ad",
    "js/sv/lib/xf/core/structure.js": "1e8630aa0ecd5e7bf7cefbd2bb306073b64786b8ca08df112909ca866ce76125",
    "js/sv/lib/xf/core/structure.min.js": "dffbd6cc567b3de239b9db925e6bcd6cf640a28f8e44b7ab1a26a42a110ed304",
    "js/sv/lib/xf/filter.js": "e5bedf8a2ec6277d82a360cefd3de08e604beae7097c0d171ec446bde862b162",
    "js/sv/lib/xf/filter.min.js": "d5bb96ca9d90a6f08ae3c295ed57cbab24aa51d54e42f2df59b20cafad2fb6ac",
    "js/sv/vendor/choices/choices.js": "7be59ce9cf094175069271c245eddf5a419760898b77c9d617f9dfdfd1e0a973",
    "js/sv/vendor/choices/choices.min.js": "7ae008907b226b534d7d41882aac6e9a05f7800e0ef74a5ea783799e9498ef5c",
    "js/sv/vendor/choices/choices.search-basic.js": "58eeb6d1a533747615e120487f56c26cde74dc2bc6ea17042c942bc6590df090",
    "js/sv/vendor/choices/choices.search-basic.min.js": "29f1e743827359c11d724fb2c7524f88d2e38bf5f103ef5f6f192a5658414039",
    "js/sv/vendor/choices/choices.search-prefix.js": "561c1478a26e2ac7597ae1042e9a719a7e0ce52b61d8fd523e8515003b2c18f6",
    "js/sv/vendor/choices/choices.search-prefix.min.js": "1dbd5553bb4de1a0df02a07fd6e7e9fd1de82612e7d7d5827adeffda54c54057",
    "js/sv/vendor/domurl/LICENSE": "eb4b52132a566b37a8cf1350fe5af605990415b50c018bf15d6a3f533a9bebc2",
    "js/sv/vendor/domurl/url.js": "e0d39ab7314e3dd46f003ad1c2ef936c6312d8b40d434644b1e4e3335b1d163e",
    "js/sv/vendor/domurl/url.min.js": "46f4dadcc2714a1292e81b44916804218804ccf1891842d3398531d79c653b47",
    "js/sv/vendor/moment/LICENSE": "8f38f320bbf5eb84c08e08676f7ee1d2204ebe5797f6a090d077329cf212fca3",
    "js/sv/vendor/moment/moment.js": "c33f09a4e1230f3075be8d2a94081108d52f62d3c30b9a238941fe80790267c6",
    "js/sv/vendor/moment/moment.min.js": "a49c29127e6024b9eaa0857ac87a997926be4f775a76d515dfaa244a72dfba2a",
    "src/addons/SV/StandardLib/addon.json": "68e08127f6b3c08c17f0dfcc645347961ecac66220a241773779b2546575c401",
    "src/addons/SV/StandardLib/Behavior/Cacheable.php": "4a81452c65bccac8f72a8b2a9f817cb5355933f94f0acb35731195c638dbf0ba",
    "src/addons/SV/StandardLib/BypassAccessStatus.php": "1862275e375229ea3cdcb415feb636beed8887b9134c6463c19e6b9e96c189d8",
    "src/addons/SV/StandardLib/ControllerPlugin/Delete.php": "41e3316f5aab573d9dc1aeb3849f8fa3ff5f60f3f59dc8993da5c7f157fc6b7f",
    "src/addons/SV/StandardLib/ControllerPlugin/Filter.php": "9eb6bbd447581d0350b61f0b29fd3171f9c33864616e6b2b92295ee911e97f4d",
    "src/addons/SV/StandardLib/Db/AlterColumnUnwrapper.php": "4216bdbae4c715e850c413c1048085766a59687b2a71030e1b5f8472a519682a",
    "src/addons/SV/StandardLib/Db/AlterTableUnwrapper.php": "b44ae1f6be461a375de9468ba0e1dd216e2e909cb1d7d0bc8992e4229a4413f3",
    "src/addons/SV/StandardLib/fake_composer/autoload_classmap.php": "d2fb3aabee297a05a676256faf497d756c1e377d76a9baf3b4961049ceb997d8",
    "src/addons/SV/StandardLib/fake_composer/autoload_namespaces.php": "0c1da7a0e63c4beea209d501fb2636f4e938c2690bb3ac08d817d73c91720b2e",
    "src/addons/SV/StandardLib/fake_composer/autoload_psr4.php": "0c1da7a0e63c4beea209d501fb2636f4e938c2690bb3ac08d817d73c91720b2e",
    "src/addons/SV/StandardLib/fake_composer/installed.json": "44136fa355b3678a1146ad16f7e8649e94fb4fc21fe77e8310c060f61caaff8a",
    "src/addons/SV/StandardLib/fake_composer/shim/XF/Api/Result/ResultInterface.php": "d56623e2d839a4ae8b98c7e16637872f4074f3f92c9d639339ae5064bd2ed427",
    "src/addons/SV/StandardLib/fake_composer/shim/XF/Entity/ContainableInterface.php": "043cd628f37e5b05f7d45c273ea8b1669b3f788d074d70e9b93296ee7ada52c4",
    "src/addons/SV/StandardLib/fake_composer/shim/XF/Entity/ContainableTrait.php": "cc0bbe5b2d30a15434a3c5ce2c8618d4fda97b31afa5b269bd9d1c735c3844a7",
    "src/addons/SV/StandardLib/fake_composer/shim/XF/Entity/DatableInterface.php": "89a8a4e97fa6d8478ec0435dd4540120764d487431e7d912401f0d8f0ad3485b",
    "src/addons/SV/StandardLib/fake_composer/shim/XF/Entity/DatableTrait.php": "7f890d2998400c420cfc96c021e66b187489ba38d270f0e211935e3c8a9c49f7",
    "src/addons/SV/StandardLib/fake_composer/shim/XF/Entity/LinkableInterface.php": "28a81d1b0e8593635a82b2d4829f358ee76533fad7a6427c19d33192d597a7c2",
    "src/addons/SV/StandardLib/fake_composer/shim/XF/Entity/ResultInterface.php": "ea624618212d5c4a75b1366e6ed82ab9976b2eb1652f51c70da90d53f16a413d",
    "src/addons/SV/StandardLib/fake_composer/shim/XF/Entity/ViewableInterface.php": "de98e3b60664915067036701e0e0b4c872ef8db0150ebcc42f0587daef4c3fed",
    "src/addons/SV/StandardLib/Finder/ComplexJoinTrait.php": "5cdde653ce4b7d98365c6c7fcc940e4013f412d5a73ef9fa070593352afea4a0",
    "src/addons/SV/StandardLib/Finder/EarlyJoinFinderTrait.php": "aeeb02193f28f941b45cf8e2e0a337f958cc84a079fd44a4f46ac6b715f691f4",
    "src/addons/SV/StandardLib/Finder/RlikeOperatorTrait.php": "1db4604eef78af8ac48bf1fea914f90912a30fbe17e0bd63b654c89c1082614f",
    "src/addons/SV/StandardLib/Finder/SqlJoinTrait.php": "52a7340421d78d636f7b4c85473a3c7e70d086d1c5deab3f4b8ca41ddc5d7597",
    "src/addons/SV/StandardLib/Helper.php": "7d29ada1ba09a37e8075aa1f51c827d4d201a64719e282ee53c7ed1e7cbc9bc7",
    "src/addons/SV/StandardLib/InstallerHelper.php": "41caf25e2e3a9cea8b86d69517aec53b2d25af603272b865e362a93acb891f1e",
    "src/addons/SV/StandardLib/Option/EntriesPerPage.php": "4d72ab7e0b27a9d329196b2f144ef4e13b655a65531a77d2916139aa9d54aafc",
    "src/addons/SV/StandardLib/Permissions/PermissionCache.php": "c5b024ed2fc865759bebc82a8ed970e142cface378cf7ab1fe18087da1b48187",
    "src/addons/SV/StandardLib/Repository/Helper.php": "6be522b0205f8ec0c43280d48a842dd301effb30aa2b0b494ebc5b9bd4422c68",
    "src/addons/SV/StandardLib/Repository/LinkBuilder.php": "0c578c7396619eac1aa520fe98410acec4f1fc78a13f57621cdd47a408ed98b3",
    "src/addons/SV/StandardLib/Repository/Permissions.php": "07e017a372943759dc66195e034fecce51b14efb737b2d7efaadaf084acea49a",
    "src/addons/SV/StandardLib/Setup.php": "69875514b8dc023b2c3c6aef19da3fce7456ef003123b40ce22074478e2de29b",
    "src/addons/SV/StandardLib/TemplaterAccess.php": "24f5c47cde048d5853289127cd5061619bb8fb7b56a1788c27d9899862fc0246",
    "src/addons/SV/StandardLib/TemplaterHelper.php": "8679bac59f3284baf649d36e836030083f514223fac62376c4ddaabc2248375e",
    "src/addons/SV/StandardLib/XF/AddOn/DataManager.php": "5918f051c229290ae802c47d7a6b00896970e4ffe5bc84d602baada0a3d700b8",
    "src/addons/SV/StandardLib/XF/AddOn/Manager.php": "42145c47b3f6bc26ca416a7a46929e8e5980ea39982a58c1647e9bda6d823edc",
    "src/addons/SV/StandardLib/XF/Admin/Controller/Template.php": "a43898201ff09a42173c1265a006d33bab622372e3feddf61c8901854ad6903e",
    "src/addons/SV/StandardLib/XF/CssRenderer.php": "759a376f5678d1d43b3509b3b2caf2052c9caf57b1c6d4d9c39b4189971fbdad",
    "src/addons/SV/StandardLib/XF/InputFilterer.php": "c4e3b85b96f2bf45ebf46c764e6471a0a70b2b0bb4cfb30cf0f7214b36439b05",
    "src/addons/SV/StandardLib/XF/Mvc/Router.php": "fb1b1d679f90cd0259eaf938178214728035ac431ff21e14a30018b6fab089ae",
    "src/addons/SV/StandardLib/XF/Pub/Controller/Forum.php": "f03a773eaf5bdd3b1307581deb5241329c106ee7c0170777e7a8b7c7d76d6337",
    "src/addons/SV/StandardLib/XF/Pub/Controller/Watched.php": "4c122d4302e69d6feb2b516372c01abfc2ad9b2700504c6137f3836e038c59e5",
    "src/addons/SV/StandardLib/XF/Template/Templater.php": "fd7a649e855dec68cc5934ef61120d572ef7dd017d0b2eb01d10cf5c1d03ce40",
    "src/addons/SV/StandardLib/XF/Template/TemplaterXF21Patch.php": "4df2e29635950099b484c7bf15c1614da12cf5a2b3b47c4cabd173b6bd96c843",
    "src/addons/SV/StandardLib/_data/activity_summary_definitions.xml": "99d8c2563a31320d66f958fc8bda78613545f5f7959bb3cf5318805e3a3c39d2",
    "src/addons/SV/StandardLib/_data/admin_navigation.xml": "064ec797484ac00d5ee37367b50b06846d11f480d00550997712707f8fdac8c0",
    "src/addons/SV/StandardLib/_data/admin_permission.xml": "ec6fb97cebf0bceb24f1ed1d5778c1db54eeb7535fbb3e31d824840e7aa9ff87",
    "src/addons/SV/StandardLib/_data/advertising_positions.xml": "d2f7cbe844bb1df3cf878d22ff6306249245c8ff6b0b87b9b729744bec538261",
    "src/addons/SV/StandardLib/_data/api_scopes.xml": "6793eaf758f140e8137187ba20e65f4faccf53410433ae3ad7a8b3b38cb6b3b7",
    "src/addons/SV/StandardLib/_data/bb_codes.xml": "faa4ddd5f4a365e5ac39aebdcbe2d25aedf74e7eb9ea4a812766e2fd5e13bdb1",
    "src/addons/SV/StandardLib/_data/bb_code_media_sites.xml": "29762987990187b33e43cfb68c08dc917b2d3f0176613d78f8e6c453f82da3f3",
    "src/addons/SV/StandardLib/_data/class_extensions.xml": "fc50072b3e7bcfec4bd8f5332db469f8ff2c19274022f38150a921ed93416dca",
    "src/addons/SV/StandardLib/_data/code_events.xml": "6dcfd4f4ef20aff64c3aca7833ae36117eddc399d54652a0ede1a4179fbd48ca",
    "src/addons/SV/StandardLib/_data/code_event_listeners.xml": "9145e21c367a9f73a868f119367973245c94cd362944444f860c804dfc1337c3",
    "src/addons/SV/StandardLib/_data/content_type_fields.xml": "c7ad5472b28f465b7ac7617627707eba1b7a39d28089460d52e1ed292fc0b06a",
    "src/addons/SV/StandardLib/_data/cron.xml": "323c4284742ef24329cd6db6f288eb9736d2353f36852e1db12591e1583aea26",
    "src/addons/SV/StandardLib/_data/help_pages.xml": "a8a0c0b06cdc550438bc8a8d385af3e1e5ab3459877dfb934c1c31be59c89163",
    "src/addons/SV/StandardLib/_data/member_stats.xml": "89fb2b93ff1eca7a1f6f752248edf6090dfd24037db1446fd18ff7143f08124d",
    "src/addons/SV/StandardLib/_data/navigation.xml": "f75e1c03a45a360bbdfcd0567121665082315068475d5b0feb8b1acbb1688651",
    "src/addons/SV/StandardLib/_data/options.xml": "ff86449d4beafce39a33b859773c8bf45f6800348da9e24d2fdfe0c772446219",
    "src/addons/SV/StandardLib/_data/option_groups.xml": "154d7a89664b243d0bd8227c22e241f934bf7e196c83230ee23d3c0c4fba1333",
    "src/addons/SV/StandardLib/_data/permissions.xml": "7e4fc7d5826733d15ea2d8936b9bdd41afcaad810eb38e50da3c8d8eafda1550",
    "src/addons/SV/StandardLib/_data/permission_interface_groups.xml": "3177224e96458b829aa7fb24866dda9e0455a4922aee3d669b53f59a1ffdf5d1",
    "src/addons/SV/StandardLib/_data/phrases.xml": "51a22a53b159c293c2d71e6ea0464db472a6799ecf691a635f83e0d149b4b225",
    "src/addons/SV/StandardLib/_data/routes.xml": "550fa64f9feedf137dd877b38c2684f94474619d2d83890dbb717a91b50da8f5",
    "src/addons/SV/StandardLib/_data/style_properties.xml": "8b8690a8512f01f219dd2da76e3d0c5f62afc1f317b87794a7331c859c36a7a8",
    "src/addons/SV/StandardLib/_data/style_property_groups.xml": "68e1879cb3846c42d978487aa8d5145ff3335fc39e58016878824d5cf3fd684c",
    "src/addons/SV/StandardLib/_data/templates.xml": "e824b63324bf200bfb95ecd8d5d34087ffbba0a8957ea308f70ece4939c7b4a7",
    "src/addons/SV/StandardLib/_data/template_modifications.xml": "4460134be8d22c9ea111c38214fb2a5e072d9ddfaede3e4b6f5e1571da60f81a",
    "src/addons/SV/StandardLib/_data/widget_definitions.xml": "37e46965256430f24004c2e7f08ba08f9b0d1cbcc4d70e84b3f4e3ffb713e64b",
    "src/addons/SV/StandardLib/_data/widget_positions.xml": "a29cee66134f6bc5d75ed9df1eef21096c24401915c5b5c774389c3d7bb2d5b3"
}