{
    "legacy_addon_id": "tagess",
    "title": "Tag Essentials",
    "description": "xnforo.ir",
    "version_id": 2030100,
    "version_string": "2.3.1",
    "dev": "xnforo.ir",
    "dev_url": "https://www.m2n.co.uk/community/products/tag-essentials.8/",
    "faq_url": "",
    "support_url": "https://xnforo.ir/",
    "extra_urls": [],
    "require": {
        "XF": [2010070, "XenForo 2.1.0+"],
        "php": ["7.0.0", "PHP 7.0.0+"],
        "SV/StandardLib": [1000000,"Standard Library by Xon v1.0.0+"]
    },
    "require-soft": {
        "php": ["7.2.0","PHP 7.2.0+", false]
    },
    "icon": "M2N_logo.png"
}