{
    "src/addons/FS/ChangeIcons/addon.json": "5e7815953f6e4625dcfd95cce6466c97efa1e15854e91ebdd67f3cdce3944a16",
    "src/addons/FS/ChangeIcons/Setup.php": "5598a6b13cebea6d7285e8c6a97b1faeb6c9e437f2b66bc9feed1e0da9c6fa62",
    "src/addons/FS/ChangeIcons/_data/activity_summary_definitions.xml": "99d8c2563a31320d66f958fc8bda78613545f5f7959bb3cf5318805e3a3c39d2",
    "src/addons/FS/ChangeIcons/_data/admin_navigation.xml": "064ec797484ac00d5ee37367b50b06846d11f480d00550997712707f8fdac8c0",
    "src/addons/FS/ChangeIcons/_data/admin_permission.xml": "ec6fb97cebf0bceb24f1ed1d5778c1db54eeb7535fbb3e31d824840e7aa9ff87",
    "src/addons/FS/ChangeIcons/_data/advertising_positions.xml": "d2f7cbe844bb1df3cf878d22ff6306249245c8ff6b0b87b9b729744bec538261",
    "src/addons/FS/ChangeIcons/_data/api_scopes.xml": "6793eaf758f140e8137187ba20e65f4faccf53410433ae3ad7a8b3b38cb6b3b7",
    "src/addons/FS/ChangeIcons/_data/bb_codes.xml": "faa4ddd5f4a365e5ac39aebdcbe2d25aedf74e7eb9ea4a812766e2fd5e13bdb1",
    "src/addons/FS/ChangeIcons/_data/bb_code_media_sites.xml": "29762987990187b33e43cfb68c08dc917b2d3f0176613d78f8e6c453f82da3f3",
    "src/addons/FS/ChangeIcons/_data/class_extensions.xml": "1f548b8006e9952a3f5889f71e09fdfa6726ac1a47c1af7b2626d1a88920d5a4",
    "src/addons/FS/ChangeIcons/_data/code_events.xml": "8370dec3df47f91df4cf79da253446ad11b29f4ea568fe76c774e97a0379f0eb",
    "src/addons/FS/ChangeIcons/_data/code_event_listeners.xml": "d6b5072f4909dee7a20ee9e44b163f95c8aa52e6ac7f573e292000cd9238c331",
    "src/addons/FS/ChangeIcons/_data/content_type_fields.xml": "c7ad5472b28f465b7ac7617627707eba1b7a39d28089460d52e1ed292fc0b06a",
    "src/addons/FS/ChangeIcons/_data/cron.xml": "323c4284742ef24329cd6db6f288eb9736d2353f36852e1db12591e1583aea26",
    "src/addons/FS/ChangeIcons/_data/help_pages.xml": "a8a0c0b06cdc550438bc8a8d385af3e1e5ab3459877dfb934c1c31be59c89163",
    "src/addons/FS/ChangeIcons/_data/member_stats.xml": "89fb2b93ff1eca7a1f6f752248edf6090dfd24037db1446fd18ff7143f08124d",
    "src/addons/FS/ChangeIcons/_data/navigation.xml": "f75e1c03a45a360bbdfcd0567121665082315068475d5b0feb8b1acbb1688651",
    "src/addons/FS/ChangeIcons/_data/options.xml": "1cea29aa5671733d85c8fc6f7c66128eacbca5643cbb38585eb82002879b51a4",
    "src/addons/FS/ChangeIcons/_data/option_groups.xml": "154d7a89664b243d0bd8227c22e241f934bf7e196c83230ee23d3c0c4fba1333",
    "src/addons/FS/ChangeIcons/_data/permissions.xml": "7e4fc7d5826733d15ea2d8936b9bdd41afcaad810eb38e50da3c8d8eafda1550",
    "src/addons/FS/ChangeIcons/_data/permission_interface_groups.xml": "3177224e96458b829aa7fb24866dda9e0455a4922aee3d669b53f59a1ffdf5d1",
    "src/addons/FS/ChangeIcons/_data/phrases.xml": "ff61483fbaee661f147395ebaad79fbfb5d8bf820c1b1285efbcf8844191cc32",
    "src/addons/FS/ChangeIcons/_data/routes.xml": "550fa64f9feedf137dd877b38c2684f94474619d2d83890dbb717a91b50da8f5",
    "src/addons/FS/ChangeIcons/_data/style_properties.xml": "8b8690a8512f01f219dd2da76e3d0c5f62afc1f317b87794a7331c859c36a7a8",
    "src/addons/FS/ChangeIcons/_data/style_property_groups.xml": "68e1879cb3846c42d978487aa8d5145ff3335fc39e58016878824d5cf3fd684c",
    "src/addons/FS/ChangeIcons/_data/templates.xml": "95d4b078b90e74e773cef6695ef94c742e74b8d62e6798738f11f0215a58faee",
    "src/addons/FS/ChangeIcons/_data/template_modifications.xml": "3b54b7df00a6a4a18c5e012b6e2588e35c23aaa13a5fc227f08646a97590d778",
    "src/addons/FS/ChangeIcons/_data/widget_definitions.xml": "37e46965256430f24004c2e7f08ba08f9b0d1cbcc4d70e84b3f4e3ffb713e64b",
    "src/addons/FS/ChangeIcons/_data/widget_positions.xml": "a29cee66134f6bc5d75ed9df1eef21096c24401915c5b5c774389c3d7bb2d5b3",
    "styles/FS/Trancefix/Icons/bookmark_FILL0_wght400_GRAD0_opsz24.svg": "5a3089ec31268db8da66ce9e5d7cbb8bdfb9b25c5ac53f3200b5147caf746e29",
    "styles/FS/Trancefix/Icons/delete_FILL0_wght400_GRAD0_opsz24.svg": "ec75e756af4e37a926a2f64ef8f59eac85276a658fc8a7aef0cc12c5e871e971",
    "styles/FS/Trancefix/Icons/edit_FILL0_wght400_GRAD0_opsz24.svg": "f3f51206ef9bf7d34db55058aa6be3e4f307c2d749fb8071785c360a84fa1622",
    "styles/FS/Trancefix/Icons/flag_FILL0_wght400_GRAD0_opsz24.svg": "cab27088e64b22b34c43238070b14defc2485989e431e5a3dfea073638cca02b",
    "styles/FS/Trancefix/Icons/history_FILL0_wght400_GRAD0_opsz24.svg": "9dbbac013fd1a1fa4677670e64164f953647e32878c2870909a3e0910f28b0d9",
    "styles/FS/Trancefix/Icons/lock_FILL0_wght400_GRAD0_opsz24.svg": "148a3da500ee74920d4f80984e8f73830b1f4e613bac095502d854b9c700315c",
    "styles/FS/Trancefix/Icons/mail_FILL0_wght400_GRAD0_opsz24.svg": "05f47e61b392b3d9a8f0d9c6d11503f276841901efc5869a2b17f9f57b912870",
    "styles/FS/Trancefix/Icons/notifications_FILL0_wght400_GRAD0_opsz24.svg": "f6e1380c76f85851dbeafde7f8eb106c799d72232cd046bf30fabae4f0a0c821",
    "styles/FS/Trancefix/Icons/person_FILL0_wght400_GRAD0_opsz24.svg": "42f1c6f70aaea6be1bce078d1bd3bdc027a343943827443fe3ea46320b9dac96",
    "styles/FS/Trancefix/Icons/public_FILL0_wght400_GRAD0_opsz24.svg": "5b8ad24e63e4a2f601728fe0e589df9ca943b813ad24a71635c803a677e1ecc0",
    "styles/FS/Trancefix/Icons/push_pin_FILL0_wght400_GRAD0_opsz24.svg": "caf56891bf0baa376b4d00d3622fd188829bd37d174c3cfc5d0776c94f7fefe7",
    "styles/FS/Trancefix/Icons/reply_FILL0_wght400_GRAD0_opsz24.svg": "6e525989892acf749809b12faaae1a0b066b864b0307fd76d0154ab0911aec32",
    "styles/FS/Trancefix/Icons/schedule_FILL0_wght400_GRAD0_opsz24.svg": "6b6606472e4d807e4b2afc8cd667a48fa634341d44487580a7b350f8dd790170",
    "styles/FS/Trancefix/Icons/search_FILL0_wght400_GRAD0_opsz24.svg": "46d4ab85eba6eb4fe7c9a9a4c4db2fdf8fa9cc74c1f398ac72e7d872d490dd4c",
    "styles/FS/Trancefix/Icons/sell_FILL0_wght400_GRAD0_opsz24.svg": "f6f178cba695aa911380d7a26a27f91f87cc20f92ae689a8b0d2b3ff84c5892c",
    "styles/FS/Trancefix/Icons/share_FILL0_wght400_GRAD0_opsz24.svg": "a117c58801f1690ef8bc642fa9ce135d44f36c5c36e158f05891e462ff204e24",
    "styles/FS/Trancefix/Icons/visibility_FILL0_wght400_GRAD0_opsz24.svg": "07f07478fc58500ce05000c3b123cb95de57aad9b106b9cfa58720528ea09bd7",
    "styles/FS/Trancefix/Icons/vpn_key_FILL0_wght400_GRAD0_opsz24.svg": "22e801476a12502fbe2debbde3446cd3808c0227debf50e112b8b6ca4172b12d",
    "styles/FS/Trancefix/Icons/warning_FILL0_wght400_GRAD0_opsz24.svg": "0212c59cfa1e2da887b0b36c7d89886de94b019feaaba5c063ec8dc7d32be436"
}