<?xml version="1.0" encoding="utf-8"?>
<class_extensions>
  <extension from_class="XF\BbCode\Renderer\Html" to_class="FS\HideUsernames\XF\BbCode\Renderer\Html" execute_order="10" active="1"/>
  <extension from_class="XF\Entity\User" to_class="FS\HideUsernames\XF\Entity\User" execute_order="10" active="1"/>
  <extension from_class="XF\Pub\Controller\Conversation" to_class="FS\HideUsernames\XF\Pub\Controller\Conversation" execute_order="10" active="1"/>
  <extension from_class="XF\Pub\Controller\Member" to_class="FS\HideUsernames\XF\Pub\Controller\Member" execute_order="10" active="1"/>
  <extension from_class="XF\Repository\User" to_class="FS\HideUsernames\XF\Repository\User" execute_order="10" active="1"/>
  <extension from_class="XF\Str\Formatter" to_class="FS\HideUsernames\XF\Str\Formatter" execute_order="10" active="1"/>
  <extension from_class="XF\Str\MentionFormatter" to_class="FS\HideUsernames\XF\Str\MentionFormatter" execute_order="10" active="1"/>
  <extension from_class="XF\Template\Templater" to_class="FS\HideUsernames\XF\Template\Templater" execute_order="10" active="1"/>
</class_extensions>
