{
    "src/addons/TS/MGM/addon.json": "5433241eb61032d303bfff53effe782b80101120e5bd770428410e64993f2a31",
    "src/addons/TS/MGM/Entity/Additional.php": "ea4ae6ceef247b49596736a8d655fdbb219714fc640fbddd2b9d547388f4c937",
    "src/addons/TS/MGM/Repository/Additional.php": "d0f333ed6d1f262bef120d7b2621f1049f4a84dd371a6ba89bc4fc5e217f60fd",
    "src/addons/TS/MGM/Setup.php": "0f193a276924f90a655c114d25f4451e27d3750cefe473170bf3c72be14aeef5",
    "src/addons/TS/MGM/XFMG/Entity/Category.php": "d1b072ea0b2ac2a48b345032b72564ba6d93a9c2c8355c4a32912173e7e1d493",
    "src/addons/TS/MGM/XFMG/Entity/MediaItem.php": "94e7f7ef02ac5a601c1b6beae24e77b935e0e0ef62ced33a9c6b31f2a867d39a",
    "src/addons/TS/MGM/XFMG/Pub/Controller/Category.php": "349462e290d8cfc5497414328d15c3b902bb3a6b8d9b026765f8940996e3bd08",
    "src/addons/TS/MGM/XFMG/Pub/Controller/Media.php": "806ee2f6b3045c8781ac2d1dfbd8aa0e6942fe3d4825cdcba4568a8f899de402",
    "src/addons/TS/MGM/XFMG/Repository/Media.php": "983d6637eb2bb54b5e2e11d69069403165beca547a3b2e80a4bc9f3f9e7c7d65",
    "src/addons/TS/MGM/XFMG/Service/Media/Creator.php": "246ae83a66ef2211a990c762abf92979ca50c54088782ef6f405a220f90debea",
    "src/addons/TS/MGM/XFMG/Service/Media/Editor.php": "fff6420f77845fd85bc9199dd927a69ba84120cdd23ebc0c7e808f97eae3eb83",
    "src/addons/TS/MGM/_data/activity_summary_definitions.xml": "99d8c2563a31320d66f958fc8bda78613545f5f7959bb3cf5318805e3a3c39d2",
    "src/addons/TS/MGM/_data/admin_navigation.xml": "064ec797484ac00d5ee37367b50b06846d11f480d00550997712707f8fdac8c0",
    "src/addons/TS/MGM/_data/admin_permission.xml": "ec6fb97cebf0bceb24f1ed1d5778c1db54eeb7535fbb3e31d824840e7aa9ff87",
    "src/addons/TS/MGM/_data/advertising_positions.xml": "d2f7cbe844bb1df3cf878d22ff6306249245c8ff6b0b87b9b729744bec538261",
    "src/addons/TS/MGM/_data/api_scopes.xml": "6793eaf758f140e8137187ba20e65f4faccf53410433ae3ad7a8b3b38cb6b3b7",
    "src/addons/TS/MGM/_data/bb_codes.xml": "faa4ddd5f4a365e5ac39aebdcbe2d25aedf74e7eb9ea4a812766e2fd5e13bdb1",
    "src/addons/TS/MGM/_data/bb_code_media_sites.xml": "29762987990187b33e43cfb68c08dc917b2d3f0176613d78f8e6c453f82da3f3",
    "src/addons/TS/MGM/_data/class_extensions.xml": "827857a538f1731a1bd62050428451cccc2c3fb8e6e1719c952621a58e2dde10",
    "src/addons/TS/MGM/_data/code_events.xml": "8370dec3df47f91df4cf79da253446ad11b29f4ea568fe76c774e97a0379f0eb",
    "src/addons/TS/MGM/_data/code_event_listeners.xml": "d6b5072f4909dee7a20ee9e44b163f95c8aa52e6ac7f573e292000cd9238c331",
    "src/addons/TS/MGM/_data/content_type_fields.xml": "c7ad5472b28f465b7ac7617627707eba1b7a39d28089460d52e1ed292fc0b06a",
    "src/addons/TS/MGM/_data/cron.xml": "323c4284742ef24329cd6db6f288eb9736d2353f36852e1db12591e1583aea26",
    "src/addons/TS/MGM/_data/help_pages.xml": "a8a0c0b06cdc550438bc8a8d385af3e1e5ab3459877dfb934c1c31be59c89163",
    "src/addons/TS/MGM/_data/member_stats.xml": "89fb2b93ff1eca7a1f6f752248edf6090dfd24037db1446fd18ff7143f08124d",
    "src/addons/TS/MGM/_data/navigation.xml": "f75e1c03a45a360bbdfcd0567121665082315068475d5b0feb8b1acbb1688651",
    "src/addons/TS/MGM/_data/options.xml": "1cea29aa5671733d85c8fc6f7c66128eacbca5643cbb38585eb82002879b51a4",
    "src/addons/TS/MGM/_data/option_groups.xml": "154d7a89664b243d0bd8227c22e241f934bf7e196c83230ee23d3c0c4fba1333",
    "src/addons/TS/MGM/_data/permissions.xml": "aa0242a53089f7f5906a8fde3e14746ae1374ab570a2bec8020acc082fb87b06",
    "src/addons/TS/MGM/_data/permission_interface_groups.xml": "3177224e96458b829aa7fb24866dda9e0455a4922aee3d669b53f59a1ffdf5d1",
    "src/addons/TS/MGM/_data/phrases.xml": "e4195198283680772683dd1fe89db68227493848113a90a9d9bb0a8b49c25190",
    "src/addons/TS/MGM/_data/routes.xml": "550fa64f9feedf137dd877b38c2684f94474619d2d83890dbb717a91b50da8f5",
    "src/addons/TS/MGM/_data/style_properties.xml": "8b8690a8512f01f219dd2da76e3d0c5f62afc1f317b87794a7331c859c36a7a8",
    "src/addons/TS/MGM/_data/style_property_groups.xml": "68e1879cb3846c42d978487aa8d5145ff3335fc39e58016878824d5cf3fd684c",
    "src/addons/TS/MGM/_data/templates.xml": "4771fc8a1bd0688809491b4697faaeea55f59502a6b8cb7eab9f09912d478943",
    "src/addons/TS/MGM/_data/template_modifications.xml": "9f83fa98426ff4d2cc46e299377b1d06f8076b1fe6b15358231da0f65bccba8d",
    "src/addons/TS/MGM/_data/widget_definitions.xml": "37e46965256430f24004c2e7f08ba08f9b0d1cbcc4d70e84b3f4e3ffb713e64b",
    "src/addons/TS/MGM/_data/widget_positions.xml": "a29cee66134f6bc5d75ed9df1eef21096c24401915c5b5c774389c3d7bb2d5b3"
}