{
    "data/assets/editor_icons/private.gif": "b202af791cad7cb917ebea27f9a4e17da7e03c882be7044c1fe27f0466f88b4d",
    "src/addons/FS/PrivateBbcode/addon.json": "15d1e770bb9f0a76ff35a670bdb1f151895cc2ba1cd75fb7bd0017b35846e1f0",
    "src/addons/FS/PrivateBbcode/BbCode/PrivateTag.php": "50ca3e203bf058fd603ab3dd93b86073e71883943e85fc3ecef47c1a13fb0738",
    "src/addons/FS/PrivateBbcode/EventListener.php": "8bb3fc79c83b16cda31b31a1a1f1e9f54eff0a54d1416fd466797705c89df4f3",
    "src/addons/FS/PrivateBbcode/Setup.php": "0e8c3a066d239969c3da6eda02089f200d1320f66d6d2f874e0b1cd6ba606f61",
    "src/addons/FS/PrivateBbcode/XF/Entity/User.php": "e689de14c4cb840b57fffbc91f8748dd14b84c6d98c57d17883862a3c641a2d4",
    "src/addons/FS/PrivateBbcode/XF/Service/Message/Preparer.php": "5f97bffcdf9492dcf301e9b2f487cca85e5d522fca80c2d9a1654b82a9f09d1d",
    "src/addons/FS/PrivateBbcode/_data/activity_summary_definitions.xml": "99d8c2563a31320d66f958fc8bda78613545f5f7959bb3cf5318805e3a3c39d2",
    "src/addons/FS/PrivateBbcode/_data/admin_navigation.xml": "064ec797484ac00d5ee37367b50b06846d11f480d00550997712707f8fdac8c0",
    "src/addons/FS/PrivateBbcode/_data/admin_permission.xml": "ec6fb97cebf0bceb24f1ed1d5778c1db54eeb7535fbb3e31d824840e7aa9ff87",
    "src/addons/FS/PrivateBbcode/_data/advertising_positions.xml": "d2f7cbe844bb1df3cf878d22ff6306249245c8ff6b0b87b9b729744bec538261",
    "src/addons/FS/PrivateBbcode/_data/api_scopes.xml": "6793eaf758f140e8137187ba20e65f4faccf53410433ae3ad7a8b3b38cb6b3b7",
    "src/addons/FS/PrivateBbcode/_data/bb_codes.xml": "f14b32ef7e0f30de328be625ead26844c4fa50fef88a12d3fbfa5cbbad1db00f",
    "src/addons/FS/PrivateBbcode/_data/bb_code_media_sites.xml": "29762987990187b33e43cfb68c08dc917b2d3f0176613d78f8e6c453f82da3f3",
    "src/addons/FS/PrivateBbcode/_data/class_extensions.xml": "3e48e716f9cde4992ef33a2e6879e0dbe1736e1969854b11f6c3437a7f2399f3",
    "src/addons/FS/PrivateBbcode/_data/code_events.xml": "8370dec3df47f91df4cf79da253446ad11b29f4ea568fe76c774e97a0379f0eb",
    "src/addons/FS/PrivateBbcode/_data/code_event_listeners.xml": "ec507fddbc45e5558c65d330de9aaf4ee00c793d3fb018e870f53949f1437f0b",
    "src/addons/FS/PrivateBbcode/_data/content_type_fields.xml": "c7ad5472b28f465b7ac7617627707eba1b7a39d28089460d52e1ed292fc0b06a",
    "src/addons/FS/PrivateBbcode/_data/cron.xml": "323c4284742ef24329cd6db6f288eb9736d2353f36852e1db12591e1583aea26",
    "src/addons/FS/PrivateBbcode/_data/help_pages.xml": "a8a0c0b06cdc550438bc8a8d385af3e1e5ab3459877dfb934c1c31be59c89163",
    "src/addons/FS/PrivateBbcode/_data/member_stats.xml": "89fb2b93ff1eca7a1f6f752248edf6090dfd24037db1446fd18ff7143f08124d",
    "src/addons/FS/PrivateBbcode/_data/navigation.xml": "f75e1c03a45a360bbdfcd0567121665082315068475d5b0feb8b1acbb1688651",
    "src/addons/FS/PrivateBbcode/_data/options.xml": "1cea29aa5671733d85c8fc6f7c66128eacbca5643cbb38585eb82002879b51a4",
    "src/addons/FS/PrivateBbcode/_data/option_groups.xml": "154d7a89664b243d0bd8227c22e241f934bf7e196c83230ee23d3c0c4fba1333",
    "src/addons/FS/PrivateBbcode/_data/permissions.xml": "6eb3f322b96024930aff9a9d3d1e9f75f5e0ac5796d52ba8989818afe11a6237",
    "src/addons/FS/PrivateBbcode/_data/permission_interface_groups.xml": "18cc0efc5ba652dd1f6585138a3e603571c67c2b2c9fc6fdf802d3ad61c8116a",
    "src/addons/FS/PrivateBbcode/_data/phrases.xml": "56eddddcb3cb0df618a9b23b6223e1683bd741188090ba568c208766b0729627",
    "src/addons/FS/PrivateBbcode/_data/routes.xml": "550fa64f9feedf137dd877b38c2684f94474619d2d83890dbb717a91b50da8f5",
    "src/addons/FS/PrivateBbcode/_data/style_properties.xml": "8b8690a8512f01f219dd2da76e3d0c5f62afc1f317b87794a7331c859c36a7a8",
    "src/addons/FS/PrivateBbcode/_data/style_property_groups.xml": "68e1879cb3846c42d978487aa8d5145ff3335fc39e58016878824d5cf3fd684c",
    "src/addons/FS/PrivateBbcode/_data/templates.xml": "b17abd32176a25c65ff94a2fa9a262f10a03f0aa620e2163dd25728acaaf325f",
    "src/addons/FS/PrivateBbcode/_data/template_modifications.xml": "38bd5eb76956647d46002ce3a55d36aacd1971fd29bf4ae624c4df7dc9654dd0",
    "src/addons/FS/PrivateBbcode/_data/widget_definitions.xml": "37e46965256430f24004c2e7f08ba08f9b0d1cbcc4d70e84b3f4e3ffb713e64b",
    "src/addons/FS/PrivateBbcode/_data/widget_positions.xml": "a29cee66134f6bc5d75ed9df1eef21096c24401915c5b5c774389c3d7bb2d5b3"
}