{
    "src/addons/FS/CompleteProduction/addon.json": "58ef701e65be3d7ad1362b7f6bacb6e4144ff5c4ebfd918101263c49db9c01cf",
    "src/addons/FS/CompleteProduction/Setup.php": "b9350055df568570991056ed9ca1341ab018e0d8c8d558524e7ca731cedd816c",
    "src/addons/FS/CompleteProduction/XF/Entity/Thread.php": "e0f5fee57d34140326359575cc9dd6fba1d8ffaba28b94d1e09ae85088f35c3a",
    "src/addons/FS/CompleteProduction/XF/Pub/Controller/Post.php": "ac34272fe7caceb33d0261e314bf2e4c57ce8742ef388c7276fa0bd8f01d91d7",
    "src/addons/FS/CompleteProduction/XF/Pub/Controller/Thread.php": "4abf08e4a168033036e80eced6d28886aad39fced5abda0f05b56593df2bfb58",
    "src/addons/FS/CompleteProduction/_data/activity_summary_definitions.xml": "99d8c2563a31320d66f958fc8bda78613545f5f7959bb3cf5318805e3a3c39d2",
    "src/addons/FS/CompleteProduction/_data/admin_navigation.xml": "064ec797484ac00d5ee37367b50b06846d11f480d00550997712707f8fdac8c0",
    "src/addons/FS/CompleteProduction/_data/admin_permission.xml": "ec6fb97cebf0bceb24f1ed1d5778c1db54eeb7535fbb3e31d824840e7aa9ff87",
    "src/addons/FS/CompleteProduction/_data/advertising_positions.xml": "d2f7cbe844bb1df3cf878d22ff6306249245c8ff6b0b87b9b729744bec538261",
    "src/addons/FS/CompleteProduction/_data/api_scopes.xml": "6793eaf758f140e8137187ba20e65f4faccf53410433ae3ad7a8b3b38cb6b3b7",
    "src/addons/FS/CompleteProduction/_data/bb_codes.xml": "faa4ddd5f4a365e5ac39aebdcbe2d25aedf74e7eb9ea4a812766e2fd5e13bdb1",
    "src/addons/FS/CompleteProduction/_data/bb_code_media_sites.xml": "29762987990187b33e43cfb68c08dc917b2d3f0176613d78f8e6c453f82da3f3",
    "src/addons/FS/CompleteProduction/_data/class_extensions.xml": "193504766b40a2280a3ad3186e2f423fa13c8f2759d2e8e27a131f804772cd00",
    "src/addons/FS/CompleteProduction/_data/code_events.xml": "8370dec3df47f91df4cf79da253446ad11b29f4ea568fe76c774e97a0379f0eb",
    "src/addons/FS/CompleteProduction/_data/code_event_listeners.xml": "d6b5072f4909dee7a20ee9e44b163f95c8aa52e6ac7f573e292000cd9238c331",
    "src/addons/FS/CompleteProduction/_data/content_type_fields.xml": "c7ad5472b28f465b7ac7617627707eba1b7a39d28089460d52e1ed292fc0b06a",
    "src/addons/FS/CompleteProduction/_data/cron.xml": "323c4284742ef24329cd6db6f288eb9736d2353f36852e1db12591e1583aea26",
    "src/addons/FS/CompleteProduction/_data/help_pages.xml": "a8a0c0b06cdc550438bc8a8d385af3e1e5ab3459877dfb934c1c31be59c89163",
    "src/addons/FS/CompleteProduction/_data/member_stats.xml": "89fb2b93ff1eca7a1f6f752248edf6090dfd24037db1446fd18ff7143f08124d",
    "src/addons/FS/CompleteProduction/_data/navigation.xml": "f75e1c03a45a360bbdfcd0567121665082315068475d5b0feb8b1acbb1688651",
    "src/addons/FS/CompleteProduction/_data/options.xml": "9a25d82dc13c4bedd178a4c578c411876fd2ea07915bc8c00dc33c853f3a305f",
    "src/addons/FS/CompleteProduction/_data/option_groups.xml": "add205fcdcb3cfcc73dec3c5ed33c25b43716c3c43c9cbd41ecf455d7ee1e6b8",
    "src/addons/FS/CompleteProduction/_data/permissions.xml": "7e4fc7d5826733d15ea2d8936b9bdd41afcaad810eb38e50da3c8d8eafda1550",
    "src/addons/FS/CompleteProduction/_data/permission_interface_groups.xml": "3177224e96458b829aa7fb24866dda9e0455a4922aee3d669b53f59a1ffdf5d1",
    "src/addons/FS/CompleteProduction/_data/phrases.xml": "6e101399423dc8572d3a1ce502b706915e834bc63837bc66e95e37a6f42cd43a",
    "src/addons/FS/CompleteProduction/_data/routes.xml": "550fa64f9feedf137dd877b38c2684f94474619d2d83890dbb717a91b50da8f5",
    "src/addons/FS/CompleteProduction/_data/style_properties.xml": "8b8690a8512f01f219dd2da76e3d0c5f62afc1f317b87794a7331c859c36a7a8",
    "src/addons/FS/CompleteProduction/_data/style_property_groups.xml": "68e1879cb3846c42d978487aa8d5145ff3335fc39e58016878824d5cf3fd684c",
    "src/addons/FS/CompleteProduction/_data/templates.xml": "b43e7053fa419b7bd5c385409716793cd120905554da93d45b7b7616ec8e29de",
    "src/addons/FS/CompleteProduction/_data/template_modifications.xml": "6149d8ce17d065f7e08904301a8842bbd34a13ddc352749c2dc3bcb87a825c3e",
    "src/addons/FS/CompleteProduction/_data/widget_definitions.xml": "37e46965256430f24004c2e7f08ba08f9b0d1cbcc4d70e84b3f4e3ffb713e64b",
    "src/addons/FS/CompleteProduction/_data/widget_positions.xml": "a29cee66134f6bc5d75ed9df1eef21096c24401915c5b5c774389c3d7bb2d5b3"
}