<?xml version="1.0" encoding="utf-8"?>
<template_modifications>
  <modification type="admin" template="user_group_list" modification_key="fs_usergroup_user_count_user_group_list" description="fs_usergroup_user_count_user_group_list" execution_order="10" enabled="1" action="preg_replace">
    <find><![CDATA[/<xf:main hash="{\$userGroup\.user_group_id}".*?hint="{\$userGroup\.user_title}" \/>/is]]></find>
    <replace><![CDATA[$0

<xf:cell>{{$userGroup.primary_users_count?: '-'}}</xf:cell>
<xf:cell>{{$userGroup.secondary_users_count?: '-'}}</xf:cell>]]></replace>
  </modification>
</template_modifications>
