{
    "src/addons/FS/TractorByNetMyThreads/addon.json": "0b69b571718dd7c79e1d9c951e8842b9a2b3c7e6935bea7a5e31f8cd235b9dea",
    "src/addons/FS/TractorByNetMyThreads/Pub/Controller/ViewMessages.php": "80266b177b4511b9946148938fa30fb05116eb443f51615db610a21362b3b5fb",
    "src/addons/FS/TractorByNetMyThreads/Setup.php": "37872880d6bbee0e3a1593d170926a10e0972488f775316f6641f1115ef161c8",
    "src/addons/FS/TractorByNetMyThreads/Siropu/AdsManager/Template/Ad.php": "dfe63ef2bfb71b47a7fd4e935458509f3a763cea6dfa762a02f8fa332b0b8828",
    "src/addons/FS/TractorByNetMyThreads/XF/Entity/User.php": "b192d8335fdd9a5f775bc2b3dde701181ea82dbc82967b6d5733ffcf9e60cadf",
    "src/addons/FS/TractorByNetMyThreads/XF/Finder/Thread.php": "a1a11dc0031d6a319e174558303bb39b6aaafd651113181cacf85eeeb18fcd6f",
    "src/addons/FS/TractorByNetMyThreads/XF/ForumType/Article.php": "3250b0776b1ef86a7d922ec7471658a86c5a9b627d3bf1b2673a54d7c3b094d6",
    "src/addons/FS/TractorByNetMyThreads/XF/Pub/Controller/Forum.php": "b3375617716d4b70e79ab417bf5ea0d1905518bf930b3b4dc811320921cb9aca",
    "src/addons/FS/TractorByNetMyThreads/_data/activity_summary_definitions.xml": "99d8c2563a31320d66f958fc8bda78613545f5f7959bb3cf5318805e3a3c39d2",
    "src/addons/FS/TractorByNetMyThreads/_data/admin_navigation.xml": "064ec797484ac00d5ee37367b50b06846d11f480d00550997712707f8fdac8c0",
    "src/addons/FS/TractorByNetMyThreads/_data/admin_permission.xml": "ec6fb97cebf0bceb24f1ed1d5778c1db54eeb7535fbb3e31d824840e7aa9ff87",
    "src/addons/FS/TractorByNetMyThreads/_data/advertising_positions.xml": "d2f7cbe844bb1df3cf878d22ff6306249245c8ff6b0b87b9b729744bec538261",
    "src/addons/FS/TractorByNetMyThreads/_data/api_scopes.xml": "6793eaf758f140e8137187ba20e65f4faccf53410433ae3ad7a8b3b38cb6b3b7",
    "src/addons/FS/TractorByNetMyThreads/_data/bb_codes.xml": "faa4ddd5f4a365e5ac39aebdcbe2d25aedf74e7eb9ea4a812766e2fd5e13bdb1",
    "src/addons/FS/TractorByNetMyThreads/_data/bb_code_media_sites.xml": "29762987990187b33e43cfb68c08dc917b2d3f0176613d78f8e6c453f82da3f3",
    "src/addons/FS/TractorByNetMyThreads/_data/class_extensions.xml": "54b4ccb32bfbbd029b9b7657c43baa850386c3d638dc816886993388038534c4",
    "src/addons/FS/TractorByNetMyThreads/_data/code_events.xml": "8370dec3df47f91df4cf79da253446ad11b29f4ea568fe76c774e97a0379f0eb",
    "src/addons/FS/TractorByNetMyThreads/_data/code_event_listeners.xml": "d6b5072f4909dee7a20ee9e44b163f95c8aa52e6ac7f573e292000cd9238c331",
    "src/addons/FS/TractorByNetMyThreads/_data/content_type_fields.xml": "c7ad5472b28f465b7ac7617627707eba1b7a39d28089460d52e1ed292fc0b06a",
    "src/addons/FS/TractorByNetMyThreads/_data/cron.xml": "323c4284742ef24329cd6db6f288eb9736d2353f36852e1db12591e1583aea26",
    "src/addons/FS/TractorByNetMyThreads/_data/help_pages.xml": "a8a0c0b06cdc550438bc8a8d385af3e1e5ab3459877dfb934c1c31be59c89163",
    "src/addons/FS/TractorByNetMyThreads/_data/member_stats.xml": "89fb2b93ff1eca7a1f6f752248edf6090dfd24037db1446fd18ff7143f08124d",
    "src/addons/FS/TractorByNetMyThreads/_data/navigation.xml": "df5d0ca643738b523cd35e5d2edd02768182313547ca99efa874e7d22e85b824",
    "src/addons/FS/TractorByNetMyThreads/_data/options.xml": "a139c3858b9fdc2e3efbd4ba5a21965218cdcb21e4e836ba2b294573cdb6b772",
    "src/addons/FS/TractorByNetMyThreads/_data/option_groups.xml": "942ecb36fcd624e7f0a46879d66ae38d95131d0b1389641e12947f5d2dd2aeca",
    "src/addons/FS/TractorByNetMyThreads/_data/permissions.xml": "7e4fc7d5826733d15ea2d8936b9bdd41afcaad810eb38e50da3c8d8eafda1550",
    "src/addons/FS/TractorByNetMyThreads/_data/permission_interface_groups.xml": "3177224e96458b829aa7fb24866dda9e0455a4922aee3d669b53f59a1ffdf5d1",
    "src/addons/FS/TractorByNetMyThreads/_data/phrases.xml": "5d71af88589db7a4706c5843d3c3f80310493d25b1304b39bb69f9c907e8f121",
    "src/addons/FS/TractorByNetMyThreads/_data/routes.xml": "ac200408a3a8a85e14a96ea73e10ffad1d94b0bcade638eb4258f74803640b80",
    "src/addons/FS/TractorByNetMyThreads/_data/style_properties.xml": "8b8690a8512f01f219dd2da76e3d0c5f62afc1f317b87794a7331c859c36a7a8",
    "src/addons/FS/TractorByNetMyThreads/_data/style_property_groups.xml": "68e1879cb3846c42d978487aa8d5145ff3335fc39e58016878824d5cf3fd684c",
    "src/addons/FS/TractorByNetMyThreads/_data/templates.xml": "2a25b75ece05f1d8be632c83f54e62fe6325dc5382a7a8b8d357b2fbf02b878f",
    "src/addons/FS/TractorByNetMyThreads/_data/template_modifications.xml": "d632e73a2065df67821fe6ac4711ec50645a8fdb3709703fae8e28d05a005767",
    "src/addons/FS/TractorByNetMyThreads/_data/widget_definitions.xml": "37e46965256430f24004c2e7f08ba08f9b0d1cbcc4d70e84b3f4e3ffb713e64b",
    "src/addons/FS/TractorByNetMyThreads/_data/widget_positions.xml": "a29cee66134f6bc5d75ed9df1eef21096c24401915c5b5c774389c3d7bb2d5b3"
}