{
    "src/addons/XenBulletins/VideoPages/addon.json": "74567d78490f02e38a963143aa550b691f0e427201a396c1160c91532d6b185f",
    "src/addons/XenBulletins/VideoPages/Admin/Controller/AddVideo.php": "5cf7db21528046a9a3755e5c751de4e68854c86da1d2d2365882b1195ddfc949",
    "src/addons/XenBulletins/VideoPages/Admin/Controller/Iframe.php": "9c42c0ef723d4a066221e68a065b36bef7ed55db2f8c0202d0590e311e98d0d2",
    "src/addons/XenBulletins/VideoPages/EmbedData/BaseData.php": "377e9f9e7487c6002809904572d32c2c99205be0189cbf3ad00201a3ea70ea40",
    "src/addons/XenBulletins/VideoPages/EmbedData/FaceBook.php": "ac494a3f2b28f24b98011278aa72c540026f375d6c327dd9334a7f56c263a7a3",
    "src/addons/XenBulletins/VideoPages/EmbedData/Imgur.php": "abf60d951fa992ae26738ec7549e3bea4054bfd725a7a0f87088d5731b335e5a",
    "src/addons/XenBulletins/VideoPages/EmbedData/Vimeo.php": "a0ee996edc405fc5dbadc97dfa5c1807d42322fa10d31c9f766eccc056c220a7",
    "src/addons/XenBulletins/VideoPages/EmbedData/YouTube.php": "be3820fa322d80e332adfa4f164a8b7f29b5458a360398b2c9f8330c5f148eb4",
    "src/addons/XenBulletins/VideoPages/Entity/AddVideo.php": "64eb2eeb398f8ba75691dae96d640c30b14a7b4c4895ad88af2ff3d961cab295",
    "src/addons/XenBulletins/VideoPages/Entity/Brand.php": "41a382a1c5f15f5f94b25ebaa89de3dffc7a30aea33fe07145509504c08fcc65",
    "src/addons/XenBulletins/VideoPages/Entity/Iframe.php": "e0991af25ac437cd7ac3c5c9d6d96d0550142f89cf3c6e171c10366093573800",
    "src/addons/XenBulletins/VideoPages/Listener.php": "e4582d433a963f285fde91e42c60c38f25e059589cfa775c2f2c54dd5fafb808",
    "src/addons/XenBulletins/VideoPages/Pub/Controller/Brand.php": "1952acf5310bd5eb2cc73a1aa94a8e0873e0578543b64bb0022095c7e8009e8a",
    "src/addons/XenBulletins/VideoPages/Pub/Controller/FetchVideo.php": "ef0d5e0b378a0b8417059e2646c3a9d8051f2a0b6295d2eb0a6a8730d27588c1",
    "src/addons/XenBulletins/VideoPages/Pub/Controller/Rons.php": "eb697e7a05ca7898b4ea32f835101a4ad37ba329ed09fd00344a1b3564d157eb",
    "src/addons/XenBulletins/VideoPages/Repository/Thumbnail.php": "88c47d843d21094c46241bad0ed847ebc97d81550c9056390b5e381d9c9d21eb",
    "src/addons/XenBulletins/VideoPages/Service/Media/ThumbnailGenerator.php": "958d365d284a5079cefabd00f2909994d54da5e16d67487ddb70465831048d8c",
    "src/addons/XenBulletins/VideoPages/Service/Upload.php": "8f1c34624c631b20f1e532d575dcdfd9700611269ac8e90b41a34ce48c260f98",
    "src/addons/XenBulletins/VideoPages/Setup.php": "0e4895580d09f8653da75408edf2c40beec5f960406e376b46647dbf0048ec51",
    "src/addons/XenBulletins/VideoPages/Template/TemplaterSetup.php": "72f6006fddeb376dae204bea33488da6ed4915398eeeecc74f43501c483f5673",
    "src/addons/XenBulletins/VideoPages/_data/activity_summary_definitions.xml": "99d8c2563a31320d66f958fc8bda78613545f5f7959bb3cf5318805e3a3c39d2",
    "src/addons/XenBulletins/VideoPages/_data/admin_navigation.xml": "7461783091f8d6d75bf7f97e1f78921db6c5120a914fc39292967d7f9b4c689f",
    "src/addons/XenBulletins/VideoPages/_data/admin_permission.xml": "ec6fb97cebf0bceb24f1ed1d5778c1db54eeb7535fbb3e31d824840e7aa9ff87",
    "src/addons/XenBulletins/VideoPages/_data/advertising_positions.xml": "d2f7cbe844bb1df3cf878d22ff6306249245c8ff6b0b87b9b729744bec538261",
    "src/addons/XenBulletins/VideoPages/_data/api_scopes.xml": "6793eaf758f140e8137187ba20e65f4faccf53410433ae3ad7a8b3b38cb6b3b7",
    "src/addons/XenBulletins/VideoPages/_data/bb_codes.xml": "faa4ddd5f4a365e5ac39aebdcbe2d25aedf74e7eb9ea4a812766e2fd5e13bdb1",
    "src/addons/XenBulletins/VideoPages/_data/bb_code_media_sites.xml": "29762987990187b33e43cfb68c08dc917b2d3f0176613d78f8e6c453f82da3f3",
    "src/addons/XenBulletins/VideoPages/_data/class_extensions.xml": "1f548b8006e9952a3f5889f71e09fdfa6726ac1a47c1af7b2626d1a88920d5a4",
    "src/addons/XenBulletins/VideoPages/_data/code_events.xml": "8370dec3df47f91df4cf79da253446ad11b29f4ea568fe76c774e97a0379f0eb",
    "src/addons/XenBulletins/VideoPages/_data/code_event_listeners.xml": "42c58c2d3da69e6e57d15e05ca6be7b1b13dd1887debfee971ffde3f50ef84e0",
    "src/addons/XenBulletins/VideoPages/_data/content_type_fields.xml": "c7ad5472b28f465b7ac7617627707eba1b7a39d28089460d52e1ed292fc0b06a",
    "src/addons/XenBulletins/VideoPages/_data/cron.xml": "323c4284742ef24329cd6db6f288eb9736d2353f36852e1db12591e1583aea26",
    "src/addons/XenBulletins/VideoPages/_data/help_pages.xml": "a8a0c0b06cdc550438bc8a8d385af3e1e5ab3459877dfb934c1c31be59c89163",
    "src/addons/XenBulletins/VideoPages/_data/member_stats.xml": "89fb2b93ff1eca7a1f6f752248edf6090dfd24037db1446fd18ff7143f08124d",
    "src/addons/XenBulletins/VideoPages/_data/navigation.xml": "c713118570212f495d4e2c357d0eca25c7a50b5d5049ad4068af7bac2228202a",
    "src/addons/XenBulletins/VideoPages/_data/options.xml": "a6525aa2ae2b23bcade9d24ecbfaffe0d95c3c318475b8abcdcc4b6afc8b2ec0",
    "src/addons/XenBulletins/VideoPages/_data/option_groups.xml": "2c33e5560f2d5f95ec85055db4e21aa923b9ffad5f512c09a67aa022897b6ae9",
    "src/addons/XenBulletins/VideoPages/_data/permissions.xml": "7e4fc7d5826733d15ea2d8936b9bdd41afcaad810eb38e50da3c8d8eafda1550",
    "src/addons/XenBulletins/VideoPages/_data/permission_interface_groups.xml": "3177224e96458b829aa7fb24866dda9e0455a4922aee3d669b53f59a1ffdf5d1",
    "src/addons/XenBulletins/VideoPages/_data/phrases.xml": "07fe820fbbbfbe6bcb2fcb12562e1f7116c3b421720c3bb02c7908c7acc3ec07",
    "src/addons/XenBulletins/VideoPages/_data/routes.xml": "5aa42da384f8ba3da7c0fd4c51c805fceb2865035ad9172a539c908c8483188a",
    "src/addons/XenBulletins/VideoPages/_data/style_properties.xml": "8b8690a8512f01f219dd2da76e3d0c5f62afc1f317b87794a7331c859c36a7a8",
    "src/addons/XenBulletins/VideoPages/_data/style_property_groups.xml": "68e1879cb3846c42d978487aa8d5145ff3335fc39e58016878824d5cf3fd684c",
    "src/addons/XenBulletins/VideoPages/_data/templates.xml": "b4d905bf9f744b970602c8def035cda027ee612c268c918ff325bb8a3597a563",
    "src/addons/XenBulletins/VideoPages/_data/template_modifications.xml": "3b54b7df00a6a4a18c5e012b6e2588e35c23aaa13a5fc227f08646a97590d778",
    "src/addons/XenBulletins/VideoPages/_data/widget_definitions.xml": "37e46965256430f24004c2e7f08ba08f9b0d1cbcc4d70e84b3f4e3ffb713e64b",
    "src/addons/XenBulletins/VideoPages/_data/widget_positions.xml": "a29cee66134f6bc5d75ed9df1eef21096c24401915c5b5c774389c3d7bb2d5b3"
}