<?xml version="1.0" encoding="utf-8"?>
<template_modifications>
  <modification type="admin" template="add_iframevalues" modification_key="fs_add_iframevalues_add_more_day_field" description="fs_add_iframevalues_add_more_day_field" execution_order="10" enabled="1" action="preg_replace">
    <find><![CDATA[/<xf:selectrow name="display_day" value="{\$data\.display_day}" label="{{ phrase\('Display Day'\) }}".*?<\/xf:selectrow>/is]]></find>
    <replace><![CDATA[<xf:checkboxrow name="display_day[]" value="{$data.display_day}" label="{{ phrase('Display Day') }}"
				explain="{{ phrase('Select which day this video should display') }}" value="7">
	<xf:option value="7">Unknown</xf:option>
	<xf:option value="0">{{ phrase('Sunday') }}</xf:option>
	<xf:option value="1">{{ phrase('Monday') }}</xf:option>
	<xf:option value="2">{{ phrase('Tuesday') }}</xf:option>
	<xf:option value="3">{{ phrase('Wednesday') }}</xf:option>
	<xf:option value="4">{{ phrase('Thursday') }}</xf:option>
	<xf:option value="5">{{ phrase('Friday') }}</xf:option>
	<xf:option value="6">{{ phrase('Saturday') }}</xf:option>
</xf:checkboxrow>]]></replace>
  </modification>
  <modification type="admin" template="iframe" modification_key="fs_iframe_selected_days" description="fs_iframe_selected_days" execution_order="10" enabled="1" action="preg_replace">
    <find><![CDATA[/<xf:if is="{\$function\.display_day} == 0">.*?<\/xf:if>/is]]></find>
    <replace><![CDATA[<xf:set var="$selectDays">{{ $function.getDaysFrom() }}</xf:set>

<span title="{{$selectDays}}">{{ snippet($selectDays, 20, {'stripBbCode': true}) }}</span>]]></replace>
  </modification>
  <modification type="admin" template="iframe_edit" modification_key="fs_iframe_edit_add_more_day_field" description="fs_iframe_edit_add_more_day_field" execution_order="10" enabled="1" action="preg_replace">
    <find><![CDATA[/<xf:selectrow name="display_day" value="{\$data\.display_day}" label="{{ phrase\('Display Day'\) }}".*?<\/xf:selectrow>/is]]></find>
    <replace><![CDATA[<xf:checkboxrow name="display_day[]" value="{$data.display_day}" label="{{ phrase('Display Day') }}"
				explain="{{ phrase('Select which day this video should display') }}">
	<xf:option value="7">Unknown</xf:option>
	<xf:option value="0">{{ phrase('Sunday') }}</xf:option>
	<xf:option value="1">{{ phrase('Monday') }}</xf:option>
	<xf:option value="2">{{ phrase('Tuesday') }}</xf:option>
	<xf:option value="3">{{ phrase('Wednesday') }}</xf:option>
	<xf:option value="4">{{ phrase('Thursday') }}</xf:option>
	<xf:option value="5">{{ phrase('Friday') }}</xf:option>
	<xf:option value="6">{{ phrase('Saturday') }}</xf:option>
</xf:checkboxrow>]]></replace>
  </modification>
</template_modifications>
