{
    "legacy_addon_id": "",
    "title": "Amazon S3 for XenForo",
    "description": "Includes the necessary files to support remote file hosting with Amazon S3 or DigitalOcean Spaces.",
    "version_id": 2010070,
    "version_string": "2.1.0",
    "dev": "XenForo Ltd.",
    "dev_url": "https://xenforo.com/",
    "faq_url": "",
    "support_url": "",
    "extra_urls": [],
    "require": {
        "XF": [
            2010031,
            "XenForo 2.1.0+"
        ],
        "php": [
            "5.6.0",
            "PHP 5.6.0+"
        ]
    },
    "icon": "icon.png",
    "composer_autoload": "_vendor/composer"
}