{
    "src/addons/FS/DiscussionThread/addon.json": "bfbc77d87865ff43465e6f13518229861d3b034cbcdf8321aed2a50fb266bf27",
    "src/addons/FS/DiscussionThread/Setup.php": "21f8f6f1cb954e5a2164160e6b44409f42e068b0d6aeee9860ee7b369aaec119",
    "src/addons/FS/DiscussionThread/XF/Admin/Controller/Forum.php": "eb8c5121119acf2512b7f8d758cb7645a9ace42a835162f7278284970460ed68",
    "src/addons/FS/DiscussionThread/XF/Entity/Node.php": "7a869fd01bcf5b1a6f2c96ba17b90f7904328d28f6b69bcf4fe6ada61076e8a2",
    "src/addons/FS/DiscussionThread/XF/Entity/Thread.php": "5757efec2a06fdce927c4acb4613be4dba0bb653dab53758aa4c508111b3a177",
    "src/addons/FS/DiscussionThread/XF/Pub/Controller/Post.php": "7aa416b11236f28dc5e87abc48267cb4726ea78d32e0ea4222fbe126c3c1ce1b",
    "src/addons/FS/DiscussionThread/XF/Pub/Controller/Thread.php": "d3581c82d242a61d4e9d02a0de0a1ceed930f28fa2b3d33d211c169ea60816fa",
    "src/addons/FS/DiscussionThread/XF/Service/Thread/Creator.php": "0e22a8942ed19c13ed132ce1bbf65b86653893a1f4dbc7f0745eb9197e745502",
    "src/addons/FS/DiscussionThread/_data/activity_summary_definitions.xml": "99d8c2563a31320d66f958fc8bda78613545f5f7959bb3cf5318805e3a3c39d2",
    "src/addons/FS/DiscussionThread/_data/admin_navigation.xml": "064ec797484ac00d5ee37367b50b06846d11f480d00550997712707f8fdac8c0",
    "src/addons/FS/DiscussionThread/_data/admin_permission.xml": "ec6fb97cebf0bceb24f1ed1d5778c1db54eeb7535fbb3e31d824840e7aa9ff87",
    "src/addons/FS/DiscussionThread/_data/advertising_positions.xml": "d2f7cbe844bb1df3cf878d22ff6306249245c8ff6b0b87b9b729744bec538261",
    "src/addons/FS/DiscussionThread/_data/api_scopes.xml": "6793eaf758f140e8137187ba20e65f4faccf53410433ae3ad7a8b3b38cb6b3b7",
    "src/addons/FS/DiscussionThread/_data/bb_codes.xml": "faa4ddd5f4a365e5ac39aebdcbe2d25aedf74e7eb9ea4a812766e2fd5e13bdb1",
    "src/addons/FS/DiscussionThread/_data/bb_code_media_sites.xml": "29762987990187b33e43cfb68c08dc917b2d3f0176613d78f8e6c453f82da3f3",
    "src/addons/FS/DiscussionThread/_data/class_extensions.xml": "b6fe6d807f662b55c8f61b2e18b465e7eed40ebb0bb795e337603cabf9067fe6",
    "src/addons/FS/DiscussionThread/_data/code_events.xml": "8370dec3df47f91df4cf79da253446ad11b29f4ea568fe76c774e97a0379f0eb",
    "src/addons/FS/DiscussionThread/_data/code_event_listeners.xml": "d6b5072f4909dee7a20ee9e44b163f95c8aa52e6ac7f573e292000cd9238c331",
    "src/addons/FS/DiscussionThread/_data/content_type_fields.xml": "c7ad5472b28f465b7ac7617627707eba1b7a39d28089460d52e1ed292fc0b06a",
    "src/addons/FS/DiscussionThread/_data/cron.xml": "323c4284742ef24329cd6db6f288eb9736d2353f36852e1db12591e1583aea26",
    "src/addons/FS/DiscussionThread/_data/help_pages.xml": "a8a0c0b06cdc550438bc8a8d385af3e1e5ab3459877dfb934c1c31be59c89163",
    "src/addons/FS/DiscussionThread/_data/member_stats.xml": "89fb2b93ff1eca7a1f6f752248edf6090dfd24037db1446fd18ff7143f08124d",
    "src/addons/FS/DiscussionThread/_data/navigation.xml": "f75e1c03a45a360bbdfcd0567121665082315068475d5b0feb8b1acbb1688651",
    "src/addons/FS/DiscussionThread/_data/options.xml": "7b28ceeba15ac9aa28eb00d04977447c783d52f12614c6a3fa075409a27f773b",
    "src/addons/FS/DiscussionThread/_data/option_groups.xml": "5539e5724df5dc3c616fc945670d9fbc973b850afd0209f8b14da90bcb04f2c9",
    "src/addons/FS/DiscussionThread/_data/permissions.xml": "7e4fc7d5826733d15ea2d8936b9bdd41afcaad810eb38e50da3c8d8eafda1550",
    "src/addons/FS/DiscussionThread/_data/permission_interface_groups.xml": "3177224e96458b829aa7fb24866dda9e0455a4922aee3d669b53f59a1ffdf5d1",
    "src/addons/FS/DiscussionThread/_data/phrases.xml": "e2ef6e61afe84dd6dff3a5dea41ced39207bb529d16887ef57993b0133f432ff",
    "src/addons/FS/DiscussionThread/_data/routes.xml": "550fa64f9feedf137dd877b38c2684f94474619d2d83890dbb717a91b50da8f5",
    "src/addons/FS/DiscussionThread/_data/style_properties.xml": "8b8690a8512f01f219dd2da76e3d0c5f62afc1f317b87794a7331c859c36a7a8",
    "src/addons/FS/DiscussionThread/_data/style_property_groups.xml": "68e1879cb3846c42d978487aa8d5145ff3335fc39e58016878824d5cf3fd684c",
    "src/addons/FS/DiscussionThread/_data/templates.xml": "d51ce817799fd86c7fe43506e6381cd49355c8d32f88a736938f75c42b21d514",
    "src/addons/FS/DiscussionThread/_data/template_modifications.xml": "97b5e5e85e97ec0e835ff0dfd8755d06ffc4b79c1bc21cdb07ed34de6234abf4",
    "src/addons/FS/DiscussionThread/_data/widget_definitions.xml": "37e46965256430f24004c2e7f08ba08f9b0d1cbcc4d70e84b3f4e3ffb713e64b",
    "src/addons/FS/DiscussionThread/_data/widget_positions.xml": "a29cee66134f6bc5d75ed9df1eef21096c24401915c5b5c774389c3d7bb2d5b3"
}