{
    "src/addons/FS/WelcomeBanner/addon.json": "cc179e4b54be77714bec1c77bdfd5ec907e785cda073380cf577dcb5ded8b83d",
    "src/addons/FS/WelcomeBanner/Setup.php": "e9828c625c0dfc3cbd288813681c72db84ff8b51dca99091adec2053ff833e1c",
    "src/addons/FS/WelcomeBanner/Widget/WelcomeBanner.php": "573db49ed300d7c2765c1fc2d25b734227b49b4473378c064c41e01214a31409",
    "src/addons/FS/WelcomeBanner/_data/activity_summary_definitions.xml": "99d8c2563a31320d66f958fc8bda78613545f5f7959bb3cf5318805e3a3c39d2",
    "src/addons/FS/WelcomeBanner/_data/admin_navigation.xml": "064ec797484ac00d5ee37367b50b06846d11f480d00550997712707f8fdac8c0",
    "src/addons/FS/WelcomeBanner/_data/admin_permission.xml": "ec6fb97cebf0bceb24f1ed1d5778c1db54eeb7535fbb3e31d824840e7aa9ff87",
    "src/addons/FS/WelcomeBanner/_data/advertising_positions.xml": "d2f7cbe844bb1df3cf878d22ff6306249245c8ff6b0b87b9b729744bec538261",
    "src/addons/FS/WelcomeBanner/_data/api_scopes.xml": "6793eaf758f140e8137187ba20e65f4faccf53410433ae3ad7a8b3b38cb6b3b7",
    "src/addons/FS/WelcomeBanner/_data/bb_codes.xml": "faa4ddd5f4a365e5ac39aebdcbe2d25aedf74e7eb9ea4a812766e2fd5e13bdb1",
    "src/addons/FS/WelcomeBanner/_data/bb_code_media_sites.xml": "29762987990187b33e43cfb68c08dc917b2d3f0176613d78f8e6c453f82da3f3",
    "src/addons/FS/WelcomeBanner/_data/class_extensions.xml": "1f548b8006e9952a3f5889f71e09fdfa6726ac1a47c1af7b2626d1a88920d5a4",
    "src/addons/FS/WelcomeBanner/_data/code_events.xml": "8370dec3df47f91df4cf79da253446ad11b29f4ea568fe76c774e97a0379f0eb",
    "src/addons/FS/WelcomeBanner/_data/code_event_listeners.xml": "d6b5072f4909dee7a20ee9e44b163f95c8aa52e6ac7f573e292000cd9238c331",
    "src/addons/FS/WelcomeBanner/_data/content_type_fields.xml": "c7ad5472b28f465b7ac7617627707eba1b7a39d28089460d52e1ed292fc0b06a",
    "src/addons/FS/WelcomeBanner/_data/cron.xml": "323c4284742ef24329cd6db6f288eb9736d2353f36852e1db12591e1583aea26",
    "src/addons/FS/WelcomeBanner/_data/help_pages.xml": "a8a0c0b06cdc550438bc8a8d385af3e1e5ab3459877dfb934c1c31be59c89163",
    "src/addons/FS/WelcomeBanner/_data/member_stats.xml": "89fb2b93ff1eca7a1f6f752248edf6090dfd24037db1446fd18ff7143f08124d",
    "src/addons/FS/WelcomeBanner/_data/navigation.xml": "f75e1c03a45a360bbdfcd0567121665082315068475d5b0feb8b1acbb1688651",
    "src/addons/FS/WelcomeBanner/_data/options.xml": "6c7537bc394cdb759f25bbc3f28916f619d8a1106b597eea4eb726e79b8307df",
    "src/addons/FS/WelcomeBanner/_data/option_groups.xml": "69fab8c2493b6e8be636a41ca2fc113a9c312831ee7287a05739f8059bff6cd0",
    "src/addons/FS/WelcomeBanner/_data/permissions.xml": "7e4fc7d5826733d15ea2d8936b9bdd41afcaad810eb38e50da3c8d8eafda1550",
    "src/addons/FS/WelcomeBanner/_data/permission_interface_groups.xml": "3177224e96458b829aa7fb24866dda9e0455a4922aee3d669b53f59a1ffdf5d1",
    "src/addons/FS/WelcomeBanner/_data/phrases.xml": "ffa64367e34af2e73a37a8640563ea1278d2d68933d5c6d3b8a83990c93970e5",
    "src/addons/FS/WelcomeBanner/_data/routes.xml": "550fa64f9feedf137dd877b38c2684f94474619d2d83890dbb717a91b50da8f5",
    "src/addons/FS/WelcomeBanner/_data/style_properties.xml": "8b8690a8512f01f219dd2da76e3d0c5f62afc1f317b87794a7331c859c36a7a8",
    "src/addons/FS/WelcomeBanner/_data/style_property_groups.xml": "68e1879cb3846c42d978487aa8d5145ff3335fc39e58016878824d5cf3fd684c",
    "src/addons/FS/WelcomeBanner/_data/templates.xml": "795064ca8facbb94f116b168836ce295ae8b65c42f0876a268766939debf4bcd",
    "src/addons/FS/WelcomeBanner/_data/template_modifications.xml": "3079591fab45dc4f01de6a40b72a6ed26ffa908577bc1b70df12b35b8cad53d1",
    "src/addons/FS/WelcomeBanner/_data/widget_definitions.xml": "a5cc04edb25d20313ddb62f449540eb1f6c3352c01cc62af0bf796445b70c9d8",
    "src/addons/FS/WelcomeBanner/_data/widget_positions.xml": "a29cee66134f6bc5d75ed9df1eef21096c24401915c5b5c774389c3d7bb2d5b3"
}