{
    "src/addons/FS/WhoRepliedIntegration/addon.json": "8b20a2b56d7aac18a30d72e74e84af06128f580c349c63488ae6122f743d1790",
    "src/addons/FS/WhoRepliedIntegration/Setup.php": "07bb753fcd45112a25247a080966fd55102f8908a1079f17a7f30ca1469fa4e8",
    "src/addons/FS/WhoRepliedIntegration/Widget/WhoRepliedMembers.php": "46fdc337403dab4a503b848b60d77a82fa24c3ad4a5840d4d96cfaee13790922",
    "src/addons/FS/WhoRepliedIntegration/_data/activity_summary_definitions.xml": "99d8c2563a31320d66f958fc8bda78613545f5f7959bb3cf5318805e3a3c39d2",
    "src/addons/FS/WhoRepliedIntegration/_data/admin_navigation.xml": "064ec797484ac00d5ee37367b50b06846d11f480d00550997712707f8fdac8c0",
    "src/addons/FS/WhoRepliedIntegration/_data/admin_permission.xml": "ec6fb97cebf0bceb24f1ed1d5778c1db54eeb7535fbb3e31d824840e7aa9ff87",
    "src/addons/FS/WhoRepliedIntegration/_data/advertising_positions.xml": "d2f7cbe844bb1df3cf878d22ff6306249245c8ff6b0b87b9b729744bec538261",
    "src/addons/FS/WhoRepliedIntegration/_data/api_scopes.xml": "6793eaf758f140e8137187ba20e65f4faccf53410433ae3ad7a8b3b38cb6b3b7",
    "src/addons/FS/WhoRepliedIntegration/_data/bb_codes.xml": "faa4ddd5f4a365e5ac39aebdcbe2d25aedf74e7eb9ea4a812766e2fd5e13bdb1",
    "src/addons/FS/WhoRepliedIntegration/_data/bb_code_media_sites.xml": "29762987990187b33e43cfb68c08dc917b2d3f0176613d78f8e6c453f82da3f3",
    "src/addons/FS/WhoRepliedIntegration/_data/class_extensions.xml": "1f548b8006e9952a3f5889f71e09fdfa6726ac1a47c1af7b2626d1a88920d5a4",
    "src/addons/FS/WhoRepliedIntegration/_data/code_events.xml": "8370dec3df47f91df4cf79da253446ad11b29f4ea568fe76c774e97a0379f0eb",
    "src/addons/FS/WhoRepliedIntegration/_data/code_event_listeners.xml": "d6b5072f4909dee7a20ee9e44b163f95c8aa52e6ac7f573e292000cd9238c331",
    "src/addons/FS/WhoRepliedIntegration/_data/content_type_fields.xml": "c7ad5472b28f465b7ac7617627707eba1b7a39d28089460d52e1ed292fc0b06a",
    "src/addons/FS/WhoRepliedIntegration/_data/cron.xml": "323c4284742ef24329cd6db6f288eb9736d2353f36852e1db12591e1583aea26",
    "src/addons/FS/WhoRepliedIntegration/_data/help_pages.xml": "a8a0c0b06cdc550438bc8a8d385af3e1e5ab3459877dfb934c1c31be59c89163",
    "src/addons/FS/WhoRepliedIntegration/_data/member_stats.xml": "89fb2b93ff1eca7a1f6f752248edf6090dfd24037db1446fd18ff7143f08124d",
    "src/addons/FS/WhoRepliedIntegration/_data/navigation.xml": "f75e1c03a45a360bbdfcd0567121665082315068475d5b0feb8b1acbb1688651",
    "src/addons/FS/WhoRepliedIntegration/_data/options.xml": "84e513d2364ed4774d3d29444d213ddd0ed77a26724510cdd81d9ef24a5dfcc7",
    "src/addons/FS/WhoRepliedIntegration/_data/option_groups.xml": "2ae2172752760d25da54db9c4a6e6b01e8bf9b01e30df9193904d3b0f9235f54",
    "src/addons/FS/WhoRepliedIntegration/_data/permissions.xml": "7e4fc7d5826733d15ea2d8936b9bdd41afcaad810eb38e50da3c8d8eafda1550",
    "src/addons/FS/WhoRepliedIntegration/_data/permission_interface_groups.xml": "3177224e96458b829aa7fb24866dda9e0455a4922aee3d669b53f59a1ffdf5d1",
    "src/addons/FS/WhoRepliedIntegration/_data/phrases.xml": "04bbebb120a1c43aa417a938751cb5ba48e2a04658d5c886538ed326b65e0af9",
    "src/addons/FS/WhoRepliedIntegration/_data/routes.xml": "550fa64f9feedf137dd877b38c2684f94474619d2d83890dbb717a91b50da8f5",
    "src/addons/FS/WhoRepliedIntegration/_data/style_properties.xml": "8b8690a8512f01f219dd2da76e3d0c5f62afc1f317b87794a7331c859c36a7a8",
    "src/addons/FS/WhoRepliedIntegration/_data/style_property_groups.xml": "68e1879cb3846c42d978487aa8d5145ff3335fc39e58016878824d5cf3fd684c",
    "src/addons/FS/WhoRepliedIntegration/_data/templates.xml": "b7da7bb1208365a46d8d721ee88e4b18c6538e24766ef088ec96d0466d47e51d",
    "src/addons/FS/WhoRepliedIntegration/_data/template_modifications.xml": "3b54b7df00a6a4a18c5e012b6e2588e35c23aaa13a5fc227f08646a97590d778",
    "src/addons/FS/WhoRepliedIntegration/_data/widget_definitions.xml": "ca034a2e75106165f8ca49940b52288cc9f270b30eb4d78526808f45eeaac5ab",
    "src/addons/FS/WhoRepliedIntegration/_data/widget_positions.xml": "a29cee66134f6bc5d75ed9df1eef21096c24401915c5b5c774389c3d7bb2d5b3"
}